pitcher,player_name,game_year,total_rv,total_pitches,avg_rv_per_pitch,rv_per_100,total_outs,ip_decimal,ip_standard,expected_rv,runs_saved_above_avg,runs_saved_above_avg_per_9,runs_saved_per_100
645261,"Alcantara, Sandy",2022,-43.5009948098065,2358,-0.0184482590372377,-1.84482590372377,482,160.66666666666666,160.2,0.513527884582254,44.01452269438875,2.466,1.867
666201,"Manoah, Alek",2022,-38.842171460008885,2394,-0.016224800108608557,-1.6224800108608557,463,154.33333333333334,154.1,0.5213680049575555,39.36353946496644,2.295,1.644
543135,"Eovaldi, Nathan",2025,-38.83272780459041,1473,-0.026363019555051197,-2.636301955505119,295,98.33333333333333,98.1,0.3207915920227566,39.15351939661317,3.584,2.658
434378,"Verlander, Justin",2022,-33.87120270225729,1840,-0.018408262338183313,-1.8408262338183305,367,122.33333333333333,122.1,0.40071726362652554,34.27191996588382,2.521,1.863
656302,"Cease, Dylan",2022,-33.818443500528566,2507,-0.01348960650200581,-1.3489606502005809,443,147.66666666666666,147.2,0.5459772716911411,34.36442077221971,2.094,1.371
607074,"Rodón, Carlos",2022,-33.79426687035242,2699,-0.012521032556632984,-1.2521032556632985,479,159.66666666666666,159.2,0.5877912470260829,34.382058117378506,1.938,1.274
605483,"Snell, Blake",2023,-33.71165430704922,2738,-0.01231251070381637,-1.231251070381637,457,152.33333333333334,152.1,0.596284710765993,34.307939017815215,2.027,1.253
607625,"Lugo, Seth",2024,-32.52729106662459,3111,-0.010455574113347667,-1.0455574113347668,603,201.0,201.0,0.6775170690989788,33.20480813572357,1.487,1.067
669432,"Rogers, Trevor",2025,-32.27198834086279,1234,-0.026152340632789945,-2.6152340632789945,255,85.0,85.0,0.26874190397561554,32.54073024483841,3.445,2.637
686613,"Brown, Hunter",2025,-32.069392915160634,2016,-0.015907436961885235,-1.5907436961885235,368,122.66666666666667,122.2,0.4390467410168889,32.50843965617752,2.385,1.613
642547,"Peralta, Freddy",2025,-31.786345558518452,2473,-0.012853354451483402,-1.28533544514834,415,138.33333333333334,138.1,0.5385727135589118,32.32491827207736,2.103,1.307
554430,"Wheeler, Zack",2024,-31.54283232524221,2559,-0.012326233812130601,-1.23262338121306,485,161.66666666666666,161.2,0.5573018900110212,32.10013421525323,1.787,1.254
661563,"Gil, Luis",2024,-31.479754258190468,2163,-0.01455374676754067,-1.4553746767540667,382,127.33333333333333,127.1,0.4710605658827037,31.95081482407317,2.258,1.477
669373,"Skubal, Tarik",2024,-31.229484210174515,1987,-0.015716901967878467,-1.5716901967878467,402,134.0,134.0,0.4327310884923404,31.662215298666855,2.127,1.593
694973,"Skenes, Paul",2024,-30.8524522208324,1820,-0.016951896824633186,-1.6951896824633186,329,109.66666666666667,109.2,0.39636164119580247,31.248813862028204,2.564,1.717
518876,"Kelly, Merrill",2022,-30.681450046705393,2744,-0.011181286460169604,-1.1181286460169602,528,176.0,176.0,0.5975913974952098,31.279041444200605,1.599,1.14
669373,"Skubal, Tarik",2025,-30.66582136971839,1819,-0.016858615376425724,-1.6858615376425725,371,123.66666666666667,123.2,0.39614386007426633,31.061965229792655,2.261,1.708
453286,"Scherzer, Max",2022,-30.33658488281518,1621,-0.01871473465935545,-1.8714734659355445,317,105.66666666666667,105.2,0.35302319801010756,30.689608080825288,2.614,1.893
650911,"Sánchez, Cristopher",2025,-30.11529607312725,2027,-0.01485707749044265,-1.4857077490442647,410,136.66666666666666,136.2,0.4414423333537866,30.55673840648104,2.012,1.507
625643,"López, Reynaldo",2024,-29.85016469209961,1847,-0.016161431885273206,-1.6161431885273203,339,113.0,113.0,0.40224173147727865,30.25240642357689,2.409,1.638
527048,"Pérez, Martín",2022,-29.272276013051677,2343,-0.012493502352988338,-1.249350235298834,446,148.66666666666666,148.2,0.5102611677592116,29.782537180810888,1.803,1.271
543037,"Cole, Gerrit",2023,-28.782445700334392,1976,-0.0145660150305336,-1.45660150305336,376,125.33333333333333,125.1,0.4303354961554427,29.212781196489836,2.098,1.478
669854,"Blanco, Ronel",2024,-27.98751947727275,2327,-0.012027296724225504,-1.2027296724225502,408,136.0,136.0,0.5067766698146331,28.494296147087383,1.886,1.225
660271,"Ohtani, Shohei",2022,-27.354209490770426,2066,-0.013240178843548125,-1.3240178843548125,381,127.0,127.0,0.44993579709369663,27.804145287864124,1.97,1.346
676979,"Crochet, Garrett",2025,-27.324659742476083,2441,-0.01119404331932654,-1.1194043319326539,453,151.0,151.0,0.5316037176697548,27.856263460145836,1.66,1.141
669203,"Burnes, Corbin",2022,-26.63606367643354,2440,-0.010916419539521943,-1.0916419539521942,446,148.66666666666666,148.2,0.5313859365482186,27.16744961298176,1.645,1.113
542881,"Anderson, Tyler",2022,-26.619370206468965,2108,-0.012627784727926453,-1.2627784727926452,419,139.66666666666666,139.2,0.45908260419821517,27.07845281066718,1.745,1.285
664062,"Gonsolin, Tony",2022,-26.45953396460459,1663,-0.015910723971500052,-1.5910723971500051,316,105.33333333333333,105.1,0.3621700051146261,26.821703969719216,2.292,1.613
668678,"Gallen, Zac",2022,-25.9189750878784,2255,-0.011494002256265366,-1.1494002256265365,408,136.0,136.0,0.49109642906402995,26.41007151694243,1.748,1.171
694973,"Skenes, Paul",2025,-25.86670284166999,2081,-0.012429938895564627,-1.2429938895564625,374,124.66666666666667,124.2,0.453202513916739,26.31990535558673,1.9,1.265
506433,"Darvish, Yu",2022,-25.58588923358493,2360,-0.010841478488807173,-1.0841478488807172,460,153.33333333333334,153.1,0.5139634468253262,26.099852680410255,1.532,1.106
608331,"Fried, Max",2022,-25.50112093952347,2193,-0.011628418121077734,-1.1628418121077733,411,137.0,137.0,0.47759399952878834,25.97871493905226,1.707,1.185
680694,"Bradish, Kyle",2023,-24.934136268908503,2349,-0.010614787683656238,-1.061478768365624,433,144.33333333333334,144.1,0.5115678544884286,25.445704123396933,1.587,1.083
477132,"Kershaw, Clayton",2022,-24.38665365119257,1494,-0.016323061346179765,-1.6323061346179766,303,101.0,101.0,0.32536499557501586,24.712018646767586,2.202,1.654
543243,"Gray, Sonny",2023,-24.223188350709464,1896,-0.01277594322294803,-1.277594322294803,366,122.0,122.0,0.41291300643255024,24.636101357142014,1.817,1.299
656876,"Rasmussen, Drew",2025,-23.922872298048777,1832,-0.013058336407231865,-1.3058336407231865,343,114.33333333333333,114.1,0.39897501465423635,24.321847312703014,1.915,1.328
682243,"Miller, Bryce",2024,-23.829784493861418,2191,-0.010876213826499963,-1.0876213826499963,437,145.66666666666666,145.2,0.47715843728571605,24.306942931147134,1.502,1.109
628711,"Urías, Julio",2022,-23.779742806787922,2195,-0.010833595811748484,-1.0833595811748484,430,143.33333333333334,143.1,0.4780295617718607,24.257772368559785,1.523,1.105
605540,"Woodruff, Brandon",2022,-23.750886825334444,1786,-0.013298368883165983,-1.3298368883165983,315,105.0,105.0,0.3889570830635732,24.139843908398017,2.069,1.352
669203,"Burnes, Corbin",2023,-23.708593907974024,1880,-0.012610954206369162,-1.261095420636916,362,120.66666666666667,120.2,0.4094285084879718,24.118022416461994,1.799,1.283
663474,"McKenzie, Triston",2022,-22.977342824194004,2146,-0.010707056302047532,-1.0707056302047535,435,145.0,145.0,0.46735828681658903,23.44470111101059,1.455,1.092
594798,"deGrom, Jacob",2025,-22.882540473905138,2214,-0.010335384134555167,-1.0335384134555168,428,142.66666666666666,142.2,0.4821674030810476,23.364707876986184,1.474,1.055
671922,"Smith, Cade",2024,-22.694658216481013,841,-0.026985324870964344,-2.698532487096434,159,53.0,53.0,0.18315392321190652,22.87781213969292,3.885,2.72
607074,"Rodón, Carlos",2025,-22.238552695039527,2485,-0.008949115772651721,-0.8949115772651722,441,147.0,147.0,0.5411860870173457,22.77973878205687,1.395,0.917
554430,"Wheeler, Zack",2025,-22.225020220883664,1981,-0.011219091479497054,-1.1219091479497054,368,122.66666666666667,122.2,0.43142440176312347,22.656444622646788,1.662,1.144
657277,"Webb, Logan",2023,-21.9607398233273,2778,-0.007905233917684414,-0.7905233917684414,528,176.0,176.0,0.6049959556274391,22.56573577895474,1.154,0.812
601713,"Pivetta, Nick",2025,-21.69958515204061,1941,-0.011179590495641736,-1.1179590495641731,373,124.33333333333333,124.1,0.4227131569016772,22.122298308942284,1.601,1.14
518876,"Kelly, Merrill",2023,-21.65988029523499,2134,-0.010149897045564663,-1.0149897045564662,394,131.33333333333334,131.1,0.4647449133581552,22.124625208593148,1.516,1.037
808967,"Yamamoto, Yoshinobu",2025,-21.645523437619357,2024,-0.010694428575898892,-1.069442857589889,361,120.33333333333333,120.1,0.44078898998917815,22.086312427608533,1.652,1.091
668881,"Greene, Hunter",2025,-21.598170915251313,1220,-0.01770341878299288,-1.7703418782992881,236,78.66666666666667,78.2,0.2656929682741093,21.863863883525422,2.501,1.792
641482,"Cortes, Nestor",2022,-21.287774749890747,1568,-0.013576386957838487,-1.3576386957838487,296,98.66666666666667,98.2,0.34148079856869135,21.62925554845944,1.973,1.379
607200,"Fedde, Erick",2024,-20.65580501509523,2232,-0.00925439292791005,-0.9254392927910051,404,134.66666666666666,134.2,0.4860874632686984,21.14189247836393,1.413,0.947
664299,"Javier, Cristian",2022,-20.14014552380257,2099,-0.00959511458971061,-0.959511458971061,358,119.33333333333333,119.1,0.4571225741043898,20.59726809790696,1.553,0.981
650633,"King, Michael",2024,-20.04478826439579,2123,-0.009441727868297594,-0.9441727868297594,371,123.66666666666667,123.2,0.4623493210212575,20.50713758541705,1.492,0.966
664285,"Valdez, Framber",2024,-19.86490147791637,1946,-0.010208068590912832,-1.020806859091283,369,123.0,123.0,0.42380206250935804,20.28870354042573,1.485,1.043
669456,"Bieber, Shane",2022,-19.75439596794091,2132,-0.009265664150066091,-0.9265664150066091,426,142.0,142.0,0.46430935111508287,20.218705319055992,1.281,0.948
657277,"Webb, Logan",2022,-19.745538865984184,2330,-0.008474480199993212,-0.8474480199993214,426,142.0,142.0,0.5074300131792416,20.252968879163426,1.284,0.869
663947,"Holton, Tyler",2024,-19.714434140941407,981,-0.020096263140613056,-2.0096263140613058,197,65.66666666666667,65.2,0.21364328022696824,19.928077421168375,2.731,2.031
477132,"Kershaw, Clayton",2023,-19.58956765165085,1680,-0.011660456935506458,-1.1660456935506458,316,105.33333333333333,105.1,0.36587228418074075,19.955439935831592,1.705,1.188
624133,"Suárez, Ranger",2025,-19.543272721334535,1657,-0.011794370984510884,-1.1794370984510887,318,106.0,106.0,0.36086331838540914,19.904136039719944,1.69,1.201
664285,"Valdez, Framber",2022,-19.398353952040374,2554,-0.007595283458120741,-0.7595283458120741,492,164.0,164.0,0.5562129844033403,19.954566936443715,1.095,0.781
623465,"Phillips, Evan",2022,-19.204455163025752,666,-0.02883551826280143,-2.8835518262801423,133,44.333333333333336,44.1,0.14504222694307936,19.349497389968832,3.928,2.905
684007,"Imanaga, Shota",2025,-19.142509474677265,1632,-0.011729478844777735,-1.1729478844777739,324,108.0,108.0,0.3554187903470053,19.49792826502427,1.625,1.195
608337,"Giolito, Lucas",2025,-19.02589026225093,1757,-0.01082862280150878,-1.0828622801508778,322,107.33333333333333,107.1,0.38264143053902466,19.408531692789953,1.627,1.105
519242,"Sale, Chris",2024,-19.003252042370523,1817,-0.010458586704661817,-1.0458586704661816,323,107.66666666666667,107.2,0.395708297831194,19.398960340201718,1.622,1.068
676477,"Whitlock, Garrett",2025,-18.887031179643152,763,-0.024753645058510028,-2.4753645058510028,138,46.0,46.0,0.1661669957320864,19.05319817537524,3.728,2.497
690990,"Horton, Cade",2025,-18.87877712671952,1256,-0.015030873508534649,-1.5030873508534648,241,80.33333333333333,80.1,0.27353308864941095,19.15231021536893,2.146,1.525
605135,"Bassitt, Chris",2022,-18.76352780628442,2484,-0.0075537551555090255,-0.7553755155509025,446,148.66666666666666,148.2,0.5409683058958095,19.304496112180228,1.169,0.777
641816,"Mahle, Tyler",2025,-18.709540028240507,1146,-0.01632595115902313,-1.6325951159023129,208,69.33333333333333,69.1,0.24957716528043386,18.959117193520942,2.461,1.654
650911,"Sánchez, Cristopher",2024,-18.66930656426998,1562,-0.011952180899020474,-1.1952180899020475,307,102.33333333333333,102.1,0.34017411183947444,19.009480676109455,1.672,1.217
683769,"Gaddis, Hunter",2024,-18.659431202069634,664,-0.02810155301516511,-2.810155301516511,138,46.0,46.0,0.14460666470000705,18.80403786676964,3.679,2.832
663947,"Holton, Tyler",2023,-18.47747400062832,909,-0.020327254126103762,-2.032725412610376,184,61.333333333333336,61.1,0.19796303947636507,18.675437040104686,2.74,2.055
665795,"Cabrera, Edward",2022,-18.357564781435357,1025,-0.017909819298961325,-1.7909819298961325,182,60.666666666666664,60.2,0.22322564957455907,18.580790431009916,2.756,1.813
571945,"Mikolas, Miles",2022,-18.014030540335593,2456,-0.007334702988735991,-0.733470298873599,454,151.33333333333334,151.1,0.5348704344927971,18.548900974828392,1.103,0.755
547179,"Lorenzen, Michael",2024,-18.012221416304936,1407,-0.012801863124594836,-1.2801863124594837,259,86.33333333333333,86.1,0.30641803800137035,18.318639454306307,1.91,1.302
621244,"Berríos, José",2024,-17.88604417594989,1656,-0.010800751313979402,-1.0800751313979402,317,105.66666666666667,105.2,0.360645537263873,18.246689713213765,1.554,1.102
592773,"Stanek, Ryne",2022,-17.73518278529124,671,-0.026430972854383367,-2.6430972854383366,124,41.333333333333336,41.1,0.14613113255076013,17.881313917842,3.894,2.665
676254,"Walker, Ryan",2024,-17.727574065750968,782,-0.022669532053389986,-2.266953205338999,151,50.333333333333336,50.1,0.17030483704127336,17.89787890279224,3.2,2.289
661403,"Clase, Emmanuel",2024,-17.504248421021817,617,-0.028369932611056428,-2.836993261105643,127,42.333333333333336,42.1,0.13437095198780777,17.638619373009625,3.75,2.859
548389,"Stripling, Ross",2022,-17.452050001248498,1641,-0.01063500914152864,-1.0635009141528637,329,109.66666666666667,109.2,0.3573788204408307,17.80942882168933,1.462,1.085
605400,"Nola, Aaron",2024,-17.37034095002332,2615,-0.006642577801156145,-0.6642577801156145,483,161.0,161.0,0.5694976328170458,17.939838582840366,1.003,0.686
669302,"Gilbert, Logan",2022,-17.314117880498564,2064,-0.008388623004117522,-0.8388623004117521,371,123.66666666666667,123.2,0.44950023485062435,17.76361811534919,1.293,0.861
650556,"Abreu, Bryan",2025,-17.227960651666535,884,-0.01948864327111599,-1.948864327111599,160,53.333333333333336,53.1,0.1925185114379612,17.420479163104496,2.94,1.971
622663,"Severino, Luis",2022,-17.187368081079544,1262,-0.013619150618921985,-1.3619150618921987,239,79.66666666666667,79.2,0.27483977537862786,17.46220785645817,1.973,1.384
542914,"Bass, Anthony",2022,-17.15695322247138,720,-0.023829101697876918,-2.3829101697876918,152,50.666666666666664,50.2,0.15680240750603175,17.31375562997741,3.075,2.405
650556,"Abreu, Bryan",2023,-17.05957325436025,895,-0.019060975703195808,-1.9060975703195808,152,50.666666666666664,50.2,0.1949141037748589,17.25448735813511,3.065,1.928
657277,"Webb, Logan",2024,-16.850662703167593,2994,-0.005628143855433398,-0.5628143855433395,553,184.33333333333334,184.1,0.6520366778792487,17.502699381046842,0.855,0.585
489119,"Miley, Wade",2023,-16.84488691263816,1608,-0.010475675940695373,-1.0475675940695373,297,99.0,99.0,0.35019204343013755,17.195078956068297,1.563,1.069
656756,"Montgomery, Jordan",2023,-16.794682187602493,2096,-0.008012730051337067,-0.8012730051337069,390,130.0,130.0,0.4564692307397813,17.251151418342275,1.194,0.823
694813,"Stone, Gavin",2024,-16.681795878593537,1890,-0.008826347025710866,-0.8826347025710864,361,120.33333333333333,120.1,0.41160631970333333,17.09340219829687,1.278,0.904
605400,"Nola, Aaron",2022,-16.63275358659515,2393,-0.006950586538485228,-0.6950586538485227,476,158.66666666666666,158.2,0.5211502238360194,17.15390381043117,0.973,0.717
661403,"Clase, Emmanuel",2022,-16.505821058368486,654,-0.025238258499034383,-2.5238258499034374,151,50.333333333333336,50.1,0.1424288534846455,16.64824991185313,2.977,2.546
642585,"Bautista, Félix",2022,-16.394389478015945,707,-0.023188669700163995,-2.318866970016399,137,45.666666666666664,45.2,0.15397125292606173,16.548360730942008,3.261,2.341
608331,"Fried, Max",2025,-16.32173956439584,2502,-0.006523477044123038,-0.6523477044123038,454,151.33333333333334,151.1,0.5448883660834603,16.8666279304793,1.003,0.674
693433,"Woo, Bryan",2024,-16.199610534904497,1389,-0.011662786562206262,-1.1662786562206262,288,96.0,96.0,0.30249797781371957,16.502108512718216,1.547,1.188
660825,"Bazardo, Eduard",2025,-16.12083589571842,792,-0.02035459077742225,-2.035459077742225,155,51.666666666666664,51.2,0.17248264825663492,16.293318543975058,2.838,2.057
684007,"Imanaga, Shota",2024,-15.987385144760685,2030,-0.007875559184611174,-0.7875559184611174,398,132.66666666666666,132.2,0.44209567671839506,16.42948082147908,1.115,0.809
621242,"Díaz, Edwin",2022,-15.976957293415017,681,-0.023461023925719554,-2.3461023925719555,129,43.0,43.0,0.1483089437661217,16.12526623718114,3.375,2.368
663542,"Hudson, Bryan",2024,-15.959223018151356,640,-0.024936285965861494,-2.4936285965861487,128,42.666666666666664,42.2,0.13937991778313932,16.098602935934494,3.396,2.515
675911,"Strider, Spencer",2023,-15.939763539351391,2429,-0.0065622739972628205,-0.656227399726282,439,146.33333333333334,146.1,0.528990344211321,16.468753883562712,1.013,0.678
656945,"Scott, Tanner",2024,-15.935532660940854,731,-0.021799634283092825,-2.1799634283092826,136,45.333333333333336,45.1,0.15919799984292946,16.094730660783785,3.195,2.202
606160,"Montero, Rafael",2022,-15.908119419640311,779,-0.02042120593021863,-2.042120593021863,149,49.666666666666664,49.2,0.1696514936766649,16.077770913316975,2.913,2.064
673540,"Senga, Kodai",2023,-15.90563936863596,2283,-0.006966990525026702,-0.6966990525026701,393,131.0,131.0,0.4971943004670423,16.402833669103003,1.127,0.718
682842,"Uribe, Abner",2025,-15.901802368162924,799,-0.01990213062348301,-1.990213062348301,146,48.666666666666664,48.2,0.174007116107388,16.075809484270312,2.973,2.012
455119,"Martin, Chris",2023,-15.7717580769374,529,-0.029814287480032894,-2.9814287480032897,108,36.0,36.0,0.1152062132926261,15.886964290230027,3.972,3.003
665871,"Assad, Javier",2023,-15.740433088663085,1526,-0.010314831643946976,-1.0314831643946976,282,94.0,94.0,0.3323339914641728,16.072767080127257,1.539,1.053
669923,"Kirby, George",2024,-15.676346671501477,2246,-0.006979673495770916,-0.6979673495770917,427,142.33333333333334,142.1,0.48913639897020456,16.16548307047168,1.022,0.72
656945,"Scott, Tanner",2023,-15.597375199558865,836,-0.018657147367893378,-1.865714736789338,155,51.666666666666664,51.2,0.18206501760422575,15.77944021716309,2.749,1.887
656849,"Peterson, David",2024,-15.512786378827784,1178,-0.013168749048240903,-1.3168749048240902,231,77.0,77.0,0.25654616116959084,15.769332539997375,1.843,1.339
668390,"Winn, Cole",2025,-15.50827418687427,447,-0.0346941256977053,-3.4694125697705305,88,29.333333333333332,29.1,0.09734816132666137,15.605622348200932,4.788,3.491
668881,"Greene, Hunter",2024,-15.401393131613537,1874,-0.008218459515268697,-0.8218459515268697,323,107.66666666666667,107.2,0.40812182175875483,15.809514953372291,1.322,0.844
592332,"Gausman, Kevin",2025,-15.393337073172146,2048,-0.007516277867759837,-0.7516277867759834,393,131.0,131.0,0.44601573690604585,15.839352810078193,1.088,0.773
434378,"Verlander, Justin",2023,-15.341151636457615,1906,-0.008048872841793083,-0.8048872841793082,362,120.66666666666667,120.2,0.4150908176479118,15.756242454105527,1.175,0.827
664854,"Helsley, Ryan",2022,-15.26974660858298,691,-0.022098041401711982,-2.2098041401711983,134,44.666666666666664,44.2,0.15048675498148323,15.420233363564462,3.107,2.232
668909,"Williams, Gavin",2025,-15.261811309061441,1830,-0.008339787600580023,-0.8339787600580021,302,100.66666666666667,100.2,0.398539452411164,15.660350761472605,1.4,0.856
668678,"Gallen, Zac",2023,-15.241522707495976,2578,-0.005912150002907671,-0.5912150002907672,487,162.33333333333334,162.1,0.5614397313202081,15.802962438816184,0.876,0.613
663556,"McClanahan, Shane",2022,-15.209435781276396,1539,-0.009882674321817022,-0.988267432181702,291,97.0,97.0,0.3351651460441428,15.544600927320538,1.442,1.01
592791,"Taillon, Jameson",2024,-15.20364410563492,2125,-0.0071546560497105505,-0.7154656049710549,410,136.66666666666666,136.2,0.4627848832643298,15.66642898889925,1.032,0.737
641941,"Pagán, Emilio",2025,-15.125802769162222,692,-0.021858096487228643,-2.1858096487228647,132,44.0,44.0,0.1507045361030194,15.276507305265241,3.125,2.208
641745,"Keller, Brad",2025,-15.064599379295405,800,-0.018830749224119255,-1.8830749224119259,148,49.333333333333336,49.1,0.17422489722892415,15.23882427652433,2.78,1.905
702070,"Cameron, Noah",2025,-15.043809917056208,1538,-0.00978141086934734,-0.978141086934734,283,94.33333333333333,94.1,0.3349473649226067,15.378757281978816,1.467,1.0
606303,"Payamps, Joel",2023,-15.017573649002877,825,-0.01820311957454894,-1.820311957454894,155,51.666666666666664,51.2,0.17966942526732804,15.197243074270204,2.647,1.842
650633,"King, Michael",2023,-14.995371395756536,1201,-0.012485738048090372,-1.2485738048090371,226,75.33333333333333,75.1,0.2615551269649224,15.256926522721457,1.823,1.27
608379,"Wacha, Michael",2024,-14.892243051609643,2416,-0.006164007885600018,-0.6164007885600018,444,148.0,148.0,0.526159189631351,15.418402241240994,0.938,0.638
670970,"Morejon, Adrian",2025,-14.875851607822788,708,-0.021011089841557612,-2.1011089841557613,156,52.0,52.0,0.15418903404759787,15.030040641870386,2.601,2.123
657024,"Swanson, Erik",2023,-14.869664785928313,800,-0.01858708098241039,-1.8587080982410389,146,48.666666666666664,48.2,0.17422489722892415,15.043889683157238,2.782,1.88
640470,"Alzolay, Adbert",2023,-14.86283969210419,680,-0.02185711719427087,-2.1857117194270868,129,43.0,43.0,0.14809116264458552,15.010930854748775,3.142,2.207
656427,"Flaherty, Jack",2024,-14.807632458996743,2279,-0.006497425387887996,-0.6497425387887996,405,135.0,135.0,0.4963231759808977,15.30395563497764,1.02,0.672
571510,"Boyd, Matthew",2025,-14.743706904051239,1503,-0.009809518898237684,-0.9809518898237681,281,93.66666666666667,93.2,0.32732502566884125,15.07103192972008,1.448,1.003
660813,"Graterol, Brusdar",2023,-14.70700426510101,706,-0.020831450800426362,-2.083145080042636,139,46.333333333333336,46.1,0.15375347180452556,14.860757736905537,2.887,2.105
592094,"Adam, Jason",2022,-14.702135097963613,430,-0.03419101185572933,-3.419101185572933,87,29.0,29.0,0.09364588226054674,14.795780980224158,4.592,3.441
681911,"Vesia, Alex",2025,-14.663661155477419,680,-0.02156420758158444,-2.156420758158444,124,41.333333333333336,41.1,0.14809116264458552,14.811752318122004,3.225,2.178
669203,"Burnes, Corbin",2024,-14.612920979417353,2627,-0.005562588876824269,-0.5562588876824269,492,164.0,164.0,0.5721110062754797,15.185031985692833,0.833,0.578
664854,"Helsley, Ryan",2024,-14.528662102010095,702,-0.02069609986041324,-2.069609986041324,146,48.666666666666664,48.2,0.15288234731838096,14.681544449328475,2.715,2.091
668678,"Gallen, Zac",2024,-14.507788589985875,2130,-0.006811168352106044,-0.6811168352106043,368,122.66666666666667,122.2,0.4638737888720106,14.971662378857886,1.098,0.703
661395,"Duran, Jhoan",2025,-14.50769840519198,655,-0.02214915787052211,-2.214915787052211,134,44.666666666666664,44.2,0.14264663460618165,14.650345039798163,2.952,2.237
579328,"Kikuchi, Yusei",2023,-14.427508864168313,1797,-0.008028663808663503,-0.8028663808663501,324,108.0,108.0,0.3913526754004709,14.818861539568784,1.235,0.825
643511,"Rogers, Tyler",2025,-14.412284266004372,660,-0.021836794342430868,-2.1836794342430865,156,52.0,52.0,0.14373554021386242,14.556019806218234,2.519,2.205
543037,"Cole, Gerrit",2022,-14.397045408032723,2459,-0.005854837498183295,-0.5854837498183294,447,149.0,149.0,0.5355237778574057,14.932569185890129,0.902,0.607
665152,"Kremer, Dean",2022,-14.294169719718798,1419,-0.010073410655192952,-1.0073410655192951,266,88.66666666666667,88.2,0.30903141145980423,14.603201131178603,1.482,1.029
544150,"Suárez, Albert",2024,-14.254625598332598,2118,-0.006730229272111708,-0.6730229272111707,373,124.33333333333333,124.1,0.4612604154135767,14.715886013746175,1.065,0.695
657006,"Steele, Justin",2023,-14.246047283222284,2102,-0.006777377394492048,-0.6777377394492047,400,133.33333333333334,133.1,0.4577759174689982,14.703823200691282,0.993,0.7
671096,"Abbott, Andrew",2025,-14.180507157835812,2131,-0.006654390970359368,-0.6654390970359367,388,129.33333333333334,129.1,0.4640915699935467,14.64459872782936,1.019,0.687
623437,"Topa, Justin",2023,-14.164699790184846,716,-0.019783100265621294,-1.978310026562129,142,47.333333333333336,47.1,0.15593128301988712,14.320631073204733,2.723,2.0
502171,"Cobb, Alex",2023,-14.150381150482426,1930,-0.007331803704913174,-0.7331803704913173,341,113.66666666666667,113.2,0.42031756456477953,14.570698715047206,1.154,0.755
686613,"Brown, Hunter",2024,-14.093779174288514,2221,-0.006345690758346922,-0.6345690758346922,380,126.66666666666667,126.2,0.4836918709318007,14.577471045220314,1.036,0.656
657140,"Wright, Kyle",2022,-14.087325695136908,2004,-0.007029603640287878,-0.7029603640287877,375,125.0,125.0,0.436433367558455,14.523759062695364,1.046,0.725
605488,"Springs, Jeffrey",2022,-14.082976976491045,1414,-0.009959672543487301,-0.9959672543487301,263,87.66666666666667,87.2,0.30794250585212346,14.390919482343168,1.477,1.018
642701,"Santana, Dennis",2025,-14.068004094383188,658,-0.021379945432193296,-2.1379945432193295,137,45.666666666666664,45.2,0.1432999779707901,14.211304072353977,2.801,2.16
657376,"Schmidt, Clarke",2024,-14.044459352106013,1287,-0.010912555829142202,-1.09125558291422,214,71.33333333333333,71.1,0.28028430341703175,14.324743655523045,1.807,1.113
592866,"Williams, Trevor",2024,-13.994593045641933,823,-0.01700436579057343,-1.7004365790573432,146,48.666666666666664,48.2,0.17923386302425573,14.17382690866619,2.621,1.722
622491,"Castillo, Luis",2024,-13.953465598253572,2101,-0.006641344882557626,-0.6641344882557626,374,124.66666666666667,124.2,0.45755813634746206,14.411023734601034,1.04,0.686
678024,"Vasil, Mike",2025,-13.80391428624407,1160,-0.011899926108831093,-1.1899926108831094,204,68.0,68.0,0.25262610098194005,14.05654038722601,1.86,1.212
615698,"Quantrill, Cal",2022,-13.776940298216648,2194,-0.006279371147774224,-0.6279371147774224,399,133.0,133.0,0.4778117806503245,14.254752078866971,0.965,0.65
661395,"Duran, Jhoan",2022,-13.731479662583414,697,-0.019700831653634742,-1.9700831653634743,128,42.666666666666664,42.2,0.15179344171070017,13.883273104294114,2.929,1.992
605397,"Musgrove, Joe",2022,-13.718287999614288,2047,-0.006701655104843326,-0.6701655104843325,387,129.0,129.0,0.4457979557845097,14.164085955398798,0.988,0.692
663969,"Phillips, Tyler",2025,-13.66712093445106,838,-0.016309213525597922,-1.6309213525597923,169,56.333333333333336,56.1,0.18250057984729806,13.849621514298358,2.213,1.653
675911,"Strider, Spencer",2022,-13.623477233603005,1438,-0.009473906282060504,-0.9473906282060506,240,80.0,80.0,0.31316925276899116,13.936646486371997,1.568,0.969
519242,"Sale, Chris",2025,-13.564316610028138,1537,-0.008825189726758711,-0.8825189726758711,279,93.0,93.0,0.33472958380107054,13.899046193829209,1.345,0.904
663986,"Stephan, Trevor",2022,-13.492334490498573,628,-0.02148460906130346,-2.148460906130346,120,40.0,40.0,0.13676654432470547,13.629101034823279,3.067,2.17
664123,"Effross, Scott",2022,-13.449769959572881,538,-0.024999572415562978,-2.4999572415562974,107,35.666666666666664,35.2,0.1171662433864515,13.566936202959333,3.423,2.522
621107,"Eflin, Zach",2023,-13.42535340806963,2124,-0.006320787856906606,-0.6320787856906606,419,139.66666666666666,139.2,0.4625671021427936,13.887920510212425,0.895,0.654
623352,"Hader, Josh",2023,-13.358278816410337,725,-0.01842521216056598,-1.842521216056598,112,37.333333333333336,37.1,0.15789131311371252,13.516170129524049,3.258,1.864
647315,"Pop, Zach",2022,-13.321747228209034,452,-0.029472892097807596,-2.9472892097807595,99,33.0,33.0,0.09843706693434215,13.420184295143375,3.66,2.969
543521,"McHugh, Collin",2022,-13.236103569667552,788,-0.016797085748309078,-1.6797085748309077,148,49.333333333333336,49.1,0.1716115237704903,13.407715093438043,2.446,1.701
695243,"Miller, Mason",2024,-13.20696522341327,680,-0.019422007681490102,-1.94220076814901,123,41.0,41.0,0.14809116264458552,13.355056386057855,2.932,1.964
662253,"Muñoz, Andrés",2022,-13.055276706745625,623,-0.020955500331854934,-2.0955500331854937,114,38.0,38.0,0.13567763871702468,13.19095434546265,3.124,2.117
642585,"Bautista, Félix",2023,-13.027818026848868,727,-0.017919969775583036,-1.791996977558304,123,41.0,41.0,0.15832687535678483,13.186144902205653,2.895,1.814
642207,"Williams, Devin",2023,-13.025636529380417,658,-0.019795800196626773,-1.9795800196626772,119,39.666666666666664,39.2,0.1432999779707901,13.168936507351207,2.988,2.001
662253,"Muñoz, Andrés",2025,-13.003943849079777,543,-0.02394833121377491,-2.394833121377491,97,32.333333333333336,32.1,0.11825514899413227,13.122198998073909,3.653,2.417
671096,"Abbott, Andrew",2024,-13.003479519166794,1773,-0.007334167805508626,-0.7334167805508625,313,104.33333333333333,104.1,0.38612592848360316,13.389605447650396,1.155,0.755
665871,"Assad, Javier",2024,-12.969978528423713,1933,-0.006709766439950188,-0.6709766439950187,322,107.33333333333333,107.1,0.420970907929388,13.3909494363531,1.123,0.693
608379,"Wacha, Michael",2022,-12.957585067080572,1858,-0.006973942447298478,-0.6973942447298479,354,118.0,118.0,0.40463732381417633,13.362222390894749,1.019,0.719
656876,"Rasmussen, Drew",2022,-12.957462076514027,1470,-0.008814600052050358,-0.8814600052050358,292,97.33333333333333,97.1,0.32013824865814816,13.277600325172175,1.228,0.903
593576,"Neris, Héctor",2023,-12.934813975843372,840,-0.015398588066480205,-1.5398588066480206,146,48.666666666666664,48.2,0.18293614209037037,13.117750117933744,2.426,1.562
687330,"Kelly, Kevin",2024,-12.85765910799263,759,-0.016940262329371052,-1.6940262329371052,157,52.333333333333336,52.1,0.1652958712459418,13.022954979238571,2.24,1.716
686218,"Sheehan, Emmet",2025,-12.815259512062577,874,-0.01466276832043773,-1.466276832043773,173,57.666666666666664,57.2,0.19034070022259963,13.005600212285175,2.03,1.488
663903,"Singer, Brady",2022,-12.807499419250048,1730,-0.007403178855057831,-0.740317885505783,320,106.66666666666667,106.2,0.3767613402575485,13.184260759507596,1.112,0.762
596001,"Junis, Jakob",2025,-12.798950507257521,679,-0.018849706196255554,-1.8849706196255558,134,44.666666666666664,44.2,0.14787338152304938,12.946823888780571,2.609,1.907
608328,"De Jong, Chase",2022,-12.763289534743759,1009,-0.012649444533938315,-1.2649444533938314,183,61.0,61.0,0.2197411516299806,12.98303068637374,1.916,1.287
656302,"Cease, Dylan",2024,-12.72475814593703,2776,-0.004583846594357719,-0.45838465943577195,484,161.33333333333334,161.1,0.6045603933843668,13.329318539321395,0.744,0.48
663773,"Hoeing, Bryan",2024,-12.715591871950814,498,-0.025533317011949424,-2.553331701194942,100,33.333333333333336,33.1,0.10845499852500529,12.824046870475819,3.462,2.575
676263,"Dreyer, Jack",2025,-12.694780237107373,818,-0.015519291243407547,-1.5519291243407547,163,54.333333333333336,54.1,0.17814495741657496,12.872925194523948,2.132,1.574
605483,"Snell, Blake",2022,-12.674639759343819,1945,-0.006516524297863146,-0.6516524297863144,312,104.0,104.0,0.42358428138782184,13.09822404073164,1.134,0.673
571946,"Miller, Shelby",2025,-12.66946254413152,532,-0.02381477921829233,-2.3814779218292323,104,34.666666666666664,34.2,0.11585955665723456,12.785322100788754,3.319,2.403
669276,"Lee, Dylan",2025,-12.660810259929862,834,-0.015180827649795997,-1.5180827649795994,153,51.0,51.0,0.18162945536115344,12.842439715291016,2.266,1.54
596133,"Weaver, Luke",2024,-12.614695583870823,1107,-0.011395388964652956,-1.1395388964652955,195,65.0,65.0,0.2410837015405238,12.855779285411346,1.78,1.161
605288,"Houser, Adrian",2025,-12.566628474785595,1334,-0.009420261225476458,-0.9420261225476458,247,82.33333333333333,82.1,0.290520016129231,12.857148490914826,1.405,0.964
592094,"Adam, Jason",2025,-12.56470185955102,800,-0.015705877324438774,-1.5705877324438775,143,47.666666666666664,47.2,0.17422489722892415,12.738926756779945,2.405,1.592
661527,"Martinez, Seth",2022,-12.541229060748124,497,-0.02523386128923164,-2.523386128923164,97,32.333333333333336,32.1,0.10823721740346913,12.649466278151593,3.521,2.545
623474,"Herget, Jimmy",2025,-12.440351239992584,1071,-0.011615640746958528,-1.1615640746958529,200,66.66666666666667,66.2,0.23324358116522223,12.673594821157806,1.711,1.183
554430,"Wheeler, Zack",2022,-12.424738100766458,1777,-0.006991974170380674,-0.6991974170380671,332,110.66666666666667,110.2,0.3869970529697478,12.811735153736207,1.042,0.721
684320,"Rodríguez, Yariel",2025,-12.40955931400623,803,-0.015453996655051346,-1.5453996655051345,143,47.666666666666664,47.2,0.17487824059353263,12.584437554599763,2.376,1.567
608379,"Wacha, Michael",2023,-12.385179501519513,1547,-0.008005933743710092,-0.8005933743710092,272,90.66666666666667,90.2,0.3369073950164321,12.722086896535945,1.263,0.822
493603,"Ottavino, Adam",2022,-12.379581552961115,743,-0.016661617164146856,-1.6661617164146856,135,45.0,45.0,0.1618113733013633,12.541392926262478,2.508,1.688
681911,"Vesia, Alex",2022,-12.320496629713444,672,-0.018334072365645007,-1.8334072365645007,123,41.0,41.0,0.1463489136722963,12.466845543385741,2.737,1.855
663903,"Singer, Brady",2025,-12.301092119980831,1767,-0.006961568828512072,-0.6961568828512071,318,106.0,106.0,0.38481924175438625,12.685911361735217,1.077,0.718
592716,"Sampson, Adrian",2022,-12.264583472538073,1446,-0.008481731308809179,-0.8481731308809177,256,85.33333333333333,85.1,0.3149115017412804,12.579494974279353,1.327,0.87
622663,"Severino, Luis",2024,-12.245188911384432,1757,-0.00696937331325238,-0.6969373313252379,325,108.33333333333333,108.1,0.38264143053902466,12.627830341923456,1.049,0.719
694335,"Svanson, Matt",2025,-12.167596558091047,706,-0.017234556031290434,-1.7234556031290433,134,44.666666666666664,44.2,0.15375347180452556,12.321350029895573,2.483,1.745
547973,"Chapman, Aroldis",2025,-12.167459722392566,486,-0.025035925354717214,-2.503592535471721,96,32.0,32.0,0.10584162506657142,12.273301347459137,3.452,2.525
670102,"Francis, Bowden",2023,-12.157180103863274,492,-0.024709715658258687,-2.4709715658258684,96,32.0,32.0,0.10714831179578836,12.264328415659062,3.449,2.493
663776,"Sandoval, Patrick",2022,-12.152779294897613,1815,-0.006695746167987665,-0.6695746167987665,314,104.66666666666667,104.2,0.3952727355881217,12.548052030485735,1.079,0.691
650644,"Civale, Aaron",2023,-12.127119037868795,1463,-0.00828921328630813,-0.828921328630813,254,84.66666666666667,84.2,0.31861378080739505,12.44573281867619,1.323,0.851
554340,"García, Yimi",2022,-11.9587254938982,636,-0.018803027506129246,-1.8803027506129246,112,37.333333333333336,37.1,0.1385087932969947,12.097234287195194,2.916,1.902
676440,"Bibee, Tanner",2023,-11.919524179225744,1425,-0.008364578371386487,-0.8364578371386486,249,83.0,83.0,0.31033809818902114,12.229862277414766,1.326,0.858
694037,"Palencia, Daniel",2025,-11.902118948493365,580,-0.020520894738781666,-2.052089473878167,107,35.666666666666664,35.2,0.12631305049097002,12.028431998984335,3.035,2.074
670167,"Schreiber, John",2022,-11.892699006516278,796,-0.014940576641352107,-1.4940576641352106,149,49.666666666666664,49.2,0.17335377274277955,12.066052779259056,2.186,1.516
489446,"Yates, Kirby",2024,-11.839352320853997,666,-0.017776805286567565,-1.7776805286567565,112,37.333333333333336,37.1,0.14504222694307936,11.984394547797077,2.889,1.799
641329,"Baker, Bryan",2025,-11.783048664196913,742,-0.01588011949352684,-1.5880119493526839,146,48.666666666666664,48.2,0.16159359217982716,11.94464225637674,2.209,1.61
605540,"Woodruff, Brandon",2023,-11.774718365056762,744,-0.01582623436163543,-1.5826234361635432,137,45.666666666666664,45.2,0.16202915442289947,11.936747519479662,2.352,1.604
687911,"King, Bryan",2025,-11.742245386299947,800,-0.014677806732874934,-1.4677806732874936,150,50.0,50.0,0.17422489722892415,11.916470283528872,2.145,1.49
605130,"Barlow, Scott",2025,-11.733316787852594,959,-0.012234949726645041,-1.2234949726645041,157,52.333333333333336,52.1,0.20885209555317283,11.942168883405767,2.054,1.245
680755,"Fisher, Braydon",2025,-11.73028413256558,571,-0.020543404785578947,-2.0543404785578945,106,35.333333333333336,35.1,0.12435302039714462,11.854637152962724,3.02,2.076
664139,"Gibaut, Ian",2023,-11.645999431968155,892,-0.013056053174852192,-1.3056053174852194,167,55.666666666666664,55.2,0.19426076041025045,11.840260192378405,1.914,1.327
650633,"King, Michael",2022,-11.611226039686088,574,-0.0202286167938782,-2.02286167938782,112,37.333333333333336,37.1,0.1250063637617531,11.73623240344784,2.829,2.045
669203,"Burnes, Corbin",2025,-11.601908364767556,831,-0.013961381907060838,-1.396138190706084,157,52.333333333333336,52.1,0.18097611199654498,11.782884476764101,2.026,1.418
679885,"Martinez, Justin",2024,-11.565561367011474,938,-0.01233002277932993,-1.2330022779329928,169,56.333333333333336,56.1,0.2042786920009136,11.769840059012388,1.88,1.255
656546,"Hoffman, Jeff",2024,-11.553158498369703,609,-0.018970703609802467,-1.8970703609802468,125,41.666666666666664,41.2,0.13262870301551852,11.68578720138522,2.524,1.919
669194,"Nelson, Ryne",2025,-11.519279616195295,1684,-0.006840427325531648,-0.684042732553165,306,102.0,102.0,0.3667434086668854,11.88602302486218,1.049,0.706
543859,"Tonkin, Michael",2024,-11.510084301819063,998,-0.011533150603025113,-1.1533150603025113,165,55.0,55.0,0.21734555929308289,11.727429861112146,1.919,1.175
605447,"Romano, Jordan",2022,-11.475042236058616,640,-0.01792975349384159,-1.7929753493841585,120,40.0,40.0,0.13937991778313932,11.614422153841756,2.613,1.815
607067,"Rea, Colin",2025,-11.473715220280912,1879,-0.006106288036338964,-0.6106288036338964,342,114.0,114.0,0.4092107273664356,11.882925947647347,0.938,0.632
641927,"Ober, Bailey",2023,-11.427315007577903,1712,-0.006674833532463728,-0.6674833532463728,303,101.0,101.0,0.3728412800698977,11.8001562876478,1.051,0.689
622253,"Tate, Dillon",2022,-11.419922308266893,753,-0.015165899479770109,-1.5165899479770113,148,49.333333333333336,49.1,0.16398918451672487,11.583911492783617,2.113,1.538
608032,"Estévez, Carlos",2025,-11.400614026209546,618,-0.018447595511665933,-1.8447595511665935,120,40.0,40.0,0.1345887331093439,11.53520275931889,2.595,1.867
663765,"Woodford, Jake",2022,-11.360509579914057,580,-0.019587085482610442,-1.9587085482610445,113,37.666666666666664,37.2,0.12631305049097002,11.486822630405026,2.745,1.98
670280,"Bednar, David",2025,-11.34312198357537,725,-0.015645685494586718,-1.5645685494586719,129,43.0,43.0,0.15789131311371252,11.501013296689083,2.407,1.586
660271,"Ohtani, Shohei",2023,-11.327074742663317,1476,-0.007674169879853196,-0.7674169879853197,273,91.0,91.0,0.32144493538736507,11.648519678050683,1.152,0.789
686580,"Slaten, Justin",2024,-11.291108742697258,446,-0.025316387315464702,-2.53163873154647,92,30.666666666666668,30.2,0.09713038020512522,11.388239122902384,3.342,2.553
666374,"Brash, Matt",2025,-11.268883741768924,459,-0.024550944971174125,-2.4550944971174125,81,27.0,27.0,0.09996153478509523,11.368845276554019,3.79,2.477
643377,"Jax, Griffin",2024,-11.183849412778228,681,-0.016422686362376253,-1.6422686362376253,132,44.0,44.0,0.1483089437661217,11.33215835654435,2.318,1.664
621121,"McCullers Jr., Lance",2022,-11.18308193866222,568,-0.019688524539898274,-1.9688524539898271,105,35.0,35.0,0.12369967703253615,11.306781615694756,2.907,1.991
596001,"Junis, Jakob",2024,-11.130562111581103,597,-0.01864415764083937,-1.8644157640839365,128,42.666666666666664,42.2,0.13001532955708464,11.260577441138187,2.375,1.886
676879,"Ashby, Aaron",2025,-11.114482357494204,669,-0.016613576020170707,-1.6613576020170706,122,40.666666666666664,40.2,0.14569557030768782,11.260177927801891,2.492,1.683
640455,"Manaea, Sean",2024,-11.060830539953264,2161,-0.005118385256803916,-0.5118385256803917,366,122.0,122.0,0.4706250036396314,11.531455543592894,0.851,0.534
669373,"Skubal, Tarik",2023,-11.027684033085912,982,-0.011229820807623128,-1.1229820807623128,188,62.666666666666664,62.2,0.2138610613485044,11.241545094434416,1.614,1.145
543243,"Gray, Sonny",2022,-10.953993520820088,1524,-0.007187659790564362,-0.7187659790564362,283,94.33333333333333,94.1,0.3318984292211005,11.285891950041188,1.077,0.741
668941,"Romero, JoJo",2024,-10.915638698926756,692,-0.015774044362610918,-1.5774044362610917,133,44.333333333333336,44.1,0.1507045361030194,11.066343235029775,2.247,1.599
664208,"Maton, Phil",2022,-10.90341411707936,904,-0.012061298802078938,-1.206129880207894,162,54.0,54.0,0.1968741338686843,11.100288250948044,1.85,1.228
656529,"Hentges, Sam",2022,-10.899864805185505,745,-0.014630691013671818,-1.463069101367182,144,48.0,48.0,0.16224693554443562,11.062111740729941,2.074,1.485
656550,"Holmes, Grant",2025,-10.865914025055726,1789,-0.006073736179460999,-0.6073736179460999,305,101.66666666666667,101.2,0.38961042642818167,11.255524451483907,0.996,0.629
601713,"Pivetta, Nick",2023,-10.857559656719074,2061,-0.005268102696127644,-0.5268102696127644,374,124.66666666666667,124.2,0.44884689148601586,11.30640654820509,0.816,0.549
656271,"Burke, Brock",2022,-10.841152495561637,988,-0.010972826412511778,-1.0972826412511776,180,60.0,60.0,0.21516774807772135,11.056320243639359,1.658,1.119
641712,"Hudson, Dakota",2022,-10.833024104803066,1843,-0.005877929519697811,-0.5877929519697811,326,108.66666666666667,108.2,0.401370606991134,11.2343947117942,0.93,0.61
623474,"Herget, Jimmy",2022,-10.832058607817387,675,-0.016047494233803538,-1.6047494233803532,136,45.333333333333336,45.1,0.14700225703690475,10.979060864854292,2.18,1.627
682120,"Herrin, Tim",2024,-10.831769080214046,706,-0.015342449122116214,-1.534244912211621,133,44.333333333333336,44.1,0.15375347180452556,10.985522552018573,2.23,1.556
471911,"Carrasco, Carlos",2022,-10.825837517854259,1890,-0.005727956358653047,-0.5727956358653046,340,113.33333333333333,113.1,0.41160631970333333,11.237443837557592,0.892,0.595
657612,"Hill, Tim",2022,-10.813604319828531,519,-0.020835461117203337,-2.0835461117203335,98,32.666666666666664,32.2,0.11302840207726454,10.926632721905795,3.01,2.105
641154,"López, Pablo",2025,-10.804826527031556,1069,-0.01010741489900052,-1.0107414899000522,190,63.333333333333336,63.1,0.23280801892214992,11.037634545953706,1.569,1.033
695076,"Lowder, Rhett",2024,-10.800702672391468,421,-0.025654875706393035,-2.5654875706393034,74,24.666666666666668,24.2,0.09168585216672134,10.89238852455819,3.974,2.587
519043,"Moore, Matt",2023,-10.794868507534662,598,-0.01805161957781716,-1.805161957781716,111,37.0,37.0,0.1302331106786208,10.925101618213283,2.657,1.827
666142,"Ragans, Cole",2024,-10.792527824151493,2350,-0.004592565031553827,-0.45925650315538263,409,136.33333333333334,136.1,0.5117856356099647,11.304313459761458,0.746,0.481
541640,"Ramírez, Erasmo",2022,-10.721312346194035,1015,-0.010562869306595108,-1.0562869306595106,201,67.0,67.0,0.22104783835919753,10.942360184553232,1.47,1.078
677053,"Nardi, Andrew",2023,-10.712350851434094,718,-0.014919708706732721,-1.4919708706732724,127,42.333333333333336,42.1,0.15636684526295944,10.868717696697054,2.311,1.514
571946,"Miller, Shelby",2023,-10.673106671452134,497,-0.021475063725255802,-2.14750637252558,93,31.0,31.0,0.10823721740346913,10.781343888855602,3.13,2.169
543135,"Eovaldi, Nathan",2024,-10.635515077287865,2047,-0.005195659539466471,-0.5195659539466468,392,130.66666666666666,130.2,0.4457979557845097,11.081313033072375,0.763,0.541
605447,"Romano, Jordan",2023,-10.632596285000288,590,-0.01802134963559371,-1.8021349635593709,112,37.333333333333336,37.1,0.12849086170633156,10.76108714670662,2.594,1.824
680885,"Schwellenbach, Spencer",2024,-10.574324513571897,1699,-0.006223851979736255,-0.6223851979736252,334,111.33333333333333,111.1,0.3700101254899277,10.944334639061825,0.885,0.644
664747,"Díaz, Alexis",2022,-10.555224881814022,698,-0.01512209868454731,-1.512209868454731,123,41.0,41.0,0.15201122283223634,10.707236104646258,2.35,1.534
621107,"Eflin, Zach",2024,-10.533644653779666,1929,-0.005460676336847934,-0.5460676336847934,390,130.0,130.0,0.4200997834432434,10.953744437222909,0.758,0.568
669302,"Gilbert, Logan",2024,-10.524304556098556,2523,-0.00417134544435139,-0.417134544435139,494,164.66666666666666,164.2,0.5494617696357196,11.073766325734276,0.605,0.439
676680,"Cosgrove, Tom",2023,-10.518897752683023,584,-0.018011811220347642,-1.8011811220347638,108,36.0,36.0,0.12718417497711462,10.646081927660138,2.662,1.823
605347,"López, Jorge",2024,-10.516916801070856,678,-0.015511676697744626,-1.5511676697744625,127,42.333333333333336,42.1,0.14765560040151324,10.66457240147237,2.267,1.573
671106,"Allen, Logan",2023,-10.492611771897561,1599,-0.006561983597184216,-0.6561983597184216,271,90.33333333333333,90.1,0.34823201333631215,10.840843785233874,1.08,0.678
656876,"Rasmussen, Drew",2023,-10.478139067455308,667,-0.01570935392422085,-1.5709353924220848,128,42.666666666666664,42.2,0.1452600080646155,10.623399075519924,2.241,1.593
657376,"Schmidt, Clarke",2022,-10.471222340452504,562,-0.01863206822144574,-1.863206822144574,99,33.0,33.0,0.12239299030331922,10.593615330755824,2.889,1.885
660813,"Graterol, Brusdar",2022,-10.428091917985883,553,-0.018857309074115522,-1.8857309074115525,119,39.666666666666664,39.2,0.12043296020949383,10.548524878195376,2.393,1.908
605483,"Snell, Blake",2024,-10.407098683136491,1285,-0.00809890948104007,-0.8098909481040072,227,75.66666666666667,75.2,0.2798487411739594,10.68694742431045,1.271,0.832
453268,"Bard, Daniel",2022,-10.391695381971203,653,-0.015913775470093726,-1.5913775470093725,127,42.333333333333336,42.1,0.14221107236310934,10.533906454334312,2.239,1.613
657024,"Swanson, Erik",2022,-10.356421347582522,565,-0.018329949287756678,-1.8329949287756677,105,35.0,35.0,0.1230463336679277,10.47946768125045,2.695,1.855
571479,"Bellatti, Andrew",2022,-10.354757812752691,680,-0.015227585018753957,-1.5227585018753957,115,38.333333333333336,38.1,0.14809116264458552,10.502848975397276,2.466,1.545
669358,"Baz, Shane",2024,-10.349201096604824,1028,-0.010067316241833487,-1.0067316241833486,196,65.33333333333333,65.1,0.22387899293916755,10.573080089543993,1.456,1.029
681911,"Vesia, Alex",2024,-10.320926911690304,807,-0.012789252678674479,-1.2789252678674474,142,47.333333333333336,47.1,0.17574936507967726,10.49667627676998,1.996,1.301
666808,"Doval, Camilo",2022,-10.260589324654775,827,-0.012407000392569256,-1.2407000392569254,144,48.0,48.0,0.18010498751040036,10.440694312165176,1.958,1.262
592094,"Adam, Jason",2023,-10.259241830530943,564,-0.018190145089593872,-1.8190145089593872,108,36.0,36.0,0.12282855254639154,10.382070383077334,2.596,1.841
666142,"Ragans, Cole",2023,-10.256370089706165,1314,-0.0078054566892740975,-0.7805456689274097,231,77.0,77.0,0.28616439369850794,10.542534483404673,1.232,0.802
681806,"Wantz, Andrew",2022,-10.209602793093667,575,-0.017755830944510727,-1.7755830944510724,105,35.0,35.0,0.12522414488328923,10.334826937976956,2.658,1.797
669923,"Kirby, George",2023,-10.145433004182442,2346,-0.00432456649794648,-0.43245664979464793,447,149.0,149.0,0.5109145111238201,10.656347515306262,0.644,0.454
605280,"Holmes, Clay",2025,-10.142517079509332,2395,-0.0042348714319454415,-0.42348714319454417,413,137.66666666666666,137.2,0.5215857860790917,10.664102865588424,0.697,0.445
641778,"Lauer, Eric",2025,-10.12908452659145,1247,-0.00812276225067478,-0.8122762250674778,230,76.66666666666667,76.2,0.27157305855558556,10.400657585147036,1.221,0.834
668909,"Williams, Gavin",2023,-10.095367663189446,1115,-0.009054141401963629,-0.9054141401963629,188,62.666666666666664,62.2,0.24282595051281305,10.33819361370226,1.485,0.927
682847,"Ortiz, Luis L.",2024,-10.088995696750608,1866,-0.005406750105439768,-0.540675010543977,341,113.66666666666667,113.2,0.4063795727864656,10.495375269537073,0.831,0.562
669160,"May, Dustin",2023,-10.087399477251154,721,-0.013990845322123652,-1.3990845322123653,139,46.333333333333336,46.1,0.1570201886275679,10.244419665878722,1.99,1.421
666374,"Brash, Matt",2022,-10.06383792908213,674,-0.014931510280537285,-1.4931510280537286,110,36.666666666666664,36.2,0.1467844759153686,10.210622404997498,2.506,1.515
657612,"Hill, Tim",2025,-10.051227162619902,761,-0.013207920056005127,-1.3207920056005127,161,53.666666666666664,53.2,0.16573143348901412,10.216958596108917,1.713,1.343
671922,"Smith, Cade",2025,-10.049367042641318,748,-0.013434982677327966,-1.3434982677327967,138,46.0,46.0,0.1629002789090441,10.212267321550362,1.998,1.365
669211,"Akin, Keegan",2025,-10.048563716968063,735,-0.013671515261181039,-1.367151526118104,131,43.666666666666664,43.2,0.16006912432907408,10.208632841297137,2.104,1.389
621345,"Minter, A.J.",2022,-9.999437723245315,802,-0.012468126836964234,-1.2468126836964233,146,48.666666666666664,48.2,0.17466045947199646,10.17409818271731,1.882,1.269
543037,"Cole, Gerrit",2024,-9.980858681500749,1120,-0.008911480965625669,-0.8911480965625669,199,66.33333333333333,66.1,0.24391485612049382,10.224773537621243,1.387,0.913
657649,"Koenig, Jared",2024,-9.966357287023717,738,-0.01350454916940883,-1.3504549169408828,127,42.333333333333336,42.1,0.16072246769368254,10.1270797547174,2.153,1.372
623352,"Hader, Josh",2025,-9.960385685446656,533,-0.018687402786954327,-1.8687402786954328,100,33.333333333333336,33.1,0.11607733777877072,10.076463023225427,2.721,1.891
622786,"Tinoco, Jesus",2024,-9.890388042873,394,-0.025102507723027922,-2.5102507723027925,84,28.0,28.0,0.08580576188524515,9.976193804758246,3.207,2.532
543135,"Eovaldi, Nathan",2023,-9.88747412306194,2118,-0.0046683069513984606,-0.466830695139846,387,129.0,129.0,0.4612604154135767,10.348734538475517,0.722,0.489
594580,"Moll, Sam",2024,-9.882162403932755,489,-0.020208921071437128,-2.020892107143712,88,29.333333333333332,29.1,0.10649496843117989,9.988657372363935,3.065,2.043
594580,"Moll, Sam",2022,-9.84623292706463,568,-0.017334917125113786,-1.7334917125113787,101,33.666666666666664,33.2,0.12369967703253615,9.969932604097167,2.665,1.755
623465,"Phillips, Evan",2023,-9.832440701323566,678,-0.01450212492820585,-1.450212492820585,121,40.333333333333336,40.1,0.14765560040151324,9.98009630172508,2.227,1.472
666974,"Cano, Yennier",2023,-9.829854783387706,700,-0.014042649690553865,-1.4042649690553863,142,47.333333333333336,47.1,0.15244678507530865,9.982301568463015,1.898,1.426
693433,"Woo, Bryan",2025,-9.763091094517488,1578,-0.006187003228464822,-0.6187003228464822,321,107.0,107.0,0.3436586097840529,10.10674970430154,0.85,0.64
661395,"Duran, Jhoan",2023,-9.730938608445726,584,-0.01666256611035227,-1.6662566110352268,102,34.0,34.0,0.12718417497711462,9.858122783422841,2.61,1.688
642232,"Yarbrough, Ryan",2024,-9.686385596847549,1088,-0.008902927938278998,-0.8902927938278996,200,66.66666666666667,66.2,0.23694586023133685,9.923331457078886,1.34,0.912
594798,"deGrom, Jacob",2022,-9.683397868815929,795,-0.012180374677755885,-1.2180374677755883,160,53.333333333333336,53.1,0.17313599162124338,9.856533860437173,1.663,1.24
502085,"Robertson, David",2024,-9.659198990140826,753,-0.01282762150085103,-1.2827621500851027,132,44.0,44.0,0.16398918451672487,9.82318817465755,2.009,1.305
687863,"Hodge, Porter",2024,-9.649361503967969,447,-0.02158693848762409,-2.1586938487624088,87,29.0,29.0,0.09734816132666137,9.74670966529463,3.025,2.18
641835,"Mayza, Tim",2023,-9.602464714512868,576,-0.016670945684918174,-1.6670945684918177,106,35.333333333333336,35.1,0.1254419260048254,9.727906640517693,2.478,1.689
670280,"Bednar, David",2022,-9.587356280598682,640,-0.014980244188435441,-1.498024418843544,116,38.666666666666664,38.2,0.13937991778313932,9.726736198381822,2.264,1.52
694462,"Waldrep, Hurston",2025,-9.572424824598345,759,-0.012611890414490573,-1.2611890414490576,136,45.333333333333336,45.1,0.1652958712459418,9.737720695844287,1.933,1.283
669302,"Gilbert, Logan",2025,-9.538511423322172,1353,-0.007049897578212987,-0.7049897578212987,249,83.0,83.0,0.294657857438418,9.83316928076059,1.066,0.727
607192,"Glasnow, Tyler",2024,-9.527091245454107,1472,-0.006472208726531323,-0.6472208726531323,284,94.66666666666667,94.2,0.32057381090122045,9.847665056355329,0.936,0.669
694477,"Patrick, Chad",2025,-9.517305626043793,1339,-0.007107771191966985,-0.7107771191966984,242,80.66666666666667,80.2,0.29160892173691183,9.808914547780706,1.094,0.733
605177,"Chafin, Andrew",2022,-9.504892720245788,780,-0.01218575989775101,-1.218575989775101,150,50.0,50.0,0.16986927479820105,9.674761995043989,1.741,1.24
656464,"Ginkel, Kevin",2023,-9.456506573608785,714,-0.013244406965838633,-1.3244406965838633,137,45.666666666666664,45.2,0.1554957207768148,9.612002294385599,1.894,1.346
681190,"Vásquez, Randy",2025,-9.448029212481297,1556,-0.006071998208535537,-0.6071998208535537,275,91.66666666666667,91.2,0.33886742511025747,9.786896637591553,0.961,0.629
661527,"Martinez, Seth",2024,-9.434552540510774,684,-0.013793205468583003,-1.3793205468583003,127,42.333333333333336,42.1,0.14896228713073015,9.583514827641505,2.037,1.401
691587,"Pérez, Eury",2025,-9.429926412601086,1109,-0.008503089641660131,-0.850308964166013,187,62.333333333333336,62.1,0.24151926378359612,9.671445676384682,1.396,0.872
676130,"Buttó, José",2024,-9.426062821083368,1067,-0.008834173215635772,-0.8834173215635772,181,60.333333333333336,60.1,0.2323724566790776,9.658435277762447,1.441,0.905
657746,"Ryan, Joe",2024,-9.42423696050807,1525,-0.006179827515087259,-0.617982751508726,298,99.33333333333333,99.1,0.33211621034263666,9.756353170850707,0.884,0.64
669387,"Mlodzinski, Carmen",2024,-9.418712508127896,695,-0.013552104328241577,-1.3552104328241577,124,41.333333333333336,41.1,0.15135787946762785,9.570070387595525,2.084,1.377
571948,"Milner, Hoby",2025,-9.398356866625928,774,-0.01214257993104125,-1.2142579931041249,137,45.666666666666664,45.2,0.1685625880689841,9.566919454694911,1.885,1.236
676684,"Vest, Will",2024,-9.396320547133849,850,-0.01105449476133394,-1.1054494761333942,160,53.333333333333336,53.1,0.1851139533057319,9.581434500439581,1.617,1.127
656557,"Houck, Tanner",2024,-9.393745187189083,1721,-0.005458306326083139,-0.5458306326083139,326,108.66666666666667,108.2,0.3748013101637231,9.768546497352807,0.809,0.568
605242,"Fulmer, Michael",2022,-9.327278792136914,784,-0.01189703927568484,-1.189703927568484,141,47.0,47.0,0.17074039928434567,9.49801919142126,1.819,1.211
676428,"Hurter, Brant",2024,-9.294436211704037,598,-0.015542535471076984,-1.5542535471076981,127,42.333333333333336,42.1,0.1302331106786208,9.424669322382657,2.004,1.576
668338,"Miller, Tyson",2024,-9.293613832741096,739,-0.012575932114669954,-1.2575932114669952,139,46.333333333333336,46.1,0.16094024881521868,9.454554081556315,1.836,1.279
676710,"Crawford, Kutter",2023,-9.268347899057032,1641,-0.005647987750796485,-0.5647987750796483,305,101.66666666666667,101.2,0.3573788204408307,9.625726719497862,0.852,0.587
669276,"Lee, Dylan",2024,-9.199240251836416,620,-0.01483748427715551,-1.4837484277155506,125,41.666666666666664,41.2,0.13502429535241622,9.334264547188832,2.016,1.506
670955,"Uceta, Edwin",2024,-9.174493865173378,536,-0.017116593032039884,-1.7116593032039884,102,34.0,34.0,0.11673068114337919,9.291224546316757,2.459,1.733
665625,"Peguero, Elvis",2023,-9.107329453015575,660,-0.01379898401972057,-1.3798984019720568,131,43.666666666666664,43.2,0.14373554021386242,9.251064993229438,1.907,1.402
661403,"Clase, Emmanuel",2023,-9.090797644307084,646,-0.014072442173849975,-1.4072442173849975,130,43.333333333333336,43.1,0.14068660451235626,9.231484248819442,1.917,1.429
670059,"Holderman, Colin",2024,-9.027909267358494,662,-0.013637325177278692,-1.363732517727869,114,38.0,38.0,0.14417110245693474,9.17208036981543,2.172,1.386
608331,"Fried, Max",2023,-9.007476409379489,957,-0.009412201054733008,-0.9412201054733008,171,57.0,57.0,0.20841653331010052,9.215892942689589,1.455,0.963
686752,"Pepiot, Ryan",2023,-9.00355681759966,559,-0.016106541713058427,-1.6106541713058427,107,35.666666666666664,35.2,0.12173964693871075,9.125296464538371,2.303,1.632
669211,"Akin, Keegan",2022,-8.944921608009277,858,-0.010425316559451373,-1.0425316559451372,165,55.0,55.0,0.18685620227802116,9.131777810287298,1.494,1.064
664139,"Gibaut, Ian",2022,-8.916798246450515,531,-0.01679246374096142,-1.679246374096142,86,28.666666666666668,28.2,0.1156417755356984,9.032440021986213,2.836,1.701
676440,"Bibee, Tanner",2024,-8.912624997727303,1942,-0.004589405251146912,-0.4589405251146912,340,113.33333333333333,113.1,0.4229309380232134,9.335555935750516,0.741,0.481
678394,"Bello, Brayan",2025,-8.87878553374788,1879,-0.004725271705028143,-0.47252717050281434,335,111.66666666666667,111.2,0.4092107273664356,9.287996261114316,0.749,0.494
672335,"Pérez, Cionel",2022,-8.87483381272552,636,-0.013954141214977232,-1.3954141214977231,118,39.333333333333336,39.1,0.1385087932969947,9.013342606022514,2.062,1.417
806188,"Gibson, Cade",2025,-8.829741043455252,705,-0.012524455380787591,-1.2524455380787594,125,41.666666666666664,41.2,0.15353569068298942,8.983276734138242,1.94,1.274
664854,"Helsley, Ryan",2023,-8.819956049547443,442,-0.019954651695808696,-1.9954651695808696,81,27.0,27.0,0.0962592557189806,8.916215305266423,2.972,2.017
622075,"Almonte, Yency",2022,-8.801949293388198,386,-0.022802977444010875,-2.2802977444010875,81,27.0,27.0,0.08406351291295591,8.886012806301153,2.962,2.302
656464,"Ginkel, Kevin",2024,-8.798556358368426,811,-0.010849021403660205,-1.0849021403660206,138,46.0,46.0,0.17662048956582185,8.975176847934248,1.756,1.107
605347,"López, Jorge",2022,-8.797897642203132,786,-0.011193253997713908,-1.1193253997713908,143,47.666666666666664,47.2,0.17117596152741799,8.96907360373055,1.693,1.141
681857,"Olson, Reese",2025,-8.782484278817186,985,-0.008916227694230646,-0.8916227694230646,170,56.666666666666664,56.2,0.21451440471311287,8.996998683530299,1.429,0.913
593958,"Rodriguez, Eduardo",2023,-8.720938417625828,1692,-0.005154218922946706,-0.5154218922946705,306,102.0,102.0,0.36848565763917457,9.089424075265002,0.802,0.537
657277,"Webb, Logan",2025,-8.705277322640804,2449,-0.003554625284867621,-0.355462528486762,442,147.33333333333334,147.1,0.533345966642044,9.238623289282847,0.564,0.377
425794,"Wainwright, Adam",2022,-8.704221404939837,2515,-0.0034609230238329372,-0.3460923023832935,436,145.33333333333334,145.1,0.5477195206634303,9.251940925603266,0.573,0.368
642207,"Williams, Devin",2022,-8.695573389967864,742,-0.011719101603730275,-1.1719101603730275,119,39.666666666666664,39.2,0.16159359217982716,8.85716698214769,2.01,1.194
621237,"Alvarado, José",2022,-8.69362224800052,558,-0.015579968186380858,-1.557996818638086,97,32.333333333333336,32.1,0.1215218658171746,8.815144113817693,2.454,1.58
656420,"Feyereisen, J.P.",2022,-8.678770188223234,191,-0.045438587372896515,-4.543858737289652,43,14.333333333333334,14.1,0.04159619421340564,8.72036638243664,5.476,4.566
455119,"Martin, Chris",2022,-8.670241208982109,692,-0.012529250301997268,-1.2529250301997268,128,42.666666666666664,42.2,0.1507045361030194,8.820945745085128,1.861,1.275
622491,"Castillo, Luis",2022,-8.645395552244008,1319,-0.006554507621109937,-0.6554507621109937,224,74.66666666666667,74.2,0.2872532993061887,8.932648851550196,1.077,0.677
625643,"López, Reynaldo",2022,-8.631168698521977,720,-0.011987734303502745,-1.1987734303502746,132,44.0,44.0,0.15680240750603175,8.787971106028008,1.798,1.221
489446,"Yates, Kirby",2023,-8.590897567626776,796,-0.010792584883953236,-1.0792584883953236,131,43.666666666666664,43.2,0.17335377274277955,8.764251340369555,1.806,1.101
592789,"Syndergaard, Noah",2022,-8.590179278857242,1447,-0.005936544076611778,-0.5936544076611776,279,93.0,93.0,0.31512928286281655,8.905308561720059,0.862,0.615
571948,"Milner, Hoby",2023,-8.588388254689233,732,-0.01173277083973939,-1.1732770839739388,134,44.666666666666664,44.2,0.1594157809644656,8.747804035653699,1.763,1.195
605130,"Barlow, Scott",2023,-8.57293131680404,810,-0.010583865823214864,-1.0583865823214862,143,47.666666666666664,47.2,0.1764027084442857,8.749334025248325,1.652,1.08
502085,"Robertson, David",2022,-8.562167688097647,663,-0.01291428007254547,-1.2914280072545468,118,39.333333333333336,39.1,0.1443888835784709,8.706556571676117,1.992,1.313
621242,"Díaz, Edwin",2025,-8.529701111329057,709,-0.012030608055471168,-1.2030608055471168,117,39.0,39.0,0.15440681516913404,8.684107926498191,2.004,1.225
554430,"Wheeler, Zack",2023,-8.517302757414654,2343,-0.0036352124444791528,-0.3635212444479153,418,139.33333333333334,139.1,0.5102611677592116,9.027563925173865,0.583,0.385
607455,"Banda, Anthony",2025,-8.500542301325966,766,-0.011097313709302828,-1.1097313709302827,133,44.333333333333336,44.1,0.1668203390966949,8.667362640422661,1.76,1.132
656529,"Hentges, Sam",2023,-8.491230073362011,506,-0.016781087101505953,-1.6781087101505954,88,29.333333333333332,29.1,0.11019724749729454,8.601427320859306,2.639,1.7
592779,"Stewart, Brock",2023,-8.437176322121806,255,-0.03308696596910512,-3.308696596910512,46,15.333333333333334,15.1,0.055534185991719574,8.492710508113525,4.985,3.33
676617,"O'Brien, Riley",2025,-8.414315598999325,478,-0.01760317070920361,-1.7603170709203604,91,30.333333333333332,30.1,0.10409937609428219,8.518414975093608,2.527,1.782
672282,"Detmers, Reid",2022,-8.406844760990449,1582,-0.005314061163710777,-0.5314061163710777,281,93.66666666666667,93.2,0.3445297342701975,8.751374495260647,0.841,0.553
641941,"Pagán, Emilio",2023,-8.372647264963604,822,-0.01018570226881217,-1.018570226881217,163,54.333333333333336,54.1,0.17901608190271956,8.551663346866324,1.417,1.04
500779,"Quintana, Jose",2024,-8.287035090340158,2475,-0.0033482970061980435,-0.3348297006198043,430,143.33333333333334,143.1,0.5390082758019841,8.826043366142143,0.554,0.357
643511,"Rogers, Tyler",2024,-8.239818661435386,793,-0.010390691880750803,-1.0390691880750804,156,52.0,52.0,0.17270042937817107,8.412519090813557,1.456,1.061
686613,"Brown, Hunter",2022,-8.236099266407521,309,-0.026654042933357675,-2.6654042933357673,59,19.666666666666668,19.2,0.06729436655467196,8.303393632962193,3.8,2.687
695243,"Miller, Mason",2025,-8.235796730358475,659,-0.012497415372319385,-1.2497415372319385,118,39.333333333333336,39.1,0.14351775909232628,8.3793144894508,1.917,1.272
662253,"Muñoz, Andrés",2024,-8.212683404703363,625,-0.01314029344752538,-1.314029344752538,115,38.333333333333336,38.1,0.136113200960097,8.348796605663459,1.96,1.336
642701,"Santana, Dennis",2024,-8.202552255458045,909,-0.009023709851989048,-0.9023709851989048,169,56.333333333333336,56.1,0.19796303947636507,8.40051529493441,1.342,0.924
664208,"Maton, Phil",2025,-8.201749182277997,708,-0.01158439150039265,-1.158439150039265,125,41.666666666666664,41.2,0.15418903404759787,8.355938216325594,1.805,1.18
543056,"Coulombe, Danny",2023,-8.169822489132107,700,-0.011671174984474439,-1.167117498447444,122,40.666666666666664,40.2,0.15244678507530865,8.322269274207416,1.842,1.189
592332,"Gausman, Kevin",2022,-8.159982373789806,1867,-0.004370638657627105,-0.43706386576271034,343,114.33333333333333,114.1,0.4065973539080018,8.566579727697807,0.674,0.459
689147,"Kerkering, Orion",2024,-8.14349779077731,743,-0.010960293123522626,-1.0960293123522622,121,40.333333333333336,40.1,0.1618113733013633,8.305309164078674,1.853,1.118
445276,"Jansen, Kenley",2025,-8.116975227727627,575,-0.014116478656917612,-1.4116478656917613,117,39.0,39.0,0.12522414488328923,8.242199372610916,1.902,1.433
518886,"Kimbrel, Craig",2023,-8.0700560742828,787,-0.010254200856776112,-1.0254200856776112,143,47.666666666666664,47.2,0.17139374264895413,8.241449816931754,1.556,1.047
543056,"Coulombe, Danny",2024,-8.048524238591996,371,-0.0216941354139946,-2.1694135413994595,67,22.333333333333332,22.1,0.08079679608991358,8.12932103468191,3.276,2.191
640448,"Finnegan, Kyle",2024,-8.047129761341258,592,-0.013593124596860235,-1.3593124596860235,101,33.666666666666664,33.2,0.12892642394940387,8.176056185290662,2.186,1.381
641729,"Jiménez, Joe",2024,-8.021709608842427,727,-0.011033988457830024,-1.1033988457830024,131,43.666666666666664,43.2,0.15832687535678483,8.180036484199212,1.686,1.125
628452,"Iglesias, Raisel",2024,-8.018848933125962,542,-0.014794924230859709,-1.479492423085971,120,40.0,40.0,0.11803736787259611,8.136886300998558,1.831,1.501
621345,"Minter, A.J.",2023,-8.009961875692767,857,-0.009346513273853871,-0.9346513273853871,151,50.333333333333336,50.1,0.18663842115648502,8.196600296849251,1.466,0.956
641793,"Littell, Zack",2025,-7.9887207737938715,1997,-0.0040003609282893695,-0.4000360928289369,396,132.0,132.0,0.4349088997077019,8.423629673501573,0.574,0.422
605483,"Snell, Blake",2025,-7.980723944433453,746,-0.010698021373235191,-1.069802137323519,130,43.333333333333336,43.1,0.1624647166659718,8.143188661099424,1.691,1.092
669395,"Coleman, Dylan",2022,-7.934108219239603,874,-0.009077927024301605,-0.9077927024301605,143,47.666666666666664,47.2,0.19034070022259963,8.124448919462202,1.534,0.93
572955,"Johnson, Pierce",2025,-7.92506514302532,667,-0.011881656886094933,-1.1881656886094933,115,38.333333333333336,38.1,0.1452600080646155,8.070325151089936,1.895,1.21
676534,"Faucher, Calvin",2025,-7.863579543130268,658,-0.011950728788951776,-1.1950728788951779,112,37.333333333333336,37.1,0.1432999779707901,8.006879521101059,1.93,1.217
608665,"Graveman, Kendall",2023,-7.828696901808755,798,-0.009810397120061097,-0.9810397120061093,134,44.666666666666664,44.2,0.17378933498585183,8.002486236794606,1.612,1.003
656222,"Beeks, Jalen",2022,-7.827959842616435,642,-0.012193083867003794,-1.2193083867003793,119,39.666666666666664,39.2,0.13981548002621164,7.967775322642646,1.808,1.241
666129,"Garrett, Braxton",2023,-7.814899576258437,1775,-0.00440276032465264,-0.4402760324652639,340,113.33333333333333,113.1,0.38656149072667545,8.201461066985113,0.651,0.462
518397,"Alexander, Scott",2024,-7.7952346538225985,426,-0.01829867289629718,-1.8298672896297177,83,27.666666666666668,27.2,0.09277475777440211,7.888009411597,2.566,1.852
669060,"Wilson, Bryse",2023,-7.783224475036681,877,-0.008874828363781848,-0.8874828363781849,178,59.333333333333336,59.1,0.19099404358720812,7.974218518623889,1.21,0.909
676092,"Snider, Collin",2024,-7.77470170058696,452,-0.017200667479174692,-1.7200667479174692,85,28.333333333333332,28.1,0.09843706693434215,7.8731387675213025,2.501,1.742
650556,"Abreu, Bryan",2022,-7.761545503935873,790,-0.009824741144222625,-0.9824741144222623,135,45.0,45.0,0.1720470860135626,7.933592589949436,1.587,1.004
664192,"Lucchesi, Joey",2025,-7.747814641133767,459,-0.016879770459986423,-1.6879770459986423,86,28.666666666666668,28.2,0.09996153478509523,7.847776175918862,2.464,1.71
673380,"Núñez, Dedniel",2024,-7.73292156101412,362,-0.021361661770757236,-2.136166177075723,68,22.666666666666668,22.2,0.07883676599608819,7.811758327010208,3.102,2.158
571882,"Law, Derek",2023,-7.722759323873362,766,-0.010081931232210656,-1.0081931232210657,125,41.666666666666664,41.2,0.1668203390966949,7.889579662970057,1.704,1.03
608379,"Wacha, Michael",2025,-7.716240189670227,2054,-0.003756689478904687,-0.37566894789046884,381,127.0,127.0,0.44732242363526276,8.16356261330549,0.579,0.397
677651,"Garcia, Luis",2022,-7.701364880408953,1753,-0.004393248648265233,-0.4393248648265231,326,108.66666666666667,108.2,0.38177030605288004,8.083135186461833,0.669,0.461
621381,"Strahm, Matt",2023,-7.685187825952086,1133,-0.006783043094397252,-0.6783043094397252,207,69.0,69.0,0.24674601070046384,7.93193383665255,1.035,0.7
663903,"Singer, Brady",2024,-7.678938179263416,2421,-0.003171804287180263,-0.31718042871802626,425,141.66666666666666,141.2,0.5272480952390317,8.206186274502448,0.521,0.339
668674,"Erceg, Lucas",2024,-7.669341533843668,748,-0.010253130392839128,-1.0253130392839127,141,47.0,47.0,0.1629002789090441,7.832241812752712,1.5,1.047
682990,"Priester, Quinn",2025,-7.668793464468415,1847,-0.004152026780979109,-0.41520267809791067,338,112.66666666666667,112.2,0.40224173147727865,8.071035195945694,0.645,0.437
605397,"Musgrove, Joe",2024,-7.634214600539855,1241,-0.006151663658775065,-0.6151663658775063,223,74.33333333333333,74.1,0.2702663718263686,7.9044809723662235,0.957,0.637
670280,"Bednar, David",2023,-7.631868303093778,788,-0.009685112059763678,-0.9685112059763678,133,44.333333333333336,44.1,0.1716115237704903,7.803479826864269,1.584,0.99
621074,"Rucker, Michael",2022,-7.626116997175948,766,-0.009955766314851107,-0.9955766314851104,133,44.333333333333336,44.1,0.1668203390966949,7.792937336272643,1.582,1.017
676272,"Miller, Bobby",2023,-7.613884083790379,1686,-0.004515945482675195,-0.45159454826751955,306,102.0,102.0,0.36717897090995766,7.9810630547003365,0.704,0.473
605218,"Edwards Jr., Carl",2022,-7.6091237690209885,736,-0.010338483381821995,-1.0338483381821995,133,44.333333333333336,44.1,0.16028690545061022,7.769410674471599,1.577,1.056
677944,"Cecconi, Slade",2025,-7.594991447632268,1514,-0.005016506900681815,-0.5016506900681815,285,95.0,95.0,0.329720618005739,7.9247120656380075,0.751,0.523
592836,"Walker, Taijuan",2022,-7.576126444888249,1700,-0.004456544967581323,-0.4456544967581323,306,102.0,102.0,0.3702279066114638,7.946354351499713,0.701,0.467
663158,"Suarez, Robert",2025,-7.529143536793173,780,-0.00965274812409381,-0.9652748124093811,143,47.666666666666664,47.2,0.16986927479820105,7.699012811591374,1.454,0.987
573204,"Thielbar, Caleb",2025,-7.514898711150523,618,-0.012160030276942594,-1.2160030276942593,126,42.0,42.0,0.1345887331093439,7.649487444259867,1.639,1.238
475479,"Phelps, David",2022,-7.508029081646296,820,-0.00915613302639792,-0.9156133026397919,136,45.333333333333336,45.1,0.17858051965964727,7.686609601305943,1.526,0.937
543243,"Gray, Sonny",2024,-7.504819114156761,2122,-0.003536672532590368,-0.3536672532590367,413,137.66666666666666,137.2,0.46213153989972133,7.9669506540564825,0.521,0.375
671345,"Foley, Jason",2023,-7.484311598687093,825,-0.009071892846893446,-0.9071892846893446,152,50.666666666666664,50.2,0.17966942526732804,7.66398102395442,1.361,0.929
542888,"Armstrong, Shawn",2023,-7.477553001834314,571,-0.013095539407765875,-1.3095539407765875,110,36.666666666666664,36.2,0.12435302039714462,7.601906022231459,1.866,1.331
676760,"Marinaccio, Ron",2022,-7.453086559864679,542,-0.01375108221377247,-1.3751082213772472,94,31.333333333333332,31.1,0.11803736787259611,7.5711239277372755,2.175,1.397
595345,"Okert, Steven",2025,-7.44151590998289,733,-0.010152136302841596,-1.0152136302841595,151,50.333333333333336,50.1,0.15963356208600177,7.601149472068892,1.359,1.037
592094,"Adam, Jason",2024,-7.426109909216331,822,-0.009034196969849551,-0.903419696984955,150,50.0,50.0,0.17901608190271956,7.605125991119051,1.369,0.925
547184,"Kelly, Michael",2025,-7.418728979743728,396,-0.018734164090261938,-1.8734164090261938,70,23.333333333333332,23.1,0.08624132412831746,7.504970303872045,2.895,1.895
502085,"Robertson, David",2023,-7.4075151837908875,773,-0.00958281395057036,-0.9582813950570358,134,44.666666666666664,44.2,0.16834480694744797,7.575859990738335,1.526,0.98
571670,"Floro, Dylan",2022,-7.399779987843609,559,-0.013237531284156724,-1.3237531284156727,105,35.0,35.0,0.12173964693871075,7.52151963478232,1.934,1.346
605397,"Musgrove, Joe",2023,-7.363711483246573,980,-0.007513991309435279,-0.7513991309435276,177,59.0,59.0,0.2134254991054321,7.577136982352005,1.156,0.773
676979,"Crochet, Garrett",2024,-7.339687009276469,1788,-0.004104970363130016,-0.4104970363130016,316,105.33333333333333,105.1,0.38939264530664547,7.729079654583114,0.66,0.432
663423,"Thornton, Trent",2022,-7.3319641957165,522,-0.014045908420912835,-1.4045908420912836,105,35.0,35.0,0.11368174544187301,7.445645941158373,1.915,1.426
445276,"Jansen, Kenley",2024,-7.3251961252880635,386,-0.018977192034425036,-1.8977192034425032,85,28.333333333333332,28.1,0.08406351291295591,7.40925963820102,2.354,1.919
686753,"Jameson, Drey",2022,-7.300603871902589,369,-0.019784834341199427,-1.9784834341199424,70,23.333333333333332,23.1,0.08036123384684127,7.38096510574943,2.847,2.0
656794,"Newcomb, Sean",2025,-7.275056669699162,1156,-0.006293301617386818,-0.629330161738682,201,67.0,67.0,0.2517549764957954,7.5268116461949575,1.011,0.651
641540,"Dunning, Dane",2023,-7.267027424434522,1829,-0.003973224398269285,-0.3973224398269284,340,113.33333333333333,113.1,0.39832167128962787,7.6653490957241495,0.609,0.419
669622,"Bender, Anthony",2025,-7.201025488633172,493,-0.014606542573292438,-1.4606542573292436,95,31.666666666666668,31.2,0.10736609291732452,7.308391581550496,2.077,1.482
666974,"Cano, Yennier",2024,-7.1985275078327025,864,-0.008331629059991554,-0.8331629059991553,147,49.0,49.0,0.1881628890072381,7.38669039683994,1.357,0.855
640451,"Harvey, Hunter",2022,-7.17961993896305,552,-0.013006557860440308,-1.3006557860440309,96,32.0,32.0,0.12021517908795767,7.299835118051008,2.053,1.322
600917,"Leclerc, José",2022,-7.161099635570047,681,-0.010515564809941333,-1.0515564809941331,125,41.666666666666664,41.2,0.1483089437661217,7.309408579336169,1.579,1.073
623167,"Flexen, Chris",2022,-7.150694486844375,1588,-0.004502956225972529,-0.45029562259725275,295,98.33333333333333,98.1,0.3458364209994145,7.496530907843789,0.686,0.472
592767,"Smyly, Drew",2022,-7.136433215476437,1639,-0.0043541386305530425,-0.43541386305530405,283,94.33333333333333,94.1,0.35694325819775835,7.4933764736741955,0.715,0.457
600917,"Leclerc, José",2023,-7.102112905776987,733,-0.00968910355494814,-0.9689103554948137,126,42.0,42.0,0.15963356208600177,7.261746467862989,1.556,0.991
663546,"Hjelle, Sean",2024,-7.073120372771125,811,-0.00872148011439103,-0.872148011439103,159,53.0,53.0,0.17662048956582185,7.249740862336947,1.231,0.894
680885,"Schwellenbach, Spencer",2025,-7.062517882889079,1117,-0.006322755490500518,-0.6322755490500517,235,78.33333333333333,78.1,0.24326151275588537,7.305779395644964,0.839,0.654
607625,"Lugo, Seth",2023,-7.05710290763175,1437,-0.0049109971521445715,-0.49109971521445733,249,83.0,83.0,0.312951471647455,7.370054379279205,0.799,0.513
656945,"Scott, Tanner",2025,-7.045052111912076,517,-0.013626793253214848,-1.3626793253214844,100,33.333333333333336,33.1,0.11259283983419224,7.157644951746269,1.933,1.384
676395,"Garcia, Robert",2025,-7.035139271738743,618,-0.011383720504431623,-1.138372050443162,120,40.0,40.0,0.1345887331093439,7.1697280048480865,1.613,1.16
605488,"Springs, Jeffrey",2023,-7.001580807822071,211,-0.033182847430436355,-3.3182847430436353,46,15.333333333333334,15.1,0.04595181664412875,7.0475326244662,4.137,3.34
593974,"Peralta, Wandy",2022,-6.976974812371817,598,-0.011667181960487988,-1.166718196048799,112,37.333333333333336,37.1,0.1302331106786208,7.107207923050438,1.713,1.188
623149,"Sewald, Paul",2022,-6.971598356914796,643,-0.010842299155388485,-1.0842299155388484,127,42.333333333333336,42.1,0.14003326114774778,7.111631618062543,1.512,1.106
493603,"Ottavino, Adam",2023,-6.94784079432578,768,-0.009046667700945026,-0.9046667700945027,129,43.0,43.0,0.1672559013397672,7.115096695665547,1.489,0.926
664875,"Lawrence, Justin",2023,-6.940085633085312,734,-0.009455157538263368,-0.9455157538263368,138,46.0,46.0,0.1598513432075379,7.09993697629285,1.389,0.967
655889,"Rodríguez, Manuel",2025,-6.936242689177028,336,-0.02064357943207449,-2.064357943207449,71,23.666666666666668,23.2,0.07317445683614815,7.009417146013177,2.666,2.086
640451,"Harvey, Hunter",2024,-6.934962080397025,538,-0.012890264089957295,-1.2890264089957295,90,30.0,30.0,0.1171662433864515,7.052128323783476,2.116,1.311
607192,"Glasnow, Tyler",2025,-6.934118557130041,1271,-0.005455640092155815,-0.5455640092155813,222,74.0,74.0,0.27679980547245325,7.210918362602495,0.877,0.567
663158,"Suarez, Robert",2022,-6.925782787954197,537,-0.012897174651683793,-1.2897174651683792,94,31.333333333333332,31.1,0.11694846226491534,7.042731250219112,2.023,1.311
678495,"Rodríguez, Randy",2025,-6.9227473768154315,546,-0.012679024499661962,-1.2679024499661962,99,33.0,33.0,0.11890849235874074,7.041655869174172,1.92,1.29
621244,"Berríos, José",2023,-6.904943463419275,2059,-0.003353542235754869,-0.33535422357548683,377,125.66666666666667,125.2,0.4484113292429436,7.353354792662218,0.527,0.357
608638,"Chargois, JT",2024,-6.904894247260229,412,-0.016759452056456865,-1.675945205645686,84,28.0,28.0,0.08972582207289594,6.994620069333124,2.248,1.698
669923,"Kirby, George",2022,-6.900607652373292,1630,-0.004233501627222878,-0.42335016272228776,298,99.33333333333333,99.1,0.35498322810393296,7.255590880477225,0.657,0.445
674370,"Bido, Osvaldo",2024,-6.863748703736067,856,-0.008018398018383256,-0.8018398018383256,147,49.0,49.0,0.18642064003494885,7.050169343771016,1.295,0.824
664285,"Valdez, Framber",2023,-6.8296512944529395,2330,-0.002931180813069931,-0.293118081306993,448,149.33333333333334,149.1,0.5074300131792416,7.3370813076321815,0.442,0.315
656730,"Megill, Trevor",2024,-6.828309706881417,405,-0.01686002396760844,-1.6860023967608433,81,27.0,27.0,0.08820135422214286,6.91651106110356,2.306,1.708
690829,"Joyce, Ben",2024,-6.824441566398391,405,-0.016850473003452816,-1.6850473003452815,73,24.333333333333332,24.1,0.08820135422214286,6.9126429206205335,2.557,1.707
664126,"Fairbanks, Pete",2025,-6.807652034945781,606,-0.011233749232583797,-1.1233749232583798,105,35.0,35.0,0.13197535965091006,6.939627394596691,1.784,1.145
621381,"Strahm, Matt",2024,-6.796496785796431,656,-0.010360513392982364,-1.0360513392982365,122,40.666666666666664,40.2,0.1428644157277178,6.939361201524148,1.536,1.058
476595,"Luetge, Lucas",2022,-6.78030116832804,746,-0.009088875560761447,-0.9088875560761447,129,43.0,43.0,0.1624647166659718,6.942765884994012,1.453,0.931
605288,"Houser, Adrian",2023,-6.772220325678433,1510,-0.00448491412296585,-0.4484914122965849,267,89.0,89.0,0.32884949351959436,7.101069819198027,0.718,0.47
664192,"Lucchesi, Joey",2023,-6.771449252930555,655,-0.010338090462489397,-1.0338090462489395,125,41.666666666666664,41.2,0.14264663460618165,6.914095887536737,1.493,1.056
456713,"Bush, Matt",2022,-6.7507287786691546,596,-0.011326726138706635,-1.1326726138706638,118,39.333333333333336,39.1,0.1297975484355485,6.880526327104703,1.574,1.154
621051,"Wilson, Steven",2025,-6.749350553734691,752,-0.008975200204434429,-0.8975200204434428,125,41.666666666666664,41.2,0.1637714033951887,6.91312195712988,1.493,0.919
686752,"Pepiot, Ryan",2024,-6.719857954308838,1925,-0.0034908353009396563,-0.3490835300939657,340,113.33333333333333,113.1,0.41922865895709877,7.139086613265937,0.567,0.371
500779,"Quintana, Jose",2022,-6.701784576717227,1901,-0.0035253995669212133,-0.35253995669212124,324,108.0,108.0,0.414001912040231,7.115786488757458,0.593,0.374
641585,"France, J.P.",2023,-6.695943274761775,1816,-0.003687193433238863,-0.36871934332388606,325,108.33333333333333,108.1,0.39549051670965785,7.091433791471433,0.589,0.39
621237,"Alvarado, José",2024,-6.682447843599163,705,-0.009478649423544911,-0.9478649423544909,116,38.666666666666664,38.2,0.15353569068298942,6.835983534282152,1.591,0.97
676755,"Mattson, Isaac",2025,-6.681642315862426,488,-0.013691889991521366,-1.3691889991521362,87,29.0,29.0,0.10627718730964374,6.78791950317207,2.107,1.391
521230,"Hendriks, Liam",2022,-6.605923452708525,706,-0.009356832085989412,-0.9356832085989413,125,41.666666666666664,41.2,0.15375347180452556,6.75967692451305,1.46,0.957
592866,"Williams, Trevor",2022,-6.60125441332962,1154,-0.005720324448292565,-0.5720324448292565,214,71.33333333333333,71.1,0.2513194142527231,6.852573827582344,0.865,0.594
571927,"Matz, Steven",2025,-6.56644813107502,939,-0.006993022503807262,-0.6993022503807261,183,61.0,61.0,0.20449647312244973,6.770944604197469,0.999,0.721
571510,"Boyd, Matthew",2024,-6.5546061685079895,520,-0.012605011862515364,-1.2605011862515365,94,31.333333333333332,31.1,0.1132461831988007,6.66785235170679,1.915,1.282
608331,"Fried, Max",2024,-6.537756980223422,2153,-0.003036580111576137,-0.3036580111576137,396,132.0,132.0,0.46888275466734214,7.006639734890764,0.478,0.325
657006,"Steele, Justin",2024,-6.507524901198964,1781,-0.0036538601354289524,-0.3653860135428952,344,114.66666666666667,114.2,0.3878681774558924,6.895393078654857,0.541,0.387
700241,"McGreevy, Michael",2024,-6.502272411244228,311,-0.020907628331975008,-2.0907628331975006,66,22.0,22.0,0.06772992879774427,6.570002340041972,2.688,2.113
669194,"Nelson, Ryne",2022,-6.501284406355433,168,-0.038698121466401385,-3.8698121466401383,39,13.0,13.0,0.036587228418074075,6.537871634773507,4.526,3.892
641778,"Lauer, Eric",2022,-6.494719445398811,2098,-0.0030956718042892332,-0.30956718042892317,365,121.66666666666667,121.2,0.4569047929828536,6.951624238381664,0.514,0.331
621383,"Banks, Tanner",2025,-6.484697324454682,833,-0.007784750689621468,-0.7784750689621468,150,50.0,50.0,0.1814116742396173,6.6661089986943,1.2,0.8
663558,"Moran, Jovani",2022,-6.484055650129362,513,-0.012639484698107918,-1.263948469810792,93,31.0,31.0,0.11172171534804762,6.595777365477409,1.915,1.286
668964,"Myers, Tobias",2024,-6.475352264325632,1583,-0.004090557336908169,-0.4090557336908167,297,99.0,99.0,0.3447475153917337,6.820099779717365,0.62,0.431
527054,"Teheran, Julio",2023,-6.446526754923744,721,-0.008941091199616844,-0.8941091199616844,136,45.333333333333336,45.1,0.1570201886275679,6.603546943551312,1.311,0.916
502202,"Boxberger, Brad",2022,-6.437257206639917,807,-0.007976774729417494,-0.7976774729417493,144,48.0,48.0,0.17574936507967726,6.613006571719595,1.24,0.819
596112,"Stephenson, Robert",2023,-6.431448634977343,568,-0.011322972948903774,-1.1322972948903771,112,37.333333333333336,37.1,0.12369967703253615,6.555148312009879,1.58,1.154
667427,"Jackson, Zach",2022,-6.407227723888943,690,-0.00928583728099847,-0.9285837280998469,113,37.666666666666664,37.2,0.15026897385994709,6.55749669774889,1.567,0.95
693821,"Elder, Bryce",2022,-6.395736972543882,615,-0.010399572313079484,-1.0399572313079481,108,36.0,36.0,0.13393538974473546,6.5296723622886175,1.632,1.062
623433,"Anderson, Nick",2023,-6.380801204657578,471,-0.013547348629846238,-1.3547348629846239,91,30.333333333333332,30.1,0.10257490824352909,6.483376112901107,1.924,1.377
607192,"Glasnow, Tyler",2023,-6.338916778455683,1516,-0.004181343521408762,-0.41813435214087624,281,93.66666666666667,93.2,0.33015618024881127,6.669072958704494,0.641,0.44
682847,"Ortiz, Luis L.",2025,-6.334306063035913,1321,-0.004795084074970411,-0.47950840749704116,230,76.66666666666667,76.2,0.28768886154926104,6.621994924585175,0.777,0.501
519293,"Smith, Will",2023,-6.325381950016454,657,-0.009627674200938286,-0.9627674200938288,125,41.666666666666664,41.2,0.14308219684925397,6.468464146865708,1.397,0.985
640451,"Harvey, Hunter",2023,-6.316451032537754,609,-0.010371840775924061,-1.0371840775924064,112,37.333333333333336,37.1,0.13262870301551852,6.449079735553272,1.555,1.059
669093,"Estrada, Jeremiah",2024,-6.308808794033577,805,-0.007837029557805686,-0.7837029557805684,149,49.666666666666664,49.2,0.17531380283660494,6.484122596870182,1.175,0.805
656546,"Hoffman, Jeff",2023,-6.291458171511016,715,-0.008799242197917504,-0.8799242197917507,127,42.333333333333336,42.1,0.15571350189835095,6.4471716734093665,1.371,0.902
657376,"Schmidt, Clarke",2025,-6.288260974178569,941,-0.006682530259488384,-0.6682530259488383,178,59.333333333333336,59.1,0.20493203536552204,6.4931930095440915,0.985,0.69
656257,"Brigham, Jeff",2022,-6.281225329138021,345,-0.01820645022938557,-1.820645022938557,58,19.333333333333332,19.1,0.07513448692997354,6.356359816067995,2.959,1.842
700363,"Smith-Shawver, AJ",2025,-6.279161074585888,455,-0.013800354010078874,-1.3800354010078872,91,30.333333333333332,30.1,0.09909041029895062,6.378251484884839,1.892,1.402
661403,"Clase, Emmanuel",2025,-6.264578474324126,458,-0.013678118939572327,-1.3678118939572326,85,28.333333333333332,28.1,0.09974375366355909,6.364322227987685,2.022,1.39
573124,"Rogers, Taylor",2024,-6.25802826809536,753,-0.008310794512742841,-0.8310794512742841,121,40.333333333333336,40.1,0.16398918451672487,6.422017452612084,1.433,0.853
605540,"Woodruff, Brandon",2025,-6.256401876231733,879,-0.007117635809137352,-0.7117635809137351,176,58.666666666666664,58.2,0.19142960583028043,6.447831482062013,0.989,0.734
542888,"Armstrong, Shawn",2025,-6.247043528427821,731,-0.00854588717979182,-0.8545887179791825,138,46.0,46.0,0.15919799984292946,6.40624152827075,1.253,0.876
691587,"Pérez, Eury",2023,-6.241771089634314,1270,-0.00491478038553883,-0.49147803855388306,218,72.66666666666667,72.2,0.2765820243509171,6.518353113985231,0.807,0.513
663992,"Lovelady, Richard",2024,-6.238831144991932,394,-0.015834596814700334,-1.583459681470033,77,25.666666666666668,25.2,0.08580576188524515,6.324636906877177,2.218,1.605
606131,"Perdomo, Luis",2022,-6.238611055747892,216,-0.028882458591425426,-2.888245859142542,53,17.666666666666668,17.2,0.047040722251809525,6.285651777999702,3.202,2.91
680570,"Rodriguez, Grayson",2024,-6.2166404452181485,1504,-0.004133404551341854,-0.41334045513418544,273,91.0,91.0,0.3275428067903774,6.544183252008526,0.647,0.435
608371,"Sims, Lucas",2023,-6.213614358757111,742,-0.008374143340643007,-0.8374143340643008,119,39.666666666666664,39.2,0.16159359217982716,6.375207950936938,1.446,0.859
579328,"Kikuchi, Yusei",2024,-6.21318638500112,2563,-0.0024241850897390245,-0.24241850897390232,456,152.0,152.0,0.5581730144971657,6.7713593994982855,0.401,0.264
669724,"Hanifee, Brenan",2024,-6.2126641175794095,420,-0.014792057422808117,-1.4792057422808118,78,26.0,26.0,0.09146807104518519,6.304132188624595,2.182,1.501
676714,"Hughes, Brandon",2022,-6.205165430472062,654,-0.009488020535890002,-0.948802053589,117,39.0,39.0,0.1424288534846455,6.347594283956707,1.465,0.971
608723,"Voth, Austin",2024,-6.189078957686188,717,-0.008631909285475855,-0.8631909285475855,132,44.0,44.0,0.15614906414142327,6.345228021827611,1.298,0.885
643377,"Jax, Griffin",2025,-6.1844493188480465,773,-0.008000581266297602,-0.8000581266297604,134,44.666666666666664,44.2,0.16834480694744797,6.352794125795494,1.28,0.822
573124,"Rogers, Taylor",2023,-6.148701357936264,654,-0.009401684033541687,-0.9401684033541685,118,39.333333333333336,39.1,0.1424288534846455,6.291130211420909,1.439,0.962
621111,"Buehler, Walker",2022,-6.1385656847783485,894,-0.006866404569103298,-0.6866404569103297,161,53.666666666666664,53.2,0.19469632265332273,6.333262007431672,1.062,0.708
669713,"Wesneski, Hayden",2022,-6.123330229119789,409,-0.01497146755286012,-1.4971467552860118,81,27.0,27.0,0.08907247870828748,6.212402707828076,2.071,1.519
642397,"Soto, Gregory",2022,-6.1206910287225345,846,-0.007234859372012452,-0.7234859372012452,132,44.0,44.0,0.18424282881958728,6.304933857542122,1.29,0.745
680686,"Gray, Josiah",2023,-6.119006657813559,2505,-0.0024427172286680876,-0.2442717228668088,413,137.66666666666666,137.2,0.5455417094480688,6.664548367261627,0.436,0.266
660271,"Ohtani, Shohei",2025,-6.11271685337403,523,-0.011687795130734284,-1.1687795130734282,96,32.0,32.0,0.11389952656340917,6.226616379937439,1.751,1.191
669062,"Miller, Erik",2025,-6.112314088273199,244,-0.02505046757489016,-2.5050467574890156,42,14.0,14.0,0.05313859365482187,6.165452681928021,3.964,2.527
605513,"Turnbull, Spencer",2024,-6.111437137688897,696,-0.008780800485185198,-0.8780800485185196,119,39.666666666666664,39.2,0.15157566058916402,6.263012798278061,1.421,0.9
688158,"Morgan, David",2025,-6.110904609598249,553,-0.011050460415186706,-1.1050460415186707,97,32.333333333333336,32.1,0.12043296020949383,6.231337569807743,1.734,1.127
572193,"Tepera, Ryan",2022,-6.108743109508685,559,-0.010927984095722156,-1.0927984095722154,110,36.666666666666664,36.2,0.12173964693871075,6.230482756447396,1.529,1.115
668674,"Erceg, Lucas",2025,-6.0961479167008275,696,-0.008758833213650613,-0.8758833213650613,122,40.666666666666664,40.2,0.15157566058916402,6.2477235772899915,1.383,0.898
606149,"Gallegos, Giovanny",2022,-6.07849700309648,671,-0.009058862895821878,-0.9058862895821878,120,40.0,40.0,0.14613113255076013,6.22462813564724,1.401,0.928
666808,"Doval, Camilo",2023,-6.077627871194419,787,-0.007722525884618068,-0.7722525884618068,136,45.333333333333336,45.1,0.17139374264895413,6.249021613843373,1.241,0.794
674072,"Henry, Tommy",2023,-6.07335015207171,1060,-0.0057295756151619906,-0.5729575615161989,204,68.0,68.0,0.2308479888283245,6.304198140900035,0.834,0.595
445926,"Chavez, Jesse",2023,-6.03193997315461,457,-0.01319899337670593,-1.3198993376705928,79,26.333333333333332,26.1,0.09952597254202293,6.1314659456966325,2.096,1.342
681517,"Leahy, Kyle",2025,-6.026923430441956,948,-0.006357514167132865,-0.6357514167132866,177,59.0,59.0,0.20645650321627512,6.233379933658231,0.951,0.658
641154,"López, Pablo",2022,-6.017862226622361,1994,-0.003017985068516731,-0.3017985068516731,359,119.66666666666667,119.2,0.4342555563430935,6.452117782965455,0.485,0.324
687330,"Kelly, Kevin",2023,-6.009271545242927,815,-0.007373339319316475,-0.7373339319316476,153,51.0,51.0,0.17749161405196648,6.186763159294894,1.092,0.759
607644,"Means, John",2024,-6.001580807822071,231,-0.025980869297931045,-2.5980869297931046,47,15.666666666666666,15.2,0.05030743907485185,6.051888246896923,3.477,2.62
642207,"Williams, Devin",2024,-6.001383206844312,238,-0.02521589582707694,-2.521589582707694,42,14.0,14.0,0.05183190692560494,6.053215113769917,3.891,2.543
669456,"Bieber, Shane",2024,-6.001185605866553,166,-0.03615172051726839,-3.615172051726839,33,11.0,11.0,0.03615166617500176,6.037337272041555,4.94,3.637
681916,"Smith, Dylan",2025,-5.982987021266856,165,-0.03626052740161731,-3.626052740161731,34,11.333333333333334,11.1,0.035933885053465606,6.0189209063203215,4.78,3.648
808967,"Yamamoto, Yoshinobu",2024,-5.981909550300006,944,-0.006336768591419498,-0.6336768591419497,167,55.666666666666664,55.2,0.2055853787301305,6.187494929030137,1.0,0.655
519151,"Pressly, Ryan",2024,-5.974174242421624,685,-0.0087214222517104,-0.8721422251710399,119,39.666666666666664,39.2,0.14918006825226632,6.12335431067389,1.389,0.894
656557,"Houck, Tanner",2022,-5.964262091264723,789,-0.007559267542794325,-0.7559267542794327,143,47.666666666666664,47.2,0.17182930489202644,6.136091396156749,1.159,0.778
657514,"Bernardino, Brennan",2023,-5.95506443942756,677,-0.008796254711118995,-0.8796254711118995,114,38.0,38.0,0.14743781927997707,6.1025022587075375,1.445,0.901
573186,"Stroman, Marcus",2022,-5.951367978878838,1545,-0.0038520181093066913,-0.38520181093066896,282,94.0,94.0,0.3364718327733598,6.287839811652198,0.602,0.407
676440,"Bibee, Tanner",2025,-5.944110620056407,2381,-0.002496476530893073,-0.2496476530893073,435,145.0,145.0,0.5185368503775856,6.462647470433993,0.401,0.271
656756,"Montgomery, Jordan",2022,-5.901196668949821,1882,-0.003135598655127429,-0.31355986551274295,364,121.33333333333333,121.1,0.4098640707310441,6.311060739680865,0.468,0.335
543351,"Jackson, Jay",2023,-5.896711998071172,293,-0.020125296921744616,-2.012529692174461,58,19.333333333333332,19.1,0.06380986861009347,5.960521866681265,2.775,2.034
681982,"Anderson, Grant",2025,-5.869638758094149,869,-0.006754474980545626,-0.6754474980545626,152,50.666666666666664,50.2,0.18925179461491887,6.058890552709069,1.076,0.697
656222,"Beeks, Jalen",2025,-5.854037438604245,559,-0.010472338888379687,-1.0472338888379686,107,35.666666666666664,35.2,0.12173964693871075,5.975777085542956,1.508,1.069
676130,"Buttó, José",2023,-5.826586020258186,648,-0.008991645092991028,-0.8991645092991026,108,36.0,36.0,0.14112216675542857,5.967708187013614,1.492,0.921
681870,"Sabrowski, Erik",2024,-5.8202265591132605,148,-0.039325855129143654,-3.932585512914365,28,9.333333333333334,9.1,0.03223160598735097,5.852458165100612,5.643,3.954
527048,"Pérez, Martín",2025,-5.8109706713053875,902,-0.006442317817411738,-0.6442317817411738,162,54.0,54.0,0.19643857162561199,6.007409242931,1.001,0.666
519008,"McFarland, T.J.",2024,-5.809176265703799,671,-0.00865749070894754,-0.8657490708947542,125,41.666666666666664,41.2,0.14613113255076013,5.9553073982545595,1.286,0.888
641627,"Gott, Trevor",2022,-5.803814158098137,531,-0.010929970165909863,-1.0929970165909864,97,32.333333333333336,32.1,0.1156417755356984,5.919455933633835,1.648,1.115
500779,"Quintana, Jose",2023,-5.799858857979454,1040,-0.0055767873634417825,-0.5576787363441782,187,62.333333333333336,62.1,0.2264923663976014,6.026351224377056,0.87,0.579
519043,"Moore, Matt",2022,-5.798543752892721,784,-0.007396101725628471,-0.7396101725628468,136,45.333333333333336,45.1,0.17074039928434567,5.9692841521770665,1.185,0.761
664126,"Fairbanks, Pete",2023,-5.798195871899511,434,-0.013359898322349103,-1.3359898322349104,77,25.666666666666668,25.2,0.09451700674669136,5.8927128786462015,2.066,1.358
669330,"Wells, Tyler",2023,-5.795002921750943,1522,-0.0038074920642253243,-0.38074920642253235,280,93.33333333333333,93.1,0.33146286697802824,6.1264657887289715,0.591,0.403
592791,"Taillon, Jameson",2025,-5.794789581315038,1624,-0.003568220185538816,-0.35682201855388157,311,103.66666666666667,103.2,0.35367654137471605,6.1484661226897535,0.534,0.379
669330,"Wells, Tyler",2022,-5.7896491043333755,1073,-0.005395758717924861,-0.539575871792486,212,70.66666666666667,70.2,0.23367914340829452,6.02332824774167,0.767,0.561
657571,"Ferguson, Caleb",2022,-5.787725977143973,469,-0.012340567115445572,-1.234056711544557,79,26.333333333333332,26.1,0.1021393460004568,5.88986532314443,2.013,1.256
666200,"Luzardo, Jesús",2022,-5.774107461779391,1078,-0.005356314899609824,-0.5356314899609825,188,62.666666666666664,62.2,0.2347680490159753,6.008875510795366,0.863,0.557
641927,"Ober, Bailey",2022,-5.761062591945278,854,-0.006745974932020231,-0.674597493202023,164,54.666666666666664,54.2,0.18598507779187654,5.947047669737154,0.979,0.696
628452,"Iglesias, Raisel",2023,-5.759679385100965,649,-0.008874698590294244,-0.8874698590294244,122,40.666666666666664,40.2,0.14133994787696472,5.9010193329779295,1.306,0.909
676684,"Vest, Will",2023,-5.7524222575220065,545,-0.010554903224811021,-1.055490322481102,105,35.0,35.0,0.11869071123720458,5.871112968759211,1.51,1.077
622772,"Cordero, Jimmy",2023,-5.731052882250582,334,-0.017158840964822102,-1.71588409648221,67,22.333333333333332,22.1,0.07273889459307584,5.803791776843658,2.339,1.738
622554,"Domínguez, Seranthony",2022,-5.7163680731200115,619,-0.009234843413764154,-0.9234843413764157,107,35.666666666666664,35.2,0.13480651423088008,5.851174587350892,1.476,0.945
596001,"Junis, Jakob",2022,-5.7105456309894835,1276,-0.0044753492405873695,-0.44753492405873685,226,75.33333333333333,75.1,0.277888711080134,5.988434342069618,0.715,0.469
681870,"Sabrowski, Erik",2025,-5.695774534449121,261,-0.02182289093658667,-2.1822890936586665,48,16.0,16.0,0.056840872720936506,5.752615407170057,3.236,2.204
660896,"Alcala, Jorge",2024,-5.69389405418165,580,-0.009817058714106293,-0.9817058714106289,104,34.666666666666664,34.2,0.12631305049097002,5.82020710467262,1.511,1.003
571882,"Law, Derek",2024,-5.69384117368787,832,-0.006843559102990228,-0.6843559102990228,163,54.333333333333336,54.1,0.18119389311808112,5.8750350668059514,0.973,0.706
682171,"Murfee, Penn",2023,-5.68915982714607,171,-0.03326994050962614,-3.3269940509626137,35,11.666666666666666,11.2,0.03724057178268254,5.726400398928752,4.418,3.349
663738,"Lynch IV, Daniel",2025,-5.676086762549459,739,-0.007680766931731338,-0.7680766931731337,126,42.0,42.0,0.16094024881521868,5.837027011364677,1.251,0.79
624133,"Suárez, Ranger",2022,-5.658875786303875,2047,-0.0027644727827571447,-0.27644727827571436,367,122.33333333333333,122.1,0.4457979557845097,6.104673742088385,0.449,0.298
621237,"Alvarado, José",2023,-5.6546292877904785,531,-0.010649019374370017,-1.0649019374370015,89,29.666666666666668,29.2,0.1156417755356984,5.7702710633261765,1.751,1.087
681799,"Roberts, Ethan",2024,-5.650404672400927,362,-0.015608852686190406,-1.5608852686190406,61,20.333333333333332,20.1,0.07883676599608819,5.729241438397015,2.536,1.583
622491,"Castillo, Luis",2023,-5.638904711571629,2308,-0.0024431996150656972,-0.2443199615065696,408,136.0,136.0,0.5026388285054462,6.141543540077075,0.406,0.266
668941,"Romero, JoJo",2023,-5.61249519268862,404,-0.013892314833387672,-1.3892314833387673,80,26.666666666666668,26.2,0.0879835731006067,5.700478765789226,1.924,1.411
641793,"Littell, Zack",2023,-5.604412949580834,1061,-0.005282198821471098,-0.5282198821471097,213,71.0,71.0,0.23106576994986067,5.835478719530695,0.74,0.55
663158,"Suarez, Robert",2024,-5.603413476826796,656,-0.008541788836626213,-0.8541788836626214,122,40.666666666666664,40.2,0.1428644157277178,5.746277892554513,1.272,0.876
669212,"Morgan, Eli",2023,-5.60104093988733,789,-0.007098911203912966,-0.7098911203912965,136,45.333333333333336,45.1,0.17182930489202644,5.772870244779356,1.146,0.732
663460,"Bubic, Kris",2025,-5.581127717742496,1238,-0.004508180709000401,-0.45081807090003995,221,73.66666666666667,73.2,0.26961302846176016,5.850740746204256,0.715,0.473
605154,"Brebbia, John",2022,-5.576458019938904,867,-0.006431900830379359,-0.6431900830379358,161,53.666666666666664,53.2,0.18881623237184655,5.765274252310751,0.967,0.665
605177,"Chafin, Andrew",2025,-5.551377038508743,529,-0.010494096481112936,-1.0494096481112936,83,27.666666666666668,27.2,0.1152062132926261,5.666583251801369,1.843,1.071
664126,"Fairbanks, Pete",2024,-5.546036346330507,485,-0.011435126487279396,-1.1435126487279395,93,31.0,31.0,0.10562384394503527,5.651660190275543,1.641,1.165
488984,"Hunter, Tommy",2022,-5.533428656845393,247,-0.022402545169414548,-2.2402545169414547,52,17.333333333333332,17.1,0.05379193701943034,5.587220593864823,2.901,2.262
458677,"Wilson, Justin",2025,-5.5317658368765255,524,-0.01055680503220711,-1.0556805032207108,95,31.666666666666668,31.2,0.11411730768494532,5.645883144561471,1.605,1.077
670955,"Uceta, Edwin",2025,-5.530592785925288,845,-0.0065450802200299266,-0.6545080220029926,158,52.666666666666664,52.2,0.18402504769805114,5.714617833623339,0.977,0.676
686993,"Sterner, Justin",2025,-5.506684967051608,730,-0.007543404064454257,-0.7543404064454257,130,43.333333333333336,43.1,0.15898021872139328,5.665665185773001,1.177,0.776
682171,"Murfee, Penn",2022,-5.506294688050643,702,-0.007843724626852767,-0.7843724626852766,150,50.0,50.0,0.15288234731838096,5.659177035369024,1.019,0.806
680732,"Burke, Sean",2024,-5.501877209288709,309,-0.017805427861775757,-1.7805427861775758,57,19.0,19.0,0.06729436655467196,5.569171575843382,2.638,1.802
677952,"Ashcraft, Braxton",2025,-5.500993882391441,775,-0.007098056622440569,-0.7098056622440567,140,46.666666666666664,46.2,0.16878036919052028,5.669774251581961,1.093,0.732
600917,"Leclerc, José",2024,-5.499632437710523,918,-0.005990885008399263,-0.5990885008399262,157,52.333333333333336,52.1,0.19992306957019046,5.699555507280714,0.98,0.621
641154,"López, Pablo",2023,-5.499214474206181,2056,-0.002674715211189777,-0.26747152111897765,370,123.33333333333333,123.1,0.4477579858783351,5.946972460084516,0.434,0.289
607259,"Martinez, Nick",2024,-5.491497947991681,1512,-0.003631943087296085,-0.3631943087296083,291,97.0,97.0,0.32928505576266665,5.8207830037543475,0.54,0.385
674944,"Guenther, Sean",2024,-5.480127056473933,177,-0.03096116981058719,-3.0961169810587186,43,14.333333333333334,14.1,0.03854725851189947,5.518674314985832,3.465,3.118
669060,"Wilson, Bryse",2024,-5.478266230161234,1123,-0.004878242413322559,-0.4878242413322558,213,71.0,71.0,0.24456819948510228,5.722834429646336,0.725,0.51
642121,"Sulser, Cole",2025,-5.462536355473703,287,-0.019033227719420568,-1.903322771942057,49,16.333333333333332,16.1,0.06250318188087654,5.525039537354579,3.044,1.925
657746,"Ryan, Joe",2025,-5.459938426243034,1993,-0.002739557664948838,-0.27395576649488385,354,118.0,118.0,0.4340377752215573,5.893976201464591,0.45,0.296
669467,"Pallante, Andre",2022,-5.454430769976906,1305,-0.0041796404367639125,-0.41796404367639123,224,74.66666666666667,74.2,0.28420436360468254,5.738635133581588,0.692,0.44
650671,"Quijada, José",2022,-5.4505750104003035,475,-0.01147489475873748,-1.147489475873748,79,26.333333333333332,26.1,0.10344603272967372,5.5540210431299775,1.898,1.169
570632,"Ureña, José",2024,-5.438859778548079,1233,-0.0044110784903066335,-0.44110784903066325,226,75.33333333333333,75.1,0.26852412285407934,5.707383901402158,0.682,0.463
686753,"Jameson, Drey",2023,-5.43744496479658,619,-0.00878424065395247,-0.8784240653952471,105,35.0,35.0,0.13480651423088008,5.57225147902746,1.433,0.9
519151,"Pressly, Ryan",2022,-5.433207416328593,472,-0.011511032661713121,-1.151103266171312,89,29.666666666666668,29.2,0.10279268936506525,5.536000105693659,1.679,1.173
657746,"Ryan, Joe",2022,-5.429463808470432,1749,-0.003104324647495959,-0.31043246474959585,313,104.33333333333333,104.1,0.38089918156673547,5.810362990037167,0.501,0.332
518397,"Alexander, Scott",2022,-5.4120776527445855,166,-0.032602877426172204,-3.2602877426172205,37,12.333333333333334,12.1,0.03615166617500176,5.448229318919587,3.976,3.282
622250,"Sborz, Josh",2024,-5.385811296577687,195,-0.027619545110654807,-2.761954511065481,36,12.0,12.0,0.04246731869955026,5.428278615277238,4.071,2.784
657097,"Webb, Jacob",2024,-5.374590279804081,787,-0.006829212553753597,-0.6829212553753594,139,46.333333333333336,46.1,0.17139374264895413,5.545984022453035,1.077,0.705
624647,"González, Victor",2023,-5.346732491932885,388,-0.013780238381270321,-1.378023838127032,75,25.0,25.0,0.08449907515602821,5.431231567088913,1.955,1.4
595014,"Treinen, Blake",2024,-5.329880202461109,448,-0.01189705402335069,-1.189705402335069,85,28.333333333333332,28.1,0.09756594244819752,5.4274461449093065,1.724,1.211
621051,"Wilson, Steven",2023,-5.317170219733871,789,-0.006739125753781839,-0.6739125753781837,131,43.666666666666664,43.2,0.17182930489202644,5.488999524625897,1.131,0.696
547973,"Chapman, Aroldis",2023,-5.313589816124744,766,-0.0069368013265336086,-0.6936801326533608,135,45.0,45.0,0.1668203390966949,5.480410155221439,1.096,0.715
571578,"Corbin, Patrick",2025,-5.312145962719984,1876,-0.002831634308486132,-0.2831634308486132,342,114.0,114.0,0.4085573840018272,5.720703346721811,0.452,0.305
683232,"Mears, Nick",2025,-5.308330136628125,540,-0.009830240993755786,-0.9830240993755788,107,35.666666666666664,35.2,0.11760180562952381,5.425931942257648,1.369,1.005
664849,"Young, Danny",2024,-5.292176714247426,499,-0.010605564557610072,-1.0605564557610072,82,27.333333333333332,27.1,0.10867277964654144,5.4008494938939675,1.778,1.082
547179,"Lorenzen, Michael",2023,-5.28774033607729,1747,-0.0030267546285502518,-0.3026754628550251,322,107.33333333333333,107.1,0.3804636193236631,5.668203955400953,0.475,0.324
657006,"Steele, Justin",2022,-5.2759272910821755,1299,-0.004061529862264954,-0.4061529862264954,221,73.66666666666667,73.2,0.2828976768754656,5.558824967957641,0.679,0.428
690986,"Harrison, Kyle",2023,-5.271829182096842,325,-0.016221012867990284,-1.622101286799028,59,19.666666666666668,19.2,0.07077886449925044,5.342608046596093,2.445,1.644
688138,"Evans, Logan",2025,-5.270399648294448,932,-0.005654935244951124,-0.5654935244951124,172,57.333333333333336,57.1,0.20297200527169665,5.4733716535661445,0.859,0.587
666711,"Peguero, Joel",2025,-5.26289023512546,216,-0.024365232570025278,-2.4365232570025275,43,14.333333333333334,14.1,0.047040722251809525,5.3099309573772695,3.334,2.458
668941,"Romero, JoJo",2025,-5.256591697979216,610,-0.00861736343931019,-0.8617363439310186,110,36.666666666666664,36.2,0.13284648413705466,5.389438182116271,1.323,0.884
680704,"Sandlin, Nick",2023,-5.255136615979751,670,-0.007843487486536942,-0.7843487486536942,118,39.333333333333336,39.1,0.145913351429224,5.401049967408975,1.236,0.806
678821,"Peralta, Luis",2024,-5.242909508743129,154,-0.03404486693989045,-3.4044866939890444,30,10.0,10.0,0.0335382927165679,5.276447801459697,4.749,3.426
573204,"Thielbar, Caleb",2022,-5.238550388466696,670,-0.007818731923084622,-0.7818731923084616,120,40.0,40.0,0.145913351429224,5.38446373989592,1.212,0.804
572955,"Johnson, Pierce",2024,-5.234506379799265,765,-0.006842491999737601,-0.6842491999737601,130,43.333333333333336,43.1,0.16660255797515872,5.401108937774423,1.122,0.706
607455,"Banda, Anthony",2024,-5.214091839538289,557,-0.00936102664189998,-0.9361026641899981,107,35.666666666666664,35.2,0.12130408469563844,5.335395924233928,1.346,0.958
656464,"Ginkel, Kevin",2022,-5.194176789947468,333,-0.015598128498340745,-1.5598128498340744,62,20.666666666666668,20.2,0.07252111347153968,5.266697903419008,2.294,1.582
643377,"Jax, Griffin",2022,-5.189432537522648,789,-0.006577227550725789,-0.657722755072579,143,47.666666666666664,47.2,0.17182930489202644,5.361261842414674,1.012,0.68
592332,"Gausman, Kevin",2023,-5.187956847320166,2530,-0.0020505758289803026,-0.20505758289803022,433,144.33333333333334,144.1,0.5509862374864727,5.738943084806639,0.358,0.227
641656,"Hamilton, Ian",2023,-5.186975264716108,708,-0.007326236249599023,-0.7326236249599021,120,40.0,40.0,0.15418903404759787,5.341164298763706,1.202,0.754
669467,"Pallante, Andre",2023,-5.1839810611073815,827,-0.006268417244386193,-0.6268417244386193,151,50.333333333333336,50.1,0.18010498751040036,5.364086048617782,0.959,0.649
660600,"Paredes, Enoli",2024,-5.17539508149002,270,-0.019168129931444518,-1.9168129931444517,55,18.333333333333332,18.1,0.058800902814761906,5.234195984304782,2.57,1.939
669622,"Bender, Anthony",2022,-5.165753018460467,230,-0.022459795732436814,-2.2459795732436816,45,15.0,15.0,0.05008965795331569,5.215842676413783,3.13,2.268
657044,"Thompson, Ryan",2023,-5.142365790206878,263,-0.019552721635767597,-1.9552721635767594,56,18.666666666666668,18.2,0.05727643496400882,5.199642225170886,2.507,1.977
625643,"López, Reynaldo",2023,-5.141421295957966,906,-0.005674857942558461,-0.567485794255846,139,46.333333333333336,46.1,0.1973096961117566,5.338730992069722,1.037,0.589
680704,"Sandlin, Nick",2022,-5.139083893098913,553,-0.009293099264193333,-0.929309926419333,96,32.0,32.0,0.12043296020949383,5.259516853308408,1.479,0.951
594902,"Lively, Ben",2024,-5.133590470784776,1624,-0.003161077876099,-0.31610778760989994,297,99.0,99.0,0.35367654137471605,5.487267012159492,0.499,0.338
681892,"Funderburk, Kody",2023,-5.120236569356726,144,-0.0355571983983106,-3.5557198398310605,26,8.666666666666666,8.2,0.03136048150120635,5.151597050857933,5.35,3.577
608638,"Chargois, JT",2022,-5.1135961218093335,255,-0.020053318124742484,-2.0053318124742483,49,16.333333333333332,16.1,0.055534185991719574,5.169130307801053,2.848,2.027
655889,"Rodríguez, Manuel",2024,-5.104343137145843,446,-0.011444715554138661,-1.1444715554138662,83,27.666666666666668,27.2,0.09713038020512522,5.201473517350968,1.692,1.166
686826,"Jarvis, Bryce",2024,-5.091772809409628,783,-0.006502902694009742,-0.6502902694009741,122,40.666666666666664,40.2,0.17052261816280953,5.262295427572438,1.165,0.672
606303,"Payamps, Joel",2022,-5.080962024404556,857,-0.0059287771579983155,-0.5928777157998314,148,49.333333333333336,49.1,0.18663842115648502,5.267600445561041,0.961,0.615
689981,"Ryan, River",2024,-5.07942272672252,147,-0.03455389610015319,-3.45538961001532,29,9.666666666666666,9.2,0.03201382486581481,5.111436551588334,4.759,3.477
623211,"Brazobán, Huascar",2025,-5.0428018102974885,749,-0.00673271269732642,-0.6732712697326422,129,43.0,43.0,0.16311806003058024,5.205919870328069,1.09,0.695
664076,"Cleavinger, Garrett",2025,-5.030572463767441,605,-0.008314995807880067,-0.8314995807880066,117,39.0,39.0,0.1317575785293739,5.162330042296815,1.191,0.853
607481,"Bummer, Aaron",2022,-5.027644541849129,361,-0.013926993190717808,-1.392699319071781,61,20.333333333333332,20.1,0.07861898487455203,5.106263526723681,2.26,1.414
608665,"Graveman, Kendall",2022,-5.014963368771102,801,-0.006260878113322225,-0.6260878113322225,141,47.0,47.0,0.17444267835046032,5.189406047121563,0.994,0.648
663423,"Thornton, Trent",2023,-4.991799425883356,374,-0.01334705728845817,-1.334705728845817,72,24.0,24.0,0.08145013945452205,5.0732495653378775,1.902,1.356
493603,"Ottavino, Adam",2024,-4.981561954934375,719,-0.006928458908114569,-0.6928458908114571,114,38.0,38.0,0.15658462638449558,5.138146581318871,1.217,0.715
701656,"Henderson, Logan",2025,-4.9777599297670685,255,-0.01952062717555713,-1.952062717555713,43,14.333333333333334,14.1,0.055534185991719574,5.033294115758788,3.16,1.974
813349,"Early, Connelly",2025,-4.977364727811551,170,-0.0292786160459503,-2.92786160459503,30,10.0,10.0,0.03702279066114638,5.014387518472698,4.513,2.95
670167,"Schreiber, John",2024,-4.963941902655155,819,-0.006060979124121069,-0.6060979124121069,135,45.0,45.0,0.1783627385381111,5.142304641193267,1.028,0.628
684320,"Rodríguez, Yariel",2024,-4.956220605290112,845,-0.005865349828745695,-0.5865349828745693,146,48.666666666666664,48.2,0.18402504769805114,5.140245652988163,0.951,0.608
664294,"Moreta, Dauri",2023,-4.951341104683197,711,-0.006963911539638815,-0.6963911539638816,131,43.666666666666664,43.2,0.15484237741220636,5.106183482095404,1.052,0.718
679883,"Avila, Luinder",2025,-4.94278072208713,175,-0.02824446126906931,-2.8244461269069316,36,12.0,12.0,0.03811169626882716,4.980892418355957,3.736,2.846
678226,"Hernández, Daysbel",2024,-4.94163481212223,202,-0.024463538673872427,-2.446353867387243,31,10.333333333333334,10.1,0.04399178655030335,4.985626598672534,4.342,2.468
542585,"Cisnero, José",2022,-4.935404468313425,372,-0.013267216312670495,-1.3267216312670493,59,19.666666666666668,19.2,0.08101457721144974,5.0164190455248745,2.296,1.348
621248,"Garza Jr., Ralph",2022,-4.933269836863222,451,-0.010938514050694506,-1.0938514050694503,86,28.666666666666668,28.2,0.09821928581280599,5.031489122676028,1.58,1.116
657265,"Strzelecki, Peter",2022,-4.933133974520929,497,-0.009925822886360017,-0.992582288636002,85,28.333333333333332,28.1,0.10823721740346913,5.041371191924398,1.601,1.014
686799,"Kochanowicz, Jack",2024,-4.927890174486477,539,-0.009142653384947082,-0.9142653384947081,115,38.333333333333336,38.1,0.11738402450798766,5.045274198994465,1.185,0.936
554340,"García, Yimi",2024,-4.925413421035322,437,-0.011270968926854284,-1.1270968926854286,83,27.666666666666668,27.2,0.09517035011129982,5.0205837711466215,1.633,1.149
548384,"Raley, Brooks",2023,-4.915295159057628,794,-0.006190548059266534,-0.6190548059266534,127,42.333333333333336,42.1,0.17291821049970724,5.0882133695573355,1.082,0.641
643377,"Jax, Griffin",2023,-4.904840458753594,755,-0.006496477428812708,-0.6496477428812708,132,44.0,44.0,0.16442474675979718,5.069265205513392,1.037,0.671
669618,"Barlow, Joe",2022,-4.903136844677391,411,-0.011929773344713847,-1.192977334471385,73,24.333333333333332,24.1,0.08950804095135978,4.992644885628751,1.847,1.215
664875,"Lawrence, Justin",2025,-4.899374023755771,145,-0.033788786370729455,-3.3788786370729453,28,9.333333333333334,9.1,0.031578262622742506,4.930952286378513,4.755,3.401
650911,"Sánchez, Cristopher",2023,-4.8917943416270955,1091,-0.004483771165561041,-0.44837711655610407,214,71.33333333333333,71.1,0.23759920359594533,5.12939354522304,0.647,0.47
605280,"Holmes, Clay",2024,-4.866912733529136,744,-0.006541549373023032,-0.6541549373023031,129,43.0,43.0,0.16202915442289947,5.028941887952036,1.053,0.676
642100,"Speier, Gabe",2025,-4.826674954793641,575,-0.008394217312684594,-0.8394217312684592,119,39.666666666666664,39.2,0.12522414488328923,4.951899099676931,1.124,0.861
668868,"Thompson, Zack",2022,-4.816573561609295,470,-0.010248028854487862,-1.024802885448786,87,29.0,29.0,0.10235712712199295,4.918930688731288,1.527,1.047
642100,"Speier, Gabe",2023,-4.784769976720307,577,-0.008292495626898279,-0.8292495626898279,115,38.333333333333336,38.1,0.12565970712636154,4.910429683846669,1.153,0.851
548384,"Raley, Brooks",2025,-4.749283841551144,289,-0.01643350810225309,-1.6433508102253087,56,18.666666666666668,18.2,0.06293874412394886,4.812222585675093,2.32,1.665
570488,"Valdez, Phillips",2022,-4.745557040809645,168,-0.02824736333815265,-2.824736333815265,30,10.0,10.0,0.036587228418074075,4.782144269227719,4.304,2.847
675916,"Karinchak, James",2022,-4.7431398790259145,536,-0.008849141565346856,-0.8849141565346855,86,28.666666666666668,28.2,0.11673068114337919,4.859870560169294,1.526,0.907
552640,"Kittredge, Andrew",2022,-4.734092412022132,147,-0.03220471028586484,-3.220471028586484,38,12.666666666666666,12.2,0.03201382486581481,4.766106236887947,3.386,3.242
642239,"Zastryzny, Rob",2025,-4.733290110669074,226,-0.02094376155163307,-2.0943761551633076,46,15.333333333333334,15.1,0.049218533467171074,4.782508644136245,2.807,2.116
642207,"Williams, Devin",2025,-4.728260075062513,775,-0.006100980742016146,-0.6100980742016147,127,42.333333333333336,42.1,0.16878036919052028,4.897040444253033,1.041,0.632
668881,"Greene, Hunter",2023,-4.725424754398465,1601,-0.0029515457554019145,-0.2951545755401913,258,86.0,86.0,0.3486675755793845,5.07409232997785,0.531,0.317
554431,"Matzek, Tyler",2022,-4.722169458673037,567,-0.008328341196954211,-0.8328341196954213,99,33.0,33.0,0.12348189591099999,4.845651354584037,1.322,0.855
680694,"Bradish, Kyle",2024,-4.721271507901238,510,-0.00925739511353184,-0.9257395113531842,86,28.666666666666668,28.2,0.11106837198343915,4.832339879884677,1.517,0.948
686973,"Varland, Louie",2023,-4.717203469177726,967,-0.004878183525519881,-0.48781835255198813,181,60.333333333333336,60.1,0.21059434452546208,4.9277978137031875,0.735,0.51
607644,"Means, John",2023,-4.712772390796916,339,-0.013901983453678218,-1.3901983453678217,71,23.666666666666668,23.2,0.07382780020075662,4.786600190997673,1.82,1.412
640462,"Puk, A.J.",2024,-4.706150496120567,903,-0.0052116838273760435,-0.5211683827376041,162,54.0,54.0,0.19665635274714816,4.902806848867715,0.817,0.543
622766,"Díaz, Miguel",2023,-4.697528253219525,169,-0.027796025166979436,-2.7796025166979437,32,10.666666666666666,10.2,0.03680500953961023,4.734333262759135,3.995,2.801
676105,"Criswell, Jeff",2024,-4.696934063831931,261,-0.017995915953379044,-1.7995915953379042,47,15.666666666666666,15.2,0.056840872720936506,4.753774936552867,2.731,1.821
642545,"Barria, Jaime",2022,-4.689344310403363,911,-0.005147469056425206,-0.5147469056425208,184,61.333333333333336,61.1,0.19839860171943738,4.8877429121228,0.717,0.537
647336,"Soroka, Michael",2025,-4.648322018047596,1295,-0.003589437851774205,-0.35894378517742037,224,74.66666666666667,74.2,0.282026552389321,4.930348570436917,0.594,0.381
800048,"Messick, Parker",2025,-4.642630967826781,353,-0.013151929087327992,-1.315192908732799,59,19.666666666666668,19.2,0.07687673590226278,4.719507703729044,2.16,1.337
680767,"Vodnik, Victor",2025,-4.636541022055154,701,-0.006614181201219906,-0.6614181201219907,114,38.0,38.0,0.1526645661968448,4.789205588251999,1.134,0.683
660853,"De Los Santos, Enyel",2023,-4.631651743374146,661,-0.007007037433243791,-0.7007037433243791,118,39.333333333333336,39.1,0.1439533213353986,4.775605064709545,1.093,0.722
660853,"De Los Santos, Enyel",2022,-4.630168617497421,599,-0.007729830747074158,-0.7729830747074156,105,35.0,35.0,0.13045089180015695,4.760619509297578,1.224,0.795
623149,"Sewald, Paul",2023,-4.618399719946691,653,-0.0070725876262583325,-0.7072587626258329,111,37.0,37.0,0.14221107236310934,4.7606107923098,1.158,0.729
667427,"Jackson, Zach",2023,-4.617701028791088,218,-0.021182114810968294,-2.1182114810968296,34,11.333333333333334,11.1,0.04747628449488183,4.6651773132859695,3.705,2.14
669276,"Lee, Dylan",2022,-4.611859348370808,573,-0.008048620154224796,-0.8048620154224793,115,38.333333333333336,38.1,0.12478858264021693,4.736647931011024,1.112,0.827
612434,"Castro, Miguel",2023,-4.5983060781125715,733,-0.006273268865092185,-0.6273268865092181,138,46.0,46.0,0.15963356208600177,4.757939640198574,0.931,0.649
518585,"Cruz, Fernando",2025,-4.5887738023725095,644,-0.007125425158963524,-0.7125425158963524,118,39.333333333333336,39.1,0.14025104226928395,4.729024844641794,1.082,0.734
547973,"Chapman, Aroldis",2024,-4.5625497399662445,816,-0.005591359975448829,-0.5591359975448826,131,43.666666666666664,43.2,0.17770939517350265,4.740259135139747,0.977,0.581
593423,"Montas, Frankie",2022,-4.552076733478575,2117,-0.0021502488112794403,-0.21502488112794393,387,129.0,129.0,0.46104263429204057,5.013119367770615,0.35,0.237
518489,"Brasier, Ryan",2023,-4.549009561952815,655,-0.0069450527663401755,-0.6945052766340173,121,40.333333333333336,40.1,0.14264663460618165,4.691656196558997,1.047,0.716
592454,"Kahnle, Tommy",2025,-4.542363214465428,760,-0.005976793703243983,-0.5976793703243983,137,45.666666666666664,45.2,0.16551365236747795,4.707876866832906,0.928,0.619
656887,"Reid-Foley, Sean",2024,-4.540272344517855,268,-0.016941314718350205,-1.6941314718350204,44,14.666666666666666,14.2,0.05836534057168959,4.598637685089544,2.822,1.716
477132,"Kershaw, Clayton",2025,-4.526461740762294,893,-0.005068826137471773,-0.5068826137471771,172,57.333333333333336,57.1,0.1944785415317866,4.72094028229408,0.741,0.529
672710,"Contreras, Roansy",2024,-4.512744713414524,908,-0.004969983164553441,-0.4969983164553442,176,58.666666666666664,58.2,0.19774525835482892,4.710489971769354,0.723,0.519
594902,"Lively, Ben",2025,-4.5114990534107955,455,-0.009915382534968781,-0.9915382534968782,79,26.333333333333332,26.1,0.09909041029895062,4.610589463709746,1.576,1.013
688107,"Gasser, Robert",2024,-4.490311363932255,322,-0.013945066347615699,-1.3945066347615693,66,22.0,22.0,0.07012552113464197,4.560436885066897,1.866,1.416
663485,"Sands, Cole",2024,-4.478927100675277,831,-0.005389803971931741,-0.5389803971931738,157,52.333333333333336,52.1,0.18097611199654498,4.659903212671821,0.801,0.561
554340,"García, Yimi",2023,-4.47638065472926,732,-0.006115274118482596,-0.6115274118482595,128,42.666666666666664,42.2,0.1594157809644656,4.635796435693726,0.978,0.633
608032,"Estévez, Carlos",2024,-4.458131830628803,482,-0.009249236163130297,-0.9249236163130297,93,31.0,31.0,0.10497050058042681,4.56310233120923,1.325,0.947
669456,"Bieber, Shane",2025,-4.455618660023016,461,-0.009665116399182248,-0.9665116399182248,86,28.666666666666668,28.2,0.10039709702816754,4.556015757051184,1.43,0.988
663855,"Hicks, Jordan",2023,-4.443671709718252,875,-0.005078481953963717,-0.5078481953963717,145,48.333333333333336,48.1,0.1905584813441358,4.634230191062388,0.863,0.53
660787,"De Los Santos, Yerry",2023,-4.4282919983133215,308,-0.0143775714230952,-1.4377571423095203,53,17.666666666666668,17.2,0.0670765854331358,4.495368583746457,2.29,1.46
621381,"Strahm, Matt",2025,-4.424678849896922,711,-0.006223177004074433,-0.6223177004074432,130,43.333333333333336,43.1,0.15484237741220636,4.579521227309129,0.951,0.644
573009,"Mantiply, Joe",2022,-4.41620233714633,652,-0.006773316468015843,-0.6773316468015844,134,44.666666666666664,44.2,0.1419932912415732,4.558195628387903,0.918,0.699
673540,"Senga, Kodai",2025,-4.415479394684316,1542,-0.0028634756126357432,-0.28634756126357425,260,86.66666666666667,86.2,0.3358184894087513,4.751297884093067,0.493,0.308
450203,"Morton, Charlie",2023,-4.404633708934979,1960,-0.002247262096395397,-0.22472620963953954,324,108.0,108.0,0.4268509982108642,4.831484707145843,0.403,0.247
543901,"Weber, Ryan",2022,-4.399996406148841,127,-0.034645640993297956,-3.464564099329795,30,10.0,10.0,0.02765820243509171,4.427654608583932,3.985,3.486
661563,"Gil, Luis",2025,-4.376946288509691,802,-0.005457539013104353,-0.5457539013104352,131,43.666666666666664,43.2,0.17466045947199646,4.551606747981688,0.938,0.568
666168,"Thompson, Mason",2022,-4.350814097099393,266,-0.016356443974057867,-1.6356443974057868,54,18.0,18.0,0.05792977832861728,4.40874387542801,2.204,1.657
656730,"Megill, Trevor",2025,-4.325575530585325,499,-0.00866848803724514,-0.8668488037245139,84,28.0,28.0,0.10867277964654144,4.434248310231866,1.425,0.889
660761,"Suarez, José",2025,-4.321956886270633,208,-0.02077863887630112,-2.077863887630112,42,14.0,14.0,0.04529847327952028,4.367255359550153,2.808,2.1
669704,"Strowd, Kade",2025,-4.32181736049058,251,-0.017218395858528208,-1.721839585852821,47,15.666666666666666,15.2,0.054663061505574956,4.376480421996154,2.514,1.744
606965,"Devenski, Chris",2025,-4.3212203947594965,225,-0.019205423976708873,-1.9205423976708873,41,13.666666666666666,13.2,0.04900075234563492,4.3702211471051315,2.878,1.942
472610,"García, Luis",2025,-4.315277785288088,676,-0.006383547019656935,-0.6383547019656937,117,39.0,39.0,0.14722003815844092,4.462497823446529,1.03,0.66
669302,"Gilbert, Logan",2023,-4.294026816734815,2283,-0.0018808702657620738,-0.18808702657620752,427,142.33333333333334,142.1,0.4971943004670423,4.791221117201857,0.303,0.21
669084,"Hall, DL",2025,-4.285030468763771,577,-0.0074263959597292385,-0.7426395959729238,112,37.333333333333336,37.1,0.12565970712636154,4.4106901758901325,1.063,0.764
663752,"Morris, Cody",2022,-4.281425452889499,371,-0.011540230331238542,-1.1540230331238541,64,21.333333333333332,21.1,0.08079679608991358,4.362222248979412,1.84,1.176
571510,"Boyd, Matthew",2022,-4.26395592180376,168,-0.025380690010736666,-2.5380690010736666,35,11.666666666666666,11.2,0.036587228418074075,4.300543150221833,3.318,2.56
686701,"Bergert, Ryan",2025,-4.234695016419548,1051,-0.004029205534176544,-0.40292055341765426,183,61.0,61.0,0.2288879587344991,4.463582975154047,0.659,0.425
666157,"Lodolo, Nick",2025,-4.2297580750832635,1621,-0.0026093510642092926,-0.2609351064209293,299,99.66666666666667,99.2,0.35302319801010756,4.582781273093371,0.414,0.283
621363,"Poche, Colin",2023,-4.225640437036077,648,-0.00652105005715444,-0.6521050057154439,124,41.333333333333336,41.1,0.14112216675542857,4.366762603791505,0.951,0.674
656529,"Hentges, Sam",2024,-4.223629578659602,289,-0.01461463522027544,-1.4614635220275436,56,18.666666666666668,18.2,0.06293874412394886,4.286568322783551,2.067,1.483
656638,"Lange, Alex",2023,-4.205427800921747,768,-0.005475817449116858,-0.5475817449116857,124,41.333333333333336,41.1,0.1672559013397672,4.372683702261514,0.952,0.569
592662,"Ray, Robbie",2022,-4.192502740513235,2543,-0.0016486444123135018,-0.16486444123135008,451,150.33333333333334,150.1,0.5538173920664426,4.746320132579678,0.284,0.187
669084,"Hall, DL",2023,-4.188884391595119,262,-0.015988108364866867,-1.5988108364866866,43,14.333333333333334,14.1,0.05705865384247266,4.245943045437592,2.666,1.621
572020,"Paxton, James",2024,-4.1837953376339305,1225,-0.003415343132762392,-0.3415343132762392,208,69.33333333333333,69.1,0.26678187388179014,4.4505772115157205,0.578,0.363
662253,"Muñoz, Andrés",2023,-4.169464421231999,490,-0.008509111063738774,-0.8509111063738775,90,30.0,30.0,0.10671274955271605,4.276177170784715,1.283,0.873
641835,"Mayza, Tim",2022,-4.166610693456501,480,-0.008680438944701043,-0.8680438944701045,97,32.333333333333336,32.1,0.1045349383373545,4.271145631793855,1.189,0.89
690916,"Fitts, Richard",2024,-4.145575517197063,156,-0.026574202033314506,-2.6574202033314505,29,9.666666666666666,9.2,0.03397385495964021,4.179549372156703,3.891,2.679
641582,"Foster, Matt",2022,-4.14492007338034,591,-0.007013401139391438,-0.7013401139391439,104,34.666666666666664,34.2,0.12870864282786773,4.273628716208208,1.109,0.723
663554,"Mize, Casey",2025,-4.140666704802581,1783,-0.002322303255638015,-0.23223032556380147,329,109.66666666666667,109.2,0.3883037396989647,4.528970444501546,0.372,0.254
669212,"Morgan, Eli",2022,-4.128993516725043,788,-0.00523983948822975,-0.5239839488229749,148,49.333333333333336,49.1,0.1716115237704903,4.300605040495533,0.785,0.546
666171,"Zeferjahn, Ryan",2024,-4.1236796264338915,166,-0.024841443532734285,-2.4841443532734293,37,12.333333333333334,12.1,0.03615166617500176,4.159831292608893,3.036,2.506
668820,"Kranick, Max",2025,-4.108002565652502,416,-0.009875006167433899,-0.9875006167433898,91,30.333333333333332,30.1,0.09059694655904056,4.198599512211542,1.246,1.009
656970,"Smeltzer, Devin",2022,-4.0933551479237416,657,-0.006230373132304021,-0.6230373132304021,120,40.0,40.0,0.14308219684925397,4.2364373447729955,0.953,0.645
593974,"Peralta, Wandy",2023,-4.091419578689724,637,-0.006422950672982298,-0.6422950672982297,107,35.666666666666664,35.2,0.13872657441853087,4.2301461531082545,1.067,0.664
641329,"Baker, Bryan",2022,-4.079543880210275,821,-0.004968993763958922,-0.4968993763958922,139,46.333333333333336,46.1,0.17879830078118342,4.258342180991458,0.827,0.519
666808,"Doval, Camilo",2025,-4.077134162639828,752,-0.005421720960957218,-0.5421720960957223,127,42.333333333333336,42.1,0.1637714033951887,4.240905566035017,0.902,0.564
678692,"Henriquez, Ronny",2025,-4.068404191686977,826,-0.004925428803495129,-0.4925428803495129,151,50.333333333333336,50.1,0.17988720638886418,4.248291398075841,0.76,0.514
606303,"Payamps, Joel",2024,-4.051102042890509,609,-0.006652055899656008,-0.6652055899656009,118,39.333333333333336,39.1,0.13262870301551852,4.183730745906027,0.957,0.687
664747,"Díaz, Alexis",2023,-4.042897335172982,797,-0.005072644084282285,-0.5072644084282285,130,43.333333333333336,43.1,0.1735715538643157,4.216468889037298,0.876,0.529
543056,"Coulombe, Danny",2025,-4.0326502735066745,460,-0.008766631029362336,-0.8766631029362331,80,26.666666666666668,26.2,0.10017931590663139,4.132829589413306,1.395,0.898
686752,"Pepiot, Ryan",2025,-4.020053551790411,2120,-0.0018962516753728352,-0.1896251675372835,373,124.33333333333333,124.1,0.461695977656649,4.481749529447059,0.324,0.211
670912,"Oviedo, Johan",2022,-4.014268701888497,717,-0.005598701118393999,-0.5598701118393998,124,41.333333333333336,41.1,0.15614906414142327,4.17041776602992,0.908,0.582
681190,"Vásquez, Randy",2023,-4.012420601542407,609,-0.006588539575603295,-0.6588539575603295,103,34.333333333333336,34.1,0.13262870301551852,4.145049304557925,1.087,0.681
671212,"Boyle, Joe",2023,-4.001580807822071,240,-0.016673253365925296,-1.6673253365925296,47,15.666666666666666,15.2,0.05226746916867725,4.053848276990748,2.329,1.689
594798,"deGrom, Jacob",2023,-4.001580807822071,230,-0.01739817742531335,-1.739817742531335,49,16.333333333333332,16.1,0.05008965795331569,4.051670465775387,2.233,1.762
456501,"Cueto, Johnny",2022,-3.9850527905362503,1912,-0.0020842326310336035,-0.20842326310336035,357,119.0,119.0,0.41639750437712875,4.401450294913379,0.333,0.23
455119,"Martin, Chris",2025,-3.9781829926528722,432,-0.009208756927437204,-0.9208756927437204,88,29.333333333333332,29.1,0.09408144450361905,4.072264437156491,1.249,0.943
685314,"Saalfrank, Andrew",2025,-3.972340055401992,244,-0.01628008219427046,-1.6280082194270458,49,16.333333333333332,16.1,0.05313859365482187,4.025478649056813,2.218,1.65
658648,"Avila, Pedro",2023,-3.963617177333756,752,-0.005270767523050207,-0.5270767523050209,121,40.333333333333336,40.1,0.1637714033951887,4.127388580728945,0.921,0.549
445926,"Chavez, Jesse",2024,-3.959286016634188,874,-0.004530075533906394,-0.45300755339063925,152,50.666666666666664,50.2,0.19034070022259963,4.149626716856788,0.737,0.475
543339,"Hudson, Daniel",2022,-3.92802187465007,349,-0.011255077004727995,-1.1255077004727994,62,20.666666666666668,20.2,0.07600561141611817,4.004027486066188,1.744,1.147
695549,"Jobe, Jackson",2025,-3.9155721596705653,790,-0.004956420455279197,-0.4956420455279197,133,44.333333333333336,44.1,0.1720470860135626,4.087619245684128,0.83,0.517
680704,"Sandlin, Nick",2025,-3.898303774594302,151,-0.025816581288703986,-2.581658128870399,24,8.0,8.0,0.03288494935195944,3.9311887239462613,4.423,2.603
666214,"Wentz, Joey",2022,-3.890858666372932,485,-0.008022389002830787,-0.8022389002830788,82,27.333333333333332,27.1,0.10562384394503527,3.9964825103179673,1.316,0.824
592773,"Stanek, Ryne",2023,-3.88558222469666,579,-0.006710850129009775,-0.6710850129009774,103,34.333333333333336,34.1,0.12609526936943385,4.0116774940660935,1.052,0.693
663574,"Santillan, Tony",2024,-3.883758151630115,308,-0.012609604388409464,-1.2609604388409466,55,18.333333333333332,18.1,0.0670765854331358,3.950834737063251,1.94,1.283
682227,"Williamson, Brandon",2023,-3.8744308661509534,1366,-0.0028363329913257346,-0.2836332991325734,245,81.66666666666667,81.2,0.297489012018388,4.171919878169342,0.46,0.305
664199,"Clarke, Taylor",2025,-3.870455777074621,635,-0.006095205948149009,-0.609520594814901,109,36.333333333333336,36.1,0.13829101217545856,4.008746789250079,0.993,0.631
642397,"Soto, Gregory",2023,-3.8699986941664433,619,-0.00625201727652091,-0.6252017276520908,119,39.666666666666664,39.2,0.13480651423088008,4.004805208397324,0.909,0.647
643361,"Herget, Kevin",2024,-3.869312772170621,151,-0.025624587895169675,-2.5624587895169677,34,11.333333333333334,11.1,0.03288494935195944,3.9021977215225805,3.099,2.584
657265,"Strzelecki, Peter",2024,-3.8679551474876956,163,-0.02372978618090611,-2.372978618090611,28,9.333333333333334,9.1,0.0354983228103933,3.9034534702980888,3.764,2.395
669711,"Weissert, Greg",2025,-3.8545227767995787,619,-0.006227015794506589,-0.6227015794506586,117,39.0,39.0,0.13480651423088008,3.989329291030459,0.921,0.644
676661,"Lazar, Max",2025,-3.8529956475457783,427,-0.00902340901064585,-0.902340901064585,79,26.333333333333332,26.1,0.09299253889593827,3.9459881864417166,1.349,0.924
622786,"Tinoco, Jesus",2022,-3.8450540388496357,285,-0.01349141768017416,-1.3491417680174165,51,17.0,17.0,0.06206761963780423,3.9071216584874398,2.068,1.371
571927,"Matz, Steven",2023,-3.828132144068616,1330,-0.002878294845164373,-0.2878294845164372,213,71.0,71.0,0.28964889164308644,4.117781035711702,0.522,0.31
519151,"Pressly, Ryan",2025,-3.8240167887494154,455,-0.008404432502745968,-0.8404432502745964,80,26.666666666666668,26.2,0.09909041029895062,3.923107199048366,1.324,0.862
656240,"Blewett, Scott",2024,-3.8109216188667854,212,-0.01797604537201314,-1.7976045372013139,40,13.333333333333334,13.1,0.0461695977656649,3.8570912166324502,2.604,1.819
642547,"Peralta, Freddy",2024,-3.799661817946406,2187,-0.0017373853762900806,-0.1737385376290078,353,117.66666666666667,117.2,0.4762873127995714,4.275949130745977,0.327,0.196
571948,"Milner, Hoby",2022,-3.798459042058141,802,-0.004736233219523867,-0.4736233219523867,134,44.666666666666664,44.2,0.17466045947199646,3.9731195015301375,0.801,0.495
456034,"Price, David",2022,-3.792958894047633,462,-0.008209867736033837,-0.8209867736033837,91,30.333333333333332,30.1,0.1006148781497037,3.8935737721973367,1.155,0.843
663465,"Allard, Kolby",2025,-3.789561853961358,786,-0.004821325513945748,-0.48213255139457484,143,47.666666666666664,47.2,0.17117596152741799,3.960737815488776,0.748,0.504
642585,"Bautista, Félix",2025,-3.781129051422861,351,-0.01077244743995117,-1.077244743995117,58,19.333333333333332,19.1,0.07644117365919048,3.8575702250820516,1.796,1.099
628317,"Maeda, Kenta",2024,-3.775066299743038,1199,-0.0031485123434053697,-0.31485123434053697,211,70.33333333333333,70.1,0.2611195647218501,4.036185864464889,0.516,0.337
607074,"Rodón, Carlos",2024,-3.763672670576776,2516,-0.0014958953380670812,-0.1495895338067082,416,138.66666666666666,138.2,0.5479373017849665,4.311609972361742,0.28,0.171
641941,"Pagán, Emilio",2022,-3.756429732073974,821,-0.00457543207317171,-0.457543207317171,140,46.666666666666664,46.2,0.17879830078118342,3.9352280328551577,0.759,0.479
628452,"Iglesias, Raisel",2022,-3.7485047256396924,701,-0.005347367654264896,-0.5347367654264896,124,41.333333333333336,41.1,0.1526645661968448,3.901169291836537,0.849,0.557
595345,"Okert, Steven",2023,-3.7452035950623075,811,-0.0046180068989670866,-0.46180068989670864,143,47.666666666666664,47.2,0.17662048956582185,3.9218240846281294,0.74,0.484
650644,"Civale, Aaron",2024,-3.7349544584670245,2043,-0.0018281715410998652,-0.18281715410998656,350,116.66666666666667,116.2,0.4449268312983651,4.179881289765389,0.322,0.205
664126,"Fairbanks, Pete",2022,-3.7219337637324017,182,-0.020450185515013194,-2.04501855150132,34,11.333333333333334,11.1,0.03963616411958024,3.761569927851982,2.987,2.067
663399,"Waddell, Brandon",2025,-3.700315829869464,449,-0.008241237928439787,-0.8241237928439785,83,27.666666666666668,27.2,0.09778372356973368,3.7980995534391977,1.236,0.846
607481,"Bummer, Aaron",2025,-3.683009214726917,757,-0.004865269768463563,-0.4865269768463564,131,43.666666666666664,43.2,0.1648603090028695,3.8478695237297864,0.793,0.508
519008,"McFarland, T.J.",2025,-3.6699155312635003,138,-0.02659359080625725,-2.659359080625725,24,8.0,8.0,0.03005379477198942,3.6999693260354896,4.162,2.681
673513,"Matsui, Yuki",2024,-3.6587269122543216,755,-0.004845995910270625,-0.48459959102706224,132,44.0,44.0,0.16442474675979718,3.8231516590141186,0.782,0.506
592791,"Taillon, Jameson",2022,-3.6584217546529354,2246,-0.0016288609771384396,-0.16288609771384388,418,139.33333333333334,139.1,0.48913639897020456,4.14755815362314,0.268,0.185
656641,"Latz, Jacob",2023,-3.614053443643165,96,-0.03764639003794964,-3.7646390037949637,18,6.0,6.0,0.0209069876674709,3.634960431310636,5.452,3.786
543507,"May, Trevor",2023,-3.6097597394092955,511,-0.007064109079078856,-0.7064109079078854,88,29.333333333333332,29.1,0.1112861531049753,3.7210458925142706,1.142,0.728
641755,"Kinley, Tyler",2025,-3.608320490328716,1003,-0.003597527906608889,-0.3597527906608888,177,59.0,59.0,0.21843446490076365,3.8267549552294793,0.584,0.382
681676,"Fernandez, Ryan",2024,-3.6072559980168553,862,-0.004184751737838579,-0.4184751737838579,136,45.333333333333336,45.1,0.18772732676416579,3.794983324781021,0.753,0.44
663462,"Campbell, Isaiah",2023,-3.60621695357137,377,-0.009565562211064643,-0.9565562211064643,65,21.666666666666668,21.2,0.0821034828191305,3.6883204363905007,1.532,0.978
605135,"Bassitt, Chris",2025,-3.5868619133451802,1863,-0.0019253150366855504,-0.19253150366855507,330,110.0,110.0,0.40572622942185715,3.9925881427670373,0.327,0.214
672582,"Zerpa, Angel",2023,-3.579617014239841,474,-0.007551934629197977,-0.7551934629197972,86,28.666666666666668,28.2,0.10322825160813756,3.6828452658479787,1.156,0.777
689254,"Fluharty, Mason",2025,-3.5779342631640416,603,-0.005933555991980168,-0.5933555991980166,111,37.0,37.0,0.13132201628630158,3.709256279450343,0.902,0.615
621107,"Eflin, Zach",2022,-3.564234112623311,909,-0.003921049628848527,-0.3921049628848523,175,58.333333333333336,58.1,0.19796303947636507,3.762197152099676,0.58,0.414
527048,"Pérez, Martín",2023,-3.5508442328679313,1673,-0.0021224412629216563,-0.2122441262921657,314,104.66666666666667,104.2,0.36434781632998764,3.915192049197919,0.337,0.234
621242,"Díaz, Edwin",2024,-3.5418195581800234,555,-0.006381656861585628,-0.6381656861585627,100,33.333333333333336,33.1,0.12086852245256613,3.6626880806325897,0.989,0.66
663992,"Lovelady, Richard",2023,-3.535373152899892,284,-0.012448497017253141,-1.2448497017253142,53,17.666666666666668,17.2,0.061849838516268074,3.59722299141616,1.833,1.267
502171,"Cobb, Alex",2024,-3.5320992892409464,160,-0.022075620557755915,-2.2075620557755915,34,11.333333333333334,11.1,0.03484497944578483,3.5669442686867314,2.833,2.229
681810,"Warren, Austin",2024,-3.5245124814771582,138,-0.025539945517950424,-2.5539945517950424,23,7.666666666666667,7.2,0.03005379477198942,3.5545662762491474,4.173,2.576
691441,"Mena, Cristian",2025,-3.5145525341552357,73,-0.04814455526240049,-4.8144555262400495,17,5.666666666666667,5.2,0.015898021872139328,3.530450556027375,5.607,4.836
677960,"Weathers, Ryan",2025,-3.502470012221986,403,-0.008690992586158774,-0.8690992586158774,73,24.333333333333332,24.1,0.08776579197907054,3.5902358042010563,1.328,0.891
678692,"Henriquez, Ronny",2024,-3.501284406355433,196,-0.017863695950793027,-1.7863695950793024,38,12.666666666666666,12.2,0.04268509982108642,3.5439695061765195,2.518,1.808
672860,"Berroa, Prelander",2024,-3.4849009917960276,248,-0.014052020128209788,-1.4052020128209786,41,13.666666666666666,13.2,0.05400971814096649,3.538910709936994,2.331,1.427
669424,"Lambert, Jimmy",2022,-3.4833656089003973,657,-0.005301926345358291,-0.530192634535829,111,37.0,37.0,0.14308219684925397,3.626447805749651,0.882,0.552
658648,"Avila, Pedro",2024,-3.4759105307401508,1199,-0.0028990079489075488,-0.2899007948907548,204,68.0,68.0,0.2611195647218501,3.737030095462001,0.495,0.312
665795,"Cabrera, Edward",2025,-3.4652524010145,1639,-0.0021142479566897496,-0.21142479566897474,301,100.33333333333333,100.1,0.35694325819775835,3.8221956592122583,0.343,0.233
675512,"Melton, Troy",2025,-3.4651483017894606,404,-0.008577099756904606,-0.8577099756904603,80,26.666666666666668,26.2,0.0879835731006067,3.5531318748900675,1.199,0.879
656986,"Sousa, Bennett",2025,-3.4596392800482745,435,-0.007953193747237413,-0.7953193747237415,83,27.666666666666668,27.2,0.0947347878682275,3.554374067916502,1.156,0.817
605182,"Clevinger, Mike",2022,-3.431047275323514,1236,-0.0027759282162811605,-0.27759282162811594,205,68.33333333333333,68.1,0.2691774662186878,3.700224741542202,0.487,0.299
681857,"Olson, Reese",2023,-3.425944802171128,1351,-0.0025358584768106055,-0.25358584768106057,227,75.66666666666667,75.2,0.29422229519534565,3.7201670973664736,0.442,0.275
674003,"Bradford, Cody",2024,-3.4041541971571787,932,-0.0036525259626149988,-0.3652525962614996,180,60.0,60.0,0.20297200527169665,3.6071262024288755,0.541,0.387
641755,"Kinley, Tyler",2022,-3.4027713431130544,253,-0.013449689103213654,-1.3449689103213651,48,16.0,16.0,0.05509862374864727,3.4578699668617014,1.945,1.367
607237,"Garrett, Amir",2022,-3.397514530980902,539,-0.0063033664767734735,-0.6303366476773473,90,30.0,30.0,0.11738402450798766,3.5148985554888896,1.054,0.652
445276,"Jansen, Kenley",2022,-3.392369425077284,673,-0.005040667793576945,-0.5040667793576944,134,44.666666666666664,44.2,0.14656669479383244,3.5389361198711162,0.713,0.526
642758,"Acevedo, Domingo",2022,-3.3907403395222806,751,-0.0045149671631455135,-0.45149671631455107,142,47.333333333333336,47.1,0.16355362227365255,3.554293961795933,0.676,0.473
686752,"Pepiot, Ryan",2022,-3.375902292708524,465,-0.007260004930555966,-0.7260004930555967,61,20.333333333333332,20.1,0.10126822151431217,3.4771705142228364,1.539,0.748
666157,"Lodolo, Nick",2022,-3.367340177151828,1023,-0.0032916326267368795,-0.32916326267368795,165,55.0,55.0,0.22279008733148678,3.5901302644833146,0.587,0.351
642547,"Peralta, Freddy",2023,-3.3653253769755964,2457,-0.0013696887981178658,-0.13696887981178657,419,139.66666666666666,139.2,0.5350882156143333,3.9004135925899295,0.251,0.159
669211,"Akin, Keegan",2024,-3.3629088214707514,1021,-0.003293740275681441,-0.3293740275681438,186,62.0,62.0,0.22235452508841447,3.5852633465591657,0.52,0.351
623211,"Brazobán, Huascar",2024,-3.3299742999697974,657,-0.00506845403343957,-0.506845403343957,112,37.333333333333336,37.1,0.14308219684925397,3.4730564968190514,0.837,0.529
641941,"Pagán, Emilio",2024,-3.326483845103934,375,-0.008870623586943824,-0.8870623586943824,71,23.666666666666668,23.2,0.0816679205760582,3.4081517656799925,1.296,0.909
663941,"Beck, Tristan",2024,-3.324193212611583,212,-0.015680156663262185,-1.5680156663262181,41,13.666666666666666,13.2,0.0461695977656649,3.370362810377248,2.22,1.59
592662,"Ray, Robbie",2025,-3.2908300929699656,1944,-0.001692813833832287,-0.16928138338322873,335,111.66666666666667,111.2,0.4233665002662857,3.7141965932362515,0.299,0.191
592779,"Stewart, Brock",2025,-3.2835552396755427,513,-0.006400692475001058,-0.6400692475001057,89,29.666666666666668,29.2,0.11172171534804762,3.3952769550235904,1.03,0.662
621345,"Minter, A.J.",2025,-3.2821602146954554,132,-0.024864850111329207,-2.486485011132921,22,7.333333333333333,7.1,0.028747108042772487,3.310907322738228,4.063,2.508
640451,"Harvey, Hunter",2025,-3.2804292775253034,96,-0.03417113830755524,-3.417113830755524,16,5.333333333333333,5.1,0.0209069876674709,3.3013362651927745,5.571,3.439
595897,"Burdi, Nick",2025,-3.280429277525303,83,-0.03952324430753377,-3.952324430753377,13,4.333333333333333,4.1,0.01807583308750088,3.298505110612804,6.851,3.974
678020,"Halvorsen, Seth",2024,-3.262208491548551,149,-0.021894016721802356,-2.1894016721802356,29,9.666666666666666,9.2,0.032449387108887125,3.2946578786574383,3.067,2.211
664285,"Valdez, Framber",2025,-3.2605570034373725,2431,-0.0013412410544785573,-0.1341241054478557,460,153.33333333333334,153.1,0.5294259064543932,3.7899829098917657,0.222,0.156
541640,"Ramírez, Erasmo",2025,-3.2572216866549795,128,-0.025447044426992027,-2.544704442699203,24,8.0,8.0,0.027875983556627865,3.2850976702116075,3.696,2.566
685801,"Bigge, Hunter",2024,-3.2538132819480596,230,-0.01414701426933939,-1.4147014269339393,38,12.666666666666666,12.2,0.05008965795331569,3.3039029399013753,2.348,1.436
595345,"Okert, Steven",2022,-3.2447017743554287,672,-0.004828425259457483,-0.48284252594574834,107,35.666666666666664,35.2,0.1463489136722963,3.391050688027725,0.856,0.505
686973,"Varland, Louis",2025,-3.243746634058573,747,-0.004342364971965961,-0.43423649719659607,139,46.333333333333336,46.1,0.16268249778750793,3.406429131846081,0.662,0.456
689225,"Brieske, Beau",2024,-3.241794782003255,903,-0.0035900274440789095,-0.35900274440789076,152,50.666666666666664,50.2,0.19665635274714816,3.4384511347504034,0.611,0.381
607457,"Barraclough, Kyle",2022,-3.231144420352156,121,-0.026703672895472364,-2.6703672895472366,23,7.666666666666667,7.2,0.026351515705874778,3.257495936058031,3.824,2.692
605130,"Barlow, Scott",2022,-3.23102875740307,770,-0.00419614124338061,-0.41961412433806095,128,42.666666666666664,42.2,0.1676914635828395,3.3987202209859095,0.717,0.441
434671,"Sánchez, Aníbal",2022,-3.227549074483809,1140,-0.002831183398670008,-0.2831183398670008,185,61.666666666666664,61.2,0.24827047855121692,3.475819553035026,0.507,0.305
676710,"Crawford, Kutter",2022,-3.213543660841096,759,-0.004233917866720812,-0.42339178667208116,133,44.333333333333336,44.1,0.1652958712459418,3.3788395320870377,0.686,0.445
543339,"Hudson, Daniel",2024,-3.2117659619215724,718,-0.004473211646130323,-0.44732116461303223,134,44.666666666666664,44.2,0.15636684526295944,3.368132807184532,0.679,0.469
640462,"Puk, A.J.",2023,-3.210127489219562,685,-0.00468631750251031,-0.468631750251031,126,42.0,42.0,0.14918006825226632,3.3593075574718285,0.72,0.49
663432,"Rainey, Tanner",2022,-3.2038421500969863,353,-0.009076040085260584,-0.9076040085260584,60,20.0,20.0,0.07687673590226278,3.280718885999249,1.476,0.929
656629,"Kopech, Michael",2022,-3.18216111183859,1621,-0.0019630852016277547,-0.19630852016277542,280,93.33333333333333,93.1,0.35302319801010756,3.535184309848698,0.341,0.218
675916,"Karinchak, James",2023,-3.181423062804921,500,-0.006362846125609842,-0.636284612560984,83,27.666666666666668,27.2,0.1088905607680776,3.2903136235729984,1.07,0.658
657514,"Bernardino, Brennan",2024,-3.174735036997412,538,-0.005900994492560245,-0.5900994492560248,95,31.666666666666668,31.2,0.1171662433864515,3.2919012803838634,0.936,0.612
663687,"Harris, Hogan",2024,-3.1565006526389983,1032,-0.003058624663409882,-0.30586246634098796,173,57.666666666666664,57.2,0.22475011742531217,3.3812507700643106,0.528,0.328
605538,"Wisler, Matt",2022,-3.144097075744119,382,-0.008230620617131201,-0.8230620617131199,68,22.666666666666668,22.2,0.08319238842681129,3.22728946417093,1.281,0.845
663460,"Bubic, Kris",2024,-3.1360424348618086,390,-0.008041134448363612,-0.8041134448363614,74,24.666666666666668,24.2,0.08493463739910052,3.2209770722609092,1.175,0.826
543475,"Lyles, Jordan",2022,-3.1185361748806897,2163,-0.0014417642972171473,-0.14417642972171457,392,130.66666666666666,130.2,0.4710605658827037,3.5895967407633935,0.247,0.166
657649,"Koenig, Jared",2025,-3.1151095266444706,762,-0.0040880702449402504,-0.4088070244940249,128,42.666666666666664,42.2,0.16594921461055026,3.2810587412550207,0.692,0.431
518585,"Cruz, Fernando",2023,-3.114251253926007,879,-0.0035429479566848774,-0.3542947956684875,152,50.666666666666664,50.2,0.19142960583028043,3.3056808597562877,0.587,0.376
669854,"Blanco, Ronel",2025,-3.1108443347556203,555,-0.0056051249274876045,-0.5605124927487605,105,35.0,35.0,0.12086852245256613,3.2317128572081866,0.831,0.582
641703,"Honeywell, Brent",2024,-3.109982932325368,499,-0.006232430726102942,-0.6232430726102941,88,29.333333333333332,29.1,0.10867277964654144,3.2186557119719095,0.988,0.645
630023,"Chirinos, Yonny",2022,-3.1080779210669958,100,-0.031080779210669957,-3.1080779210669958,21,7.0,7.0,0.02177811215361552,3.1298560332206113,4.024,3.13
641816,"Mahle, Tyler",2022,-3.1046298891097175,1799,-0.0017257531345801654,-0.17257531345801655,300,100.0,100.0,0.3917882376435432,3.4964181267532606,0.315,0.194
664871,"Dowdy, Kyle",2022,-3.1016832021621106,95,-0.03264929686486432,-3.264929686486432,18,6.0,6.0,0.020689206545934744,3.122372408708045,4.684,3.287
700363,"Smith-Shawver, AJ",2023,-3.0932956294988343,288,-0.01074060982464873,-1.074060982464873,50,16.666666666666668,16.2,0.0627209630024127,3.156016592501247,1.704,1.096
668933,"Ashcraft, Graham",2025,-3.0920547360825603,557,-0.005551265235336733,-0.5551265235336734,109,36.333333333333336,36.1,0.12130408469563844,3.2133588207781987,0.796,0.577
622098,"Smith, Drew",2023,-3.084701371586226,846,-0.003646219115350149,-0.3646219115350149,127,42.333333333333336,42.1,0.18424282881958728,3.2689442004058136,0.695,0.386
519141,"Pomeranz, Drew",2025,-3.079975280844105,577,-0.0053379120985166464,-0.5337912098516647,102,34.0,34.0,0.12565970712636154,3.2056349879704666,0.849,0.556
676760,"Marinaccio, Ron",2024,-3.0767179000909155,305,-0.010087599672429231,-1.008759967242923,52,17.333333333333332,17.1,0.06642324206852733,3.143141142159443,1.632,1.031
605194,"Cotton, Jharel",2022,-3.0748233847385715,625,-0.0049197174155817145,-0.49197174155817147,103,34.333333333333336,34.1,0.136113200960097,3.2109365856986685,0.842,0.514
606965,"Devenski, Chris",2023,-3.072192138957136,513,-0.005988678633444709,-0.5988678633444708,96,32.0,32.0,0.11172171534804762,3.1839138543051835,0.895,0.621
666619,"Santos, Gregory",2023,-3.0704750718451193,793,-0.0038719736088841353,-0.38719736088841333,148,49.333333333333336,49.1,0.17270042937817107,3.2431755012232903,0.592,0.409
621294,"Heller, Ben",2023,-3.0637897057039893,168,-0.01823684348633327,-1.8236843486333272,30,10.0,10.0,0.036587228418074075,3.1003769341220635,2.79,1.845
681151,"Murray, Jayden",2025,-3.060925830113234,109,-0.028081888349662694,-2.8081888349662694,24,8.0,8.0,0.023738142247440915,3.0846639723606746,3.47,2.83
607625,"Lugo, Seth",2025,-3.058987677383082,1819,-0.0016816864636520518,-0.16816864636520518,333,111.0,111.0,0.39614386007426633,3.4551315374573486,0.28,0.19
663855,"Hicks, Jordan",2022,-3.0352116013252592,876,-0.003464853426170387,-0.3464853426170386,145,48.333333333333336,48.1,0.19077626246567195,3.225987863790931,0.601,0.368
674444,"Cruz, Steven",2024,-3.032326696792553,82,-0.03697959386332381,-3.697959386332381,17,5.666666666666667,5.2,0.017858051965964725,3.0501847487585176,4.844,3.72
689690,"Jacob, Alek",2024,-3.0264673141391567,166,-0.01823173080806721,-1.8231730808067208,33,11.0,11.0,0.03615166617500176,3.0626189803141584,2.506,1.845
686747,"La Sorsa, Joe",2023,-3.0238589012966104,462,-0.00654514913700565,-0.6545149137005651,85,28.333333333333332,28.1,0.1006148781497037,3.124473779446314,0.992,0.676
624133,"Suárez, Ranger",2023,-3.0237175099157536,1725,-0.0017528797158931906,-0.17528797158931894,303,101.0,101.0,0.3756724346498677,3.3993899445656215,0.303,0.197
669438,"Englert, Mason",2025,-3.020169073296252,604,-0.005000279922675914,-0.5000279922675914,102,34.0,34.0,0.13153979740783775,3.1517088707040894,0.834,0.522
543518,"McGough, Scott",2023,-3.016417755881634,881,-0.003423856703611389,-0.3423856703611385,149,49.666666666666664,49.2,0.19186516807335274,3.208282923954987,0.581,0.364
663893,"Little, Brendon",2025,-3.004035900528346,769,-0.0039064185962657295,-0.39064185962657294,123,41.0,41.0,0.16747368246130334,3.1715095829896494,0.696,0.412
687888,"Walter, Brandon",2025,-3.0029640146663836,446,-0.006733103171897721,-0.6733103171897719,89,29.666666666666668,29.2,0.09713038020512522,3.1000943948715087,0.94,0.695
660604,"Rangel, Alan",2025,-3.0009880048887942,154,-0.019486935096680483,-1.9486935096680484,28,9.333333333333334,9.1,0.0335382927165679,3.034526297605362,2.926,1.97
571446,"Appel, Mark",2022,-3.0005928029332765,74,-0.04054855139099022,-4.054855139099022,17,5.666666666666667,5.2,0.016115802993675484,3.016708605926952,4.791,4.077
594798,"deGrom, Jacob",2024,-2.999329573693435,172,-0.01743796263775253,-1.7437962637752533,31,10.333333333333334,10.1,0.03745835290421869,3.0367879265976536,2.645,1.766
660813,"Graterol, Brusdar",2024,-2.976969525856033,81,-0.03675271019575349,-3.675271019575349,19,6.333333333333333,6.1,0.017640270844428572,2.9946097967004617,4.255,3.697
605463,"Scott, Tayler",2024,-2.9758386531983616,899,-0.0033101653539470096,-0.33101653539470094,145,48.333333333333336,48.1,0.19578522826100353,3.1716238814593654,0.591,0.353
669387,"Mlodzinski, Carmen",2023,-2.974623840330371,490,-0.00607066089863341,-0.6070660898633409,81,27.0,27.0,0.10671274955271605,3.081336589883087,1.027,0.629
668968,"Crouse, Hans",2024,-2.9692032301133318,314,-0.009456061242399146,-0.9456061242399146,51,17.0,17.0,0.06838327216235274,3.0375865022756843,1.608,0.967
605182,"Clevinger, Mike",2023,-2.9260268035183126,1762,-0.0016606281518265111,-0.1660628151826511,313,104.33333333333333,104.1,0.3837303361467055,3.309757139665018,0.286,0.188
666157,"Lodolo, Nick",2024,-2.921011793122945,1313,-0.0022246852956001105,-0.22246852956001092,236,78.66666666666667,78.2,0.2859466125769718,3.206958405699917,0.367,0.244
670970,"Morejon, Adrian",2022,-2.8988537589347114,459,-0.006315585531448173,-0.6315585531448172,83,27.666666666666668,27.2,0.09996153478509523,2.9988152937198067,0.976,0.653
668820,"Kranick, Max",2022,-2.893107684799557,76,-0.038067206378941544,-3.8067206378941543,15,5.0,5.0,0.016551365236747793,2.909659050036305,5.237,3.828
622554,"Domínguez, Seranthony",2025,-2.8730934665466297,724,-0.0039683611416389914,-0.39683611416389913,114,38.0,38.0,0.15767353199217637,3.030766998538806,0.718,0.419
678606,"Ferrer, Jose A.",2024,-2.862911570273387,308,-0.009295167435952555,-0.9295167435952555,58,19.333333333333332,19.1,0.0670765854331358,2.929988155706523,1.364,0.951
650556,"Abreu, Bryan",2024,-2.8616619497873494,930,-0.003077055859986397,-0.30770558599863956,162,54.0,54.0,0.20253644302862434,3.0641983928159737,0.511,0.329
666374,"Brash, Matt",2023,-2.8508526155787832,942,-0.0030263828190857573,-0.3026382819085756,145,48.333333333333336,48.1,0.20514981648705818,3.056002432065841,0.569,0.324
676760,"Marinaccio, Ron",2025,-2.8422281328993235,106,-0.02681347295188041,-2.6813472951880417,20,6.666666666666667,6.2,0.02308479888283245,2.865312931782156,3.868,2.703
681517,"Leahy, Kyle",2024,-2.817208725909854,537,-0.005246198744711088,-0.5246198744711086,104,34.666666666666664,34.2,0.11694846226491534,2.9341571881747694,0.762,0.546
621366,"Borucki, Ryan",2022,-2.8142608760704846,298,-0.009443828443189545,-0.9443828443189546,57,19.0,19.0,0.06489877421777425,2.879159650288259,1.364,0.966
656814,"Ortiz, Luis F.",2022,-2.812577966220956,118,-0.02383540649339793,-2.3835406493397926,25,8.333333333333334,8.1,0.025698172341266312,2.838276138562222,3.065,2.405
641401,"Brogdon, Connor",2022,-2.7940863948857166,571,-0.004893321181936456,-0.4893321181936459,105,35.0,35.0,0.12435302039714462,2.918439415282861,0.75,0.511
518617,"Diekman, Jake",2023,-2.7746188649012717,749,-0.003704431061283407,-0.37044310612834086,126,42.0,42.0,0.16311806003058024,2.937736924931852,0.63,0.392
656186,"Altavilla, Dan",2025,-2.7591212666671288,324,-0.00851580637860225,-0.851580637860225,62,20.666666666666668,20.2,0.07056108337771429,2.829682350044843,1.232,0.873
685314,"Saalfrank, Andrew",2023,-2.7550982004390936,93,-0.029624711832678424,-2.962471183267843,16,5.333333333333333,5.1,0.020253644302862434,2.775351844741956,4.683,2.984
622780,"Perdomo, Angel",2023,-2.752104138237912,341,-0.008070686622398569,-0.8070686622398571,58,19.333333333333332,19.1,0.07426336244382892,2.826367500681741,1.316,0.829
621053,"Ferguson, Tyler",2025,-2.7441485631055476,580,-0.004731290626044047,-0.47312906260440474,99,33.0,33.0,0.12631305049097002,2.8704616135965177,0.783,0.495
681810,"Warren, Austin",2025,-2.7376010427697604,124,-0.02207742776427226,-2.207742776427226,21,7.0,7.0,0.027004859070483243,2.764605901840244,3.554,2.23
621016,"Cuas, Jose",2022,-2.730936305983303,507,-0.005386462141978902,-0.53864621419789,84,28.0,28.0,0.11041502861883068,2.8413513346021335,0.913,0.56
692285,"Guerrero, Luis",2024,-2.7281933962157345,109,-0.02502929721298839,-2.5029297212988393,24,8.0,8.0,0.023738142247440915,2.7519315384631753,3.096,2.525
666205,"Muller, Kyle",2024,-2.7257248858595693,538,-0.005066403133567972,-0.5066403133567972,105,35.0,35.0,0.1171662433864515,2.842891129246021,0.731,0.528
605177,"Chafin, Andrew",2024,-2.7099479806490336,657,-0.00412473056415378,-0.4124730564153781,110,36.666666666666664,36.2,0.14308219684925397,2.8530301774982876,0.7,0.434
608371,"Sims, Lucas",2024,-2.6870428509907995,700,-0.003838632644272571,-0.3838632644272571,113,37.666666666666664,37.2,0.15244678507530865,2.839489636066108,0.678,0.406
663556,"McClanahan, Shane",2023,-2.685722032985716,999,-0.0026884104434291454,-0.2688410443429144,173,57.666666666666664,57.2,0.21756334041461906,2.903285373400335,0.453,0.291
642152,"Trivino, Lou",2025,-2.6805636837770503,568,-0.004719302260170863,-0.4719302260170864,97,32.333333333333336,32.1,0.12369967703253615,2.8042633608095864,0.781,0.494
656818,"Overton, Connor",2022,-2.674113935331709,295,-0.009064793001124437,-0.9064793001124439,55,18.333333333333332,18.1,0.06424543085316578,2.738359366184875,1.344,0.928
690544,"Horn, Bailey",2025,-2.6707085368079615,189,-0.014130732998983923,-1.4130732998983926,30,10.0,10.0,0.04116063197033333,2.711869168778295,2.441,1.435
657424,"Gage, Matt",2022,-2.661213967760351,104,-0.02558859584384953,-2.558859584384953,22,7.333333333333333,7.1,0.02264923663976014,2.683863204400111,3.294,2.581
650633,"King, Michael",2025,-2.6493968891934343,1112,-0.0023825511593466137,-0.23825511593466114,201,67.0,67.0,0.24217260714820457,2.891569496341639,0.388,0.26
676477,"Whitlock, Garrett",2022,-2.648766312417087,776,-0.0034133586500220193,-0.34133586500220187,146,48.666666666666664,48.2,0.16899815031205642,2.8177644627291434,0.521,0.363
663158,"Suarez, Robert",2023,-2.6462146635884087,298,-0.008879914978484593,-0.8879914978484593,53,17.666666666666668,17.2,0.06489877421777425,2.711113437806183,1.381,0.91
657097,"Webb, Jacob",2023,-2.637393913934343,801,-0.0032926266091564834,-0.3292626609156483,138,46.0,46.0,0.17444267835046032,2.8118365922848034,0.55,0.351
657097,"Webb, Jacob",2025,-2.6360458966972193,673,-0.003916858687514442,-0.39168586875144423,125,41.666666666666664,41.2,0.14656669479383244,2.782612591491052,0.601,0.413
621345,"Minter, A.J.",2024,-2.63566026841999,390,-0.0067581032523589485,-0.6758103252358951,72,24.0,24.0,0.08493463739910052,2.7205949058190906,1.02,0.698
503449,"Peralta, Wily",2022,-2.6107838597221615,540,-0.004834784925411411,-0.483478492541141,81,27.0,27.0,0.11760180562952381,2.728385665351685,0.909,0.505
663574,"Santillan, Tony",2025,-2.6003192080552777,814,-0.0031944953415912504,-0.31944953415912497,137,45.666666666666664,45.2,0.17727383293043034,2.777593040985708,0.547,0.341
681402,"Varland, Gus",2024,-2.595159944206992,332,-0.007816746819900577,-0.7816746819900581,58,19.333333333333332,19.1,0.07230333235000352,2.6674632765569957,1.242,0.803
547001,"Poteet, Cody",2024,-2.5610328010775145,243,-0.010539229634063845,-1.0539229634063845,46,15.333333333333334,15.1,0.05292081253328571,2.6139536136108004,1.534,1.076
573186,"Stroman, Marcus",2024,-2.5459361533429385,2199,-0.0011577699651400357,-0.11577699651400342,370,123.33333333333333,123.1,0.4789006862580053,3.024836839600944,0.221,0.138
543766,"Shaw, Bryan",2023,-2.5433504820236563,568,-0.004477729721872634,-0.44777297218726353,96,32.0,32.0,0.12369967703253615,2.6670501590561924,0.75,0.47
650530,"Garcia, Bryan",2022,-2.543192309268594,317,-0.00802268867277159,-0.8022688672771588,57,19.0,19.0,0.06903661552696119,2.6122289247955552,1.237,0.824
669674,"Long, Sam",2024,-2.5373172488094653,604,-0.004200856372201102,-0.42008563722011,106,35.333333333333336,35.1,0.13153979740783775,2.668857046217303,0.68,0.442
676702,"Stratton, Hunter",2023,-2.526368513650277,147,-0.01718618036496787,-1.7186180364967873,29,9.666666666666666,9.2,0.03201382486581481,2.558382338516092,2.382,1.74
670766,"McCaughan, Darren",2025,-2.524117279521641,64,-0.03943933249252564,-3.943933249252564,14,4.666666666666667,4.2,0.013937991778313933,2.538055271299955,4.895,3.966
623465,"Phillips, Evan",2025,-2.5226374207234765,53,-0.04759693246648069,-4.759693246648069,9,3.0,3.0,0.011542399441416225,2.534179820164893,7.603,4.781
624522,"Thompson, Keegan",2022,-2.5196708288979113,1275,-0.001976212414821891,-0.19762124148218901,236,78.66666666666667,78.2,0.2776709299585979,2.797341758856509,0.32,0.219
669713,"Wesneski, Hayden",2024,-2.5151969579024827,814,-0.003089922552705753,-0.3089922552705752,157,52.333333333333336,52.1,0.17727383293043034,2.692470790832913,0.463,0.331
670912,"Oviedo, Johan",2025,-2.5024700122219863,427,-0.0058605855087165955,-0.5860585508716596,73,24.333333333333332,24.1,0.09299253889593827,2.5954625511179246,0.96,0.608
670046,"Rosenberg, Kenny",2023,-2.5022724112442276,368,-0.006799653291424531,-0.679965329142453,66,22.0,22.0,0.08014345272530511,2.582415863969533,1.056,0.702
680694,"Bradish, Kyle",2025,-2.501482007333192,253,-0.009887280661396016,-0.9887280661396016,42,14.0,14.0,0.05509862374864727,2.5565806310818395,1.644,1.011
690997,"McLean, Nolan",2025,-2.501284406355433,184,-0.013593936991062136,-1.3593936991062137,36,12.0,12.0,0.040071726362652556,2.5413561327180854,1.906,1.381
669330,"Wells, Tyler",2025,-2.501086805377674,174,-0.014374062099871689,-1.437406209987169,32,10.666666666666666,10.2,0.037893915147291006,2.5389807205249646,2.142,1.459
656578,"Jackson, Andre",2022,-2.500889204399915,129,-0.019386738018603994,-1.938673801860399,26,8.666666666666666,8.2,0.02809376467816402,2.528982969078079,2.626,1.96
664079,"Jay, Tyler",2024,-2.5006916034221565,122,-0.020497472159198005,-2.0497472159198002,19,6.333333333333333,6.1,0.026569296827410934,2.5272609002495674,3.591,2.072
669620,"Basso, Brady",2025,-2.500691603422156,114,-0.021935891258089087,-2.1935891258089084,21,7.0,7.0,0.024827047855121694,2.525518651277278,3.247,2.215
543475,"Lyles, Jordan",2024,-2.5004940024443973,72,-0.034729083367283295,-3.4729083367283295,15,5.0,5.0,0.015680240750603175,2.5161742431950005,4.529,3.495
667373,"Rondón, Angel",2022,-2.5004940024443973,86,-0.0290755116563302,-2.9075511656330195,15,5.0,5.0,0.018729176452109347,2.5192231788965067,4.535,2.929
595928,"Curtiss, John",2023,-2.5004305605690176,209,-0.011963782586454629,-1.196378258645463,42,14.0,14.0,0.04551625440105644,2.545946814970074,1.637,1.218
663704,"McArthur, James",2023,-2.4806024006678373,209,-0.011868911007980083,-1.1868911007980085,41,13.666666666666666,13.2,0.04551625440105644,2.5261186550688937,1.664,1.209
622503,"Crismatt, Nabil",2022,-2.476420400195969,788,-0.003142665482482194,-0.3142665482482195,148,49.333333333333336,49.1,0.1716115237704903,2.6480319239664594,0.483,0.336
666818,"Frías, Luis",2023,-2.4688249824773996,420,-0.005878154720184285,-0.5878154720184283,71,23.666666666666668,23.2,0.09146807104518519,2.5602930535225847,0.974,0.61
695243,"Miller, Mason",2023,-2.4676760917438063,607,-0.004065364236810224,-0.4065364236810226,98,32.666666666666664,32.2,0.1321931407724462,2.5998692325162525,0.716,0.428
689225,"Brieske, Beau",2023,-2.461963301256625,404,-0.006093968567466893,-0.6093968567466892,66,22.0,22.0,0.0879835731006067,2.5499468743572318,1.043,0.631
674841,"Alvarez, Andrew",2025,-2.459744800870922,244,-0.010080921315044762,-1.0080921315044762,41,13.666666666666666,13.2,0.05313859365482187,2.512883394525744,1.655,1.03
605280,"Holmes, Clay",2022,-2.4564692385378084,595,-0.0041285197286349724,-0.41285197286349706,111,37.0,37.0,0.12957976731401236,2.586049005851821,0.629,0.435
572703,"Bard, Luke",2022,-2.4544044560536773,99,-0.024791964202562397,-2.4791964202562395,19,6.333333333333333,6.1,0.021560331032079365,2.475964787085757,3.518,2.501
668665,"Nogosek, Stephen",2022,-2.4509184883938575,302,-0.008115624133754495,-0.8115624133754495,51,17.0,17.0,0.06576989870391887,2.5166883870977763,1.332,0.833
669308,"Reynolds, Sean",2024,-2.448238027720936,224,-0.010929634052325608,-1.0929634052325605,33,11.0,11.0,0.04878297122409876,2.4970209989450347,2.043,1.115
657508,"Baumann, Mike",2023,-2.4437390107065373,806,-0.0030319342564597237,-0.3031934256459722,144,48.0,48.0,0.17553158395814109,2.6192705946646786,0.491,0.325
641914,"Neuse, Sheldon",2022,-2.440943208700074,33,-0.07396797602121437,-7.396797602121438,11,3.6666666666666665,3.2,0.007186777010693122,2.448129985710767,6.009,7.419
605488,"Springs, Jeffrey",2024,-2.427177626100741,412,-0.005891207830341604,-0.5891207830341605,71,23.666666666666668,23.2,0.08972582207289594,2.516903448173637,0.957,0.611
663436,"Martin, Davis",2024,-2.4202605913383635,645,-0.003752342002074982,-0.3752342002074984,109,36.333333333333336,36.1,0.1404688233908201,2.5607294147291837,0.634,0.397
595928,"Curtiss, John",2025,-2.42022456868619,331,-0.007311856702979426,-0.7311856702979425,64,21.333333333333332,21.1,0.07208555122846737,2.492310119914657,1.051,0.753
681432,"Little, Luke",2023,-2.417679392390644,118,-0.020488808410090206,-2.0488808410090207,18,6.0,6.0,0.025698172341266312,2.4433775647319105,3.665,2.071
664294,"Moreta, Dauri",2025,-2.415845746886668,190,-0.01271497761519299,-1.2714977615192988,36,12.0,12.0,0.04137841309186949,2.4572241599785376,1.843,1.293
621139,"Kriske, Brooks",2023,-2.413370542477356,74,-0.03261311543888319,-3.2613115438883193,17,5.666666666666667,5.2,0.016115802993675484,2.4294863454710316,3.859,3.283
671305,"Otañez, Michel",2024,-2.4086622903538655,469,-0.0051357404911596275,-0.5135740491159625,80,26.666666666666668,26.2,0.1021393460004568,2.5108016363543224,0.847,0.535
605280,"Holmes, Clay",2023,-2.393059916521561,745,-0.0032121609617739074,-0.32121609617739066,127,42.333333333333336,42.1,0.16224693554443562,2.5553068520659967,0.543,0.343
681432,"Little, Luke",2024,-2.389537996413509,342,-0.006986953205887453,-0.6986953205887455,55,18.333333333333332,18.1,0.07448114356536507,2.464019139978874,1.21,0.72
622379,"Castillo, Luis",2022,-2.3876286924882333,43,-0.055526248662517055,-5.552624866251706,8,2.6666666666666665,2.2,0.009364588226054673,2.396993280714288,8.09,5.574
669724,"Hanifee, Brenan",2025,-2.380046574483734,791,-0.0030089084380325337,-0.3008908438032532,144,48.0,48.0,0.17226486713509875,2.5523114416188326,0.479,0.323
669459,"Nelson, Kyle",2022,-2.3790349769978967,464,-0.005127230553874778,-0.5127230553874776,85,28.333333333333332,28.1,0.10105044039277601,2.4800854173906726,0.788,0.535
691769,"Abner, Philip",2025,-2.3761744488672987,22,-0.10800792949396812,-10.800792949396811,4,1.3333333333333333,1.1,0.004791184673795414,2.380965633541094,16.072,10.823
592826,"Velasquez, Vince",2023,-2.372510742217316,486,-0.004881709346126165,-0.4881709346126163,83,27.666666666666668,27.2,0.10584162506657142,2.4783523672838874,0.806,0.51
672578,"Hernández, Carlos",2024,-2.36247883625972,506,-0.004668930506442135,-0.4668930506442134,82,27.333333333333332,27.1,0.11019724749729454,2.4726760837570145,0.814,0.489
689225,"Brieske, Beau",2022,-2.35928971284096,1287,-0.001833169940047366,-0.18331699400473656,241,80.33333333333333,80.1,0.28028430341703175,2.639574016257992,0.296,0.205
573204,"Thielbar, Caleb",2023,-2.3562940743924363,332,-0.007097271308410953,-0.7097271308410952,64,21.333333333333332,21.1,0.07230333235000352,2.4285974067424396,1.025,0.732
667725,"Tyler, Kyle",2022,-2.352748772767814,40,-0.05881871931919534,-5.881871931919534,11,3.6666666666666665,3.2,0.008711244861446208,2.36146001762926,5.796,5.904
640448,"Finnegan, Kyle",2025,-2.3467312674787024,461,-0.005090523356786773,-0.5090523356786772,94,31.333333333333332,31.1,0.10039709702816754,2.4471283645068698,0.703,0.531
607625,"Lugo, Seth",2022,-2.344269942486489,793,-0.0029562042149892673,-0.29562042149892653,142,47.333333333333336,47.1,0.17270042937817107,2.51697037186466,0.479,0.317
548384,"Raley, Brooks",2022,-2.3439550349578173,501,-0.0046785529639876595,-0.4678552963987659,92,30.666666666666668,30.2,0.10910834188961376,2.4530633768474313,0.72,0.49
686580,"Slaten, Justin",2025,-2.3381370438601987,279,-0.008380419512043723,-0.8380419512043723,56,18.666666666666668,18.2,0.0607609329085873,2.398897976768786,1.157,0.86
676050,"Naughton, Packy",2023,-2.335608857814284,66,-0.03538801299718612,-3.5388012997186116,13,4.333333333333333,4.1,0.014373554021386244,2.3499824118356702,4.881,3.561
623451,"Stephens, Jackson",2022,-2.335229957604318,667,-0.0035010943892118712,-0.350109438921187,116,38.666666666666664,38.2,0.1452600080646155,2.4804899656689336,0.577,0.372
663795,"Hagenman, Justin",2025,-2.3339311678288,258,-0.009046244836545736,-0.9046244836545736,52,17.333333333333332,17.1,0.05618752935632804,2.390118697185128,1.241,0.926
681217,"Silseth, Chase",2023,-2.3331918478272957,699,-0.0033378996392379053,-0.33378996392379046,121,40.333333333333336,40.1,0.15222900395377248,2.4854208517810683,0.555,0.356
656849,"Peterson, David",2025,-2.3213340066491406,1943,-0.0011947164213325478,-0.11947164213325467,343,114.33333333333333,114.1,0.42314871914474955,2.74448272579389,0.216,0.141
663767,"Shugart, Chase",2025,-2.3165195530406475,570,-0.004064069391299382,-0.406406939129938,104,34.666666666666664,34.2,0.12413523927560846,2.440654792316256,0.634,0.428
665871,"Assad, Javier",2025,-2.296638065040639,488,-0.004706225543116063,-0.4706225543116062,90,30.0,30.0,0.10627718730964374,2.4029152523502826,0.721,0.492
570257,"Rodríguez, Joely",2022,-2.2915357212866736,663,-0.003456313305108105,-0.34563133051081046,118,39.333333333333336,39.1,0.1443888835784709,2.4359246048651446,0.557,0.367
669194,"Nelson, Ryne",2024,-2.2848043638349314,2224,-0.0010273400916523971,-0.10273400916523968,406,135.33333333333334,135.1,0.48434521429640914,2.7691495781313407,0.184,0.125
676684,"Vest, Will",2025,-2.2824799523011676,777,-0.002937554636166239,-0.29375546361662386,132,44.0,44.0,0.1692159314335926,2.45169588373476,0.501,0.316
669721,"Daniel, Davis",2023,-2.2808244794808212,152,-0.015005424207110665,-1.5005424207110662,28,9.333333333333334,9.1,0.03310273047349559,2.3139272099543167,2.231,1.522
656353,"Davidson, Tucker",2024,-2.2663707458144646,67,-0.03382642904200694,-3.3826429042006936,14,4.666666666666667,4.2,0.014591335142922398,2.280962080957387,4.399,3.404
595411,"Sherriff, Ryan",2023,-2.265976772816479,104,-0.021788238200158454,-2.1788238200158445,20,6.666666666666667,6.2,0.02264923663976014,2.288626009456239,3.09,2.201
641729,"Jiménez, Joe",2023,-2.2642332937308787,726,-0.0031187786415025876,-0.31187786415025853,134,44.666666666666664,44.2,0.1581090942352487,2.422342387966127,0.488,0.334
676534,"Faucher, Calvin",2024,-2.2635116640714106,651,-0.003476976442506007,-0.34769764425060073,101,33.666666666666664,33.2,0.14177551012003703,2.4052871741914474,0.643,0.369
593576,"Neris, Héctor",2024,-2.26250988321439,752,-0.003008656759593604,-0.30086567595936037,127,42.333333333333336,42.1,0.1637714033951887,2.426281286609579,0.516,0.323
663753,"Knehr, Reiss",2022,-2.2461236576877144,242,-0.009281502717717828,-0.9281502717717829,40,13.333333333333334,13.1,0.052703031411749555,2.2988266890994637,1.552,0.95
548384,"Raley, Brooks",2024,-2.2386819418088963,79,-0.02833774609884679,-2.8337746098846783,12,4.0,4.0,0.01720470860135626,2.2558866504102526,5.076,2.856
664299,"Javier, Cristian",2024,-2.2359016654297625,317,-0.007053317556560765,-0.7053317556560766,54,18.0,18.0,0.06903661552696119,2.3049382809567236,1.152,0.727
571710,"Givens, Mychal",2022,-2.2337318744787513,693,-0.0032232783181511565,-0.32232783181511554,118,39.333333333333336,39.1,0.15092231722455554,2.384654191703307,0.546,0.344
656412,"Faedo, Alex",2024,-2.2155486247750567,722,-0.003068626904120577,-0.3068626904120576,121,40.333333333333336,40.1,0.15723796974910406,2.3727865945241606,0.529,0.329
573009,"Mantiply, Joe",2023,-2.2111316584971257,511,-0.004327067824847604,-0.4327067824847603,103,34.333333333333336,34.1,0.1112861531049753,2.322417811602101,0.609,0.454
608032,"Estévez, Carlos",2023,-2.207400859335005,749,-0.002947130653317764,-0.29471306533177644,127,42.333333333333336,42.1,0.16311806003058024,2.3705189193655856,0.504,0.316
592473,"Kolarek, Adam",2023,-2.1967153537794966,64,-0.034323677402804634,-3.4323677402804633,14,4.666666666666667,4.2,0.013937991778313933,2.2106533455578106,4.263,3.454
445276,"Jansen, Kenley",2023,-2.195233997820515,541,-0.004057733822219067,-0.40577338222190645,93,31.0,31.0,0.11781958675105997,2.313053584571575,0.672,0.428
656629,"Kopech, Michael",2024,-2.191734675210163,913,-0.0024005856245456333,-0.24005856245456325,152,50.666666666666664,50.2,0.1988341639625097,2.3905688391726727,0.425,0.262
571656,"Farmer, Buck",2024,-2.1899875200186116,986,-0.002221082677503663,-0.2221082677503661,174,58.0,58.0,0.21473218583464904,2.404719705853261,0.373,0.244
669212,"Morgan, Eli",2024,-2.1859280119702515,426,-0.005131286413075708,-0.5131286413075707,80,26.666666666666668,26.2,0.09277475777440211,2.278702769744654,0.769,0.535
676254,"Walker, Ryan",2025,-2.181813086765891,688,-0.0031712399516946087,-0.3171239951694607,124,41.333333333333336,41.1,0.14983341161687477,2.331646498382766,0.508,0.339
700187,"Taylor, Troy",2024,-2.1786720015659204,236,-0.009231661023584409,-0.9231661023584409,45,15.0,15.0,0.051396344682532624,2.230068346248453,1.338,0.945
572193,"Tepera, Ryan",2023,-2.173076561629308,157,-0.013841251984900051,-1.3841251984900051,24,8.0,8.0,0.03419163608117637,2.2072681977104844,2.483,1.406
669387,"Mlodzinski, Carmen",2025,-2.170144640628586,1368,-0.001586363041395165,-0.15863630413951654,237,79.0,79.0,0.2979245742614603,2.468069214890046,0.281,0.18
666204,"Jiménez, Dany",2022,-2.1573196539161934,410,-0.00526175525345413,-0.526175525345413,75,25.0,25.0,0.08929025982982364,2.246609913746017,0.809,0.548
592155,"Booser, Cam",2024,-2.1570745562936384,452,-0.004772288841357607,-0.47722888413576053,88,29.333333333333332,29.1,0.09843706693434215,2.2555116232279806,0.692,0.499
683769,"Gaddis, Hunter",2025,-2.1525320857966554,628,-0.003427598862733528,-0.34275988627335247,118,39.333333333333336,39.1,0.13676654432470547,2.289298630121361,0.524,0.365
645261,"Alcantara, Sandy",2023,-2.152016523314098,2508,-0.0008580608147185398,-0.0858060814718539,492,164.0,164.0,0.5461950528126772,2.6982115761267753,0.148,0.108
640448,"Finnegan, Kyle",2022,-2.148923570039304,791,-0.002716717534815808,-0.2716717534815805,138,46.0,46.0,0.17226486713509875,2.3211884371744027,0.454,0.293
677865,"Bruihl, Justin",2022,-2.143845762804893,264,-0.008120627889412473,-0.8120627889412473,55,18.333333333333332,18.1,0.057494216085544975,2.201339978890438,1.081,0.834
699911,"Darnell, Dugan",2025,-2.143214588791012,168,-0.012757229695184594,-1.2757229695184598,27,9.0,9.0,0.036587228418074075,2.179801817209086,2.18,1.298
592229,"Covey, Dylan",2023,-2.14057137510249,648,-0.0033033508875038426,-0.33033508875038425,109,36.333333333333336,36.1,0.14112216675542857,2.2816935418579187,0.565,0.352
450203,"Morton, Charlie",2022,-2.117455738999655,2175,-0.0009735428685055885,-0.09735428685055893,380,126.66666666666667,126.2,0.47367393934113755,2.5911296783407924,0.184,0.119
657697,"Nittoli, Vinny",2023,-2.1146066722014902,54,-0.03915938281854611,-3.9159382818546113,11,3.6666666666666665,3.2,0.011760180562952381,2.1263668527644426,5.219,3.938
686642,"Ellard, Fraser",2025,-2.114349112477753,269,-0.007860033875381981,-0.786003387538198,40,13.333333333333334,13.1,0.05858312169322575,2.172932234170979,1.467,0.808
592351,"Gray, Jon",2023,-2.105908171206465,1991,-0.0010577137976928502,-0.10577137976928483,375,125.0,125.0,0.433602212978485,2.53951038418495,0.183,0.128
663773,"Hoeing, Bryan",2025,-2.1023178713712154,113,-0.018604582932488633,-1.860458293248863,21,7.0,7.0,0.024609266733585537,2.1269271381048007,2.735,1.882
676679,"Vázquez, Luis",2025,-2.0868456247519056,31,-0.06731760079844856,-6.7317600798448565,9,3.0,3.0,0.006751214767620811,2.0935968395195266,6.281,6.754
605195,"Crick, Kyle",2022,-2.081905111210549,245,-0.008497571882492037,-0.8497571882492033,40,13.333333333333334,13.1,0.053356374776358025,2.135261485986907,1.441,0.872
605177,"Chafin, Andrew",2023,-2.0803386530647168,777,-0.0026773985238928142,-0.2677398523892814,127,42.333333333333336,42.1,0.1692159314335926,2.249554584498309,0.478,0.29
676879,"Ashby, Aaron",2024,-2.0778255957179845,425,-0.004889001401689376,-0.4889001401689371,75,25.0,25.0,0.09255697665286595,2.1703825723708503,0.781,0.511
573009,"Mantiply, Joe",2024,-2.0688261873114095,529,-0.003910824550683194,-0.3910824550683193,108,36.0,36.0,0.1152062132926261,2.1840324006040355,0.546,0.413
664202,"Cyr, Tyler",2022,-2.06354274954313,195,-0.01058227051047759,-1.0582270510477594,33,11.0,11.0,0.04246731869955026,2.1060100682426803,1.723,1.08
687849,"Kent, Zak",2025,-2.0605387986331176,215,-0.009583901388991244,-0.9583901388991243,32,10.666666666666666,10.2,0.04682294113027337,2.107361739763391,1.778,0.98
679885,"Martinez, Justin",2025,-2.053284175607828,199,-0.010318010932702654,-1.031801093270265,32,10.666666666666666,10.2,0.04333844318569489,2.0966226187935226,1.769,1.054
690986,"Harrison, Kyle",2025,-2.0517976577537147,473,-0.004337838599902145,-0.43378385999021446,87,29.0,29.0,0.1030104704866014,2.154808128240316,0.669,0.456
621053,"Ferguson, Tyler",2024,-2.0413722155473244,635,-0.0032147593945627156,-0.32147593945627145,112,37.333333333333336,37.1,0.13829101217545856,2.179663227722783,0.525,0.343
687396,"Headrick, Brent",2025,-2.0354008446860554,264,-0.007709851684416877,-0.7709851684416876,48,16.0,16.0,0.057494216085544975,2.0928950607716006,1.177,0.793
678692,"Henriquez, Ronny",2022,-2.024808882943797,181,-0.011186789408529265,-1.1186789408529265,36,12.0,12.0,0.039418382998044094,2.064227265941841,1.548,1.14
668834,"McGee, Easton",2025,-2.024808882943797,160,-0.01265505551839873,-1.265505551839873,33,11.0,11.0,0.03484497944578483,2.059653862389582,1.685,1.287
592848,"Weiss, Zack",2023,-2.0181190617218485,196,-0.010296525825111471,-1.0296525825111476,33,11.0,11.0,0.04268509982108642,2.060804161542935,1.686,1.051
642239,"Zastryzny, Rob",2023,-2.0119206765720867,283,-0.007109260341244122,-0.7109260341244125,49,16.333333333333332,16.1,0.06163205739473192,2.0735527339668187,1.143,0.733
656786,"Mushinski, Parker",2022,-2.006145170123173,71,-0.02825556577638272,-2.825556577638272,14,4.666666666666667,4.2,0.015462459629067019,2.02160762975224,3.899,2.847
607067,"Rea, Colin",2024,-2.003609096435953,1789,-0.0011199603669289843,-0.1119960366928983,321,107.0,107.0,0.38961042642818167,2.3932195228641344,0.201,0.134
608334,"Fulmer, Carson",2023,-2.0009880048887942,157,-0.012745146527954103,-1.2745146527954103,28,9.333333333333334,9.1,0.03419163608117637,2.0351796409699707,1.962,1.296
518397,"Alexander, Scott",2023,-2.000945194327573,514,-0.0038928894831275736,-0.3892889483127571,106,35.333333333333336,35.1,0.11193949646958377,2.1128846907971566,0.538,0.411
687362,"Gillispie, Connor",2024,-2.0007904039110356,138,-0.014498481187761127,-1.4498481187761127,23,7.666666666666667,7.2,0.03005379477198942,2.030844198683025,2.384,1.472
682052,"Lopez, Jacob",2024,-2.000592802933277,84,-0.023816580987300915,-2.381658098730091,18,6.0,6.0,0.018293614209037037,2.0188864171423138,3.028,2.403
677976,"Dobnak, Randy",2024,-2.000592802933277,109,-0.0183540624122319,-1.8354062412231895,17,5.666666666666667,5.2,0.023738142247440915,2.0243309451807177,3.215,1.857
656266,"Bukauskas, J.B.",2023,-2.000395201955518,52,-0.03846913849914457,-3.8469138499144573,12,4.0,4.0,0.01132461831988007,2.0117198202753976,4.526,3.869
676568,"Vanasco, Ricky",2024,-2.000395201955518,37,-0.05406473518798697,-5.4064735187986965,12,4.0,4.0,0.008057901496837742,2.0084531034523554,4.519,5.428
695549,"Jobe, Jackson",2024,-2.000395201955518,48,-0.041674900040739954,-4.167490004073995,13,4.333333333333333,4.1,0.01045349383373545,2.010848695789253,4.176,4.189
683766,"Koss, Christian",2025,-2.000395201955518,42,-0.04762845718941709,-4.762845718941709,12,4.0,4.0,0.009146807104518519,2.0095420090600364,4.521,4.785
642016,"Robert, Daniel",2024,-2.000395201955518,72,-0.027783266693826636,-2.778326669382663,11,3.6666666666666665,3.2,0.015680240750603175,2.016075442706121,4.949,2.8
660825,"Bazardo, Eduard",2022,-1.9991668565350118,175,-0.011423810608771496,-1.1423810608771494,35,11.666666666666666,11.2,0.03811169626882716,2.037278552803839,1.572,1.164
670174,"Winckowski, Josh",2023,-1.9978505429682232,1049,-0.0019045286396265236,-0.19045286396265237,186,62.0,62.0,0.2284523964914268,2.22630293945965,0.323,0.212
552640,"Kittredge, Andrew",2024,-1.9853871835766566,724,-0.0027422474911279787,-0.2742247491127981,149,49.666666666666664,49.2,0.15767353199217637,2.143060715568833,0.388,0.296
700363,"Smith-Shawver, AJ",2024,-1.9767719248782742,87,-0.0227215163779112,-2.27215163779112,13,4.333333333333333,4.1,0.018946957573645503,1.9957188824519196,4.145,2.294
621112,"Blackburn, Paul",2022,-1.9612809532180444,1532,-0.0012802094994895851,-0.12802094994895857,279,93.0,93.0,0.3336406781933898,2.2949216314114342,0.222,0.15
677649,"Duran, Ezequiel",2025,-1.9574216707802732,25,-0.07829686683121093,-7.829686683121094,10,3.3333333333333335,3.1,0.00544452803840388,1.962866198818677,5.3,7.851
686826,"Jarvis, Bryce",2023,-1.9529979906157622,370,-0.005278372947610168,-0.5278372947610165,70,23.333333333333332,23.1,0.08057901496837742,2.0335770055841396,0.784,0.55
664747,"Díaz, Alexis",2024,-1.9508151184485802,673,-0.0028986851685714418,-0.2898685168571442,111,37.0,37.0,0.14656669479383244,2.0973818132424125,0.51,0.312
676969,"de Geus, Brett",2024,-1.9327787058911987,108,-0.01789609912862221,-1.789609912862221,18,6.0,6.0,0.023520361125904762,1.9562990670171034,2.934,1.811
672391,"Ort, Kaleb",2024,-1.9147816162841034,303,-0.006319411274865028,-0.6319411274865028,63,21.0,21.0,0.06598767982545503,1.9807692961095584,0.849,0.654
622075,"Almonte, Yency",2024,-1.9093559110301221,160,-0.011933474443938264,-1.1933474443938266,30,10.0,10.0,0.03484497944578483,1.944200890475907,1.75,1.215
657044,"Thompson, Ryan",2024,-1.9072212412853022,686,-0.0027802058910864464,-0.27802058910864447,131,43.666666666666664,43.2,0.14939784937380246,2.0566190906591046,0.424,0.3
663986,"Stephan, Trevor",2023,-1.892958270673831,698,-0.0027119745998192423,-0.2711974599819244,130,43.333333333333336,43.1,0.15201122283223634,2.044969493506067,0.425,0.293
640444,"Crowe, Wil",2022,-1.84752191206079,1100,-0.0016795653746007181,-0.16795653746007172,178,59.333333333333336,59.1,0.23955923368977072,2.0870811457505605,0.317,0.19
669372,"Ginn, J.T.",2024,-1.8430834006334365,299,-0.00616415853054661,-0.6164158530546607,57,19.0,19.0,0.0651165553393104,1.908199955972747,0.904,0.638
621076,"Kaprielian, James",2022,-1.8388990395920086,1973,-0.000932031951136345,-0.09320319511363444,344,114.66666666666667,114.2,0.4296821527908342,2.2685811923828427,0.178,0.115
669062,"Miller, Erik",2024,-1.8376667146465517,1009,-0.001821275237508971,-0.182127523750897,153,51.0,51.0,0.2197411516299806,2.0574078662765323,0.363,0.204
605507,"Thompson, Zach",2025,-1.8355100573254046,60,-0.030591834288756743,-3.059183428875674,11,3.6666666666666665,3.2,0.013066867292169312,1.8485769246175738,4.537,3.081
663947,"Holton, Tyler",2025,-1.8232956719156161,827,-0.002204710606911265,-0.2204710606911266,154,51.333333333333336,51.1,0.18010498751040036,2.0034006594260165,0.351,0.242
682254,"Montgomery, Mason",2024,-1.81821050063383,134,-0.013568735079356941,-1.356873507935694,23,7.666666666666667,7.2,0.029182670285844797,1.847393170919675,2.169,1.379
668941,"Romero, JoJo",2022,-1.8174311923241302,206,-0.008822481516136554,-0.8822481516136553,34,11.333333333333334,11.1,0.04486291103644797,1.8622941033605782,1.479,0.904
686654,"Adcock, Ty",2023,-1.8039262877653934,190,-0.009494348882975755,-0.9494348882975749,41,13.666666666666666,13.2,0.04137841309186949,1.845304700857263,1.215,0.971
664849,"Young, Danny",2023,-1.8024387269601165,124,-0.01453579618516223,-1.4535796185162233,22,7.333333333333333,7.1,0.027004859070483243,1.8294435860305998,2.245,1.475
642203,"Widener, Taylor",2022,-1.7884073320727074,259,-0.006905047614180338,-0.6905047614180336,42,14.0,14.0,0.05640531047786419,1.8448126425505715,1.186,0.712
671111,"Peralta, Sammy",2023,-1.781945468897302,268,-0.006649050257079485,-0.6649050257079485,44,14.666666666666666,14.2,0.05836534057168959,1.8403108094689915,1.129,0.687
502202,"Boxberger, Brad",2023,-1.7813184819252184,231,-0.00771133541958969,-0.7711335419589688,41,13.666666666666666,13.2,0.05030743907485185,1.8316259210000703,1.206,0.793
607192,"Glasnow, Tyler",2022,-1.77954824360079,64,-0.027805441306262342,-2.7805441306262337,12,4.0,4.0,0.013937991778313933,1.793486235379104,4.035,2.802
608349,"Knebel, Corey",2022,-1.7746435487957009,525,-0.0033802734262775255,-0.3380273426277526,87,29.0,29.0,0.11433508880648148,1.8889786376021824,0.586,0.36
598264,"Barnes, Matt",2022,-1.7724149350487692,406,-0.004365554027213717,-0.4365554027213714,71,23.666666666666668,23.2,0.08841913534367901,1.8608340703924482,0.708,0.458
543507,"May, Trevor",2022,-1.7711696155383754,348,-0.005089567860742458,-0.5089567860742458,55,18.333333333333332,18.1,0.07578783029458201,1.8469574458329574,0.907,0.531
665734,"Felipe, Angel",2023,-1.7658966862507572,186,-0.009494068205649232,-0.9494068205649232,32,10.666666666666666,10.2,0.04050728860572487,1.8064039748564822,1.524,0.971
518748,"Grimm, Justin",2022,-1.7627869611349216,244,-0.0072245367259627935,-0.7224536725962794,41,13.666666666666666,13.2,0.05313859365482187,1.8159255547897435,1.196,0.744
519151,"Pressly, Ryan",2023,-1.75652049085611,739,-0.002376888350278904,-0.2376888350278903,141,47.0,47.0,0.16094024881521868,1.9174607396713288,0.367,0.259
673929,"Leasure, Jordan",2025,-1.7560750544978336,787,-0.0022313533094000426,-0.22313533094000418,131,43.666666666666664,43.2,0.17139374264895413,1.9274687971467879,0.397,0.245
621295,"Wittgren, Nick",2022,-1.7507909058881934,395,-0.004432382040223275,-0.4432382040223274,72,24.0,24.0,0.0860235430067813,1.8368144488949747,0.689,0.465
458677,"Wilson, Justin",2022,-1.7506909314163965,45,-0.03890424292036437,-3.8904242920364367,8,2.6666666666666665,2.2,0.009800150469126984,1.7604910818855235,5.942,3.912
687798,"Robertson, Nick",2024,-1.749422880897396,139,-0.012585776121564,-1.2585776121564,28,9.333333333333334,9.1,0.03027157589352557,1.7796944567909214,1.716,1.28
667755,"Soriano, José",2024,-1.7491407634252567,1474,-0.0011866626617539056,-0.11866626617539044,273,91.0,91.0,0.3210093731442928,2.0701501365695494,0.205,0.14
663687,"Harris, Hogan",2025,-1.7425425109529447,819,-0.0021276465335200788,-0.21276465335200762,136,45.333333333333336,45.1,0.1783627385381111,1.9209052494910557,0.381,0.235
680573,"Woods Richardson, Simeon",2024,-1.7424237155393483,1439,-0.0012108573422789078,-0.12108573422789069,241,80.33333333333333,80.1,0.31338703389052736,2.0558107494298756,0.23,0.143
656257,"Brigham, Jeff",2025,-1.7331044071333384,48,-0.03610634181527788,-3.610634181527788,10,3.3333333333333335,3.1,0.01045349383373545,1.7435579009670739,4.708,3.632
656641,"Latz, Jacob",2025,-1.7255068030977347,804,-0.002146152740171312,-0.21461527401713124,140,46.666666666666664,46.2,0.17509602171506877,1.9006028248128035,0.367,0.236
676206,"Tarnok, Freddy",2025,-1.7215385617768841,130,-0.013242604321360648,-1.324260432136065,21,7.0,7.0,0.028311545799700175,1.7498501075765842,2.25,1.346
677976,"Dobnak, Randy",2025,-1.7213409607991252,79,-0.021789126086064876,-2.178912608606488,15,5.0,5.0,0.01720470860135626,1.7385456694004815,3.129,2.201
660730,"Rodriguez, Elvin",2023,-1.7211433598213663,47,-0.036620071485560984,-3.662007148556099,10,3.3333333333333335,3.1,0.010235712712199294,1.7313790725335656,4.675,3.684
592454,"Kahnle, Tommy",2023,-1.6961279893297394,492,-0.00344741461245882,-0.34474146124588206,86,28.666666666666668,28.2,0.10714831179578836,1.8032763011255277,0.566,0.367
607259,"Martinez, Nick",2025,-1.6918471194838451,1796,-0.0009420084184208492,-0.09420084184208483,344,114.66666666666667,114.2,0.3911348942789347,2.0829820137627797,0.163,0.116
683004,"Leiter, Jack",2025,-1.6867555292825465,1848,-0.0009127464985295165,-0.09127464985295163,322,107.33333333333333,107.1,0.4024595125988148,2.0892150418813613,0.175,0.113
668665,"Nogosek, Stephen",2023,-1.6844571125659145,333,-0.005058429767465208,-0.505842976746521,55,18.333333333333332,18.1,0.07252111347153968,1.7569782260374542,0.863,0.528
624647,"González, Victor",2024,-1.6833580052482922,308,-0.0054654480689879615,-0.546544806898796,50,16.666666666666668,16.2,0.0670765854331358,1.750434590681428,0.945,0.568
697812,"Rock, Joe",2025,-1.680216724484715,145,-0.011587701548170449,-1.1587701548170448,23,7.666666666666667,7.2,0.031578262622742506,1.7117949871074576,2.009,1.181
663436,"Martin, Davis",2025,-1.6752202395476805,1816,-0.0009224781054777976,-0.09224781054777963,314,104.66666666666667,104.2,0.39549051670965785,2.0707107562573386,0.178,0.114
643511,"Rogers, Tyler",2023,-1.673987048687581,786,-0.0021297545148696957,-0.21297545148696945,150,50.0,50.0,0.17117596152741799,1.845163010214999,0.332,0.235
624133,"Suárez, Ranger",2024,-1.6722143971368473,1770,-0.0009447538966874844,-0.09447538966874848,329,109.66666666666667,109.2,0.3854725851189947,2.057686982255842,0.169,0.116
663897,"Williams, Luke",2025,-1.6619877680325612,71,-0.023408278422993818,-2.340827842299382,18,6.0,6.0,0.015462459629067019,1.6774502276616283,2.516,2.363
670288,"Fishman, Jake",2022,-1.6599948841309198,171,-0.009707572421818245,-0.9707572421818245,32,10.666666666666666,10.2,0.03724057178268254,1.6972354559136023,1.432,0.993
670046,"Rosenberg, Kenny",2022,-1.6450815147526656,94,-0.01750086717821985,-1.7500867178219852,17,5.666666666666667,5.2,0.020471425424398587,1.6655529401770641,2.645,1.772
680570,"Rodriguez, Grayson",2023,-1.643976472441151,1736,-0.0009469910555536584,-0.09469910555536566,290,96.66666666666667,96.2,0.37806802698676545,2.0220444994279165,0.188,0.116
667463,"King, John",2023,-1.6346922113652982,453,-0.003608592078069091,-0.36085920780690894,86,28.666666666666668,28.2,0.0986548480558783,1.7333470594211764,0.544,0.383
669270,"Kuhnel, Joel",2023,-1.624278834936986,180,-0.009023771305205479,-0.9023771305205479,35,11.666666666666666,11.2,0.03920060187650794,1.663479436813494,1.283,0.924
676637,"Sanders, Phoenix",2022,-1.6193171195600373,144,-0.011245257774722482,-1.1245257774722481,30,10.0,10.0,0.03136048150120635,1.6506776010612436,1.486,1.146
543056,"Coulombe, Danny",2022,-1.614017433195851,175,-0.009222956761119148,-0.9222956761119148,28,9.333333333333334,9.1,0.03811169626882716,1.6521291294646783,1.593,0.944
647315,"Pop, Zach",2023,-1.6129271654185249,123,-0.013113228987142478,-1.3113228987142476,21,7.0,7.0,0.02678707794894709,1.639714243367472,2.108,1.333
672456,"Montero, Keider",2025,-1.5763964830996913,974,-0.0016184768820325373,-0.16184768820325346,176,58.666666666666664,58.2,0.21211881237621516,1.7885152954759065,0.274,0.184
801139,"Tolle, Payton",2025,-1.560439998144238,167,-0.009343952084696036,-0.9343952084696036,31,10.333333333333334,10.1,0.03636944729653792,1.596809445440776,1.391,0.956
608032,"Estévez, Carlos",2022,-1.5531608840511544,789,-0.0019685182307365707,-0.19685182307365706,128,42.666666666666664,42.2,0.17182930489202644,1.724990188943181,0.364,0.219
660593,"Reyes, Denyi",2022,-1.5436651345974006,117,-0.013193719099123083,-1.319371909912308,23,7.666666666666667,7.2,0.02548039121973016,1.5691455258171307,1.842,1.341
656266,"Bukauskas, J.B.",2024,-1.5422312089066668,88,-0.017525354646666668,-1.7525354646666662,18,6.0,6.0,0.019164738695181656,1.5613959476018484,2.342,1.774
682842,"Uribe, Abner",2023,-1.5368013123849056,411,-0.0037391759425423493,-0.37391759425423493,67,22.333333333333332,22.1,0.08950804095135978,1.6263093533362654,0.655,0.396
608718,"Suter, Brent",2024,-1.531431608749318,812,-0.0018859995181641847,-0.18859995181641837,148,49.333333333333336,49.1,0.17683827068735802,1.708269879436676,0.312,0.21
660825,"Bazardo, Eduard",2024,-1.528362162827971,410,-0.003727712592263344,-0.3727712592263344,74,24.666666666666668,24.2,0.08929025982982364,1.6176524226577946,0.59,0.395
687911,"King, Bryan",2024,-1.5170210763199121,262,-0.005790156779846993,-0.5790156779846991,51,17.0,17.0,0.05705865384247266,1.5740797301623848,0.833,0.601
676083,"Junk, Janson",2025,-1.5051337604622013,1060,-0.0014199375098700013,-0.14199375098700007,209,69.66666666666667,69.2,0.2308479888283245,1.7359817492905258,0.224,0.164
665622,"Medina, Luis",2024,-1.5041217061050616,461,-0.003262736889598832,-0.3262736889598832,75,25.0,25.0,0.10039709702816754,1.6045188031332291,0.578,0.348
680702,"Gerber, Joey",2025,-1.502152433639757,64,-0.023471131775621202,-2.3471131775621203,12,4.0,4.0,0.013937991778313933,1.516090425418071,3.411,2.369
685801,"Bigge, Hunter",2025,-1.5010868053776738,184,-0.008158080464009097,-0.8158080464009096,31,10.333333333333334,10.1,0.040071726362652556,1.5411585317403265,1.342,0.838
641816,"Mahle, Tyler",2024,-1.5004940024443973,76,-0.01974334213742628,-1.9743342137426279,15,5.0,5.0,0.016551365236747793,1.517045367681145,2.731,1.996
676477,"Whitlock, Garrett",2024,-1.5004940024443973,81,-0.018524617314128362,-1.8524617314128362,15,5.0,5.0,0.017640270844428572,1.5181342732888259,2.733,1.874
595014,"Treinen, Blake",2022,-1.5004940024443971,69,-0.02174628989049851,-2.1746289890498516,15,5.0,5.0,0.01502689738599471,1.5155208998303917,2.728,2.196
641343,"Bauers, Jake",2024,-1.5002964014666387,56,-0.02679100716904712,-2.679100716904711,8,2.6666666666666665,2.2,0.01219574280602469,1.5124921442726633,5.105,2.701
572888,"Greene, Shane",2023,-1.5002964014666385,42,-0.03572134289206282,-3.5721342892062817,8,2.6666666666666665,2.2,0.009146807104518519,1.5094432085711569,5.094,3.594
543391,"Kelly, Casey",2024,-1.5002964014666382,38,-0.03948148424912206,-3.948148424912206,9,3.0,3.0,0.008275682618373897,1.508572084085012,4.526,3.97
571704,"Giles, Ken",2022,-1.5002964014666382,39,-0.03846913849914457,-3.8469138499144573,9,3.0,3.0,0.008493463739910053,1.5087898652065483,4.526,3.869
686790,"McDonald, Trevor",2024,-1.5002964014666382,39,-0.03846913849914457,-3.8469138499144573,9,3.0,3.0,0.008493463739910053,1.5087898652065483,4.526,3.869
642086,"Smith, Dominic",2024,-1.5002964014666382,30,-0.05000988004888794,-5.000988004888794,8,2.6666666666666665,2.2,0.006533433646084656,1.506829835112723,5.086,5.023
670712,"Brosseau, Mike",2022,-1.5002964014666382,44,-0.034097645487878143,-3.4097645487878143,9,3.0,3.0,0.009582369347590828,1.5098787708142292,4.53,3.432
685005,"Roa, Christian",2025,-1.5002964014666382,41,-0.03659259515772288,-3.659259515772288,8,2.6666666666666665,2.2,0.008929025982982362,1.5092254274496206,5.094,3.681
543339,"Hudson, Daniel",2023,-1.5002964014666382,64,-0.023442131272916222,-2.3442131272916225,9,3.0,3.0,0.013937991778313933,1.5142343932449522,4.543,2.366
642215,"Wilson, Weston",2025,-1.5002964014666382,36,-0.041674900040739954,-4.167490004073995,9,3.0,3.0,0.007840120375301587,1.5081365218419398,4.524,4.189
688010,"Fisher, Nate",2022,-1.5002964014666382,50,-0.030005928029332763,-3.000592802933277,8,2.6666666666666665,2.2,0.01088905607680776,1.511185457543446,5.1,3.022
621199,"Bowman, Matt",2024,-1.4990110559515404,418,-0.003586150851558709,-0.35861508515587054,83,27.666666666666668,27.2,0.09103250880211287,1.5900435647536533,0.517,0.38
666129,"Garrett, Braxton",2022,-1.4937290878815066,982,-0.0015211090507958316,-0.15211090507958316,164,54.666666666666664,54.2,0.2138610613485044,1.707590149230011,0.281,0.174
665896,"Marte, José",2024,-1.4868328881646466,260,-0.0057185880314024875,-0.5718588031402488,45,15.0,15.0,0.05662309159940035,1.543455979764047,0.926,0.594
656793,"Nelson, Nick",2023,-1.4768707253671536,69,-0.021403923556045704,-2.1403923556045705,16,5.333333333333333,5.1,0.01502689738599471,1.4918976227531482,2.518,2.162
592222,"Claudio, Alex",2022,-1.4766731243893947,50,-0.029533462487787893,-2.9533462487787894,10,3.3333333333333335,3.1,0.01088905607680776,1.4875621804662025,4.016,2.975
518553,"Cishek, Steve",2022,-1.4726817428580006,896,-0.00164361801658259,-0.1643618016582591,153,51.0,51.0,0.19513188489639505,1.6678136277543956,0.294,0.186
676962,"Brown, Ben",2024,-1.468895205105349,455,-0.003228341110121646,-0.3228341110121644,84,28.0,28.0,0.09909041029895062,1.5679856154042997,0.504,0.345
664141,"Brubaker, JT",2025,-1.452986127171608,317,-0.004583552451645451,-0.4583552451645453,52,17.333333333333332,17.1,0.06903661552696119,1.5220227426985693,0.79,0.48
592254,"De León, José",2023,-1.445604259608009,229,-0.006312682356366852,-0.6312682356366852,41,13.666666666666666,13.2,0.049871876831779544,1.4954761364397886,0.985,0.653
628317,"Maeda, Kenta",2023,-1.4455461374664091,1423,-0.0010158440881703507,-0.10158440881703505,255,85.0,85.0,0.30990253594594885,1.755448673412358,0.186,0.123
656954,"Sheffield, Justus",2022,-1.4417336126111098,179,-0.008054377724084412,-0.8054377724084414,35,11.666666666666666,11.2,0.03898282075497178,1.4807164333660816,1.142,0.827
668670,"Rogers, Jake",2025,-1.4409432087000742,49,-0.029407004259185188,-2.9407004259185183,10,3.3333333333333335,3.1,0.010671274955271605,1.4516144836553457,3.919,2.962
656716,"McKinstry, Zach",2024,-1.4407456077223153,14,-0.10291040055159395,-10.291040055159396,5,1.6666666666666667,1.2,0.0030489357015061726,1.4437945434238215,7.796,10.313
686642,"Ellard, Fraser",2024,-1.4303453941578281,365,-0.003918754504541995,-0.3918754504541993,60,20.0,20.0,0.07949010936069664,1.5098355035185247,0.679,0.414
669620,"Basso, Brady",2024,-1.4248764131457181,321,-0.004438867330672019,-0.44388673306720183,60,20.0,20.0,0.06990774001310582,1.494784153158824,0.673,0.466
663558,"Moran, Jovani",2023,-1.4234768200091041,582,-0.0024458364604967426,-0.2445836460496744,98,32.666666666666664,32.2,0.12674861273404234,1.5502254327431464,0.427,0.266
676130,"Buttó, José",2025,-1.4215340521018458,777,-0.0018295161545712302,-0.18295161545712296,136,45.333333333333336,45.1,0.1692159314335926,1.5907499835354384,0.316,0.205
521230,"Hendriks, Liam",2025,-1.4130462284833611,195,-0.007246390915299288,-0.7246390915299286,33,11.0,11.0,0.04246731869955026,1.4555135471829115,1.191,0.746
606424,"García, Jarlín",2022,-1.4119805790251958,940,-0.0015021069989629742,-0.1502106998962974,180,60.0,60.0,0.2047142542439859,1.6166948332691817,0.243,0.172
670970,"Morejon, Adrian",2024,-1.4093286095010558,755,-0.0018666604099351733,-0.18666604099351727,132,44.0,44.0,0.16442474675979718,1.573753356260853,0.322,0.208
642232,"Yarbrough, Ryan",2023,-1.4080288702303008,1214,-0.0011598260875043665,-0.11598260875043664,225,75.0,75.0,0.2643862815448924,1.6724151517751933,0.201,0.138
686973,"Varland, Louie",2022,-1.4009844110376348,331,-0.004232581302228504,-0.42325813022285025,59,19.666666666666668,19.2,0.07208555122846737,1.473069962266102,0.674,0.445
664208,"Maton, Phil",2023,-1.3999518118781547,735,-0.0019046963426913668,-0.19046963426913632,143,47.666666666666664,47.2,0.16006912432907408,1.5600209362072288,0.295,0.212
671131,"Rutledge, Jackson",2024,-1.397942772997963,125,-0.011183542183983704,-1.1183542183983703,21,7.0,7.0,0.0272226401920194,1.4251654131899825,1.832,1.14
506433,"Darvish, Yu",2024,-1.3936014469019788,758,-0.001838524336282294,-0.18385243362822948,148,49.333333333333336,49.1,0.16507809012440564,1.5586795370263844,0.284,0.206
458681,"Lynn, Lance",2024,-1.393191829107702,1315,-0.0010594614670020547,-0.10594614670020534,228,76.0,76.0,0.2863821748200441,1.679574003927746,0.199,0.128
666159,"Manning, Matt",2022,-1.3853944917339316,679,-0.0020403453486508567,-0.20403453486508566,128,42.666666666666664,42.2,0.14787338152304938,1.5332678732569809,0.323,0.226
656550,"Holmes, Grant",2024,-1.3777390393663382,916,-0.0015040819207056094,-0.15040819207056086,175,58.333333333333336,58.1,0.19948750732711817,1.5772265466934563,0.243,0.172
594835,"Gonzales, Marco",2023,-1.3746184829544004,583,-0.0023578361628720417,-0.23578361628720387,101,33.666666666666664,33.2,0.12696639385557848,1.5015848768099789,0.401,0.258
573186,"Stroman, Marcus",2023,-1.3733509225751321,1934,-0.000710109060276697,-0.07101090602766948,344,114.66666666666667,114.2,0.42118868905092416,1.7945396116260564,0.141,0.093
606930,"Barnes, Jacob",2025,-1.3644006173665075,109,-0.012517436856573463,-1.2517436856573463,20,6.666666666666667,6.2,0.023738142247440915,1.3881387596139485,1.874,1.274
670036,"Festa, Matt",2022,-1.358199674920845,624,-0.0021766020431423796,-0.2176602043142379,115,38.333333333333336,38.1,0.13589541983856085,1.4940950947594058,0.351,0.239
670036,"Festa, Matt",2024,-1.3513049257063225,254,-0.005320098132702057,-0.5320098132702057,47,15.666666666666666,15.2,0.05531640487018342,1.406621330576506,0.808,0.554
489265,"Romo, Sergio",2022,-1.3450577149301715,220,-0.006113898704228052,-0.6113898704228053,37,12.333333333333334,12.1,0.04791184673795414,1.3929695616681257,1.016,0.633
624522,"Thompson, Keegan",2024,-1.3438702295707567,410,-0.0032777322672457483,-0.3277732267245748,65,21.666666666666668,21.2,0.08929025982982364,1.4331604894005805,0.595,0.35
670329,"Garcia, Rico",2025,-1.3267569274124642,435,-0.0030500159250861246,-0.30500159250861225,75,25.0,25.0,0.0947347878682275,1.4214917152806916,0.512,0.327
681892,"Funderburk, Kody",2025,-1.3240126433458779,522,-0.002536422688402065,-0.2536422688402064,83,27.666666666666668,27.2,0.11368174544187301,1.437694388787751,0.468,0.275
669459,"Nelson, Kyle",2024,-1.323058518182377,118,-0.011212360323579466,-1.1212360323579469,26,8.666666666666666,8.2,0.025698172341266312,1.3487566905236434,1.401,1.143
650895,"Castillo, Diego",2024,-1.3211664823595974,111,-0.011902400741978356,-1.1902400741978358,18,6.0,6.0,0.024173704490513228,1.3453401868501107,2.018,1.212
613534,"Adams, Austin",2023,-1.314108879040628,280,-0.004693245996573671,-0.4693245996573671,41,13.666666666666666,13.2,0.060978714030123456,1.3750875930707513,0.906,0.491
607216,"Krehbiel, Joey",2023,-1.3023027214847778,77,-0.016913022356945164,-1.691302235694516,14,4.666666666666667,4.2,0.01676914635828395,1.3190718678430617,2.544,1.713
682051,"Hill, Garrett",2022,-1.2986766157525031,841,-0.0015442052505975068,-0.15442052505975068,146,48.666666666666664,48.2,0.18315392321190652,1.4818305389644097,0.274,0.176
643338,"Green, Chad",2022,-1.2935396849238188,179,-0.007226478686725244,-0.7226478686725244,32,10.666666666666666,10.2,0.03898282075497178,1.3325225056787906,1.124,0.744
571656,"Farmer, Buck",2023,-1.288189049402526,881,-0.001462189613396738,-0.14621896133967363,152,50.666666666666664,50.2,0.19186516807335274,1.4800542174758788,0.263,0.168
608678,"Leone, Dominic",2023,-1.2874466502965016,700,-0.0018392095004235737,-0.1839209500423573,121,40.333333333333336,40.1,0.15244678507530865,1.4398934353718102,0.321,0.206
694037,"Palencia, Daniel",2024,-1.280042246045187,138,-0.009275668449602804,-0.9275668449602804,25,8.333333333333334,8.1,0.03005379477198942,1.3100960408171765,1.415,0.949
674681,"Plassmeyer, Michael",2022,-1.2800340755697857,9,-0.14222600839664284,-14.222600839664285,4,1.3333333333333333,1.1,0.001960030093825397,1.281994105663611,8.653,14.244
622088,"Antone, Tejay",2023,-1.2796470440896692,71,-0.01802319780407985,-1.802319780407985,13,4.333333333333333,4.1,0.015462459629067019,1.2951095037187363,2.69,1.824
801216,"Montes De Oca, Christian",2025,-1.2794494431119103,46,-0.02781411832851979,-2.781411832851979,8,2.6666666666666665,2.2,0.010017931590663139,1.2894673747025736,4.352,2.803
676083,"Junk, Janson",2023,-1.2661731448367057,31,-0.040844294994732445,-4.084429499473245,8,2.6666666666666665,2.2,0.006751214767620811,1.2729243596043265,4.296,4.106
448281,"Doolittle, Sean",2022,-1.2661731448367057,29,-0.04366114292540364,-4.366114292540366,8,2.6666666666666665,2.2,0.006315652524548501,1.2724887973612542,4.295,4.388
622065,"Young, Alex",2024,-1.2600249551902185,196,-0.006428698750970503,-0.6428698750970501,34,11.333333333333334,11.1,0.04268509982108642,1.3027100550113049,1.035,0.665
628452,"Iglesias, Raisel",2025,-1.2416341753441664,698,-0.0017788455234157112,-0.1778845523415711,140,46.666666666666664,46.2,0.15201122283223634,1.3936453981764028,0.269,0.2
571901,"Loup, Aaron",2022,-1.237057349109301,628,-0.001969836543167677,-0.19698365431676776,107,35.666666666666664,35.2,0.13676654432470547,1.3738238934340066,0.347,0.219
656232,"Bielak, Brandon",2022,-1.2353088624964859,226,-0.005465968418126043,-0.5465968418126044,36,12.0,12.0,0.049218533467171074,1.284527395963657,0.963,0.568
613534,"Adams, Austin",2022,-1.2343208576076914,48,-0.025715017866826905,-2.5715017866826906,6,2.0,2.0,0.01045349383373545,1.244774351441427,5.601,2.593
679358,"Orze, Eric",2025,-1.233621067855092,538,-0.002292975962555933,-0.22929759625559326,96,32.0,32.0,0.1171662433864515,1.3507873112415436,0.38,0.251
681871,"Villalobos, Eli",2024,-1.221242160310246,71,-0.01720059380718656,-1.7200593807186557,13,4.333333333333333,4.1,0.015462459629067019,1.236704619939313,2.569,1.742
660896,"Alcala, Jorge",2022,-1.221044559332487,40,-0.030526113983312175,-3.0526113983312166,6,2.0,2.0,0.008711244861446208,1.2297558041939332,5.534,3.074
670990,"Ramírez, Yohan",2022,-1.2143745299352098,497,-0.002443409516972253,-0.2443409516972252,86,28.666666666666668,28.2,0.10823721740346913,1.322611747338679,0.415,0.266
666204,"Jiménez, Dany",2023,-1.1966946396832827,349,-0.003428924469006541,-0.3428924469006543,64,21.333333333333332,21.1,0.07600561141611817,1.2727002510994008,0.537,0.365
622065,"Young, Alex",2022,-1.1948884828431423,340,-0.0035143778907151244,-0.3514377890715127,60,20.0,20.0,0.07404558132229276,1.268934064165435,0.571,0.373
622503,"Crismatt, Nabil",2025,-1.1818963327956657,379,-0.0031184599809912024,-0.31184599809912,73,24.333333333333332,24.1,0.08253904506220282,1.2644353778578685,0.468,0.334
642121,"Sulser, Cole",2024,-1.1799849640788085,223,-0.005291412394972235,-0.5291412394972234,36,12.0,12.0,0.04856519010256261,1.228550154181371,0.921,0.551
571946,"Miller, Shelby",2022,-1.1797227220403177,49,-0.02407597391919016,-2.407597391919016,8,2.6666666666666665,2.2,0.010671274955271605,1.1903939969955892,4.018,2.429
676206,"Tarnok, Freddy",2023,-1.173316006396251,238,-0.00492989918653887,-0.4929899186538869,35,11.666666666666666,11.2,0.05183190692560494,1.2251479133218561,0.945,0.515
594838,"Gosselin, Phil",2022,-1.1473775465973126,5,-0.22947550931946253,-22.947550931946253,3,1.0,1.0,0.001088905607680776,1.1484664522049934,10.336,22.969
656290,"Carlton, Drew",2023,-1.1409709349904733,245,-0.004657024224450911,-0.4657024224450909,48,16.0,16.0,0.053356374776358025,1.1943273097668314,0.672,0.487
640444,"Crowe, Wil",2023,-1.1368837889889256,103,-0.01103770668921287,-1.103770668921287,17,5.666666666666667,5.2,0.022431455518223984,1.1593152445071495,1.841,1.126
598286,"Ramirez, Nick",2023,-1.1315747744970768,524,-0.00215949384446007,-0.21594938444600673,96,32.0,32.0,0.11411730768494532,1.245692082182022,0.35,0.238
681035,"Scott, Christian",2024,-1.128415208686254,628,-0.0017968395042774745,-0.1796839504277473,114,38.0,38.0,0.13676654432470547,1.2651817530109595,0.3,0.201
670036,"Festa, Matt",2023,-1.1213539751910775,195,-0.005750533206108089,-0.5750533206108095,27,9.0,9.0,0.04246731869955026,1.1638212938906278,1.164,0.597
543901,"Weber, Ryan",2023,-1.1147450470653208,172,-0.006481075855030935,-0.6481075855030932,38,12.666666666666666,12.2,0.03745835290421869,1.1522033999695396,0.819,0.67
689690,"Jacob, Alek",2025,-1.110292732026857,444,-0.002500659306366795,-0.25006593063667915,80,26.666666666666668,26.2,0.09669481796205291,1.2069875499889098,0.407,0.272
806960,"Morales, Luis",2025,-1.1041448286432924,495,-0.0022305956134207926,-0.22305956134207908,85,28.333333333333332,28.1,0.10780165516039682,1.2119464838036893,0.385,0.245
642528,"Loáisiga, Jonathan",2023,-1.1032607599147144,195,-0.005657747486742125,-0.5657747486742125,39,13.0,13.0,0.04246731869955026,1.1457280786142647,0.793,0.588
690925,"Beeter, Clayton",2024,-1.1012880002065926,21,-0.052442285724123454,-5.244228572412345,6,2.0,2.0,0.004573403552259259,1.105861403758852,4.976,5.266
663978,"Paddack, Chris",2022,-1.0925003004769147,367,-0.002976840055795408,-0.29768400557954094,64,21.333333333333332,21.1,0.07992567160376896,1.1724259720806836,0.495,0.319
664776,"Cousins, Jake",2022,-1.0797977072197462,267,-0.004044186169362345,-0.40441861693623454,39,13.0,13.0,0.05814755945015344,1.1379452666698997,0.788,0.426
656814,"Ortiz, Luis F.",2023,-1.0773148157537502,226,-0.0047668797157245585,-0.4766879715724554,42,14.0,14.0,0.049218533467171074,1.1265333492209213,0.724,0.498
643338,"Green, Chad",2024,-1.073399192126783,548,-0.0019587576498663922,-0.19587576498663936,98,32.666666666666664,32.2,0.11934405460181305,1.1927432467285959,0.329,0.218
607067,"Rea, Colin",2023,-1.070100007409591,1616,-0.0006621905986445489,-0.0662190598644549,291,97.0,97.0,0.3519342924024268,1.422034299812018,0.132,0.088
663989,"Vespi, Nick",2024,-1.0654995918472692,147,-0.007248296543178702,-0.7248296543178702,30,10.0,10.0,0.03201382486581481,1.097513416713084,0.988,0.747
642528,"Loáisiga, Jonathan",2022,-1.0649766941110685,560,-0.0019017440966269082,-0.19017440966269072,99,33.0,33.0,0.12195742806024691,1.1869341221713154,0.324,0.212
669854,"Blanco, Ronel",2023,-1.0633052123217421,663,-0.0016037786007869414,-0.16037786007869406,113,37.666666666666664,37.2,0.1443888835784709,1.2076940959002131,0.289,0.182
592662,"Ray, Robbie",2024,-1.0609736964902887,474,-0.002238341131836052,-0.22383411318360502,77,25.666666666666668,25.2,0.10322825160813756,1.1642019480984263,0.408,0.246
663460,"Bubic, Kris",2023,-1.0603424266128907,235,-0.004512095432395279,-0.4512095432395277,44,14.666666666666666,14.2,0.051178563560996475,1.1115209901738872,0.682,0.473
657697,"Nittoli, Vinny",2024,-1.0601435966775998,114,-0.009299505234014033,-0.9299505234014032,21,7.0,7.0,0.024827047855121694,1.0849706445327216,1.395,0.952
570731,"Schoop, Jonathan",2023,-1.0589592197685784,17,-0.06229171880991638,-6.229171880991638,4,1.3333333333333333,1.1,0.0037022790661146382,1.062661498834693,7.173,6.251
621383,"Banks, Tanner",2022,-1.0454778081459881,712,-0.001468367708070208,-0.1468367708070207,126,42.0,42.0,0.1550601585337425,1.2005379666797307,0.257,0.169
664776,"Cousins, Jake",2024,-1.0427258260257632,470,-0.0022185655872888578,-0.22185655872888574,78,26.0,26.0,0.10235712712199295,1.1450829531477562,0.396,0.244
641656,"Hamilton, Ian",2025,-1.040238542428959,538,-0.001933528889273158,-0.1933528889273159,94,31.333333333333332,31.1,0.1171662433864515,1.1574047858154106,0.332,0.215
596112,"Stephenson, Robert",2022,-1.0397504224628498,737,-0.0014107875474394162,-0.14107875474394174,142,47.333333333333336,47.1,0.1605046865721464,1.2002551090349962,0.228,0.163
656638,"Lange, Alex",2024,-1.038087617664633,214,-0.004850876718059033,-0.48508767180590295,33,11.0,11.0,0.04660516000873721,1.0846927776733701,0.887,0.507
592351,"Gray, Jon",2024,-1.0372973896961373,1124,-0.0009228624463488766,-0.0922862446348875,206,68.66666666666667,68.2,0.24478598060663845,1.2820833703027756,0.168,0.114
663752,"Morris, Cody",2023,-1.028481249148416,104,-0.009889242780273231,-0.988924278027323,14,4.666666666666667,4.2,0.02264923663976014,1.0511304857881762,2.027,1.011
543391,"Kelly, Casey",2025,-1.0238208780550027,24,-0.04265920325229178,-4.265920325229178,4,1.3333333333333333,1.1,0.005226746916867725,1.0290476249718703,6.946,4.288
621363,"Poche, Colin",2022,-1.021208991669219,597,-0.001710567825241573,-0.17105678252415749,111,37.0,37.0,0.13001532955708464,1.1512243212263038,0.28,0.193
690925,"Beeter, Clayton",2025,-1.0211089811964607,336,-0.003039014824989466,-0.30390148249894644,54,18.0,18.0,0.07317445683614815,1.0942834380326087,0.547,0.326
519326,"Strickland, Hunter",2025,-1.020545345991633,270,-0.0037797975777467884,-0.37797975777467885,51,17.0,17.0,0.058800902814761906,1.0793462488063947,0.571,0.4
683822,"Uwasawa, Naoyuki",2024,-1.0123562492674898,62,-0.016328326601088544,-1.632832660108854,12,4.0,4.0,0.013502429535241622,1.0258586788027315,2.308,1.655
656876,"Rasmussen, Drew",2024,-1.0104026209071182,381,-0.0026519753829583157,-0.2651975382958316,68,22.666666666666668,22.2,0.08297460730527513,1.0933772282123932,0.434,0.287
642121,"Sulser, Cole",2022,-1.0083826207459587,530,-0.0019026087183886015,-0.19026087183886015,82,27.333333333333332,27.1,0.11542399441416225,1.123806615160121,0.37,0.212
592426,"Jackson, Luke",2023,-1.006793473672828,371,-0.0027137290395494013,-0.27137290395494007,71,23.666666666666668,23.2,0.08079679608991358,1.0875902697627415,0.414,0.293
663978,"Paddack, Chris",2024,-1.0056893652322825,1041,-0.0009660800818753915,-0.09660800818753928,186,62.0,62.0,0.22671014751913757,1.23239951275142,0.179,0.118
679775,"Backhus, Kyle",2025,-1.0054324977416076,297,-0.003385294605190598,-0.3385294605190596,50,16.666666666666668,16.2,0.06468099309623809,1.0701134908378456,0.578,0.36
547184,"Kelly, Michael",2023,-1.0039689918837698,220,-0.0045634954176534985,-0.45634954176534986,42,14.0,14.0,0.04791184673795414,1.051880838621724,0.676,0.478
687075,"Sproat, Brandon",2025,-1.001580807822071,229,-0.0043737153180003095,-0.437371531800031,45,15.0,15.0,0.049871876831779544,1.0514526846538506,0.631,0.459
593643,"Alberto, Hanser",2022,-1.0009880048887945,134,-0.007470059737976078,-0.7470059737976075,30,10.0,10.0,0.029182670285844797,1.0301706751746393,0.927,0.769
607644,"Means, John",2022,-1.0007904039110356,135,-0.007413262251192856,-0.7413262251192856,24,8.0,8.0,0.029400451407380953,1.0301908553184165,1.159,0.763
689520,"Laweryson, Cody",2025,-1.0003952019555178,55,-0.018189003671918506,-1.8189003671918507,12,4.0,4.0,0.011977961684488536,1.0123731636400064,2.278,1.841
664129,"Hartlieb, Geoff",2023,-1.0003952019555178,66,-0.015157503059932088,-1.5157503059932087,11,3.6666666666666665,3.2,0.014373554021386244,1.014768755976904,2.491,1.538
650960,"Duarte, Daniel",2024,-1.0003952019555178,55,-0.018189003671918506,-1.8189003671918507,12,4.0,4.0,0.011977961684488536,1.0123731636400064,2.278,1.841
643396,"Kiner-Falefa, Isiah",2023,-1.0003952019555178,51,-0.01961559219520623,-1.9615592195206228,12,4.0,4.0,0.011106837198343916,1.0115020391538616,2.276,1.983
676680,"Cosgrove, Tom",2025,-1.0003952019555178,64,-0.015631175030554965,-1.5631175030554965,12,4.0,4.0,0.013937991778313933,1.0143331937338318,2.282,1.585
656008,"Zabala, Aneurys",2022,-1.0001976009777591,34,-0.029417576499345857,-2.9417576499345843,5,1.6666666666666667,1.2,0.0074045581322292765,1.0076021591099884,5.441,2.964
573131,"Ruf, Darin",2022,-1.000197600977759,14,-0.07144268578412563,-7.144268578412562,6,2.0,2.0,0.0030489357015061726,1.003246536679265,4.515,7.166
518586,"Culberson, Charlie",2022,-1.000197600977759,28,-0.035721342892062816,-3.5721342892062817,6,2.0,2.0,0.006097871403012345,1.0062954723807713,4.528,3.594
572888,"Greene, Shane",2022,-1.000197600977759,26,-0.03846913849914457,-3.8469138499144573,6,2.0,2.0,0.005662309159940035,1.0058599101376988,4.526,3.869
623451,"Stephens, Jackson",2024,-1.000197600977759,30,-0.033339920032591966,-3.333992003259196,6,2.0,2.0,0.006533433646084656,1.0067310346238436,4.53,3.356
657697,"Nittoli, Vinny",2022,-1.000197600977759,40,-0.02500494002444397,-2.500494002444397,6,2.0,2.0,0.008711244861446208,1.008908845839205,4.54,2.522
676106,"Hancock, Emerson",2023,-1.000197600977759,31,-0.03226443874121803,-3.226443874121803,6,2.0,2.0,0.006751214767620811,1.0069488157453796,4.531,3.248
689690,"Jacob, Alek",2023,-1.000197600977759,31,-0.03226443874121803,-3.226443874121803,6,2.0,2.0,0.006751214767620811,1.0069488157453796,4.531,3.248
595978,"Hedges, Austin",2024,-1.000197600977759,20,-0.05000988004888794,-5.000988004888794,5,1.6666666666666667,1.2,0.004355622430723104,1.004553223408482,5.425,5.023
672782,"Gómez, Yoendrys",2023,-1.000197600977759,30,-0.033339920032591966,-3.3339920032591968,6,2.0,2.0,0.006533433646084656,1.0067310346238436,4.53,3.356
680837,"Fitzgerald, Ryan",2025,-1.000197600977759,24,-0.041674900040739954,-4.167490004073994,6,2.0,2.0,0.005226746916867725,1.0054243478946265,4.524,4.189
669111,"McMillon, John",2023,-1.000197600977759,24,-0.041674900040739954,-4.167490004073995,6,2.0,2.0,0.005226746916867725,1.0054243478946265,4.524,4.189
506702,"León, Sandy",2022,-1.000197600977759,17,-0.0588351529986917,-5.88351529986917,6,2.0,2.0,0.0037022790661146382,1.0038998800438734,4.518,5.905
517008,"Colomé, Alex",2023,-1.000197600977759,31,-0.03226443874121803,-3.226443874121803,5,1.6666666666666667,1.2,0.006751214767620811,1.0069488157453796,5.438,3.248
663455,"Pilkington, Konnor",2023,-1.000197600977759,40,-0.02500494002444397,-2.500494002444397,6,2.0,2.0,0.008711244861446208,1.008908845839205,4.54,2.522
685126,"Eisert, Brandon",2024,-1.000197600977759,27,-0.03704435559176885,-3.704435559176885,6,2.0,2.0,0.005880090281476191,1.006077691259235,4.527,3.726
660787,"De Los Santos, Yerry",2025,-1.000197600977759,27,-0.03704435559176885,-3.704435559176885,6,2.0,2.0,0.005880090281476191,1.006077691259235,4.527,3.726
660787,"De Los Santos, Yerry",2025,-1.000197600977759,27,-0.03704435559176885,-3.704435559176885,86,28.666666666666668,28.2,0.005880090281476191,1.006077691259235,0.316,3.726
623437,"Topa, Justin",2024,-1.000197600977759,15,-0.06667984006518393,-6.6679840065183935,6,2.0,2.0,0.003266716823042328,1.0034643178008011,4.516,6.69
672839,"Morales, Francisco",2022,-1.000197600977759,24,-0.041674900040739954,-4.167490004073995,5,1.6666666666666667,1.2,0.005226746916867725,1.0054243478946265,5.429,4.189
624431,"Trevino, Jose",2025,-0.9981788516462173,47,-0.021237847907366325,-2.1237847907366327,7,2.3333333333333335,2.1,0.010235712712199294,1.0084145643584166,3.89,2.146
666745,"Brito, Jhony",2024,-0.9956071256757586,455,-0.002188147528957711,-0.21881475289577107,96,32.0,32.0,0.09909041029895062,1.0946975359747093,0.308,0.241
683068,"Penrod, Zach",2024,-0.9910886711318811,72,-0.013765120432387238,-1.3765120432387237,10,3.3333333333333335,3.1,0.015680240750603175,1.0067689118824843,2.718,1.398
664294,"Moreta, Dauri",2022,-0.9882757293894775,474,-0.002084969893226746,-0.20849698932267438,83,27.666666666666668,27.2,0.10322825160813756,1.091503980997615,0.355,0.23
667297,"Nance, Tommy",2025,-0.9813105450363113,282,-0.003479824627788338,-0.34798246277883355,50,16.666666666666668,16.2,0.06141427627319577,1.042724821309507,0.563,0.37
696147,"Bachman, Sam",2023,-0.9777599297670687,268,-0.0036483579468920475,-0.36483579468920485,39,13.0,13.0,0.05836534057168959,1.0361252703387582,0.717,0.387
655889,"Rodríguez, Manuel",2022,-0.972378235654189,147,-0.006614817929620333,-0.661481792962033,28,9.333333333333334,9.1,0.03201382486581481,1.0043920605200038,0.969,0.683
672730,"Then, Juan",2023,-0.9613471819168656,163,-0.005897835471882611,-0.5897835471882611,31,10.333333333333334,10.1,0.0354983228103933,0.996845504727259,0.868,0.612
641329,"Baker, Bryan",2023,-0.9574149284641764,623,-0.0015367815866198658,-0.15367815866198642,103,34.333333333333336,34.1,0.13567763871702468,1.093092567181201,0.287,0.175
665795,"Cabrera, Edward",2023,-0.9533531671095509,1123,-0.0008489342538820577,-0.08489342538820571,184,61.333333333333336,61.1,0.24456819948510228,1.197921366594653,0.176,0.107
607259,"Martinez, Nick",2022,-0.9474796968266532,1093,-0.0008668615707471667,-0.08668615707471673,208,69.33333333333333,69.1,0.23803476583901764,1.1855144626656708,0.154,0.108
621114,"Burr, Ryan",2024,-0.946062395660182,527,-0.0017951848114993966,-0.17951848114993924,92,30.666666666666668,30.2,0.11477065104955379,1.0608330467097358,0.311,0.201
678022,"Perkins, Jack",2025,-0.9449543328424778,534,-0.0017695774023267373,-0.17695774023267363,97,32.333333333333336,32.1,0.11629511890030687,1.0612494517427846,0.295,0.199
518886,"Kimbrel, Craig",2025,-0.9418008876737369,180,-0.005232227153742983,-0.5232227153742983,26,8.666666666666666,8.2,0.03920060187650794,0.9810014895502449,1.019,0.545
643396,"Kiner-Falefa, Isiah",2025,-0.9406468072334359,7,-0.13437811531906227,-13.437811531906227,2,0.6666666666666666,0.2,0.0015244678507530863,0.942171275084189,12.719,13.46
663423,"Thornton, Trent",2024,-0.9387666307338042,887,-0.0010583614777156755,-0.10583614777156783,169,56.333333333333336,56.1,0.19317185480256965,1.1319384855363739,0.181,0.128
640470,"Alzolay, Adbert",2022,-0.9361760145387907,193,-0.004850652925071455,-0.48506529250714514,40,13.333333333333334,13.1,0.042031756456477956,0.9782077709952687,0.66,0.507
613534,"Adams, Austin",2024,-0.9307987368669162,513,-0.0018144224890193298,-0.1814422489019328,75,25.0,25.0,0.11172171534804762,1.0425204522149638,0.375,0.203
643493,"Pruitt, Austin",2023,-0.9271599895245081,547,-0.0016949908400813675,-0.16949908400813676,100,33.333333333333336,33.1,0.11912627348027689,1.0462862630047849,0.282,0.191
661440,"Llovera, Mauricio",2022,-0.9175439182937433,246,-0.00372985332639733,-0.37298533263973294,40,13.333333333333334,13.1,0.05357415589789418,0.9711180741916374,0.656,0.395
669093,"Estrada, Jeremiah",2025,-0.9036182814818589,826,-0.00109396886377949,-0.10939688637794888,140,46.666666666666664,46.2,0.17988720638886418,1.083505487870723,0.209,0.131
656794,"Newcomb, Sean",2023,-0.9000952066377196,233,-0.0038630695563850624,-0.3863069556385059,33,11.0,11.0,0.05074300131792416,0.9508382079556438,0.778,0.408
678394,"Bello, Brayan",2022,-0.9000063928151469,601,-0.0014975147966974159,-0.14975147966974145,94,31.333333333333332,31.1,0.13088645404322927,1.0308928468583762,0.296,0.172
663738,"Lynch IV, Daniel",2024,-0.8963582858811935,452,-0.0019830935528344987,-0.19830935528344992,88,29.333333333333332,29.1,0.09843706693434215,0.9947953528155357,0.305,0.22
670990,"Ramírez, Yohan",2025,-0.8910165042407455,424,-0.0021014540194357204,-0.21014540194357217,73,24.333333333333332,24.1,0.0923391955313298,0.9833556997720754,0.364,0.232
686826,"Jarvis, Bryce",2025,-0.8889130988436661,266,-0.0033417785670814514,-0.3341778567081452,47,15.666666666666666,15.2,0.05792977832861728,0.9468428771722833,0.544,0.356
641656,"Hamilton, Ian",2024,-0.8858235008131722,459,-0.0019298986945820746,-0.1929898694582075,83,27.666666666666668,27.2,0.09996153478509523,0.9857850355982674,0.321,0.215
669467,"Pallante, Andre",2024,-0.8852513226489978,1493,-0.0005929345764561271,-0.05929345764561281,264,88.0,88.0,0.3251472144534797,1.2103985371024775,0.124,0.081
642152,"Trivino, Lou",2022,-0.8844032949193272,729,-0.0012131732440594338,-0.1213173244059432,121,40.333333333333336,40.1,0.15876243759985714,1.0431657325191843,0.233,0.143
680880,"Holman, Grant",2024,-0.8842609391669793,211,-0.004190810138232129,-0.41908101382321306,36,12.0,12.0,0.04595181664412875,0.9302127558111081,0.698,0.441
658551,"Fernández, Junior",2022,-0.8725950486096319,252,-0.003462678764323936,-0.34626787643239376,39,13.0,13.0,0.05488084262711111,0.927475891236743,0.642,0.368
592779,"Stewart, Brock",2024,-0.8706130065136781,221,-0.003939425368840173,-0.39394253688401704,36,12.0,12.0,0.0481296278594903,0.9187426343731684,0.689,0.416
683232,"Mears, Nick",2022,-0.86716474357666,31,-0.027973056244408386,-2.7973056244408387,6,2.0,2.0,0.006751214767620811,0.8739159583442808,3.933,2.819
665871,"Assad, Javier",2022,-0.8640202509011532,609,-0.0014187524645339132,-0.1418752464533913,94,31.333333333333332,31.1,0.13262870301551852,0.9966489539166717,0.286,0.164
622608,"Senzatela, Antonio",2024,-0.860711232438687,139,-0.006192167139846669,-0.6192167139846672,21,7.0,7.0,0.03027157589352557,0.8909828083322126,1.146,0.641
685107,"Veneziano, Anthony",2023,-0.8556100886694904,24,-0.035650420361228764,-3.5650420361228763,4,1.3333333333333333,1.1,0.005226746916867725,0.8608368355863582,5.811,3.587
676070,"Amaya, Jacob",2025,-0.8524523713011756,6,-0.1420753952168626,-14.207539521686261,3,1.0,1.0,0.0013066867292169312,0.8537590580303925,7.684,14.229
680684,"Hoglund, Gunnar",2025,-0.8476841462814501,360,-0.002354678184115139,-0.23546781841151382,58,19.333333333333332,19.1,0.07840120375301587,0.9260853500344659,0.431,0.257
641729,"Jiménez, Joe",2022,-0.8464107880460354,855,-0.0009899541380655385,-0.09899541380655381,153,51.0,51.0,0.1862028589134127,1.0326136469594482,0.182,0.121
621074,"Rucker, Michael",2023,-0.8452068373570969,640,-0.0013206356833704639,-0.13206356833704624,102,34.0,34.0,0.13937991778313932,0.9845867551402362,0.261,0.154
605347,"López, Jorge",2025,-0.8447655968226261,271,-0.003117216224437735,-0.31172162244377316,53,17.666666666666668,17.2,0.059018683936298055,0.9037842807589241,0.46,0.333
621389,"Blach, Ty",2022,-0.8329713568315588,479,-0.0017389798681243399,-0.17389798681243396,101,33.666666666666664,33.2,0.10431715721581834,0.9372885140473771,0.251,0.196
681911,"Vesia, Alex",2023,-0.818731508186082,621,-0.0013184082257424832,-0.13184082257424778,108,36.0,36.0,0.13524207647395237,0.9539735846600343,0.238,0.154
691094,"Wynne, Randy",2023,-0.8176176977005534,34,-0.024047579344133922,-2.404757934413392,7,2.3333333333333335,2.1,0.0074045581322292765,0.8250222558327827,3.182,2.427
642659,"Espinal, Raynel",2022,-0.8176176977005534,32,-0.025550553053142293,-2.5550553053142293,7,2.3333333333333335,2.1,0.006968995889156966,0.8245866935897104,3.181,2.577
663485,"Sands, Cole",2023,-0.8148682090188932,358,-0.0022761681816170203,-0.22761681816170204,58,19.333333333333332,19.1,0.07796564150994356,0.8928338505288368,0.416,0.249
683003,"Jones, Jared",2024,-0.8078031608704965,1636,-0.0004937672132460248,-0.04937672132460236,306,102.0,102.0,0.3562899148331499,1.1640930757036465,0.103,0.071
660761,"Suarez, José",2022,-0.7968641292192056,1429,-0.0005576375991736918,-0.05576375991736916,261,87.0,87.0,0.31120922267516576,1.1080733518943713,0.115,0.078
641582,"Foster, Matt",2024,-0.794168052818653,108,-0.0073534078964690094,-0.7353407896469006,20,6.666666666666667,6.2,0.023520361125904762,0.8176884139445577,1.104,0.757
605446,"Rodríguez, Dereck",2023,-0.7898952224028288,41,-0.019265737131776314,-1.9265737131776317,10,3.3333333333333335,3.1,0.008929025982982362,0.7988242483858112,2.157,1.948
665152,"Kremer, Dean",2023,-0.7894957245208392,2282,-0.0003459665751625062,-0.03459665751625055,394,131.33333333333334,131.1,0.4969765193455062,1.2864722438663454,0.088,0.056
694738,"Roupp, Landen",2024,-0.7882375490363424,626,-0.001259165413796074,-0.12591654137960717,93,31.0,31.0,0.13633098208163316,0.9245685311179755,0.268,0.148
682790,"González, Wikelman",2025,-0.7878481891701242,349,-0.0022574446681092384,-0.22574446681092383,58,19.333333333333332,19.1,0.07600561141611817,0.8638538005862424,0.402,0.248
657571,"Ferguson, Caleb",2025,-0.7818188188180515,709,-0.0011027063735092404,-0.1102706373509239,135,45.0,45.0,0.15440681516913404,0.9362256339871855,0.187,0.132
696149,"Chandler, Bubba",2025,-0.7813266524006195,309,-0.002528565218124982,-0.25285652181249796,63,21.0,21.0,0.06729436655467196,0.8486210189552914,0.364,0.275
621363,"Poche, Colin",2024,-0.781231992025866,442,-0.001767493194628656,-0.1767493194628656,91,30.333333333333332,30.1,0.0962592557189806,0.8774912477448467,0.26,0.199
640902,"Pereda, Jhonny",2024,-0.7799352750809061,5,-0.1559870550161812,-15.59870550161812,1,0.3333333333333333,0.1,0.001088905607680776,0.7810241806885869,21.088,15.62
593934,"Sanó, Miguel",2024,-0.7799352750809061,3,-0.2599784250269687,-25.997842502696873,1,0.3333333333333333,0.1,0.0006533433646084656,0.7805886184455145,21.076,26.02
650339,"Palacios, Jermaine",2022,-0.7776989487399555,8,-0.09721236859249444,-9.721236859249444,2,0.6666666666666666,0.2,0.0017422489722892416,0.7794411977122447,10.522,9.743
518489,"Brasier, Ryan",2025,-0.7691363725031892,276,-0.0027867259873303957,-0.2786725987330394,51,17.0,17.0,0.06010758954397884,0.8292439620471681,0.439,0.3
641386,"Bowden, Ben",2025,-0.7666671472811033,121,-0.00633609212629011,-0.6336092126290107,23,7.666666666666667,7.2,0.026351515705874778,0.7930186629869781,0.931,0.655
683618,"Henriquez, Edgardo",2025,-0.7660766456179409,141,-0.00543316769941802,-0.5433167699418017,28,9.333333333333334,9.1,0.030707138136597884,0.7967837837545387,0.768,0.565
694359,"Kavadas, Niko",2025,-0.7660743443478264,25,-0.030642973773913056,-3.0642973773913056,5,1.6666666666666667,1.2,0.00544452803840388,0.7715188723862303,4.166,3.086
699134,"Rodriguez, Bradgley",2025,-0.7628805662836359,72,-0.010595563420606054,-1.0595563420606053,12,4.0,4.0,0.015680240750603175,0.778560807034239,1.752,1.081
622766,"Díaz, Miguel",2022,-0.7586626712316511,42,-0.01806339693408693,-1.8063396934086933,8,2.6666666666666665,2.2,0.009146807104518519,0.7678094783361696,2.591,1.828
664092,"Poppen, Sean",2022,-0.7506463249756216,344,-0.0021821114098128534,-0.21821114098128502,65,21.666666666666668,21.2,0.07491670580843739,0.8255630307840589,0.343,0.24
656546,"Hoffman, Jeff",2022,-0.7466524281316063,604,-0.0012361795167741825,-0.12361795167741833,90,30.0,30.0,0.13153979740783775,0.878192225539444,0.263,0.145
675919,"Raquet, Nick",2025,-0.7383855403422579,19,-0.03886239686011884,-3.886239686011884,3,1.0,1.0,0.004137841309186948,0.7425233816514448,6.683,3.908
673540,"Senga, Kodai",2024,-0.7346172590743298,73,-0.010063250124305888,-1.0063250124305887,16,5.333333333333333,5.1,0.015898021872139328,0.7505152809464691,1.266,1.028
518585,"Cruz, Fernando",2022,-0.7344632607737961,186,-0.003948727208461269,-0.3948727208461269,32,10.666666666666666,10.2,0.04050728860572487,0.7749705493795209,0.654,0.417
689958,"Walters, Andrew",2024,-0.721340960799125,94,-0.00767384000850133,-0.767384000850133,16,5.333333333333333,5.1,0.020471425424398587,0.7418123862235236,1.252,0.789
668800,"Knizner, Andrew",2024,-0.7209457588436075,17,-0.04240857404962397,-4.240857404962397,3,1.0,1.0,0.0037022790661146382,0.7246480379097221,6.522,4.263
592390,"Hembree, Heath",2023,-0.7209457588436075,18,-0.04005254215797819,-4.005254215797819,3,1.0,1.0,0.003920060187650794,0.7248658190312582,6.524,4.027
641871,"Middleton, Keynan",2023,-0.7202070554164971,580,-0.0012417363024422364,-0.12417363024422343,100,33.333333333333336,33.1,0.12631305049097002,0.8465201059074672,0.229,0.146
678606,"Ferrer, Jose A.",2025,-0.7062517739450712,843,-0.0008377838362337737,-0.0837783836233773,157,52.333333333333336,52.1,0.18358948545497883,0.88984125940005,0.153,0.106
689147,"Kerkering, Orion",2025,-0.6914097229451404,705,-0.0009807230112697026,-0.09807230112697025,115,38.333333333333336,38.1,0.15353569068298942,0.8449454136281298,0.198,0.12
686747,"La Sorsa, Joe",2024,-0.6866190592608454,251,-0.0027355341006408186,-0.27355341006408185,48,16.0,16.0,0.054663061505574956,0.7412821207664204,0.417,0.295
656986,"Sousa, Bennett",2023,-0.6862087944639701,112,-0.006126864236285447,-0.6126864236285445,20,6.666666666666667,6.2,0.02439148561204938,0.7106002800760195,0.959,0.634
674072,"Henry, Tommy",2025,-0.6832715066993615,107,-0.006385715015881884,-0.6385715015881882,18,6.0,6.0,0.023302580004368606,0.7065740867037301,1.06,0.66
665665,"Sanmartin, Reiver",2025,-0.6796239215514384,25,-0.027184956862057533,-2.718495686205753,5,1.6666666666666667,1.2,0.00544452803840388,0.6850684495898423,3.699,2.74
572125,"Selman, Sam",2022,-0.6777552751338537,233,-0.0029088209233212605,-0.2908820923321261,44,14.666666666666666,14.2,0.05074300131792416,0.7284982764517779,0.447,0.313
680729,"McDaniels, Garrett",2025,-0.6695970421264952,116,-0.005772388294193924,-0.5772388294193928,18,6.0,6.0,0.025262610098194003,0.6948596522246892,1.042,0.599
670329,"Garcia, Rico",2022,-0.6621853690103201,136,-0.0048690100662523534,-0.48690100662523533,24,8.0,8.0,0.029618232528917106,0.6918036015392373,0.778,0.509
690928,"Dobbins, Hunter",2025,-0.6609041882579064,660,-0.0010013699822089492,-0.10013699822089472,122,40.666666666666664,40.2,0.14373554021386242,0.8046397284717688,0.178,0.122
672851,"Adon, Joan",2024,-0.6607412224195683,128,-0.005162040800152878,-0.5162040800152877,25,8.333333333333334,8.1,0.027875983556627865,0.6886172059761962,0.744,0.538
670810,"Gillaspie, Logan",2025,-0.6605739179105294,66,-0.010008695725917113,-1.0008695725917112,12,4.0,4.0,0.014373554021386244,0.6749474719319157,1.519,1.023
642528,"Loáisiga, Jonathan",2024,-0.6592530276666002,48,-0.013734438076387504,-1.373443807638751,9,3.0,3.0,0.01045349383373545,0.6697065215003357,2.009,1.395
600917,"Leclerc, José",2025,-0.6534968214036403,183,-0.0035710208819871056,-0.3571020881987103,24,8.0,8.0,0.0398539452411164,0.6933507666447567,0.78,0.379
669111,"McMillon, John",2024,-0.6510598379830441,145,-0.004490067848158925,-0.4490067848158926,29,9.666666666666666,9.2,0.031578262622742506,0.6826381006057867,0.636,0.471
672582,"Zerpa, Angel",2022,-0.6482392321209804,86,-0.007537665489778842,-0.7537665489778844,18,6.0,6.0,0.018729176452109347,0.6669684085730898,1.0,0.776
571917,"Markel, Parker",2022,-0.6473679588146981,61,-0.010612589488765542,-1.0612589488765538,8,2.6666666666666665,2.2,0.013284648413705467,0.6606526072284036,2.23,1.083
663989,"Vespi, Nick",2023,-0.6451507357817519,170,-0.003795004328127952,-0.3795004328127952,33,11.0,11.0,0.03702279066114638,0.6821735264428982,0.558,0.401
700669,"Graceffo, Gordon",2024,-0.638685379571271,105,-0.006082717900678772,-0.6082717900678771,22,7.333333333333333,7.1,0.022867017761296297,0.6615523973325673,0.812,0.63
663559,"Falter, Bailey",2024,-0.6356599328016179,1560,-0.000407474315898473,-0.04074743158984714,298,99.33333333333333,99.1,0.3397385495964021,0.97539848239802,0.088,0.063
622098,"Smith, Drew",2024,-0.6353230820558275,285,-0.002229203796687114,-0.2229203796687116,47,15.666666666666666,15.2,0.06206761963780423,0.6973907016936318,0.401,0.245
681882,"Selby, Colin",2025,-0.6340583667984467,150,-0.004227055778656312,-0.42270557786563084,27,9.0,9.0,0.03266716823042328,0.66672553502887,0.667,0.444
673513,"Matsui, Yuki",2025,-0.6251363884244536,730,-0.0008563512170197995,-0.08563512170197982,131,43.666666666666664,43.2,0.15898021872139328,0.784116607145847,0.162,0.107
686654,"Adcock, Ty",2025,-0.6250100777727157,82,-0.007622074119179459,-0.7622074119179458,9,3.0,3.0,0.017858051965964725,0.6428681297386803,1.929,0.784
656730,"Megill, Trevor",2023,-0.6234056592422056,506,-0.0012320269945498134,-0.12320269945498119,82,27.333333333333332,27.1,0.11019724749729454,0.7336029067395001,0.242,0.145
621366,"Borucki, Ryan",2023,-0.6231171990098403,371,-0.0016795611833149335,-0.1679561183314933,81,27.0,27.0,0.08079679608991358,0.7039139950997539,0.235,0.19
542888,"Armstrong, Shawn",2022,-0.6174788175411642,804,-0.0007680084795288111,-0.07680084795288109,143,47.666666666666664,47.2,0.17509602171506877,0.792574839256233,0.15,0.099
686730,"Spiers, Carson",2025,-0.6135569133783203,150,-0.004090379422522135,-0.4090379422522135,27,9.0,9.0,0.03266716823042328,0.6462240816087436,0.646,0.431
571760,"Heaney, Andrew",2022,-0.6097503075725643,1164,-0.0005238404704231652,-0.05238404704231641,207,69.0,69.0,0.2534972254680847,0.863247533040649,0.113,0.074
650671,"Quijada, José",2024,-0.6054792298331947,279,-0.0021701764510150346,-0.21701764510150368,38,12.666666666666666,12.2,0.0607609329085873,0.666240162741782,0.473,0.239
683618,"Henriquez, Edgardo",2024,-0.6013868006954719,59,-0.01019299662195715,-1.0192996621957153,10,3.3333333333333335,3.1,0.012849086170633156,0.6142358868661051,1.658,1.041
646242,"Díaz, Jhonathan",2025,-0.601189199717713,26,-0.023122661527604345,-2.312266152760435,4,1.3333333333333333,1.1,0.005662309159940035,0.606851508877653,4.096,2.334
493603,"Ottavino, Adam",2025,-0.601189199717713,25,-0.02404756798870852,-2.404756798870852,4,1.3333333333333333,1.1,0.00544452803840388,0.6066337277561169,4.095,2.427
543351,"Jackson, Jay",2022,-0.601189199717713,12,-0.05009909997647608,-5.0099099976476085,4,1.3333333333333333,1.1,0.0026133734584338625,0.6038025731761468,4.076,5.032
681217,"Silseth, Chase",2025,-0.5801623581389863,145,-0.004001119711303354,-0.4001119711303356,20,6.666666666666667,6.2,0.031578262622742506,0.6117406207617289,0.826,0.422
543548,"Milone, Tommy",2023,-0.5782749062146695,163,-0.003547698811132942,-0.354769881113294,26,8.666666666666666,8.2,0.0354983228103933,0.6137732290250628,0.637,0.377
605155,"Brewer, Colten",2023,-0.5736959554580916,80,-0.007171199443226145,-0.7171199443226137,18,6.0,6.0,0.017422489722892415,0.591118445180984,0.887,0.739
670174,"Winckowski, Josh",2024,-0.5721788094352426,903,-0.0006336420923978323,-0.06336420923978321,166,55.333333333333336,55.1,0.19665635274714816,0.7688351621823908,0.125,0.085
667755,"Soriano, José",2023,-0.5701406959675499,594,-0.0009598328214941918,-0.09598328214941929,104,34.666666666666664,34.2,0.12936198619247619,0.6995026821600261,0.182,0.118
518489,"Brasier, Ryan",2024,-0.5648649919341402,281,-0.0020101957008332393,-0.20101957008332394,64,21.333333333333332,21.1,0.06119649515165961,0.6260614870857998,0.264,0.223
656794,"Newcomb, Sean",2024,-0.5619008283618385,118,-0.0047618714267952415,-0.47618714267952456,22,7.333333333333333,7.1,0.025698172341266312,0.5875990007031049,0.721,0.498
676508,"Casparius, Ben",2024,-0.5602423971664793,156,-0.0035912974177338417,-0.3591297417733841,24,8.0,8.0,0.03397385495964021,0.5942162521261195,0.668,0.381
518886,"Kimbrel, Craig",2022,-0.5571698925319803,801,-0.0006955928745717607,-0.0695592874571759,129,43.0,43.0,0.17444267835046032,0.7316125708824407,0.153,0.091
677020,"Walker, Josh",2024,-0.5539849382175119,143,-0.0038740205469756078,-0.3874020546975608,25,8.333333333333334,8.1,0.031142700379670193,0.5851276385971821,0.632,0.409
594835,"Gonzales, Marco",2024,-0.5485989284367369,455,-0.001205711930630191,-0.12057119306301911,83,27.666666666666668,27.2,0.09909041029895062,0.6476893387356875,0.211,0.142
606273,"Elías, Roenis",2022,-0.5436651345974005,114,-0.004768992408749127,-0.47689924087491303,23,7.666666666666667,7.2,0.024827047855121694,0.5684921824525222,0.667,0.499
661309,"Martínez, Adrián",2023,-0.5430757081989057,702,-0.0007736121199414611,-0.07736121199414624,126,42.0,42.0,0.15288234731838096,0.6959580555172866,0.149,0.099
668970,"Hollowell, Gavin",2022,-0.5275900789004258,86,-0.006134768359307276,-0.6134768359307277,14,4.666666666666667,4.2,0.018729176452109347,0.5463192553525351,1.054,0.635
592346,"González, Chi Chi",2023,-0.523919678543882,49,-0.010692238337630245,-1.0692238337630242,8,2.6666666666666665,2.2,0.010671274955271605,0.5345909534991536,1.804,1.091
669276,"Lee, Dylan",2023,-0.5168072948368714,345,-0.0014979921589474534,-0.14979921589474557,61,20.333333333333332,20.1,0.07513448692997354,0.5919417817668449,0.262,0.172
687145,"Justice, Evan",2024,-0.501757231684239,8,-0.06271965396052988,-6.2719653960529875,1,0.3333333333333333,0.1,0.0017422489722892416,0.5034994806565283,13.594,6.294
686751,"Johnson, Seth",2025,-0.501086805377674,175,-0.0028633531735867087,-0.28633531735867085,33,11.0,11.0,0.03811169626882716,0.5391985016465012,0.441,0.308
596112,"Stephenson, Robert",2025,-0.500889204399915,133,-0.0037660842436083837,-0.37660842436083847,27,9.0,9.0,0.02896488916430864,0.5298540935642236,0.53,0.398
680739,"Winder, Josh",2024,-0.5008892043999149,141,-0.0035524057049639356,-0.3552405704963934,28,9.333333333333334,9.1,0.030707138136597884,0.5315963425365128,0.513,0.377
665019,"Clemens, Kody",2022,-0.5006916034221562,88,-0.005689677311615412,-0.5689677311615412,20,6.666666666666667,6.2,0.019164738695181656,0.5198563421173379,0.702,0.591
668754,"Bristo, Braden",2023,-0.5006916034221561,114,-0.004392031608966282,-0.43920316089662814,20,6.666666666666667,6.2,0.024827047855121694,0.5255186512772778,0.709,0.461
663734,"Neidert, Nick",2022,-0.5004940024443972,82,-0.006103585395663381,-0.6103585395663382,15,5.0,5.0,0.017858051965964725,0.5183520544103619,0.933,0.632
675911,"Strider, Spencer",2024,-0.5004940024443971,90,-0.005561044471604413,-0.5561044471604413,15,5.0,5.0,0.01960030093825397,0.5200943033826511,0.936,0.578
668834,"McGee, Easton",2022,-0.5002964014666385,46,-0.010876008727535618,-1.0876008727535615,9,3.0,3.0,0.010017931590663139,0.5103143330573016,1.531,1.109
622503,"Crismatt, Nabil",2024,-0.5002964014666385,47,-0.010644604286524223,-1.0644604286524224,8,2.6666666666666665,2.2,0.010235712712199294,0.5105321141788377,1.723,1.086
542194,"Bethancourt, Christian",2022,-0.5002964014666385,40,-0.012507410036665962,-1.2507410036665958,9,3.0,3.0,0.008711244861446208,0.5090076463280847,1.527,1.273
689147,"Kerkering, Orion",2023,-0.5002964014666385,60,-0.008338273357777308,-0.8338273357777308,9,3.0,3.0,0.013066867292169312,0.5133632687588078,1.54,0.856
547184,"Kelly, Michael",2022,-0.5002964014666383,50,-0.010005928029332766,-1.0005928029332765,9,3.0,3.0,0.01088905607680776,0.5111854575434461,1.534,1.022
686676,"Lee, Korey",2025,-0.5002964014666383,44,-0.011370372760605417,-1.1370372760605418,8,2.6666666666666665,2.2,0.009582369347590828,0.5098787708142292,1.721,1.159
659275,"Lamet, Dinelson",2024,-0.5002964014666383,45,-0.011117697810369741,-1.1117697810369742,10,3.3333333333333335,3.1,0.009800150469126984,0.5100965519357653,1.377,1.134
571466,"Barnhart, Tucker",2023,-0.5002964014666383,30,-0.016676546715554613,-1.6676546715554612,9,3.0,3.0,0.006533433646084656,0.506829835112723,1.52,1.689
691094,"Wynne, Randy",2025,-0.5002964014666383,47,-0.01064460428652422,-1.0644604286524217,9,3.0,3.0,0.010235712712199294,0.5105321141788376,1.532,1.086
605612,"Castro, Harold",2022,-0.5002964014666383,35,-0.01429418289904681,-1.4294182899046814,8,2.6666666666666665,2.2,0.007622339253765432,0.5079187407204038,1.714,1.451
687396,"Headrick, Brent",2024,-0.5002964014666383,60,-0.008338273357777306,-0.8338273357777305,9,3.0,3.0,0.013066867292169312,0.5133632687588077,1.54,0.856
660600,"Paredes, Enoli",2022,-0.5002964014666383,57,-0.008777129850291901,-0.8777129850291903,8,2.6666666666666665,2.2,0.012413523927560847,0.5127099253941992,1.73,0.899
687847,"Church, Marc",2024,-0.5000988004888796,15,-0.03333992003259197,-3.333992003259197,3,1.0,1.0,0.003266716823042328,0.5033655173119219,4.53,3.356
676475,"Burleson, Alec",2025,-0.5000988004888796,7,-0.07144268578412565,-7.144268578412562,2,0.6666666666666666,0.2,0.0015244678507530863,0.5016232683396327,6.772,7.166
656976,"Smith, Pavin",2024,-0.5000988004888796,17,-0.029417576499345857,-2.9417576499345843,2,0.6666666666666666,0.2,0.0037022790661146382,0.5038010795549942,6.801,2.964
571875,"Lamb, Jake",2023,-0.5000988004888796,8,-0.06251235006110994,-6.251235006110993,3,1.0,1.0,0.0017422489722892416,0.5018410494611688,4.517,6.273
682016,"Woods, William",2022,-0.5000988004888796,13,-0.03846913849914458,-3.8469138499144564,2,0.6666666666666666,0.2,0.0028311545799700175,0.5029299550688495,6.79,3.869
657061,"Tucker, Cole",2024,-0.5000988004888794,10,-0.05000988004888794,-5.000988004888794,2,0.6666666666666666,0.2,0.002177811215361552,0.502276611704241,6.781,5.023
572816,"Dickerson, Corey",2022,-0.5000988004888794,18,-0.027783266693826636,-2.778326669382663,3,1.0,1.0,0.003920060187650794,0.5040188606765302,4.536,2.8
650489,"Castro, Willi",2024,-0.5000988004888794,9,-0.05556653338765327,-5.556653338765328,3,1.0,1.0,0.001960030093825397,0.5020588305827048,4.519,5.578
650489,"Castro, Willi",2025,-0.5000988004888794,12,-0.041674900040739954,-4.167490004073995,3,1.0,1.0,0.0026133734584338625,0.5027121739473133,4.524,4.189
670183,"Acton, Garrett",2025,-0.5000988004888794,21,-0.023814228594708546,-2.3814228594708546,3,1.0,1.0,0.004573403552259259,0.5046722040411387,4.542,2.403
663967,"Salazar, César",2025,-0.5000988004888794,11,-0.045463527317170856,-4.546352731717086,3,1.0,1.0,0.002395592336897707,0.5024943928257771,4.522,4.568
656638,"Lange, Alex",2025,-0.5000988004888794,20,-0.02500494002444397,-2.500494002444397,3,1.0,1.0,0.004355622430723104,0.5044544229196025,4.54,2.522
592741,"Shreve, Chasen",2024,-0.5000988004888794,10,-0.05000988004888794,-5.000988004888794,3,1.0,1.0,0.002177811215361552,0.502276611704241,4.52,5.023
606115,"Arcia, Orlando",2022,-0.5000988004888794,10,-0.05000988004888794,-5.000988004888794,3,1.0,1.0,0.002177811215361552,0.502276611704241,4.52,5.023
663897,"Williams, Luke",2023,-0.5000988004888794,6,-0.08334980008147991,-8.33498000814799,3,1.0,1.0,0.0013066867292169312,0.5014054872180964,4.513,8.357
571863,"Koch, Matt",2022,-0.5000988004888794,12,-0.041674900040739954,-4.167490004073995,3,1.0,1.0,0.0026133734584338625,0.5027121739473133,4.524,4.189
680862,"MacIver, Willie",2025,-0.5000988004888794,10,-0.05000988004888794,-5.000988004888794,3,1.0,1.0,0.002177811215361552,0.502276611704241,4.52,5.023
673258,"Baez, Michel",2022,-0.5000988004888794,12,-0.041674900040739954,-4.167490004073995,3,1.0,1.0,0.0026133734584338625,0.5027121739473133,4.524,4.189
670156,"Mastrobuoni, Miles",2025,-0.5000988004888794,23,-0.02174342610821215,-2.174342610821215,3,1.0,1.0,0.0050089657953315695,0.5051077662842111,4.546,2.196
545121,"Vargas, Ildemaro",2022,-0.5000988004888794,6,-0.08334980008147991,-8.33498000814799,3,1.0,1.0,0.0013066867292169312,0.5014054872180964,4.513,8.357
608686,"Mayfield, Jack",2022,-0.5000988004888794,13,-0.03846913849914457,-3.8469138499144573,3,1.0,1.0,0.0028311545799700175,0.5029299550688494,4.526,3.869
572362,"Erlin, Robbie",2022,-0.5000988004888794,22,-0.022731763658585428,-2.273176365858543,3,1.0,1.0,0.004791184673795414,0.5048899851626749,4.544,2.295
545341,"Grichuk, Randal",2022,-0.5000988004888794,10,-0.05000988004888794,-5.000988004888794,3,1.0,1.0,0.002177811215361552,0.502276611704241,4.52,5.023
669722,"Davidson, Logan",2025,-0.5000988004888794,14,-0.035721342892062816,-3.5721342892062817,3,1.0,1.0,0.0030489357015061726,0.5031477361903857,4.528,3.594
571912,"Maile, Luke",2025,-0.5000988004888794,13,-0.03846913849914457,-3.8469138499144573,3,1.0,1.0,0.0028311545799700175,0.5029299550688494,4.526,3.869
600986,"Vieira, Thyago",2023,-0.5000988004888794,12,-0.041674900040739954,-4.167490004073995,3,1.0,1.0,0.0026133734584338625,0.5027121739473133,4.524,4.189
664202,"Cyr, Tyler",2023,-0.5000988004888794,12,-0.041674900040739954,-4.167490004073995,3,1.0,1.0,0.0026133734584338625,0.5027121739473133,4.524,4.189
572008,"Owings, Chris",2023,-0.5000988004888794,9,-0.05556653338765327,-5.556653338765326,3,1.0,1.0,0.001960030093825397,0.5020588305827048,4.519,5.578
656924,"Ryan, Ryder",2023,-0.5000988004888794,13,-0.03846913849914457,-3.8469138499144573,3,1.0,1.0,0.0028311545799700175,0.5029299550688494,4.526,3.869
669395,"Coleman, Dylan",2024,-0.5000988004888794,16,-0.031256175030554965,-3.1256175030554965,3,1.0,1.0,0.003484497944578483,0.503583298433458,4.532,3.147
663971,"Calvo, Blair",2023,-0.5000988004888794,11,-0.045463527317170856,-4.546352731717086,3,1.0,1.0,0.002395592336897707,0.5024943928257771,4.522,4.568
607054,"Peterson, Jace",2022,-0.5000988004888794,8,-0.06251235006110993,-6.251235006110993,3,1.0,1.0,0.0017422489722892416,0.5018410494611687,4.517,6.273
680742,"Bowlan, Jonathan",2023,-0.5000988004888794,27,-0.018522177795884425,-1.8522177795884425,3,1.0,1.0,0.005880090281476191,0.5059788907703556,4.554,1.874
663975,"Duron, Nick",2022,-0.5000988004888794,16,-0.031256175030554965,-3.1256175030554965,2,0.6666666666666666,0.2,0.003484497944578483,0.503583298433458,6.798,3.147
553902,"Astudillo, Willians",2022,-0.5000988004888794,15,-0.033339920032591966,-3.3339920032591968,3,1.0,1.0,0.003266716823042328,0.5033655173119218,4.53,3.356
670032,"Lopez, Nicky",2023,-0.5000988004888794,12,-0.041674900040739954,-4.167490004073995,3,1.0,1.0,0.0026133734584338625,0.5027121739473133,4.524,4.189
669193,"Little, Jack",2025,-0.5000988004888794,9,-0.05556653338765327,-5.556653338765328,3,1.0,1.0,0.001960030093825397,0.5020588305827048,4.519,5.578
666197,"Kessinger, Grae",2024,-0.5000988004888794,11,-0.045463527317170856,-4.546352731717086,3,1.0,1.0,0.002395592336897707,0.5024943928257771,4.522,4.568
623507,"Lester, Josh",2023,-0.5000988004888794,18,-0.027783266693826636,-2.778326669382664,3,1.0,1.0,0.003920060187650794,0.5040188606765302,4.536,2.8
683021,"Stefanic, Michael",2025,-0.5000988004888794,7,-0.07144268578412563,-7.1442685784125635,3,1.0,1.0,0.0015244678507530863,0.5016232683396326,4.515,7.166
501303,"Adrianza, Ehire",2022,-0.5000988004888794,12,-0.041674900040739954,-4.167490004073995,3,1.0,1.0,0.0026133734584338625,0.5027121739473133,4.524,4.189
703231,"Meeker, James",2024,-0.5000988004888794,16,-0.031256175030554965,-3.1256175030554965,2,0.6666666666666666,0.2,0.003484497944578483,0.503583298433458,6.798,3.147
681584,"Villar, David",2023,-0.5000988004888794,8,-0.06251235006110993,-6.251235006110993,2,0.6666666666666666,0.2,0.0017422489722892416,0.5018410494611687,6.775,6.273
622766,"Díaz, Miguel",2024,-0.5000988004888794,10,-0.05000988004888794,-5.000988004888794,3,1.0,1.0,0.002177811215361552,0.502276611704241,4.52,5.023
642215,"Wilson, Weston",2024,-0.5000988004888794,8,-0.06251235006110993,-6.251235006110993,3,1.0,1.0,0.0017422489722892416,0.5018410494611687,4.517,6.273
676617,"O'Brien, Riley",2022,-0.5000988004888794,23,-0.02174342610821215,-2.174342610821215,3,1.0,1.0,0.0050089657953315695,0.5051077662842111,4.546,2.196
622569,"Reyes, Pablo",2024,-0.5000988004888794,18,-0.027783266693826636,-2.778326669382664,3,1.0,1.0,0.003920060187650794,0.5040188606765302,4.536,2.8
622569,"Reyes, Pablo",2022,-0.5000988004888794,9,-0.05556653338765327,-5.556653338765328,3,1.0,1.0,0.001960030093825397,0.5020588305827048,4.519,5.578
518626,"Donaldson, Josh",2023,-0.5000988004888794,11,-0.045463527317170856,-4.546352731717086,3,1.0,1.0,0.002395592336897707,0.5024943928257771,4.522,4.568
683021,"Stefanic, Michael",2024,-0.5000988004888794,15,-0.033339920032591966,-3.3339920032591968,3,1.0,1.0,0.003266716823042328,0.5033655173119218,4.53,3.356
622268,"Walton, Donovan",2024,-0.5000988004888794,13,-0.03846913849914457,-3.8469138499144573,3,1.0,1.0,0.0028311545799700175,0.5029299550688494,4.526,3.869
664901,"Mendick, Danny",2024,-0.5000988004888794,15,-0.033339920032591966,-3.3339920032591968,2,0.6666666666666666,0.2,0.003266716823042328,0.5033655173119218,6.795,3.356
641658,"Hampson, Garrett",2025,-0.5000988004888794,3,-0.16669960016295982,-16.66996001629598,3,1.0,1.0,0.0006533433646084656,0.5007521438534879,4.507,16.692
660634,"Hernández, Yonny",2023,-0.5000988004888794,10,-0.05000988004888794,-5.000988004888794,3,1.0,1.0,0.002177811215361552,0.502276611704241,4.52,5.023
624512,"McGuire, Reese",2022,-0.5000988004888794,7,-0.07144268578412563,-7.1442685784125635,3,1.0,1.0,0.0015244678507530863,0.5016232683396326,4.515,7.166
543063,"Crawford, Brandon",2023,-0.5000988004888794,20,-0.02500494002444397,-2.500494002444397,3,1.0,1.0,0.004355622430723104,0.5044544229196025,4.54,2.522
679845,"Loftin, Nick",2024,-0.5000988004888794,8,-0.06251235006110993,-6.251235006110993,2,0.6666666666666666,0.2,0.0017422489722892416,0.5018410494611687,6.775,6.273
641658,"Hampson, Garrett",2024,-0.5000988004888794,13,-0.03846913849914457,-3.8469138499144573,3,1.0,1.0,0.0028311545799700175,0.5029299550688494,4.526,3.869
663432,"Rainey, Tanner",2023,-0.5000988004888794,18,-0.027783266693826636,-2.778326669382664,3,1.0,1.0,0.003920060187650794,0.5040188606765302,4.536,2.8
641585,"France, J.P.",2025,-0.5000988004888794,18,-0.027783266693826636,-2.778326669382664,3,1.0,1.0,0.003920060187650794,0.5040188606765302,4.536,2.8
641525,"Dixon, Brandon",2023,-0.5000988004888794,7,-0.07144268578412563,-7.1442685784125635,3,1.0,1.0,0.0015244678507530863,0.5016232683396326,4.515,7.166
642068,"Sheffield, Jordan",2022,-0.5000988004888794,17,-0.02941757649934585,-2.941757649934585,2,0.6666666666666666,0.2,0.0037022790661146382,0.5038010795549941,6.801,2.964
500743,"Rojas, Miguel",2024,-0.5000988004888794,14,-0.035721342892062816,-3.5721342892062817,3,1.0,1.0,0.0030489357015061726,0.5031477361903857,4.528,3.594
678316,"Cruz, Omar",2025,-0.5000988004888794,13,-0.03846913849914457,-3.8469138499144573,3,1.0,1.0,0.0028311545799700175,0.5029299550688494,4.526,3.869
543510,"McCann, James",2023,-0.5000988004888794,14,-0.035721342892062816,-3.5721342892062817,3,1.0,1.0,0.0030489357015061726,0.5031477361903857,4.528,3.594
678011,"Seigler, Anthony",2025,-0.5000988004888794,11,-0.045463527317170856,-4.546352731717086,3,1.0,1.0,0.002395592336897707,0.5024943928257771,4.522,4.568
676766,"Snyder, Nick",2022,-0.5000988004888794,19,-0.026320989499414707,-2.632098949941471,3,1.0,1.0,0.004137841309186948,0.5042366417980664,4.538,2.654
642133,"Tellez, Rowdy",2023,-0.5000988004888794,13,-0.03846913849914457,-3.8469138499144573,3,1.0,1.0,0.0028311545799700175,0.5029299550688494,4.526,3.869
668472,"Pratto, Nick",2024,-0.5000988004888794,15,-0.033339920032591966,-3.3339920032591968,3,1.0,1.0,0.003266716823042328,0.5033655173119218,4.53,3.356
668942,"Rojas, Josh",2024,-0.5000988004888794,11,-0.045463527317170856,-4.546352731717086,2,0.6666666666666666,0.2,0.002395592336897707,0.5024943928257771,6.784,4.568
661531,"Serven, Brian",2022,-0.5000988004888793,8,-0.06251235006110992,-6.251235006110993,2,0.6666666666666666,0.2,0.0017422489722892416,0.5018410494611686,6.775,6.273
676701,"Trejo, Alan",2025,-0.5000988004888793,16,-0.03125617503055496,-3.125617503055496,2,0.6666666666666666,0.2,0.003484497944578483,0.5035832984334578,6.798,3.147
681987,"Eaton, Nate",2025,-0.5000988004888793,14,-0.03572134289206281,-3.572134289206281,2,0.6666666666666666,0.2,0.0030489357015061726,0.5031477361903856,6.792,3.594
660844,"Rivas, Leo",2025,-0.5000988004888793,18,-0.02778326669382663,-2.778326669382664,2,0.6666666666666666,0.2,0.003920060187650794,0.5040188606765301,6.804,2.8
622251,"Staumont, Josh",2024,-0.49789045109453595,279,-0.0017845535881524585,-0.17845535881524568,44,14.666666666666666,14.2,0.0607609329085873,0.5586513840031232,0.343,0.2
676614,"Sammons, Bryan",2024,-0.4944359928250267,210,-0.0023544571086906033,-0.23544571086906016,46,15.333333333333334,15.1,0.045734035522592593,0.5401700283476193,0.317,0.257
663568,"Kolek, Stephen",2025,-0.49289786157100435,1228,-0.00040138262342915665,-0.040138262342915565,235,78.33333333333333,78.1,0.26743521724639857,0.760333078817403,0.087,0.062
676395,"Garcia, Robert",2024,-0.4833901199887495,652,-0.0007413958895532967,-0.07413958895532942,120,40.0,40.0,0.1419932912415732,0.6253834112303227,0.141,0.096
552640,"Kittredge, Andrew",2025,-0.47759106594960743,581,-0.0008220156040440748,-0.08220156040440747,115,38.333333333333336,38.1,0.12653083161250617,0.6041218975621137,0.142,0.104
571527,"Buchanan, David",2024,-0.47667312438939474,58,-0.008218502144644736,-0.8218502144644736,10,3.3333333333333335,3.1,0.012631305049097001,0.48930442943849173,1.321,0.844
671096,"Abbott, Andrew",2023,-0.4765491487610871,1633,-0.0002918243409437153,-0.029182434094371545,267,89.0,89.0,0.35563657146854144,0.8321857202296286,0.084,0.051
694738,"Roupp, Landen",2025,-0.47479475732119536,1272,-0.0003732663186487385,-0.03732663186487377,215,71.66666666666667,71.2,0.2770175865939894,0.7518123439151847,0.094,0.059
676508,"Casparius, Ben",2025,-0.47117645044155954,923,-0.0005104836949529355,-0.05104836949529326,171,57.0,57.0,0.20101197517787125,0.6721884256194308,0.106,0.073
607237,"Garrett, Amir",2023,-0.4601207247065354,355,-0.0012961147174831984,-0.1296114717483198,50,16.666666666666668,16.2,0.07731229814533509,0.5374330228518706,0.29,0.151
641427,"Busenitz, Alan",2023,-0.45752047126915285,65,-0.00703877648106389,-0.7038776481063889,12,4.0,4.0,0.014155772899850087,0.47167624416900295,1.061,0.726
453286,"Scherzer, Max",2023,-0.45544598304053246,1986,-0.0002293282895470959,-0.022932828954709533,353,117.66666666666667,117.2,0.43251330737080423,0.8879592904113367,0.068,0.045
545343,"Head, Louis",2022,-0.4433158352932193,359,-0.0012348630509560424,-0.12348630509560446,60,20.0,20.0,0.07818342263147972,0.521499257924699,0.235,0.145
500871,"Escobar, Eduardo",2023,-0.4409432087000741,44,-0.01002143656136532,-1.0021436561365322,11,3.6666666666666665,3.2,0.009582369347590828,0.4505255780476649,1.106,1.024
622554,"Domínguez, Seranthony",2024,-0.43815094248122544,802,-0.0005463228709242212,-0.05463228709242206,136,45.333333333333336,45.1,0.17466045947199646,0.6128114019532219,0.122,0.076
701121,"VanWey, Logan",2025,-0.4338341913380022,105,-0.004131754203219069,-0.4131754203219071,18,6.0,6.0,0.022867017761296297,0.4567012090992985,0.685,0.435
677865,"Bruihl, Justin",2023,-0.4319584648479103,316,-0.0013669571672402223,-0.13669571672402242,59,19.666666666666668,19.2,0.06881883440542504,0.5007772992533354,0.229,0.158
552640,"Kittredge, Andrew",2023,-0.42722976122367173,155,-0.002756321040152721,-0.2756321040152721,29,9.666666666666666,9.2,0.033756073838104056,0.4609858350617758,0.429,0.297
681895,"Sisk, Evan",2025,-0.42301909911890034,283,-0.001494767134695761,-0.14947671346957597,46,15.333333333333334,15.1,0.06163205739473192,0.4846511565136323,0.284,0.171
669804,"De Jesus, Angel",2022,-0.4226134511204247,128,-0.003301667586878318,-0.33016675868783163,27,9.0,9.0,0.027875983556627865,0.45048943467705255,0.45,0.352
623451,"Stephens, Jackson",2023,-0.41740304261014244,158,-0.002641791408924952,-0.26417914089249483,26,8.666666666666666,8.2,0.03440941720271252,0.45181245981285495,0.469,0.286
663559,"Falter, Bailey",2025,-0.40263212478010424,1678,-0.0002399476309774161,-0.02399476309774171,308,102.66666666666667,102.2,0.3654367219376684,0.7680688467177726,0.067,0.046
621114,"Burr, Ryan",2025,-0.39900840126004583,15,-0.026600560084003057,-2.6600560084003058,2,0.6666666666666666,0.2,0.003266716823042328,0.40227511808308813,5.431,2.682
669212,"Morgan, Eli",2025,-0.398837073720524,111,-0.003593126790274991,-0.3593126790274991,19,6.333333333333333,6.1,0.024173704490513228,0.4230107782110372,0.601,0.381
669923,"Kirby, George",2025,-0.38819561587062834,1615,-0.0002403688023966739,-0.02403688023966725,282,94.0,94.0,0.35171651128089065,0.739912127151519,0.071,0.046
614177,"Reyes, Franmil",2022,-0.37198067632850246,10,-0.037198067632850246,-3.7198067632850247,2,0.6666666666666666,0.2,0.002177811215361552,0.374158487543864,5.051,3.742
663969,"Phillips, Tyler",2024,-0.3540268373625907,437,-0.000810130062614624,-0.08101300626146248,88,29.333333333333332,29.1,0.09517035011129982,0.44919718747389054,0.138,0.103
641816,"Mahle, Tyler",2023,-0.3491621773414444,409,-0.000853697255113556,-0.08536972551135581,71,23.666666666666668,23.2,0.08907247870828748,0.4382346560497319,0.167,0.107
663362,"Waldron, Matt",2023,-0.3482502300756101,590,-0.0005902546272467968,-0.05902546272467978,104,34.666666666666664,34.2,0.12849086170633156,0.4767410917819417,0.124,0.081
656629,"Kopech, Michael",2025,-0.3318194566745345,189,-0.0017556585009234629,-0.17556585009234635,27,9.0,9.0,0.04116063197033333,0.3729800886448678,0.373,0.197
650895,"Castillo, Diego",2022,-0.3277342259763219,591,-0.0005545418375233873,-0.0554541837523388,118,39.333333333333336,39.1,0.12870864282786773,0.4564428688041896,0.104,0.077
657240,"Merryweather, Julian",2023,-0.3223167895831671,952,-0.0003385680562848394,-0.033856805628483894,155,51.666666666666664,51.2,0.20732762770241975,0.5296444172855869,0.092,0.056
606930,"Barnes, Jacob",2022,-0.3144382272233492,271,-0.0011602886613407718,-0.1160288661340772,46,15.333333333333334,15.1,0.059018683936298055,0.37345691115964724,0.219,0.138
623474,"Herget, Jimmy",2024,-0.2992206650582768,164,-0.0018245162503553465,-0.18245162503553478,30,10.0,10.0,0.03571610393192945,0.3349367689902063,0.301,0.204
693645,"Schlittler, Cam",2025,-0.2984726153784236,700,-0.00042638945054060515,-0.04263894505406032,109,36.333333333333336,36.1,0.15244678507530865,0.45091940045373224,0.112,0.064
656887,"Reid-Foley, Sean",2023,-0.29009733672806187,115,-0.0025225855367657555,-0.2522585536765755,18,6.0,6.0,0.025044828976657846,0.3151421657047197,0.473,0.274
605242,"Fulmer, Michael",2023,-0.2892402456694353,699,-0.00041379148164439954,-0.041379148164439654,121,40.333333333333336,40.1,0.15222900395377248,0.44146924962320777,0.099,0.063
677958,"Rocker, Kumar",2024,-0.28004224604518724,147,-0.001905049292824403,-0.19050492928244,26,8.666666666666666,8.2,0.03201382486581481,0.31205607091100207,0.324,0.212
669618,"Barlow, Joe",2023,-0.2795457732837057,101,-0.0027677799335020367,-0.2767779933502036,20,6.666666666666667,6.2,0.021995893275151675,0.3015416665588574,0.407,0.299
695445,"Lee, Chase",2025,-0.2771031403409291,483,-0.0005737125058818407,-0.05737125058818383,86,28.666666666666668,28.2,0.10518828170196295,0.382291422042892,0.12,0.079
676661,"Lazar, Max",2024,-0.272452258281097,175,-0.0015568700473205543,-0.15568700473205524,31,10.333333333333334,10.1,0.03811169626882716,0.31056395454992414,0.27,0.177
693312,"Nicolas, Kyle",2024,-0.2664350039837051,765,-0.00034828105095909164,-0.034828105095909195,128,42.666666666666664,42.2,0.16660255797515872,0.43303756195886384,0.091,0.057
596103,"Slater, Austin",2025,-0.2659755438589469,10,-0.02659755438589469,-2.659755438589469,2,0.6666666666666666,0.2,0.002177811215361552,0.26815335507430843,3.62,2.682
664874,"Zavala, Seby",2023,-0.2659755438589469,6,-0.04432925730982448,-4.432925730982448,2,0.6666666666666666,0.2,0.0013066867292169312,0.2672822305881638,3.608,4.455
664849,"Young, Danny",2025,-0.2642156914854904,95,-0.0027812178051104253,-0.27812178051104264,15,5.0,5.0,0.020689206545934744,0.28490489803142516,0.513,0.3
641329,"Baker, Bryan",2024,-0.2576164533030772,282,-0.0009135335223513375,-0.09135335223513381,49,16.333333333333332,16.1,0.06141427627319577,0.319030729576273,0.176,0.113
607359,"Patton, Spencer",2023,-0.238584060897512,159,-0.0015005286848900126,-0.15005286848900104,30,10.0,10.0,0.034627198324248674,0.27321125922176065,0.246,0.172
594580,"Moll, Sam",2023,-0.23760103629251866,691,-0.00034385099318743657,-0.03438509931874363,120,40.0,40.0,0.15048675498148323,0.3880877912740019,0.087,0.056
670241,"Vines, Darius",2023,-0.23550646347424492,218,-0.0010803048783222244,-0.10803048783222247,41,13.666666666666666,13.2,0.04747628449488183,0.28298274796912676,0.186,0.13
657612,"Hill, Tim",2024,-0.23414469414779476,727,-0.0003220697306021936,-0.03220697306021927,136,45.333333333333336,45.1,0.15832687535678483,0.3924715695045796,0.078,0.054
668470,"Danner, Hagen",2023,-0.23412325662993255,7,-0.03344617951856179,-3.344617951856179,1,0.3333333333333333,0.1,0.0015244678507530863,0.23564772448068563,6.362,3.366
601713,"Pivetta, Nick",2022,-0.23150640274450862,2266,-0.00010216522627736479,-0.01021652262773643,388,129.33333333333334,129.1,0.4934920214009277,0.7249984241454364,0.05,0.032
622250,"Sborz, Josh",2023,-0.2312990955527977,693,-0.00033376492864761574,-0.033376492864761555,128,42.666666666666664,42.2,0.15092231722455554,0.3822214127773532,0.081,0.055
675540,"Curry, Xzavion",2024,-0.22718448841927397,589,-0.00038571220444698465,-0.038571220444698504,118,39.333333333333336,39.1,0.12827308058479542,0.3554575690040694,0.081,0.06
607179,"Weems, Jordan",2023,-0.2259281855869169,554,-0.0004078126093626659,-0.040781260936266384,96,32.0,32.0,0.12065074133102997,0.3465789269179469,0.097,0.063
702795,"Loutos, Ryan",2024,-0.22104455933248685,35,-0.006315558838071052,-0.6315558838071053,7,2.3333333333333335,2.1,0.007622339253765432,0.22866689858625228,0.882,0.653
656716,"McKinstry, Zach",2025,-0.220846958354728,2,-0.110423479177364,-11.0423479177364,1,0.3333333333333333,0.1,0.0004355622430723104,0.22128252059780032,5.975,11.064
689672,"Thorpe, Drew",2024,-0.22038051753801874,661,-0.0003334047163963975,-0.03334047163963954,121,40.333333333333336,40.1,0.1439533213353986,0.3643338388734173,0.081,0.055
669214,"Menez, Conner",2022,-0.21918852715936843,24,-0.009132855298307018,-0.9132855298307019,3,1.0,1.0,0.005226746916867725,0.22441527407623615,2.02,0.935
683175,"Phillips, Connor",2025,-0.20287991110103953,219,-0.0009263922881326006,-0.09263922881326006,38,12.666666666666666,12.2,0.04769406561641799,0.2505739767174575,0.178,0.114
544150,"Suárez, Albert",2025,-0.20285414520819145,156,-0.0013003470846678939,-0.13003470846678944,31,10.333333333333334,10.1,0.03397385495964021,0.23682800016783168,0.206,0.152
802686,"Harris, Hayden",2025,-0.20237839943542602,50,-0.004047567988708521,-0.40475679887085225,7,2.3333333333333335,2.1,0.01088905607680776,0.21326745551223378,0.823,0.427
670102,"Francis, Bowden",2022,-0.2018661403193971,9,-0.022429571146599676,-2.2429571146599674,2,0.6666666666666666,0.2,0.001960030093825397,0.20382617041322248,2.752,2.265
656793,"Nelson, Nick",2024,-0.19699914717516576,89,-0.0022134735637659073,-0.2213473563765906,15,5.0,5.0,0.019382519816717812,0.21638166699188358,0.389,0.243
660853,"De Los Santos, Enyel",2024,-0.18646990446683653,761,-0.00024503272597481803,-0.024503272597481657,127,42.333333333333336,42.1,0.16573143348901412,0.3522013379558506,0.075,0.046
672335,"Pérez, Cionel",2024,-0.1738777132719167,754,-0.00023060704677973037,-0.023060704677972905,139,46.333333333333336,46.1,0.164206965638261,0.3380846789101777,0.066,0.045
593334,"Germán, Domingo",2022,-0.17148635113972044,445,-0.00038536258683083245,-0.0385362586830829,79,26.333333333333332,26.1,0.09691259908358907,0.2683989502233095,0.092,0.06
678368,"Bellozo, Valente",2025,-0.1639921517121169,989,-0.0001658161291325752,-0.01658161291325749,182,60.666666666666664,60.2,0.2153855291992575,0.37937768091137436,0.056,0.038
656288,"Canning, Griffin",2025,-0.158510964112776,924,-0.00017154866245971427,-0.01715486624597133,150,50.0,50.0,0.2012297562994074,0.3597407204121834,0.065,0.039
621244,"Berríos, José",2025,-0.14540010609965504,2031,-7.159040182159283e-05,-0.007159040182159229,374,124.66666666666667,124.2,0.4423134578399312,0.5877135639395863,0.042,0.029
622694,"Hernández, Elieser",2024,-0.1426450743971821,220,-0.0006483867018053732,-0.06483867018053732,43,14.333333333333334,14.1,0.04791184673795414,0.19055692113513625,0.12,0.087
656730,"Megill, Trevor",2022,-0.13686058853795702,562,-0.00024352417889316196,-0.024352417889316157,97,32.333333333333336,32.1,0.12239299030331922,0.25925357884127626,0.072,0.046
663378,"Szapucki, Thomas",2022,-0.12928457458036763,143,-0.000904087934128445,-0.09040879341284469,26,8.666666666666666,8.2,0.031142700379670193,0.16042727496003784,0.167,0.112
669093,"Estrada, Jeremiah",2022,-0.12676532049122102,117,-0.0010834642777027437,-0.10834642777027433,17,5.666666666666667,5.2,0.02548039121973016,0.1522457117109512,0.242,0.13
642100,"Speier, Gabe",2022,-0.11940549102699882,230,-0.0005191543088130384,-0.05191543088130374,43,14.333333333333334,14.1,0.05008965795331569,0.1694951489803145,0.106,0.074
673965,"Freeman, Caleb",2025,-0.1131259137878296,44,-0.0025710434951779454,-0.25710434951779504,7,2.3333333333333335,2.1,0.009582369347590828,0.12270828313542043,0.473,0.279
682027,"Alldred, Cam",2022,-0.10748511813371908,16,-0.006717819883357443,-0.6717819883357443,3,1.0,1.0,0.003484497944578483,0.11096961607829757,0.999,0.694
664849,"Young, Danny",2022,-0.10526524066394888,126,-0.0008354384179678482,-0.08354384179678517,19,6.333333333333333,6.1,0.027440421313555556,0.13270566197750444,0.189,0.105
665620,"García, Deivi",2023,-0.10522517348855648,266,-0.00039558335897953563,-0.03955833589795342,42,14.0,14.0,0.05792977832861728,0.16315495181717377,0.105,0.061
657571,"Ferguson, Caleb",2024,-0.1036588018508579,763,-0.00013585688315970892,-0.013585688315970783,133,44.333333333333336,44.1,0.1661669957320864,0.26982579758294434,0.055,0.035
592169,"Brice, Austin",2022,-0.10148560118435151,59,-0.0017200949353279918,-0.17200949353279862,13,4.333333333333333,4.1,0.012849086170633156,0.11433468735498467,0.237,0.194
642657,"Ogando, Cristofer",2022,-0.10128800020659257,32,-0.0031652500064560177,-0.31652500064560196,6,2.0,2.0,0.006968995889156966,0.10825699609574953,0.487,0.338
620443,"Torrens, Luis",2025,-0.10109039922883362,4,-0.025272599807208404,-2.5272599807208405,1,0.3333333333333333,0.1,0.0008711244861446208,0.10196152371497824,2.753,2.549
670032,"Lopez, Nicky",2025,-0.10109039922883362,8,-0.012636299903604202,-1.2636299903604202,1,0.3333333333333333,0.1,0.0017422489722892416,0.10283264820112285,2.776,1.285
676724,"Young, Jared",2025,-0.10109039922883362,11,-0.009190036293530329,-0.9190036293530329,1,0.3333333333333333,0.1,0.002395592336897707,0.10348599156573132,2.794,0.941
668964,"Myers, Tobias",2025,-0.08988229276572435,570,-0.00015768823292232342,-0.015768823292232496,96,32.0,32.0,0.12413523927560846,0.2140175320413328,0.06,0.038
608718,"Suter, Brent",2022,-0.08783742581529108,833,-0.000105447089814275,-0.010544708981427326,146,48.666666666666664,48.2,0.1814116742396173,0.2692491000549084,0.05,0.032
640454,"Krook, Matt",2025,-0.0815744922279582,71,-0.0011489365102529325,-0.11489365102529334,9,3.0,3.0,0.015462459629067019,0.09703695185702522,0.291,0.137
642547,"Peralta, Freddy",2022,-0.07082847636054607,1010,-7.012720431737235e-05,-0.007012720431737075,168,56.0,56.0,0.21995893275151676,0.2907874091120628,0.047,0.029
681347,"Burrows, Mike",2024,-0.05974839472208193,68,-0.0008786528635600284,-0.08786528635600317,10,3.3333333333333335,3.1,0.014809116264458553,0.07455751098654048,0.201,0.11
681867,"Criswell, Cooper",2022,-0.05974839472208193,45,-0.0013277421049351541,-0.1327742104935154,10,3.3333333333333335,3.1,0.009800150469126984,0.06954854519120891,0.188,0.155
650671,"Quijada, José",2025,-0.05955079374432304,41,-0.0014524583840078789,-0.1452458384007879,5,1.6666666666666667,1.2,0.008929025982982362,0.06847981972730541,0.37,0.167
617228,"Sawamura, Hirokazu",2022,-0.05842229507323665,684,-8.541271209537522e-05,-0.008541271209537335,121,40.333333333333336,40.1,0.14896228713073015,0.2073845822039668,0.046,0.03
518585,"Cruz, Fernando",2024,-0.057940334101764635,848,-6.83258656860432e-05,-0.006832586568604392,150,50.0,50.0,0.1846783910626596,0.24261872516442423,0.044,0.029
666159,"Manning, Matt",2024,-0.05698505551182981,348,-0.00016375015951675231,-0.01637501595167525,66,22.0,22.0,0.07578783029458201,0.13277288580641183,0.054,0.038
676050,"Naughton, Packy",2022,-0.05663699471981287,432,-0.0001311041544440113,-0.013110415444400923,71,23.666666666666668,23.2,0.09408144450361905,0.15071843922343192,0.057,0.035
663947,"Holton, Tyler",2022,-0.05560895566478852,130,-0.00042776119742145015,-0.042776119742145104,20,6.666666666666667,6.2,0.028311545799700175,0.08392050146448869,0.113,0.065
657585,"Garrett, Reed",2024,-0.054611016993265704,655,-8.337559846300107e-05,-0.008337559846300134,110,36.666666666666664,36.2,0.14264663460618165,0.19725765159944736,0.048,0.03
623149,"Sewald, Paul",2024,-0.051707140226175397,434,-0.00011914087609717834,-0.01191408760971796,84,28.0,28.0,0.09451700674669136,0.14622414697286676,0.047,0.034
592473,"Kolarek, Adam",2022,-0.049119668141518635,269,-0.00018260099680861947,-0.018260099680861924,42,14.0,14.0,0.05858312169322575,0.10770278983474438,0.069,0.04
670102,"Francis, Bowden",2024,-0.04655504711172043,1230,-3.784963179814669e-05,-0.0037849631798147682,240,80.0,80.0,0.2678707794894709,0.31442582660119134,0.035,0.026
621237,"Alvarado, José",2025,-0.04034478176758305,198,-0.00020376152407870226,-0.020376152407870114,35,11.666666666666666,11.2,0.04312066206415873,0.08346544383174179,0.064,0.042
592848,"Weiss, Zack",2022,-0.03552777507916488,166,-0.0002140227414407523,-0.021402274144075396,35,11.666666666666666,11.2,0.03615166617500176,0.07167944125416664,0.055,0.043
642232,"Yarbrough, Ryan",2025,-0.025388912992634405,891,-2.849485184358519e-05,-0.0028494851843584626,164,54.666666666666664,54.2,0.19404297928871428,0.21943189228134868,0.036,0.025
622780,"Perdomo, Angel",2025,-0.024810785967791626,72,-0.00034459424955266145,-0.034459424955266146,10,3.3333333333333335,3.1,0.015680240750603175,0.0404910267183948,0.109,0.056
607455,"Banda, Anthony",2023,-0.02421608001052017,126,-0.00019219111119460453,-0.01921911111946032,17,5.666666666666667,5.2,0.027440421313555556,0.051656501324075725,0.082,0.041
666619,"Santos, Gregory",2022,-0.02401847903276144,67,-0.0003584847616830066,-0.03584847616830066,11,3.6666666666666665,3.2,0.014591335142922398,0.03860981417568384,0.095,0.058
666159,"Manning, Matt",2023,-0.015649355529151476,989,-1.582341307295397e-05,-0.0015823413072953295,193,64.33333333333333,64.1,0.2153855291992575,0.23103488472840897,0.032,0.023
594311,"Gustave, Jandel",2022,-0.007038589900599468,354,-1.988302231807759e-05,-0.001988302231807634,63,21.0,21.0,0.07709451702379894,0.0841331069243984,0.036,0.024
805123,"Blubaugh, AJ",2025,-0.0021736107553474437,355,-6.122847198161813e-06,-0.0006122847198161031,67,22.333333333333332,22.1,0.07731229814533509,0.07948590890068254,0.032,0.022
669270,"Kuhnel, Joel",2024,-0.0007904039110356864,132,-5.987908416937018e-06,-0.0005987908416936177,24,8.0,8.0,0.028747108042772487,0.029537511953808174,0.033,0.022
656290,"Carlton, Drew",2022,-0.0007904039110356309,114,-6.933367640663429e-06,-0.0006933367640661968,24,8.0,8.0,0.024827047855121694,0.025617451766157324,0.029,0.022
677651,"Garcia, Luis",2025,-0.000592802933276737,79,-7.50383459843971e-06,-0.0007503834598439709,18,6.0,6.0,0.01720470860135626,0.017797511534632996,0.027,0.023
607732,"Stallings, Jacob",2023,-0.000592802933276626,73,-8.120588127077069e-06,-0.0008120588127077068,16,5.333333333333333,5.1,0.015898021872139328,0.016490824805415954,0.028,0.023
506433,"Darvish, Yu",2025,-0.0005782401604895737,847,-6.826920430809607e-07,-6.826920430800432e-05,158,52.666666666666664,52.2,0.18446060994112345,0.18503885010161303,0.032,0.022
663897,"Williams, Luke",2024,-0.0003952019555177877,59,-6.698338229115046e-06,-0.0006698338229117869,12,4.0,4.0,0.012849086170633156,0.013244288126150944,0.03,0.022
687003,"Van Belle, Brian",2025,-0.0003952019555177877,63,-6.273046912980757e-06,-0.0006273046912980757,11,3.6666666666666665,3.2,0.013720210656777778,0.014115412612295566,0.035,0.022
686993,"Sterner, Justin",2024,-0.00039520195551762116,64,-6.175030554962831e-06,-0.0006175030554958494,12,4.0,4.0,0.013937991778313933,0.014333193733831554,0.032,0.022
672841,"Vargas, Carlos",2023,-0.00039520195551756565,63,-6.273046912977233e-06,-0.0006273046912982519,10,3.3333333333333335,3.1,0.013720210656777778,0.014115412612295344,0.038,0.022
676969,"de Geus, Brett",2025,-0.00019760097775900487,47,-4.204276122532018e-06,-0.0004204276122532018,6,2.0,2.0,0.010235712712199294,0.010433313689958298,0.047,0.022
666208,"Speas, Alex",2024,-0.00019760097775894936,39,-5.066691737408958e-06,-0.0005066691737408958,5,1.6666666666666667,1.2,0.008493463739910053,0.008691064717669002,0.047,0.022
676946,"Batten, Matthew",2022,-0.00019760097775894936,26,-7.600037606113437e-06,-0.0007600037606115572,6,2.0,2.0,0.005662309159940035,0.0058599101376989845,0.026,0.023
622103,"Reyes, Gerardo",2022,-0.00019760097775894936,47,-4.204276122530837e-06,-0.0004204276122528475,6,2.0,2.0,0.010235712712199294,0.010433313689958243,0.047,0.022
622569,"Reyes, Pablo",2023,-0.00019760097775889385,44,-4.490931312702133e-06,-0.0004490931312702133,6,2.0,2.0,0.009582369347590828,0.009779970325349722,0.044,0.022
681432,"Little, Luke",2025,-0.00019760097775889385,42,-4.7047851847355675e-06,-0.0004704785184734246,6,2.0,2.0,0.009146807104518519,0.009344408082277413,0.042,0.022
643396,"Kiner-Falefa, Isiah",2024,-0.00019760097775889385,18,-1.0977832097716326e-05,-0.0010977832097710158,6,2.0,2.0,0.003920060187650794,0.004117661165409688,0.019,0.023
669165,"Hurt, Kyle",2024,-0.00019760097775889385,27,-7.318554731810883e-06,-0.0007318554731814995,5,1.6666666666666667,1.2,0.005880090281476191,0.0060776912592350844,0.033,0.023
613564,"Vosler, Jason",2023,-0.00019760097775889385,25,-7.904039110355755e-06,-0.0007904039110351313,6,2.0,2.0,0.00544452803840388,0.0056421290161627734,0.025,0.023
666163,"Rortvedt, Ben",2024,-0.00019760097775889385,36,-5.488916048858163e-06,-0.000548891604886433,6,2.0,2.0,0.007840120375301587,0.008037721353060481,0.036,0.022
670871,"Zuñiga, Guillo",2023,-0.00019760097775889385,43,-4.595371575788229e-06,-0.0004595371575788229,6,2.0,2.0,0.009364588226054673,0.009562189203813567,0.043,0.022
545121,"Vargas, Ildemaro",2024,-0.00019760097775889385,23,-8.591346859082341e-06,-0.0008591346859082341,5,1.6666666666666667,1.2,0.0050089657953315695,0.005206566773090463,0.028,0.023
545121,"Vargas, Ildemaro",2023,-0.00019760097775889385,27,-7.318554731810883e-06,-0.0007318554731810883,6,2.0,2.0,0.005880090281476191,0.0060776912592350844,0.027,0.023
608648,"Duffey, Tyler",2023,-0.00019760097775883834,31,-6.374225088994785e-06,-0.0006374225088994786,6,2.0,2.0,0.006751214767620811,0.006948815745379649,0.031,0.022
645444,"Herrera, Jose",2025,-0.00019760097775883834,27,-7.3185547318088274e-06,-0.0007318554731802659,6,2.0,2.0,0.005880090281476191,0.006077691259235029,0.027,0.023
607732,"Stallings, Jacob",2025,-0.00019760097775883834,26,-7.600037606109167e-06,-0.0007600037606100627,6,2.0,2.0,0.005662309159940035,0.005859910137698873,0.026,0.023
622110,"Duffy, Matt",2023,-0.00019760097775878283,29,-6.813826819268373e-06,-0.0006813826819272201,6,2.0,2.0,0.006315652524548501,0.0065132535023072835,0.029,0.022
592527,"Mariot, Michael",2023,0.0014608302176006838,41,3.563000530733375e-05,0.003563000530733375,8,2.6666666666666665,2.2,0.008929025982982362,0.0074681957653816786,0.025,0.018
593619,"Tapia, Domingo",2023,0.0029046605360011912,277,1.0486139119137874e-05,0.0010486139119137274,43,14.333333333333334,14.1,0.06032537066551499,0.057420710129513795,0.036,0.021
676092,"Snider, Collin",2025,0.007636601807795795,310,2.4634199379986437e-05,0.0024634199379986437,54,18.0,18.0,0.06751214767620811,0.059875545868412317,0.03,0.019
669713,"Wesneski, Hayden",2025,0.008799431667829594,508,1.732171588155432e-05,0.0017321715881554536,96,32.0,32.0,0.11063280974036684,0.10183337807253724,0.029,0.02
687830,"Gipson-Long, Sawyer",2023,0.010973042423177204,165,6.650328741319517e-05,0.006650328741319854,29,9.666666666666666,9.2,0.035933885053465606,0.024960842630288402,0.023,0.015
686790,"McDonald, Trevor",2025,0.011170643400936209,123,9.08182390320017e-05,0.00908182390320035,23,7.666666666666667,7.2,0.02678707794894709,0.015616434548010882,0.018,0.013
682243,"Miller, Bryce",2023,0.012408999347198024,1643,7.552647198538055e-06,0.00075526471985389,309,103.0,103.0,0.357814382683903,0.34540538333670495,0.03,0.021
642701,"Santana, Dennis",2023,0.012485894364169081,141,8.85524422990715e-05,0.00885524422990715,23,7.666666666666667,7.2,0.030707138136597884,0.018221243772428803,0.021,0.013
663738,"Lynch IV, Daniel",2023,0.02006645947758423,535,3.7507400892680806e-05,0.0037507400892681842,109,36.333333333333336,36.1,0.11651290002184303,0.0964464405442588,0.024,0.018
608566,"Márquez, Germán",2023,0.022042469255172614,244,9.033798875070743e-05,0.009033798875070652,47,15.666666666666666,15.2,0.05313859365482187,0.031096124399649254,0.018,0.013
683175,"Phillips, Connor",2023,0.02234128680187264,274,8.153754307252788e-05,0.008153754307252707,49,16.333333333333332,16.1,0.059672027300906524,0.037330740499033885,0.021,0.014
687847,"Church, Marc",2025,0.023228075121725922,88,0.00026395539911052183,0.02639553991105231,12,4.0,4.0,0.019164738695181656,-0.004063336426544266,-0.009,-0.005
612434,"Castro, Miguel",2025,0.03812229417639218,81,0.00047064560711595284,0.04706456071159542,13,4.333333333333333,4.1,0.017640270844428572,-0.020482023331963608,-0.043,-0.025
682847,"Ortiz, Luis L.",2022,0.0411047076273392,275,0.00014947166409941528,0.01494716640994201,47,15.666666666666666,15.2,0.05988980842244268,0.018785100795103482,0.011,0.007
681882,"Selby, Colin",2024,0.04238072824196787,85,0.0004985968028466808,0.049859680284668216,16,5.333333333333333,5.1,0.01851139533057319,-0.02386933291139468,-0.04,-0.028
663893,"Little, Brendon",2024,0.0442267154393744,517,8.554490413805493e-05,0.008554490413805516,98,32.666666666666664,32.2,0.11259283983419224,0.06836612439481785,0.019,0.013
503285,"O'Day, Darren",2022,0.04503815643323267,257,0.0001752457448763917,0.017524574487638934,46,15.333333333333334,15.1,0.05596974823479189,0.01093159180155922,0.006,0.004
668984,"Legumina, Casey",2025,0.04547667996762811,526,8.645756647838043e-05,0.00864575664783799,89,29.666666666666668,29.2,0.11455286992801764,0.06907618996038953,0.021,0.013
690382,"Darrell-Hicks, Michael",2025,0.04660174154355695,129,0.00036125381041517016,0.0361253810415168,24,8.0,8.0,0.02809376467816402,-0.01850797686539293,-0.021,-0.014
683232,"Mears, Nick",2023,0.05343250573247016,265,0.00020163209710366098,0.020163209710366056,42,14.0,14.0,0.057711997207081124,0.004279491474610965,0.003,0.002
687074,"Owens, Tyler",2025,0.05879191525953975,66,0.0008907865948415114,0.08907865948415097,9,3.0,3.0,0.014373554021386244,-0.04441836123815351,-0.133,-0.067
641656,"Hamilton, Ian",2022,0.05915559178880536,41,0.001442819311922082,0.14428193119220778,7,2.3333333333333335,2.1,0.008929025982982362,-0.050226565805823,-0.194,-0.123
663559,"Falter, Bailey",2022,0.0659884015804833,1126,5.860426428106865e-05,0.005860426428106999,208,69.33333333333333,69.1,0.24522154284971076,0.17923314126922746,0.023,0.016
656945,"Scott, Tanner",2022,0.06735187397591913,881,7.644934617016927e-05,0.007644934617017079,131,43.666666666666664,43.2,0.19186516807335274,0.12451329409743361,0.026,0.014
606625,"Moronta, Reyes",2022,0.08182800530824091,527,0.00015527135732114024,0.015527135732114035,92,30.666666666666668,30.2,0.11477065104955379,0.03294264574131288,0.01,0.006
694037,"Palencia, Daniel",2023,0.08228957810620596,386,0.0002131854355083056,0.021318543550830533,63,21.0,21.0,0.08406351291295591,0.0017739348067499494,0.001,0.0
608717,"Stratton, Chris",2023,0.08241664622822131,1136,7.254986463751877e-05,0.0072549864637518075,196,65.33333333333333,65.1,0.2473993540650723,0.16498270783685098,0.023,0.015
678061,"Kerr, Ray",2023,0.0837871310815908,309,0.00027115576401809323,0.0271155764018093,59,19.666666666666668,19.2,0.06729436655467196,-0.01649276452691885,-0.008,-0.005
672282,"Detmers, Reid",2023,0.08967832230700146,2076,4.319765043689858e-05,0.004319765043689858,339,113.0,113.0,0.45211360830905817,0.3624352860020567,0.029,0.017
523260,"Kelly, Joe",2022,0.09021678989991194,545,0.00016553539431176504,0.016553539431176535,80,26.666666666666668,26.2,0.11869071123720458,0.028473921337292638,0.01,0.005
668943,"Miller, Ryan",2024,0.09038547161411509,161,0.0005614004448081683,0.05614004448081692,29,9.666666666666666,9.2,0.03506276056732099,-0.0553227110467941,-0.052,-0.034
672710,"Contreras, Roansy",2025,0.09289256429569215,197,0.0004715358593689957,0.04715358593689979,36,12.0,12.0,0.042902880942622575,-0.049989683353069574,-0.037,-0.025
686539,"Cronin, Declan",2024,0.09519431671796486,689,0.00013816301410444825,0.013816301410445101,121,40.333333333333336,40.1,0.15005119273841094,0.05485687602044609,0.012,0.008
605218,"Edwards Jr., Carl",2023,0.10093773745261214,403,0.0002504658497583428,0.02504658497583439,65,21.666666666666668,21.2,0.08776579197907054,-0.0131719454735416,-0.005,-0.003
502085,"Robertson, David",2025,0.10629951226716572,197,0.0005395914328282524,0.05395914328282535,32,10.666666666666666,10.2,0.042902880942622575,-0.06339663132454315,-0.053,-0.032
656671,"Maciejewski, Josh",2024,0.10689231520044223,69,0.0015491639884122064,0.1549163988412207,15,5.0,5.0,0.01502689738599471,-0.09186541781444753,-0.165,-0.133
674944,"Guenther, Sean",2025,0.11639422464197813,111,0.0010485966183961994,0.10485966183961969,21,7.0,7.0,0.024173704490513228,-0.0922205201514649,-0.119,-0.083
676282,"Cantillo, Joey",2024,0.12411779815292323,373,0.0003327554910266038,0.033275549102660416,60,20.0,20.0,0.0812323583329859,-0.04288543981993734,-0.019,-0.011
640455,"Manaea, Sean",2023,0.13306100084613443,1578,8.43225607389952e-05,0.008432256073899686,271,90.33333333333333,90.1,0.3436586097840529,0.21059760893791846,0.021,0.013
593576,"Neris, Héctor",2022,0.13653226506788613,735,0.00018575818376583147,0.018575818376583092,137,45.666666666666664,45.2,0.16006912432907408,0.023536859261187953,0.005,0.003
668676,"Plesac, Zach",2023,0.14678474366403582,89,0.0016492667827419755,0.16492667827419794,15,5.0,5.0,0.019382519816717812,-0.127402223847318,-0.229,-0.143
621114,"Burr, Ryan",2022,0.14791983426600963,100,0.0014791983426600964,0.1479198342660097,17,5.666666666666667,5.2,0.02177811215361552,-0.1261417221123941,-0.2,-0.126
680739,"Winder, Josh",2023,0.1524737362810582,416,0.00036652340452177453,0.03665234045217751,77,25.666666666666668,25.2,0.09059694655904056,-0.06187678972201764,-0.022,-0.015
679156,"Pennington, Walter",2024,0.1526717434342144,180,0.0008481763524123023,0.08481763524123023,25,8.333333333333334,8.1,0.03920060187650794,-0.11347114155770648,-0.123,-0.063
642130,"Taylor, Blake",2022,0.15344838797953458,269,0.0005704401040131398,0.05704401040131403,43,14.333333333333334,14.1,0.05858312169322575,-0.09486526628630884,-0.06,-0.035
542914,"Bass, Anthony",2023,0.1574257972042774,284,0.000554316187339005,0.0554316187339005,51,17.0,17.0,0.061849838516268074,-0.09557595868800933,-0.051,-0.034
620454,"Castillo, José",2025,0.1589205052631859,218,0.0007289931434091097,0.07289931434091132,36,12.0,12.0,0.04747628449488183,-0.11144422076830407,-0.084,-0.051
641703,"Honeywell, Brent",2023,0.1678801365341941,762,0.00022031513980865368,0.0220315139808657,130,43.333333333333336,43.1,0.16594921461055026,-0.0019309219236438302,-0.0,-0.0
664123,"Effross, Scott",2024,0.179129919107041,55,0.0032569076201280182,0.32569076201280184,9,3.0,3.0,0.011977961684488536,-0.16715195742255248,-0.501,-0.304
446372,"Kluber, Corey",2022,0.18112147504369092,1605,0.00011284827105525914,0.011284827105525955,324,108.0,108.0,0.3495387000655291,0.1684172250218382,0.014,0.01
656288,"Canning, Griffin",2023,0.18614062191349923,1854,0.00010039947244525308,0.010039947244525435,324,108.0,108.0,0.40376619932803176,0.21762557741453253,0.018,0.012
669711,"Weissert, Greg",2023,0.18805475554245188,299,0.0006289456707105414,0.06289456707105422,48,16.0,16.0,0.0651165553393104,-0.12293820020314147,-0.069,-0.041
663671,"Enright, Nic",2025,0.20313526887654054,389,0.0005221986346440631,0.052219863464406394,65,21.666666666666668,21.2,0.08471685627756437,-0.11841841259897617,-0.049,-0.03
656234,"Bird, Jake",2024,0.20555224257340143,530,0.000387834419949814,0.03878344199498147,89,29.666666666666668,29.2,0.11542399441416225,-0.09012824815923919,-0.027,-0.017
665001,"Kelley, Trevor",2022,0.20836399417048368,402,0.0005183183934589146,0.05183183934589165,62,20.666666666666668,20.2,0.08754801085753439,-0.1208159833129493,-0.053,-0.03
656222,"Beeks, Jalen",2023,0.208398883367506,663,0.000314327124234549,0.03143271242345499,115,38.333333333333336,38.1,0.1443888835784709,-0.0640099997890351,-0.015,-0.01
605218,"Edwards Jr., Carl",2025,0.21000146376081774,65,0.0032307917501664266,0.3230791750166429,14,4.666666666666667,4.2,0.014155772899850087,-0.19584569086096765,-0.378,-0.301
642239,"Zastryzny, Rob",2022,0.21222515097481665,52,0.004081252903361859,0.4081252903361856,7,2.3333333333333335,2.1,0.01132461831988007,-0.20090053265493657,-0.775,-0.386
547184,"Kelly, Michael",2024,0.21231916537486162,391,0.0005430157682221524,0.05430157682221518,72,24.0,24.0,0.08515241852063668,-0.12716674685422494,-0.048,-0.033
663423,"Thornton, Trent",2025,0.21710071025271022,478,0.000454185586302741,0.0454185586302743,87,29.0,29.0,0.10409937609428219,-0.11300133415842803,-0.035,-0.024
519242,"Sale, Chris",2022,0.22025415542145116,102,0.0021593544649161876,0.21593544649161897,18,6.0,6.0,0.02221367439668783,-0.19804048102476332,-0.297,-0.194
692230,"Rodriguez, Carlos",2024,0.2204517563992101,71,0.0031049543154818325,0.3104954315481826,11,3.6666666666666665,3.2,0.015462459629067019,-0.2049892967701431,-0.503,-0.289
607755,"Vasquez, Andrew",2022,0.22354045162134512,147,0.001520683344362892,0.15206833443628917,24,8.0,8.0,0.03201382486581481,-0.1915266267555303,-0.215,-0.13
518876,"Kelly, Merrill",2024,0.2292831469052457,696,0.00032942980877190476,0.0329429808771905,129,43.0,43.0,0.15157566058916402,-0.07770748631608168,-0.016,-0.011
607359,"Patton, Spencer",2022,0.2370491861828713,87,0.002724703289458291,0.2724703289458291,17,5.666666666666667,5.2,0.018946957573645503,-0.2181022286092258,-0.346,-0.251
664076,"Cleavinger, Garrett",2023,0.24570528570299732,169,0.0014538774301952504,0.14538774301952478,24,8.0,8.0,0.03680500953961023,-0.20890027616338708,-0.235,-0.124
611093,"Bracho, Silvino",2023,0.254666326060961,112,0.0022738064826871517,0.22738064826871474,17,5.666666666666667,5.2,0.02439148561204938,-0.23027484044891164,-0.366,-0.206
694361,"Klein, Will",2024,0.2666979918889031,89,0.002996606650437113,0.2996606650437116,15,5.0,5.0,0.019382519816717812,-0.24731547207218527,-0.445,-0.278
663321,"Hernandez, Nick",2025,0.27355736114763485,190,0.0014397755849875518,0.14397755849875513,28,9.333333333333334,9.1,0.04137841309186949,-0.23217894805576536,-0.224,-0.122
680742,"Bowlan, Jonathan",2025,0.27571215519465975,537,0.0005134304566008561,0.05134304566008557,90,30.0,30.0,0.11694846226491534,-0.1587636929297444,-0.048,-0.03
646242,"Díaz, Jhonathan",2022,0.2786205722567534,169,0.0016486424393890734,0.1648642439389074,29,9.666666666666666,9.2,0.03680500953961023,-0.24181556271714316,-0.225,-0.143
680983,"Caceres, Kelvin",2023,0.2790542411563923,36,0.007751506698788675,0.7751506698788679,4,1.3333333333333333,1.1,0.007840120375301587,-0.27121412078109075,-1.831,-0.753
680701,"Rooney, John",2025,0.2790542411563926,23,0.0121327930937562,1.21327930937562,4,1.3333333333333333,1.1,0.0050089657953315695,-0.27404527536106105,-1.85,-1.192
666619,"Santos, Gregory",2024,0.27944127263650875,81,0.003449892254771713,0.3449892254771715,13,4.333333333333333,4.1,0.017640270844428572,-0.26180100179208016,-0.544,-0.323
683568,"Iriarte, Jairo",2024,0.279441272636509,112,0.002495011362825973,0.24950113628259712,15,5.0,5.0,0.02439148561204938,-0.2550497870244596,-0.459,-0.228
664299,"Javier, Cristian",2023,0.29128056073691877,2414,0.0001206630326167849,0.012066303261678487,400,133.33333333333334,133.1,0.5257236273882786,0.23444306665135983,0.016,0.01
660787,"De los Santos, Yerry",2025,0.3047608498160286,513,0.0005940757306355333,0.059407573063553376,6,2.0,2.0,0.11172171534804762,-0.19303913446798096,-0.869,-0.038
660787,"De los Santos, Yerry",2025,0.3047608498160286,513,0.0005940757306355333,0.059407573063553376,86,28.666666666666668,28.2,0.11172171534804762,-0.19303913446798096,-0.061,-0.038
642629,"Ramirez, Emmanuel",2024,0.30503687980614697,334,0.0009132840712758892,0.09132840712758876,58,19.333333333333332,19.1,0.07273889459307584,-0.23229798521307113,-0.108,-0.07
642028,"Rogers, Josh",2022,0.31402511954721907,321,0.0009782714004586263,0.09782714004586254,62,20.666666666666668,20.2,0.06990774001310582,-0.24411737953411325,-0.106,-0.076
425844,"Greinke, Zack",2022,0.31448657455885404,1382,0.0002275590264535847,0.022755902645358553,235,78.33333333333333,78.1,0.30097350996296646,-0.01351306459588758,-0.002,-0.001
622554,"Domínguez, Seranthony",2023,0.3207617927597225,589,0.000544587084481702,0.054458708448170336,110,36.666666666666664,36.2,0.12827308058479542,-0.19248871217492708,-0.047,-0.033
579328,"Kikuchi, Yusei",2025,0.3286449566791713,2529,0.00012995055621952206,0.01299505562195213,419,139.66666666666666,139.2,0.5507684563649365,0.22212349968576522,0.014,0.009
686972,"Waites, Cole",2022,0.339062405560205,92,0.0036854609300022282,0.3685460930002227,12,4.0,4.0,0.020035863181326278,-0.31902654237887873,-0.718,-0.347
667297,"Nance, Tommy",2022,0.3408896631773453,504,0.0006763683793201296,0.06763683793201294,87,29.0,29.0,0.10976168525422222,-0.2311279779231231,-0.072,-0.046
676265,"Abbott, Cory",2022,0.3439795342639055,607,0.0005666878653441605,0.05666878653441615,102,34.0,34.0,0.1321931407724462,-0.21178639349145928,-0.056,-0.035
643361,"Herget, Kevin",2025,0.34449120943517525,179,0.0019245318962858953,0.19245318962858965,30,10.0,10.0,0.03898282075497178,-0.30550838868020347,-0.275,-0.171
670990,"Ramírez, Yohan",2023,0.352326066087404,587,0.0006002147633516252,0.06002147633516247,94,31.333333333333332,31.1,0.1278375183417231,-0.22448854774568092,-0.064,-0.038
656793,"Nelson, Nick",2022,0.3537915694871368,835,0.0004237024784277087,0.042370247842771026,136,45.333333333333336,45.1,0.18184723648268958,-0.17194433300444723,-0.034,-0.021
656849,"Peterson, David",2022,0.3578315919594827,1397,0.00025614287183928615,0.025614287183928698,225,75.0,75.0,0.3042402267860088,-0.053591365173473904,-0.006,-0.004
661255,"López, Yoan",2022,0.36321501149995405,88,0.004127443312499478,0.41274433124994775,15,5.0,5.0,0.019164738695181656,-0.3440502728047724,-0.619,-0.391
676106,"Hancock, Emerson",2024,0.36352031593740464,660,0.0005507883574809162,0.05507883574809169,115,38.333333333333336,38.1,0.14373554021386242,-0.21978477572354221,-0.052,-0.033
665896,"Marte, José",2022,0.3644464657742019,219,0.0016641391131242097,0.16641391131242148,26,8.666666666666666,8.2,0.04769406561641799,-0.31675240015778394,-0.329,-0.145
680767,"Vodnik, Victor",2024,0.36525092833549433,1018,0.0003587926604474404,0.03587926604474408,163,54.333333333333336,54.1,0.22170118172380598,-0.14354974661168834,-0.024,-0.014
692285,"Guerrero, Luis",2025,0.3852971766567797,176,0.002189188503731703,0.21891885037317044,29,9.666666666666666,9.2,0.03832947739036331,-0.3469676992664164,-0.323,-0.197
593423,"Montas, Frankie",2023,0.3872334905327153,26,0.014893595789719818,1.4893595789719818,4,1.3333333333333333,1.1,0.005662309159940035,-0.38157118137277524,-2.576,-1.468
669684,"Murphy, Chris",2025,0.3887258229917501,396,0.000981630866140783,0.09816308661407841,72,24.0,24.0,0.08624132412831746,-0.30248449886343265,-0.113,-0.076
671737,"Bradley, Taj",2024,0.3940090946250383,1810,0.000217684582665767,0.02176845826657669,324,108.0,108.0,0.3941838299804409,0.00017473535540257767,0.0,0.0
608344,"Irvin, Cole",2022,0.39466823114453475,1983,0.00019902583517122276,0.01990258351712228,394,131.33333333333334,131.1,0.43185996400619575,0.037191732861661,0.003,0.002
659262,"Espinoza, Anderson",2022,0.395606445084192,276,0.0014333566850876522,0.14333566850876528,37,12.333333333333334,12.1,0.06010758954397884,-0.3354988555402132,-0.245,-0.122
593140,"Feliz, Michael",2022,0.39861319930452804,61,0.00653464261154964,0.6534642611549641,10,3.3333333333333335,3.1,0.013284648413705467,-0.3853285508908226,-1.04,-0.632
624418,"Castellani, Ryan",2022,0.4056569588669455,45,0.009014599085932122,0.9014599085932131,9,3.0,3.0,0.009800150469126984,-0.39585680839781856,-1.188,-0.88
623211,"Brazobán, Huascar",2022,0.406279663315221,404,0.0010056427309782698,0.10056427309782698,58,19.333333333333332,19.1,0.0879835731006067,-0.31829609021461425,-0.148,-0.079
674444,"Cruz, Steven",2025,0.4189516778417445,486,0.0008620404893863055,0.0862040489386307,103,34.333333333333336,34.1,0.10584162506657142,-0.31311005277517306,-0.082,-0.064
674285,"Salazar, Eduardo",2023,0.43956000185576205,185,0.002376000010031146,0.23760000100311449,30,10.0,10.0,0.04028950748418871,-0.39927049437157336,-0.359,-0.216
642121,"Sulser, Cole",2023,0.4401528047890386,64,0.0068773875748287285,0.6877387574828728,13,4.333333333333333,4.1,0.013937991778313933,-0.42621481301072467,-0.885,-0.666
592222,"Claudio, Alex",2023,0.4405480067445564,4,0.1101370016861391,11.01370016861391,1,0.3333333333333333,0.1,0.0008711244861446208,-0.4396768822584118,-11.871,-10.992
663534,"Walters, Nash",2022,0.4405480067445564,16,0.027534250421534776,2.7534250421534776,1,0.3333333333333333,0.1,0.003484497944578483,-0.4370635087999779,-11.801,-2.732
660825,"Bazardo, Eduard",2023,0.4471722402918398,244,0.001832673115950163,0.18326731159501647,41,13.666666666666666,13.2,0.05313859365482187,-0.3940336466370179,-0.259,-0.161
543272,"Hand, Brad",2022,0.4498424397498905,663,0.0006784953842381456,0.06784953842381447,106,35.333333333333336,35.1,0.1443888835784709,-0.3054535561714196,-0.078,-0.046
675848,"Mejia, Juan",2025,0.4518007089368515,933,0.0004842451328369255,0.048424513283692516,157,52.333333333333336,52.1,0.2031897863932328,-0.2486109225436187,-0.043,-0.027
681867,"Criswell, Cooper",2024,0.4697009092603545,1265,0.0003713050666089759,0.037130506660897664,206,68.66666666666667,68.2,0.27549311874323634,-0.19420779051711817,-0.025,-0.015
664670,"Lopez, Alejo",2022,0.476080321456118,26,0.01831078159446608,1.8310781594466081,8,2.6666666666666665,2.2,0.005662309159940035,-0.47041801229617797,-1.588,-1.809
676206,"Tarnok, Freddy",2022,0.476277922433877,10,0.0476277922433877,4.762779224338771,2,0.6666666666666666,0.2,0.002177811215361552,-0.4741001112185155,-6.4,-4.741
621079,"Wiles, Collin",2022,0.48307066658051917,154,0.0031368225102631113,0.313682251026311,27,9.0,9.0,0.0335382927165679,-0.4495323738639513,-0.45,-0.292
656814,"Ortiz, Luis F.",2024,0.4882389697458488,10,0.04882389697458488,4.882389697458487,1,0.3333333333333333,0.1,0.002177811215361552,-0.48606115853048726,-13.124,-4.861
656686,"Martin, Corbin",2022,0.49333540182212193,268,0.0018408037381422461,0.1840803738142248,41,13.666666666666666,13.2,0.05836534057168959,-0.43497006125043236,-0.286,-0.162
669742,"Hall, Darick",2022,0.498242768315761,6,0.08304046138596016,8.304046138596016,1,0.3333333333333333,0.1,0.0013066867292169312,-0.49693608158654407,-13.417,-8.282
621550,"Wisdom, Patrick",2024,0.498242768315761,13,0.03832636679352008,3.8326366793520084,1,0.3333333333333333,0.1,0.0028311545799700175,-0.49541161373579096,-13.376,-3.811
689167,"Lindgren, Jeff",2023,0.4993083965778439,97,0.005147509243070556,0.5147509243070553,20,6.666666666666667,6.2,0.021124768789007053,-0.4781836277888369,-0.646,-0.493
663767,"Shugart, Chase",2024,0.49930839657784404,115,0.004341812144155166,0.4341812144155164,21,7.0,7.0,0.025044828976657846,-0.4742635676011862,-0.61,-0.412
542882,"Andriese, Matt",2024,0.49950599755560254,72,0.0069375832993833686,0.6937583299383366,15,5.0,5.0,0.015680240750603175,-0.4838257568049994,-0.871,-0.672
680232,"Wolf, Jackson",2023,0.49950599755560265,75,0.006660079967408036,0.6660079967408032,15,5.0,5.0,0.01633358411521164,-0.483172413440391,-0.87,-0.644
663978,"Paddack, Chris",2023,0.49950599755560265,78,0.0064039230455846495,0.6403923045584651,15,5.0,5.0,0.016986927479820106,-0.48251907007578254,-0.869,-0.619
680573,"Woods Richardson, Simeon",2022,0.4995059975556027,91,0.005489076896215414,0.5489076896215416,15,5.0,5.0,0.01981808205979012,-0.4796879154958126,-0.863,-0.527
625643,"López, Reynaldo",2025,0.499505997555603,94,0.005313893591017053,0.5313893591017053,15,5.0,5.0,0.020471425424398587,-0.4790345721312044,-0.862,-0.51
688107,"Gasser, Robert",2025,0.4997035985333616,45,0.01110452441185248,1.1104524411852486,9,3.0,3.0,0.009800150469126984,-0.48990344806423464,-1.47,-1.089
502179,"Espino, Paolo",2023,0.4997035985333616,38,0.013150094698246358,1.3150094698246357,8,2.6666666666666665,2.2,0.008275682618373897,-0.4914279159149877,-1.659,-1.293
676801,"McCormick, Chas",2025,0.49970359853336166,54,0.0092537703432104,0.9253770343210406,8,2.6666666666666665,2.2,0.011760180562952381,-0.4879434179704093,-1.647,-0.904
571771,"Hernández, Enrique",2024,0.49970359853336166,36,0.013880655514815602,1.3880655514815603,9,3.0,3.0,0.007840120375301587,-0.4918634781580601,-1.476,-1.366
500743,"Rojas, Miguel",2023,0.4997035985333617,37,0.01350550266306383,1.3505502663063824,8,2.6666666666666665,2.2,0.008057901496837742,-0.491645697036524,-1.659,-1.329
595978,"Hedges, Austin",2025,0.4997035985333619,56,0.008923278545238606,0.8923278545238605,9,3.0,3.0,0.01219574280602469,-0.4875078557273372,-1.463,-0.871
665019,"Clemens, Kody",2024,0.49990119951112044,16,0.031243824969445028,3.1243824969445035,3,1.0,1.0,0.003484497944578483,-0.49641670156654194,-4.468,-3.103
572008,"Owings, Chris",2022,0.4999011995111205,10,0.04999011995111205,4.999011995111205,3,1.0,1.0,0.002177811215361552,-0.49772338829575896,-4.48,-4.977
670103,"Burgos, Raymond",2024,0.49990119951112055,25,0.019996047980444822,1.9996047980444827,3,1.0,1.0,0.00544452803840388,-0.49445667147271666,-4.45,-1.978
660844,"Rivas, Leo",2024,0.49990119951112055,9,0.05554457772345784,5.554457772345782,3,1.0,1.0,0.001960030093825397,-0.49794116941729516,-4.481,-5.533
570560,"Sánchez, Yolmer",2022,0.49990119951112055,15,0.03332674663407471,3.3326746634074706,3,1.0,1.0,0.003266716823042328,-0.49663448268807825,-4.47,-3.311
620443,"Torrens, Luis",2022,0.49990119951112055,18,0.02777228886172892,2.777228886172892,3,1.0,1.0,0.003920060187650794,-0.49598113932346977,-4.464,-2.755
656755,"Montes de Oca, Bryce",2022,0.49990119951112055,26,0.019226969211966174,1.9226969211966174,3,1.0,1.0,0.005662309159940035,-0.4942388903511805,-4.448,-1.901
620454,"Castillo, José",2022,0.49990119951112055,16,0.031243824969445035,3.1243824969445027,3,1.0,1.0,0.003484497944578483,-0.49641670156654205,-4.468,-3.103
689172,"Wisely, Brett",2023,0.49990119951112055,11,0.04544556359192005,4.544556359192004,3,1.0,1.0,0.002395592336897707,-0.4975056071742228,-4.478,-4.523
598265,"Bradley Jr., Jackie",2022,0.49990119951112055,30,0.016663373317037353,1.6663373317037347,3,1.0,1.0,0.006533433646084656,-0.4933677658650359,-4.44,-1.645
676391,"Clement, Ernie",2024,0.49990119951112055,16,0.031243824969445035,3.1243824969445035,3,1.0,1.0,0.003484497944578483,-0.49641670156654205,-4.468,-3.103
676391,"Clement, Ernie",2023,0.49990119951112055,20,0.02499505997555603,2.499505997555602,3,1.0,1.0,0.004355622430723104,-0.4955455770803974,-4.46,-2.478
682515,"Porter, Logan",2025,0.4999011995111206,15,0.03332674663407471,3.3326746634074715,3,1.0,1.0,0.003266716823042328,-0.4966344826880783,-4.47,-3.311
571657,"Farmer, Kyle",2025,0.4999011995111206,7,0.07141445707301723,7.141445707301722,2,0.6666666666666666,0.2,0.0015244678507530863,-0.4983767316603675,-6.728,-7.12
669459,"Nelson, Kyle",2025,0.4999011995111206,12,0.04165843329259338,4.165843329259338,3,1.0,1.0,0.0026133734584338625,-0.49728782605268673,-4.476,-4.144
656458,"Gilbreath, Lucas",2025,0.4999011995111206,18,0.027772288861728923,2.7772288861728915,3,1.0,1.0,0.003920060187650794,-0.4959811393234698,-4.464,-2.755
624512,"McGuire, Reese",2025,0.4999011995111206,17,0.02940595291241886,2.940595291241885,3,1.0,1.0,0.0037022790661146382,-0.49619892044500596,-4.466,-2.919
686654,"Adcock, Ty",2024,0.49990119951112066,17,0.029405952912418862,2.9405952912418862,3,1.0,1.0,0.0037022790661146382,-0.496198920445006,-4.466,-2.919
650895,"Castillo, Diego",2023,0.5009668277732033,143,0.003503264529882541,0.3503264529882544,23,7.666666666666667,7.2,0.031142700379670193,-0.46982412739353313,-0.552,-0.329
656849,"Peterson, David",2023,0.5031467280138009,1188,0.0004235241818297987,0.04235241818297991,187,62.333333333333336,62.1,0.25872397238495237,-0.24442275562884852,-0.035,-0.021
621381,"Strahm, Matt",2022,0.5048701051352896,565,0.0008935754073190967,0.08935754073190977,101,33.666666666666664,33.2,0.1230463336679277,-0.3818237714673619,-0.102,-0.068
669160,"May, Dustin",2022,0.5100838380232621,306,0.0016669406471348433,0.16669406471348408,55,18.333333333333332,18.1,0.06664102319006349,-0.4434428148331986,-0.218,-0.145
677960,"Weathers, Ryan",2024,0.5183926292534373,1222,0.00042421655421721546,0.042421655421721584,211,70.33333333333333,70.1,0.26612853051718166,-0.25226409873625566,-0.032,-0.021
523260,"Kelly, Joe",2023,0.5207042501201686,546,0.0009536707877658766,0.09536707877658762,91,30.333333333333332,30.1,0.11890849235874074,-0.4017957577614279,-0.119,-0.074
622098,"Smith, Drew",2022,0.5210860953843093,627,0.0008310783020483402,0.08310783020483409,106,35.333333333333336,35.1,0.1365487632031693,-0.38453733218113995,-0.098,-0.061
670810,"Gillaspie, Logan",2022,0.5232095582839441,233,0.0022455345849096316,0.22455345849096306,45,15.0,15.0,0.05074300131792416,-0.47246655696601997,-0.283,-0.203
649144,"Wells, Alex",2022,0.5374205109214052,34,0.015806485615335448,1.5806485615335455,5,1.6666666666666667,1.2,0.0074045581322292765,-0.5300159527891759,-2.862,-1.559
702352,"Bivens, Spencer",2024,0.5396250128491926,575,0.0009384782832159872,0.09384782832159873,98,32.666666666666664,32.2,0.12522414488328923,-0.41440086796590336,-0.114,-0.072
665828,"Cabrera, Oswaldo",2024,0.542874730686365,12,0.04523956089053042,4.5239560890530415,1,0.3333333333333333,0.1,0.0026133734584338625,-0.5402613572279312,-14.587,-4.502
670280,"Bednar, David",2024,0.5536742249732147,794,0.0006973227014776004,0.06973227014775998,139,46.333333333333336,46.1,0.17291821049970724,-0.3807560144735075,-0.074,-0.048
664351,"Contreras, Luis",2025,0.5628399579399932,170,0.00331082328199996,0.33108232819999583,25,8.333333333333334,8.1,0.03702279066114638,-0.5258171672788469,-0.568,-0.309
685107,"Veneziano, Anthony",2024,0.5631778254199418,176,0.0031998740080678508,0.31998740080678506,29,9.666666666666666,9.2,0.03832947739036331,-0.5248483480295785,-0.489,-0.298
665019,"Clemens, Kody",2023,0.5749342460191416,41,0.014022786488271745,1.402278648827175,8,2.6666666666666665,2.2,0.008929025982982362,-0.5660052200361592,-1.91,-1.381
672860,"Berroa, Prelander",2023,0.584937918075066,41,0.014266778489635756,1.4266778489635756,5,1.6666666666666667,1.2,0.008929025982982362,-0.5760088920920836,-3.11,-1.405
660853,"De Los Santos, Enyel",2025,0.5881958645660191,937,0.0006277437188538091,0.06277437188538078,159,53.0,53.0,0.20406091087937742,-0.38413495368664174,-0.065,-0.041
681867,"Criswell, Cooper",2025,0.5883528284790054,119,0.0049441414157899615,0.4944141415789962,20,6.666666666666667,6.2,0.02591595346280247,-0.5624368750162029,-0.759,-0.473
657006,"Steele, Justin",2025,0.5988179879846063,312,0.0019192884230275842,0.19192884230275847,65,21.666666666666668,21.2,0.06794770991928042,-0.5308702780653258,-0.221,-0.17
608723,"Voth, Austin",2022,0.608706530345906,1082,0.0005625753515211701,0.056257535152117136,185,61.666666666666664,61.2,0.23563917350211994,-0.3730673568437861,-0.054,-0.034
668800,"Knizner, Andrew",2022,0.6125689084895257,11,0.05568808258995688,5.568808258995688,2,0.6666666666666666,0.2,0.002395592336897707,-0.610173316152628,-8.237,-5.547
664776,"Cousins, Jake",2023,0.616533455596233,153,0.004029630428733549,0.4029630428733549,19,6.333333333333333,6.1,0.03332051159503174,-0.5832129440012013,-0.829,-0.381
681982,"Anderson, Grant",2024,0.617119243135043,371,0.0016633941863478247,0.1663394186347824,63,21.0,21.0,0.08079679608991358,-0.5363224470451293,-0.23,-0.145
664875,"Lawrence, Justin",2022,0.6427734469478981,619,0.0010384062147785107,0.10384062147785118,106,35.333333333333336,35.1,0.13480651423088008,-0.507966932717018,-0.129,-0.082
668868,"Thompson, Zack",2023,0.644712321018116,973,0.0006626025909744255,0.06626025909744261,160,53.333333333333336,53.1,0.21190103125467902,-0.432811289763437,-0.073,-0.044
672841,"Vargas, Carlos",2025,0.6492224365742569,644,0.0010081093735625109,0.10081093735625112,130,43.333333333333336,43.1,0.14025104226928395,-0.508971394304973,-0.106,-0.079
606160,"Montero, Rafael",2024,0.6584131890322603,512,0.0012859632598286334,0.12859632598286358,82,27.333333333333332,27.1,0.11150393422651146,-0.5469092548057488,-0.18,-0.107
606149,"Gallegos, Giovanny",2024,0.6594278905493807,286,0.0023056919249978343,0.2305691924997834,50,16.666666666666668,16.2,0.06228540075934039,-0.5971424897900403,-0.322,-0.209
642546,"Hernández, Jonathan",2022,0.6638375696010432,375,0.0017702335189361152,0.17702335189361149,59,19.666666666666668,19.2,0.0816679205760582,-0.582169649024985,-0.266,-0.155
456713,"Bush, Matt",2023,0.6649334009238981,117,0.005683191460888018,0.5683191460888017,21,7.0,7.0,0.02548039121973016,-0.639453009704168,-0.822,-0.547
669358,"Baz, Shane",2025,0.6722362612448185,1828,0.0003677441254074499,0.0367744125407448,319,106.33333333333333,106.1,0.3981038901680917,-0.2741323710767268,-0.023,-0.015
664942,"Naile, James",2022,0.672827380441249,99,0.006796236166073223,0.6796236166073227,20,6.666666666666667,6.2,0.021560331032079365,-0.6512670494091697,-0.879,-0.658
643256,"Cimber, Adam",2022,0.6732933752524108,713,0.0009443104842249802,0.09443104842249811,141,47.0,47.0,0.15527793965527867,-0.5180154355971321,-0.099,-0.073
571466,"Barnhart, Tucker",2022,0.6794263205736794,7,0.09706090293909705,9.706090293909705,1,0.3333333333333333,0.1,0.0015244678507530863,-0.6779018527229262,-18.303,-9.684
689266,"Dodd, Dylan",2025,0.6804365855171619,424,0.0016048032677291554,0.1604803267729156,81,27.0,27.0,0.0923391955313298,-0.5880973899858322,-0.196,-0.139
670036,"Festa, Matt",2025,0.7037218412682431,584,0.0012050031528565808,0.12050031528565834,110,36.666666666666664,36.2,0.12718417497711462,-0.5765376662911285,-0.142,-0.099
641793,"Littell, Zack",2022,0.7042537336336834,606,0.0011621348739829758,0.11621348739829747,101,33.666666666666664,33.2,0.13197535965091006,-0.5722783739827733,-0.153,-0.094
595345,"Okert, Steven",2024,0.7126701472007065,449,0.0015872386351908831,0.15872386351908832,77,25.666666666666668,25.2,0.09778372356973368,-0.6148864236309729,-0.216,-0.137
680735,"Cox, Austin",2023,0.7133928415842905,378,0.0018872826496938902,0.18872826496938916,63,21.0,21.0,0.08232126394066666,-0.6310715776436239,-0.27,-0.167
677161,"Kelly, Zack",2024,0.7172176602424739,692,0.001036441705552708,0.10364417055527063,118,39.333333333333336,39.1,0.1507045361030194,-0.5665131241394545,-0.13,-0.082
641927,"Ober, Bailey",2024,0.7195637760850919,1848,0.00038937433770838307,0.03893743377083825,366,122.0,122.0,0.4024595125988148,-0.3171042634862771,-0.023,-0.017
676051,"Heuer, Codi",2025,0.7216682068735636,87,0.008295036860615673,0.8295036860615673,15,5.0,5.0,0.018946957573645503,-0.7027212492999181,-1.265,-0.808
663855,"Hicks, Jordan",2024,0.7256474893077631,1216,0.0005967495800228316,0.059674958002283035,198,66.0,66.0,0.2648218437879647,-0.46082564551979843,-0.063,-0.038
683409,"Chivilli, Angel",2024,0.7321057315148203,435,0.001683001681643265,0.16830016816432666,74,24.666666666666668,24.2,0.0947347878682275,-0.6373709436465927,-0.233,-0.147
595978,"Hedges, Austin",2023,0.7338268551632942,42,0.017472067980078432,1.7472067980078436,7,2.3333333333333335,2.1,0.009146807104518519,-0.7246800480587756,-2.795,-1.725
623381,"Pannone, Thomas",2023,0.7338268551632942,59,0.012437743307852443,1.2437743307852447,8,2.6666666666666665,2.2,0.012849086170633156,-0.720977768992661,-2.433,-1.222
570257,"Rodríguez, Joely",2024,0.7402833144355915,170,0.004354607731974067,0.43546077319740656,29,9.666666666666666,9.2,0.03702279066114638,-0.7032605237744451,-0.655,-0.414
677651,"Garcia, Luis",2023,0.7585052100256722,285,0.002661421789563762,0.26614217895637626,47,15.666666666666666,15.2,0.06206761963780423,-0.6964375903878679,-0.4,-0.244
642701,"Santana, Dennis",2022,0.7647224592535814,686,0.0011147557715066785,0.11147557715066768,118,39.333333333333336,39.1,0.14939784937380246,-0.6153246098797789,-0.141,-0.09
682227,"Williamson, Brandon",2024,0.7652839404367905,130,0.005886799541821465,0.588679954182147,18,6.0,6.0,0.028311545799700175,-0.7369723946370903,-1.105,-0.567
689958,"Walters, Andrew",2025,0.7658767433700675,9,0.0850974159300075,8.509741593000749,1,0.3333333333333333,0.1,0.001960030093825397,-0.7639167132762421,-20.626,-8.488
656848,"Petersen, Michael",2025,0.7738793106364686,239,0.003237988747432923,0.32379887474329216,36,12.0,12.0,0.05204968804714109,-0.7218296225893276,-0.541,-0.302
606993,"Hager, Jake",2022,0.7789554406675131,28,0.027819837166696896,2.78198371666969,7,2.3333333333333335,2.1,0.006097871403012345,-0.7728575692645008,-2.981,-2.76
669308,"Reynolds, Sean",2025,0.779406768012747,388,0.00200878032992976,0.20087803299297619,61,20.333333333333332,20.1,0.08449907515602821,-0.6949076928567188,-0.308,-0.179
689017,"Knack, Landon",2024,0.7864160281764572,852,0.0009230235072493629,0.09230235072493634,147,49.0,49.0,0.18554951554880422,-0.6008665126276529,-0.11,-0.071
690829,"Joyce, Ben",2023,0.7886153293948698,186,0.00423986736233801,0.42398673623380106,26,8.666666666666666,8.2,0.04050728860572487,-0.748108040789145,-0.777,-0.402
547943,"Ryu, Hyun Jin",2023,0.79021690598712,695,0.0011370027424275108,0.11370027424275125,127,42.333333333333336,42.1,0.15135787946762785,-0.6388590265194922,-0.136,-0.092
670059,"Holderman, Colin",2022,0.7908753574354506,328,0.0024112053580349103,0.24112053580349121,58,19.333333333333332,19.1,0.0714322078638589,-0.7194431495715916,-0.335,-0.219
676604,"Zuber, Tyler",2025,0.791680209042957,133,0.005952482774759075,0.5952482774759077,19,6.333333333333333,6.1,0.02896488916430864,-0.7627153198786484,-1.084,-0.573
641360,"Bickford, Phil",2024,0.7997133660324673,125,0.006397706928259739,0.639770692825974,21,7.0,7.0,0.0272226401920194,-0.772490725840448,-0.993,-0.618
601713,"Pivetta, Nick",2024,0.8092977367413874,1825,0.000443450814652815,0.044345081465281405,324,108.0,108.0,0.39745054680348324,-0.41184718993790415,-0.034,-0.023
661383,"Ortega, Oliver",2023,0.8360843038323078,203,0.004118641890799546,0.4118641890799547,38,12.666666666666666,12.2,0.044209567671839506,-0.7918747361604683,-0.563,-0.39
642232,"Yarbrough, Ryan",2022,0.8398347427636094,949,0.0008849681167161321,0.08849681167161341,155,51.666666666666664,51.2,0.2066742843378113,-0.633160458425798,-0.11,-0.067
571927,"Matz, Steven",2024,0.8406156517545891,574,0.0014644871981787267,0.1464487198178727,96,32.0,32.0,0.1250063637617531,-0.715609287992836,-0.201,-0.125
543859,"Tonkin, Michael",2023,0.8421169736524274,1014,0.0008304901120832618,0.08304901120832622,188,62.666666666666664,62.2,0.22083005723766136,-0.6212869164147661,-0.089,-0.061
605154,"Brebbia, John",2023,0.8427946300005561,522,0.0016145490996179236,0.1614549099617923,93,31.0,31.0,0.11368174544187301,-0.7291128845586831,-0.212,-0.14
682243,"Miller, Bryce",2025,0.8436390821751796,873,0.0009663677917241462,0.09663677917241477,148,49.333333333333336,49.1,0.1901229191010635,-0.6535161630741161,-0.119,-0.075
607259,"Martinez, Nick",2023,0.8533431410290988,1268,0.0006729835497074912,0.06729835497074906,228,76.0,76.0,0.27614646210784477,-0.577196678921254,-0.068,-0.046
572971,"Keuchel, Dallas",2024,0.8752852444673836,159,0.005504938644448953,0.5504938644448953,21,7.0,7.0,0.034627198324248674,-0.840658046143135,-1.081,-0.529
643493,"Pruitt, Austin",2022,0.8757817927093836,615,0.0014240354352998107,0.14240354352998116,122,40.666666666666664,40.2,0.13393538974473546,-0.7418464029646481,-0.164,-0.121
641793,"Littell, Zack",2024,0.8790517608223694,1946,0.00045172238480080645,0.04517223848008068,349,116.33333333333333,116.1,0.42380206250935804,-0.4552496983130113,-0.035,-0.023
641835,"Mayza, Tim",2025,0.882537223373762,271,0.0032565949201983834,0.32565949201983824,43,14.333333333333334,14.1,0.059018683936298055,-0.8235185394374639,-0.517,-0.304
680573,"Woods Richardson, Simeon",2025,0.8883806434917949,1448,0.0006135225438479246,0.06135225438479249,251,83.66666666666667,83.2,0.31534706398435275,-0.5730335795074422,-0.062,-0.04
622072,"Wood, Alex",2023,0.8976771091407756,1210,0.0007418819083808062,0.07418819083808066,200,66.66666666666667,66.2,0.2635151570587478,-0.6341619520820279,-0.086,-0.052
622253,"Tate, Dillon",2025,0.8980480728070499,139,0.006460777502208992,0.6460777502208991,19,6.333333333333333,6.1,0.03027157589352557,-0.8677764969135243,-1.233,-0.624
668970,"Hollowell, Gavin",2023,0.9038419652815747,376,0.002403835014046741,0.24038350140467424,61,20.333333333333332,20.1,0.08188570169759435,-0.8219562635839803,-0.364,-0.219
650671,"Quijada, José",2023,0.9051590286166247,156,0.005802301465491184,0.5802301465491182,27,9.0,9.0,0.03397385495964021,-0.8711851736569844,-0.871,-0.558
666214,"Wentz, Joey",2024,0.9104776736759473,882,0.0010322876118774914,0.10322876118774912,146,48.666666666666664,48.2,0.19208294919488889,-0.7183947244810585,-0.133,-0.081
592767,"Smyly, Drew",2024,0.9122876801106772,656,0.0013906824391931054,0.1390682439193107,111,37.0,37.0,0.1428644157277178,-0.7694232643829594,-0.187,-0.117
675627,"Grove, Michael",2024,0.9123884623649157,548,0.001664942449571014,0.16649424495710136,99,33.0,33.0,0.11934405460181305,-0.7930444077631026,-0.216,-0.145
676702,"Stratton, Hunter",2025,0.9381677476472259,198,0.004738220947713262,0.47382209477132614,39,13.0,13.0,0.04312066206415873,-0.8950470855830671,-0.62,-0.452
477132,"Kershaw, Clayton",2024,0.940882335682829,416,0.002261736383852954,0.2261736383852955,72,24.0,24.0,0.09059694655904056,-0.8502853891237884,-0.319,-0.204
670242,"Wallner, Matt",2024,0.9410407802314216,21,0.04481146572530579,4.481146572530579,4,1.3333333333333333,1.1,0.004573403552259259,-0.9364673766791624,-6.321,-4.459
656605,"Keller, Mitch",2022,0.9445406075459912,2134,0.00044261509257075503,0.04426150925707563,354,118.0,118.0,0.4647449133581552,-0.479795694187836,-0.037,-0.022
642770,"Guerra, Javy",2022,0.9498384338052157,214,0.00443849735422998,0.44384973542299794,32,10.666666666666666,10.2,0.04660516000873721,-0.9032332737964786,-0.762,-0.422
673904,"Walsh, Jake",2022,0.9560464432284299,65,0.014708406818898921,1.470840681889892,8,2.6666666666666665,2.2,0.014155772899850087,-0.9418906703285799,-3.179,-1.449
592454,"Kahnle, Tommy",2022,0.9564336658914792,93,0.010284232966575045,1.0284232966575042,19,6.333333333333333,6.1,0.020253644302862434,-0.9361800215886167,-1.33,-1.007
687209,"Maxwell, Zach",2025,0.9673573088599503,140,0.006909695063285359,0.6909695063285357,24,8.0,8.0,0.030489357015061728,-0.9368679518448886,-1.054,-0.669
669432,"Rogers, Trevor",2023,0.9755852397851817,272,0.0035867104403866975,0.35867104403866973,45,15.0,15.0,0.05923646505783421,-0.9163487747273475,-0.55,-0.337
543766,"Shaw, Bryan",2024,0.9761791219449973,36,0.02711608672069437,2.7116086720694375,4,1.3333333333333333,1.1,0.007840120375301587,-0.9683390015696958,-6.536,-2.69
656638,"Lange, Alex",2022,0.9785090658156604,801,0.0012216093206188021,0.1221609320618803,144,48.0,48.0,0.17444267835046032,-0.8040663874652001,-0.151,-0.1
647336,"Soroka, Michael",2024,0.9793619125673676,1203,0.0008140996779446115,0.0814099677944612,188,62.666666666666664,62.2,0.2619906892079947,-0.717371223359373,-0.103,-0.06
642239,"Zastryzny, Rob",2024,0.9799111591051985,63,0.0155541453826222,1.5554145382622202,7,2.3333333333333335,2.1,0.013720210656777778,-0.9661909484484208,-3.727,-1.534
640462,"Puk, A.J.",2025,0.9874461497547511,110,0.008976783179588646,0.897678317958865,18,6.0,6.0,0.02395592336897707,-0.963490226385774,-1.445,-0.876
669721,"Daniel, Davis",2025,0.9990119951112055,183,0.005459081940498391,0.5459081940498396,29,9.666666666666666,9.2,0.0398539452411164,-0.9591580498700891,-0.893,-0.524
663554,"Mize, Casey",2022,0.9990119951112055,169,0.005911313580539678,0.5911313580539679,30,10.0,10.0,0.03680500953961023,-0.9622069855715953,-0.866,-0.569
668684,"Tully, Tanner",2022,0.9994071970667232,116,0.008615579285057958,0.8615579285057959,16,5.333333333333333,5.1,0.025262610098194003,-0.9741445869685292,-1.644,-0.84
670097,"Short, Zack",2023,0.9994071970667233,100,0.009994071970667233,0.999407197066724,18,6.0,6.0,0.02177811215361552,-0.9776290849131078,-1.466,-0.978
694646,"McDermott, Chayce",2024,0.999604798044482,82,0.01219030241517661,1.2190302415176608,11,3.6666666666666665,3.2,0.017858051965964725,-0.9817467460785173,-2.41,-1.197
658648,"Avila, Pedro",2022,0.9996047980444821,70,0.014280068543492602,1.4280068543492603,13,4.333333333333333,4.1,0.015244678507530864,-0.9843601195369512,-2.044,-1.406
663558,"Morán, Jovani",2025,0.9996047980444821,80,0.012495059975556026,1.2495059975556027,12,4.0,4.0,0.017422489722892415,-0.9821823083215897,-2.21,-1.228
622103,"Reyes, Gerardo",2024,0.9996047980444821,79,0.012653225291702305,1.2653225291702308,11,3.6666666666666665,3.2,0.01720470860135626,-0.9824000894431258,-2.411,-1.244
605446,"Rodríguez, Dereck",2022,0.9996047980444822,59,0.016942454204143767,1.6942454204143766,12,4.0,4.0,0.012849086170633156,-0.986755711873849,-2.22,-1.672
621028,"Newman, Kevin",2025,0.9996047980444822,34,0.02940014111895536,2.940014111895536,12,4.0,4.0,0.0074045581322292765,-0.9922002399122529,-2.232,-2.918
676775,"Winn, Keaton",2025,0.9996047980444822,63,0.01586674282610289,1.5866742826102898,12,4.0,4.0,0.013720210656777778,-0.9858845873877045,-2.218,-1.565
521230,"Hendriks, Liam",2023,0.9996047980444822,70,0.014280068543492603,1.4280068543492601,12,4.0,4.0,0.015244678507530864,-0.9843601195369514,-2.215,-1.406
608566,"Márquez, Germán",2024,0.9996047980444823,70,0.014280068543492605,1.428006854349261,11,3.6666666666666665,3.2,0.015244678507530864,-0.9843601195369515,-2.416,-1.406
571657,"Farmer, Kyle",2024,0.9996047980444823,41,0.024380604830353227,2.4380604830353225,11,3.6666666666666665,3.2,0.008929025982982362,-0.9906757720614999,-2.432,-2.416
448179,"Hill, Rich",2024,0.9998023990222409,45,0.02221783108938313,2.2217831089383138,6,2.0,2.0,0.009800150469126984,-0.9900022485531139,-4.455,-2.2
689266,"Dodd, Dylan",2024,0.9998023990222409,34,0.029405952912418848,2.9405952912418862,5,1.6666666666666667,1.2,0.0074045581322292765,-0.9923978408900116,-5.359,-2.919
676961,"Boushley, Caleb",2024,0.999802399022241,31,0.03225169029104003,3.2251690291040034,6,2.0,2.0,0.006751214767620811,-0.9930511842546201,-4.469,-3.203
572191,"Taylor, Michael A.",2022,0.9998023990222411,37,0.02702168646006057,2.7021686460060566,6,2.0,2.0,0.008057901496837742,-0.9917444975254034,-4.463,-2.68
657514,"Bernardino, Brennan",2022,0.9998023990222411,35,0.02856578282920689,2.856578282920689,7,2.3333333333333335,2.1,0.007622339253765432,-0.9921800597684757,-3.827,-2.835
682073,"Hensley, David",2024,0.9998023990222411,26,0.03845393842393235,3.845393842393235,5,1.6666666666666667,1.2,0.005662309159940035,-0.9941400898623011,-5.368,-3.824
642759,"Fernández, Julian",2025,0.9998023990222411,36,0.02777228886172892,2.7772288861728924,6,2.0,2.0,0.007840120375301587,-0.9919622786469395,-4.464,-2.755
657053,"Toussaint, Touki",2025,0.9998023990222411,37,0.02702168646006057,2.702168646006057,6,2.0,2.0,0.008057901496837742,-0.9917444975254034,-4.463,-2.68
607054,"Peterson, Jace",2023,0.9998023990222411,43,0.023251218581912585,2.3251218581912583,6,2.0,2.0,0.009364588226054673,-0.9904378107961864,-4.457,-2.303
670219,"Kristofak, Zac",2024,0.9998023990222411,39,0.025635958949288235,2.5635958949288233,5,1.6666666666666667,1.2,0.008493463739910053,-0.9913089352823311,-5.353,-2.542
681962,"Capra, Vinny",2025,0.9998023990222411,23,0.04346966952270614,4.3469669522706145,6,2.0,2.0,0.0050089657953315695,-0.9947934332269095,-4.477,-4.325
669717,"Wilson, Will",2025,0.9998023990222413,26,0.03845393842393236,3.845393842393236,6,2.0,2.0,0.005662309159940035,-0.9941400898623013,-4.474,-3.824
673111,"Lopez, José",2023,0.9998023990222413,51,0.019603968608279242,1.9603968608279239,6,2.0,2.0,0.011106837198343916,-0.9886955618238974,-4.449,-1.939
605612,"Castro, Harold",2023,0.9998023990222413,29,0.03447594479387039,3.447594479387038,5,1.6666666666666667,1.2,0.006315652524548501,-0.9934867464976929,-5.365,-3.426
624522,"Thompson, Keegan",2023,1.010962682522436,423,0.002389982700998667,0.2389982700998667,76,25.333333333333332,25.1,0.09212141440979364,-0.9188412681126424,-0.326,-0.217
702056,"Yesavage, Trey",2025,1.011565845356454,76,0.013310076912584921,1.3310076912584918,12,4.0,4.0,0.016551365236747793,-0.9950144801197062,-2.239,-1.309
572955,"Johnson, Pierce",2022,1.0158738814642652,220,0.004617608552110296,0.46176085521102944,32,10.666666666666666,10.2,0.04791184673795414,-0.967962034726311,-0.817,-0.44
663531,"Allen, Logan",2022,1.0224458416860915,93,0.010994041308452596,1.09940413084526,14,4.666666666666667,4.2,0.020253644302862434,-1.002192197383229,-1.933,-1.078
677076,"Andrews, Clayton",2024,1.0236232770772435,15,0.06824155180514957,6.824155180514957,1,0.3333333333333333,0.1,0.003266716823042328,-1.0203565602542013,-27.55,-6.802
663465,"Allard, Kolby",2024,1.025714835459791,371,0.0027647300147164177,0.27647300147164183,64,21.333333333333332,21.1,0.08079679608991358,-0.9449180393698773,-0.399,-0.255
642028,"Rogers, Josh",2024,1.0334765243068438,136,0.007599092090491498,0.7599092090491503,26,8.666666666666666,8.2,0.029618232528917106,-1.0038582917779266,-1.042,-0.738
622259,"Wingenter, Trey",2023,1.0351604677068944,195,0.005308515219009715,0.5308515219009717,29,9.666666666666666,9.2,0.04246731869955026,-0.9926931490073442,-0.924,-0.509
663436,"Martin, Davis",2022,1.0393782466314625,648,0.0016039787756658372,0.16039787756658366,117,39.0,39.0,0.14112216675542857,-0.898256079876034,-0.207,-0.139
663574,"Santillan, Tony",2023,1.048652285042523,44,0.02383300647823916,2.3833006478239156,6,2.0,2.0,0.009582369347590828,-1.0390699156949321,-4.676,-2.362
670810,"Gillaspie, Logan",2023,1.0515155481273215,172,0.006113462489112334,0.6113462489112333,25,8.333333333333334,8.1,0.03745835290421869,-1.0140571952231028,-1.095,-0.59
670174,"Winckowski, Josh",2025,1.0583651878777696,199,0.0053184180295365304,0.5318418029536531,32,10.666666666666666,10.2,0.04333844318569489,-1.0150267446920747,-0.856,-0.51
573124,"Rogers, Taylor",2025,1.058659313393418,619,0.0017102735272914668,0.1710273527291469,105,35.0,35.0,0.13480651423088008,-0.9238527991625378,-0.238,-0.149
608638,"Chargois, JT",2023,1.060925141601126,520,0.0020402406569252425,0.20402406569252438,85,28.333333333333332,28.1,0.1132461831988007,-0.9476789584023253,-0.301,-0.182
640448,"Finnegan, Kyle",2023,1.0730796429609355,765,0.0014027184875306346,0.14027184875306353,127,42.333333333333336,42.1,0.16660255797515872,-0.9064770849857768,-0.193,-0.118
681869,"Dubin, Shawn",2024,1.08999426220262,712,0.001530890817700309,0.15308908177003083,112,37.333333333333336,37.1,0.1550601585337425,-0.9349341036688774,-0.225,-0.131
669199,"Bachar, Lake",2025,1.093509140450813,923,0.001184733629957544,0.11847336299575464,163,54.333333333333336,54.1,0.20101197517787125,-0.8924971652729418,-0.148,-0.097
661383,"Ortega, Oliver",2022,1.0950572091864972,380,0.002881729497859203,0.28817294978592045,63,21.0,21.0,0.08275682618373897,-1.0123003830027582,-0.434,-0.266
664042,"Lakins Sr., Travis",2022,1.1025163456270988,119,0.009264843240563855,0.9264843240563854,18,6.0,6.0,0.02591595346280247,-1.0766003921642964,-1.615,-0.905
621051,"Wilson, Steven",2024,1.1060439314113009,433,0.0025543739755457297,0.25543739755457295,75,25.0,25.0,0.0942992256251552,-1.0117447057861457,-0.364,-0.234
676974,"Meyer, Max",2022,1.107586446443046,89,0.012444791533067934,1.244479153306793,17,5.666666666666667,5.2,0.019382519816717812,-1.0882039266263281,-1.728,-1.223
801434,"Gervase, Paul",2025,1.1171451980440086,104,0.010741780750423159,1.0741780750423158,19,6.333333333333333,6.1,0.02264923663976014,-1.0944959614042484,-1.555,-1.052
676103,"Jones, Damon",2022,1.119579125362718,104,0.010765183897718442,1.0765183897718442,14,4.666666666666667,4.2,0.02264923663976014,-1.096929888722958,-2.116,-1.055
677161,"Kelly, Zack",2023,1.1218610692597744,175,0.006410634681484425,0.6410634681484424,26,8.666666666666666,8.2,0.03811169626882716,-1.083749372990947,-1.125,-0.619
518813,"Holland, Greg",2022,1.123726750643822,48,0.023410973971746293,2.3410973971746287,8,2.6666666666666665,2.2,0.01045349383373545,-1.1132732568100865,-3.757,-2.319
641360,"Bickford, Phil",2022,1.133438698216363,776,0.0014606168791447976,0.14606168791447988,141,47.0,47.0,0.16899815031205642,-0.9644405479043064,-0.185,-0.124
611093,"Bracho, Silvino",2022,1.1382145086836006,65,0.017510992441286163,1.7510992441286164,13,4.333333333333333,4.1,0.014155772899850087,-1.1240587357837506,-2.335,-1.729
664199,"Clarke, Taylor",2022,1.1423984666725073,590,0.0019362685875805208,0.19362685875805194,102,34.0,34.0,0.12849086170633156,-1.0139076049661757,-0.268,-0.172
656457,"Gilbert, Tyler",2025,1.1492183562643872,628,0.001829965535452846,0.18299655354528452,113,37.666666666666664,37.2,0.13676654432470547,-1.0124518119396817,-0.242,-0.161
669796,"Hernandez, Jose E.",2023,1.155809048713723,717,0.0016120070414417334,0.16120070414417328,135,45.0,45.0,0.15614906414142327,-0.9996599845722997,-0.2,-0.139
605452,"Ross, Joe",2024,1.160589925673217,1036,0.0011202605460166187,0.11202605460166183,192,64.0,64.0,0.22562124191145677,-0.9349686837617603,-0.131,-0.09
640462,"Puk, A.J.",2022,1.161203690822622,815,0.0014247898046903338,0.1424789804690334,139,46.333333333333336,46.1,0.17749161405196648,-0.9837120767706555,-0.191,-0.121
607237,"Garrett, Amir",2024,1.161490450767816,104,0.011168177411229,1.1168177411229,15,5.0,5.0,0.02264923663976014,-1.138841214128056,-2.05,-1.095
682989,"Mederos, Victor",2024,1.1706056217190386,70,0.01672293745312912,1.672293745312912,9,3.0,3.0,0.015244678507530864,-1.1553609432115077,-3.466,-1.651
677955,"Hill, Jaden",2024,1.1724057289179723,121,0.009689303544776632,0.9689303544776625,26,8.666666666666666,8.2,0.026351515705874778,-1.1460542132120977,-1.19,-0.947
657508,"Baumann, Mike",2022,1.1747898220787099,569,0.0020646569808061683,0.20646569808061688,95,31.666666666666668,31.2,0.1239174581540723,-1.0508723639246376,-0.299,-0.185
606160,"Montero, Rafael",2025,1.177443859058405,684,0.0017214091506701828,0.17214091506701842,110,36.666666666666664,36.2,0.14896228713073015,-1.028481571927675,-0.252,-0.15
543238,"Gose, Anthony",2024,1.179129919107041,55,0.0214387258019462,2.1438725801946203,10,3.3333333333333335,3.1,0.011977961684488536,-1.1671519574225524,-3.151,-2.122
672782,"Gómez, Yoendrys",2024,1.1809029849901502,214,0.0055182382476175245,0.5518238247617521,34,11.333333333333334,11.1,0.04660516000873721,-1.134297824981413,-0.901,-0.53
571670,"Floro, Dylan",2024,1.1840482712843725,718,0.001649092299838959,0.16490922998389596,135,45.0,45.0,0.15636684526295944,-1.027681426021413,-0.206,-0.143
542881,"Anderson, Tyler",2024,1.1852357615891629,2274,0.0005212118564596143,0.05212118564596135,398,132.66666666666666,132.2,0.49523427037321693,-0.690001491215946,-0.047,-0.03
666721,"Castillo, Max",2023,1.1901617205658934,159,0.007485293840037066,0.748529384003707,31,10.333333333333334,10.1,0.034627198324248674,-1.1555345222416447,-1.006,-0.727
502154,"Britton, Zack",2022,1.1911497254546881,20,0.059557486272734404,5.95574862727344,1,0.3333333333333333,0.1,0.004355622430723104,-1.186794103023965,-32.043,-5.934
669796,"Hernandez, Jose E.",2024,1.1986352186620586,78,0.01536711818797511,1.536711818797511,13,4.333333333333333,4.1,0.016986927479820106,-1.1816482911822386,-2.454,-1.515
570663,"Robles, Hansel",2022,1.2013648123852447,327,0.0036738985088233785,0.3673898508823379,54,18.0,18.0,0.07121442674232276,-1.130150385642922,-0.565,-0.346
663567,"Lambert, Peter",2023,1.2131618312831836,1140,0.0010641770449852487,0.10641770449852468,198,66.0,66.0,0.24827047855121692,-0.9648913527319667,-0.132,-0.085
621433,"Phillips, Brett",2023,1.220064724919094,7,0.1742949607027277,17.42949607027277,1,0.3333333333333333,0.1,0.0015244678507530863,-1.2185402570683408,-32.901,-17.408
669622,"Bender, Anthony",2024,1.2285070559475202,662,0.0018557508397998794,0.18557508397998798,109,36.333333333333336,36.1,0.14417110245693474,-1.0843359534905854,-0.269,-0.164
657424,"Gage, Matt",2023,1.2318281712533068,56,0.021996931629523337,2.199693162952334,7,2.3333333333333335,2.1,0.01219574280602469,-1.2196324284472821,-4.704,-2.178
622491,"Castillo, Luis",2025,1.2328936762334788,2077,0.0005935934887980157,0.05935934887980162,357,119.0,119.0,0.45233138943059437,-0.7805622868028844,-0.059,-0.038
542932,"Berti, Jon",2025,1.2337280546744147,51,0.024190746170086562,2.419074617008657,11,3.6666666666666665,3.2,0.011106837198343916,-1.2226212174760709,-3.001,-2.397
444876,"Escobar, Alcides",2022,1.2339256556521736,24,0.05141356898550723,5.141356898550723,5,1.6666666666666667,1.2,0.005226746916867725,-1.228698908735306,-6.635,-5.12
607572,"Howard, Sam",2022,1.2339256556521738,53,0.023281616144380637,2.3281616144380632,5,1.6666666666666667,1.2,0.011542399441416225,-1.2223832562107575,-6.601,-2.306
644429,"Severino, Anderson",2022,1.2386245751060594,133,0.009312966730120747,0.9312966730120747,21,7.0,7.0,0.02896488916430864,-1.2096596859417508,-1.555,-0.91
687792,"Herz, DJ",2024,1.244337322996148,1090,0.0011415938743083928,0.11415938743083932,179,59.666666666666664,59.2,0.23738142247440916,-1.006955900521739,-0.152,-0.092
595897,"Burdi, Nick",2024,1.2444728440101565,193,0.006448045823886821,0.6448045823886821,27,9.0,9.0,0.042031756456477956,-1.2024410875536784,-1.202,-0.623
641540,"Dunning, Dane",2022,1.2480544632224964,1854,0.0006731685346399657,0.06731685346399663,314,104.66666666666667,104.2,0.40376619932803176,-0.8442882638944647,-0.073,-0.046
642048,"Saucedo, Tayler",2024,1.250189756256411,439,0.002847812656620526,0.28478126566205275,78,26.0,26.0,0.09560591235437213,-1.1545838439020388,-0.4,-0.263
622250,"Sborz, Josh",2022,1.253404105537744,323,0.0038805080666803222,0.3880508066680322,53,17.666666666666668,17.2,0.07034330225617813,-1.183060803281566,-0.603,-0.366
701581,"Festa, David",2024,1.2558977969659653,785,0.0015998698050521851,0.15998698050521867,141,47.0,47.0,0.17095818040588184,-1.0849396165600833,-0.208,-0.138
593974,"Peralta, Wandy",2025,1.256170544283114,840,0.0014954411241465643,0.14954411241465676,150,50.0,50.0,0.18293614209037037,-1.0732344021927436,-0.193,-0.128
656271,"Burke, Brock",2025,1.2586347378165437,827,0.001521928340769702,0.1521928340769702,139,46.333333333333336,46.1,0.18010498751040036,-1.0785297503061433,-0.209,-0.13
671131,"Rutledge, Jackson",2023,1.2647899379923937,170,0.007439940811719963,0.7439940811719965,33,11.0,11.0,0.03702279066114638,-1.2277671473312473,-1.005,-0.722
446321,"Detwiler, Ross",2022,1.2753012081705413,410,0.0031104907516354666,0.3110490751635467,66,22.0,22.0,0.08929025982982364,-1.1860109483407175,-0.485,-0.289
681806,"Wantz, Andrew",2023,1.2760089327425828,503,0.002536797082987242,0.2536797082987242,94,31.333333333333332,31.1,0.10954390413268607,-1.1664650286098968,-0.335,-0.232
606625,"Moronta, Reyes",2023,1.2798364745920268,27,0.04740135091081581,4.74013509108158,2,0.6666666666666666,0.2,0.005880090281476191,-1.2739563843105506,-17.198,-4.718
605513,"Turnbull, Spencer",2025,1.2909304801930501,125,0.0103274438415444,1.0327443841544401,17,5.666666666666667,5.2,0.0272226401920194,-1.2637078400010306,-2.007,-1.011
571976,"Myers, Wil",2022,1.2978374582139645,43,0.030182266470092197,3.01822664700922,11,3.6666666666666665,3.2,0.009364588226054673,-1.2884728699879098,-3.163,-2.996
702352,"Bivens, Spencer",2025,1.299754198910165,821,0.0015831354432523327,0.15831354432523354,152,50.666666666666664,50.2,0.17879830078118342,-1.1209558981289818,-0.199,-0.137
680744,"Madden, Ty",2024,1.305729180054839,403,0.0032400227792924044,0.3240022779292404,66,22.0,22.0,0.08776579197907054,-1.2179633880757683,-0.498,-0.302
657240,"Merryweather, Julian",2024,1.3165653820912757,158,0.008332692291716935,0.8332692291716938,28,9.333333333333334,9.1,0.03440941720271252,-1.2821559648885632,-1.236,-0.811
643410,"Leiter Jr., Mark",2024,1.317831366517632,753,0.0017501080564643187,0.1750108056464317,125,41.666666666666664,41.2,0.16398918451672487,-1.153842182000907,-0.249,-0.153
642520,"Garabito, Gerson",2024,1.3272906209882052,415,0.0031982906529836267,0.3198290652983628,60,20.0,20.0,0.0903791654375044,-1.2369114555507008,-0.557,-0.298
623437,"Topa, Justin",2022,1.3482499186005907,76,0.017740130507902508,1.7740130507902507,15,5.0,5.0,0.016551365236747793,-1.331698553363843,-2.397,-1.752
656457,"Gilbert, Tyler",2023,1.3550468651960068,163,0.008313170952122742,0.8313170952122738,28,9.333333333333334,9.1,0.0354983228103933,-1.3195485423856135,-1.272,-0.81
672582,"Zerpa, Angel",2024,1.361960009184942,809,0.0016835105181519678,0.16835105181519677,133,44.333333333333336,44.1,0.17618492732274957,-1.1857750818621924,-0.241,-0.147
676664,"Sears, JP",2022,1.3708245934829983,700,0.0019583208478328546,0.1958320847832855,123,41.0,41.0,0.15244678507530865,-1.2183778084076897,-0.267,-0.174
673380,"Núñez, Dedniel",2025,1.3723783699624663,166,0.008267339578087146,0.8267339578087144,26,8.666666666666666,8.2,0.03615166617500176,-1.3362267037874647,-1.388,-0.805
623167,"Flexen, Chris",2025,1.3745564024034447,556,0.0024722237453299366,0.24722237453299384,102,34.0,34.0,0.12108630357410229,-1.2534700988293423,-0.332,-0.225
669912,"Snead, Kirby",2024,1.3805272116418026,186,0.007422189309902165,0.7422189309902165,27,9.0,9.0,0.04050728860572487,-1.3400199230360776,-1.34,-0.72
672391,"Ort, Kaleb",2025,1.3857111258759425,661,0.0020963859695551324,0.20963859695551335,107,35.666666666666664,35.2,0.1439533213353986,-1.241757804540544,-0.313,-0.188
680736,"Wrobleski, Justin",2025,1.3879704049293766,978,0.0014191926430770722,0.1419192643077073,174,58.0,58.0,0.21298993686235979,-1.1749804680670168,-0.182,-0.12
683155,"Estes, Joey",2025,1.3918232784441247,125,0.011134586227552997,1.1134586227552998,23,7.666666666666667,7.2,0.0272226401920194,-1.3646006382521052,-1.602,-1.092
672710,"Contreras, Roansy",2022,1.3941155325151873,1151,0.0012112211403259663,0.12112211403259658,208,69.33333333333333,69.1,0.25066607088811466,-1.1434494616270725,-0.148,-0.099
622088,"Antone, Tejay",2024,1.3967920509507452,22,0.06349054777048842,6.349054777048842,2,0.6666666666666666,0.2,0.004791184673795414,-1.3920008662769499,-18.792,-6.327
677020,"Walker, Josh",2025,1.3974479986446338,92,0.015189652159180802,1.5189652159180806,14,4.666666666666667,4.2,0.020035863181326278,-1.3774121354633075,-2.656,-1.497
592836,"Walker, Taijuan",2023,1.418896440358676,2256,0.0006289434576057961,0.06289434576057965,404,134.66666666666666,134.2,0.49131421018556615,-0.9275822301731098,-0.062,-0.041
605151,"Bradley, Archie",2022,1.418910448500704,244,0.005815206756150426,0.5815206756150427,43,14.333333333333334,14.1,0.05313859365482187,-1.3657718548458821,-0.858,-0.56
677161,"Kelly, Zack",2022,1.419442439905496,176,0.008065013863099409,0.806501386309941,32,10.666666666666666,10.2,0.03832947739036331,-1.3811129625151326,-1.165,-0.785
666129,"Garrett, Braxton",2024,1.4194904678998064,325,0.004367662978153251,0.4367662978153254,61,20.333333333333332,20.1,0.07077886449925044,-1.348711603400556,-0.597,-0.415
608334,"Fulmer, Carson",2024,1.4252059609831642,1127,0.0012646015625405185,0.12646015625405185,186,62.0,62.0,0.2454393239712469,-1.1797666370119173,-0.171,-0.105
543243,"Gray, Sonny",2025,1.42557945052413,2009,0.0007095965408283375,0.07095965408283383,397,132.33333333333334,132.1,0.4375222731661358,-0.9880571773579941,-0.067,-0.049
656887,"Reid-Foley, Sean",2022,1.4283878970047494,134,0.010659611171677234,1.0659611171677237,18,6.0,6.0,0.029182670285844797,-1.3992052267189046,-2.099,-1.044
670090,"Mills, Wyatt",2022,1.448889868688526,406,0.0035686942578535127,0.35686942578535136,66,22.0,22.0,0.08841913534367901,-1.3604707333448471,-0.557,-0.335
657272,"Uelmen, Erich",2022,1.4500284254550777,359,0.004039076394025286,0.4039076394025286,58,19.333333333333332,19.1,0.07818342263147972,-1.371845002823598,-0.639,-0.382
598264,"Barnes, Matt",2023,1.456328567996012,321,0.0045368491214829035,0.45368491214829043,52,17.333333333333332,17.1,0.06990774001310582,-1.3864208279829062,-0.72,-0.432
519242,"Sale, Chris",2023,1.4572848021211433,1239,0.0011761782099444255,0.11761782099444248,221,73.66666666666667,73.2,0.2698308095832963,-1.1874539925378471,-0.145,-0.096
641154,"López, Pablo",2024,1.4646938013364845,2190,0.0006688099549481665,0.06688099549481666,403,134.33333333333334,134.1,0.4769406561641799,-0.9877531451723046,-0.066,-0.045
683155,"Estes, Joey",2023,1.479760541502084,165,0.008968245706073236,0.8968245706073236,28,9.333333333333334,9.1,0.035933885053465606,-1.4438266564486184,-1.392,-0.875
502171,"Cobb, Alex",2022,1.498941726328902,1965,0.0007628202169612733,0.07628202169612734,354,118.0,118.0,0.42793990381854496,-1.071001822510357,-0.082,-0.055
489119,"Miley, Wade",2024,1.4993083965778438,118,0.012706003360829185,1.2706003360829183,18,6.0,6.0,0.025698172341266312,-1.4736102242365774,-2.21,-1.249
670768,"González, Luis",2022,1.4995059975556027,63,0.023801682500882583,2.380168250088259,15,5.0,5.0,0.013720210656777778,-1.485785786898825,-2.674,-2.358
641343,"Bauers, Jake",2025,1.4995059975556027,79,0.018981088576653198,1.8981088576653198,15,5.0,5.0,0.01720470860135626,-1.4823012889542464,-2.668,-1.876
461325,"Clippard, Tyler",2022,1.4995059975556029,113,0.013269964580138079,1.326996458013808,15,5.0,5.0,0.024609266733585537,-1.4748967308220173,-2.655,-1.305
666149,"Fitzgerald, Tyler",2024,1.4997035985333613,36,0.04165843329259337,4.165843329259337,8,2.6666666666666665,2.2,0.007840120375301587,-1.4918634781580598,-5.035,-4.144
595897,"Burdi, Nick",2023,1.4997035985333615,58,0.025856958595402785,2.5856958595402784,9,3.0,3.0,0.012631305049097001,-1.4870722934842646,-4.461,-2.564
669724,"Hanifee, Brenan",2023,1.4997035985333615,60,0.024995059975556025,2.499505997555602,9,3.0,3.0,0.013066867292169312,-1.4866367312411923,-4.46,-2.478
669947,"Scholtens, Jesse",2025,1.4997035985333615,62,0.024188767718280026,2.418876771828003,8,2.6666666666666665,2.2,0.013502429535241622,-1.4862011689981198,-5.016,-2.397
680604,"Castaño, Blas",2025,1.4997035985333615,50,0.02999407197066723,2.9994071970667235,9,3.0,3.0,0.01088905607680776,-1.4888145424565538,-4.466,-2.978
656420,"Feyereisen, J.P.",2025,1.4997035985333615,49,0.03060619588843595,3.0606195888435956,7,2.3333333333333335,2.1,0.010671274955271605,-1.48903232357809,-5.743,-3.039
700270,"Díaz, Yilber",2025,1.4997035985333618,60,0.02499505997555603,2.4995059975556027,8,2.6666666666666665,2.2,0.013066867292169312,-1.4866367312411926,-5.017,-2.478
678226,"Hernández, Daysbel",2023,1.4997035985333618,64,0.023432868727083778,2.343286872708378,9,3.0,3.0,0.013937991778313933,-1.4857656067550478,-4.457,-2.322
642578,"Rodríguez, José",2023,1.4997035985333618,48,0.031243824969445038,3.124382496944504,9,3.0,3.0,0.01045349383373545,-1.4892501046996263,-4.468,-3.103
641312,"Anderson, Shaun",2022,1.4999011995111204,21,0.0714238666433867,7.14238666433867,3,1.0,1.0,0.004573403552259259,-1.4953277959588611,-13.458,-7.121
571466,"Barnhart, Tucker",2024,1.4999011995111204,11,0.13635465450101095,13.6354654501011,3,1.0,1.0,0.002395592336897707,-1.4975056071742228,-13.478,-13.614
571616,"Dermody, Matt",2022,1.4999011995111204,26,0.057688507673504634,5.7688507673504645,3,1.0,1.0,0.005662309159940035,-1.4942388903511805,-13.448,-5.747
624431,"Trevino, Jose",2024,1.4999011995111204,18,0.08332784441728447,8.332784441728446,3,1.0,1.0,0.003920060187650794,-1.4959811393234697,-13.464,-8.311
644374,"Chang, Yu",2022,1.4999011995111204,12,0.1249917666259267,12.49917666259267,2,0.6666666666666666,0.2,0.0026133734584338625,-1.4972878260526865,-20.213,-12.477
641531,"Dozier, Hunter",2022,1.4999011995111204,23,0.06521309563091827,6.521309563091828,3,1.0,1.0,0.0050089657953315695,-1.4948922337157888,-13.454,-6.5
645305,"Sánchez, Ali",2025,1.4999011995111204,18,0.08332784441728447,8.33278444172845,3,1.0,1.0,0.003920060187650794,-1.4959811393234697,-13.464,-8.311
543510,"McCann, James",2024,1.4999011995111204,10,0.14999011995111206,14.999011995111205,3,1.0,1.0,0.002177811215361552,-1.4977233882957588,-13.48,-14.977
645444,"Herrera, Jose",2023,1.4999011995111204,27,0.05555189627818965,5.555189627818965,3,1.0,1.0,0.005880090281476191,-1.4940211092296443,-13.446,-5.533
647351,"Toro, Abraham",2025,1.4999011995111204,15,0.09999341330074137,9.999341330074136,3,1.0,1.0,0.003266716823042328,-1.4966344826880782,-13.47,-9.978
645801,"Ford, Mike",2022,1.4999011995111204,15,0.09999341330074137,9.999341330074136,3,1.0,1.0,0.003266716823042328,-1.4966344826880782,-13.47,-9.978
573262,"Yastrzemski, Mike",2024,1.4999011995111204,29,0.051720731017624845,5.172073101762486,3,1.0,1.0,0.006315652524548501,-1.493585546986572,-13.442,-5.15
543305,"Hicks, Aaron",2024,1.4999011995111204,18,0.08332784441728447,8.332784441728446,3,1.0,1.0,0.003920060187650794,-1.4959811393234697,-13.464,-8.311
608671,"Jankowski, Travis",2025,1.4999011995111204,13,0.11537701534700927,11.537701534700927,2,0.6666666666666666,0.2,0.0028311545799700175,-1.4970700449311505,-20.21,-11.516
593160,"Merrifield, Whit",2022,1.4999011995111204,13,0.11537701534700927,11.537701534700927,3,1.0,1.0,0.0028311545799700175,-1.4970700449311505,-13.474,-11.516
669449,"Palisch, Jake",2025,1.4999011995111204,24,0.06249588331296335,6.249588331296336,3,1.0,1.0,0.005226746916867725,-1.4946744525942528,-13.452,-6.228
657745,"Rossman, Bubby",2022,1.4999011995111204,18,0.08332784441728447,8.332784441728446,3,1.0,1.0,0.003920060187650794,-1.4959811393234697,-13.464,-8.311
663562,"Davis, Noah",2022,1.4999011995111204,32,0.046871912484722514,4.687191248472252,3,1.0,1.0,0.006968995889156966,-1.4929322036219634,-13.436,-4.665
573262,"Yastrzemski, Mike",2025,1.4999011995111204,21,0.0714238666433867,7.1423866643386695,3,1.0,1.0,0.004573403552259259,-1.4953277959588611,-13.458,-7.121
656669,"Luplow, Jordan",2023,1.4999011995111204,11,0.13635465450101095,13.635465450101094,3,1.0,1.0,0.002395592336897707,-1.4975056071742228,-13.478,-13.614
506702,"León, Sandy",2023,1.4999011995111204,18,0.08332784441728447,8.332784441728446,3,1.0,1.0,0.003920060187650794,-1.4959811393234697,-13.464,-8.311
663321,"Hernandez, Nick",2023,1.4999011995111204,33,0.04545155150033698,4.545155150033698,3,1.0,1.0,0.007186777010693122,-1.4927144225004274,-13.434,-4.523
660730,"Rodríguez, Elvin",2025,1.4999011995111207,18,0.08332784441728448,8.332784441728446,53,17.666666666666668,17.2,0.003920060187650794,-1.4959811393234699,-0.762,-8.311
660730,"Rodríguez, Elvin",2025,1.4999011995111207,18,0.08332784441728448,8.332784441728446,3,1.0,1.0,0.003920060187650794,-1.4959811393234699,-13.464,-8.311
656716,"McKinstry, Zach",2023,1.4999011995111207,22,0.06817732725050549,6.81773272505055,3,1.0,1.0,0.004791184673795414,-1.4951100148373253,-13.456,-6.796
669707,"Triolo, Jared",2025,1.4999011995111207,23,0.06521309563091829,6.5213095630918305,3,1.0,1.0,0.0050089657953315695,-1.494892233715789,-13.454,-6.5
663630,"McKenna, Ryan",2023,1.4999011995111207,18,0.08332784441728448,8.332784441728446,2,0.6666666666666666,0.2,0.003920060187650794,-1.4959811393234699,-20.196,-8.311
670032,"Lopez, Nicky",2022,1.4999011995111207,16,0.09374382496944504,9.374382496944504,3,1.0,1.0,0.003484497944578483,-1.4964167015665422,-13.468,-9.353
665152,"Kremer, Dean",2025,1.5039427449992173,2160,0.0006962697893514895,0.06962697893514891,393,131.0,131.0,0.47040722251809525,-1.033535522481122,-0.071,-0.048
666745,"Brito, Jhony",2023,1.5120862883879607,1008,0.0015000856035594847,0.1500085603559484,186,62.0,62.0,0.21952337050844445,-1.2925629178795162,-0.188,-0.128
669711,"Weissert, Greg",2024,1.5130364141898782,631,0.0023978390082248467,0.23978390082248496,111,37.0,37.0,0.13741988768931393,-1.3756165265005642,-0.335,-0.218
527055,"Vizcaíno, Arodys",2022,1.5131254760629342,115,0.013157612835329863,1.3157612835329864,17,5.666666666666667,5.2,0.025044828976657846,-1.4880806470862764,-2.363,-1.294
592454,"Kahnle, Tommy",2024,1.5185247454933302,499,0.0030431357625116838,0.3043135762511683,81,27.0,27.0,0.10867277964654144,-1.4098519658467887,-0.47,-0.283
693821,"Elder, Bryce",2023,1.5216516163693115,2294,0.0006633180542150442,0.06633180542150457,395,131.66666666666666,131.2,0.49958989280394,-1.0220617235653715,-0.07,-0.045
671790,"Bolaños, Ronald",2022,1.5217593020347293,300,0.005072531006782431,0.5072531006782429,47,15.666666666666666,15.2,0.06533433646084656,-1.4564249655738828,-0.837,-0.485
607609,"Ladwig, A.J.",2022,1.523326875610605,41,0.03715431403928305,3.7154314039283056,9,3.0,3.0,0.008929025982982362,-1.5143978496276227,-4.543,-3.694
675911,"Strider, Spencer",2025,1.5273967086907823,1477,0.0010341209943742602,0.10341209943742606,246,82.0,82.0,0.3216627165089012,-1.205733992181881,-0.132,-0.082
543238,"Gose, Anthony",2022,1.5342899426871057,280,0.005479606938168235,0.5479606938168234,43,14.333333333333334,14.1,0.060978714030123456,-1.4733112286569823,-0.925,-0.526
676775,"Winn, Keaton",2023,1.535253093993182,415,0.003699405045766704,0.3699405045766707,81,27.0,27.0,0.0903791654375044,-1.4448739285556778,-0.482,-0.348
687287,"Monteverde, Patrick",2025,1.5372229099436465,87,0.01766922884992697,1.7669228849926968,10,3.3333333333333335,3.1,0.018946957573645503,-1.5182759523700011,-4.099,-1.745
671111,"Peralta, Sammy",2025,1.5422819277530881,83,0.018581709972928774,1.8581709972928777,19,6.333333333333333,6.1,0.01807583308750088,-1.5242060946655873,-2.166,-1.836
656457,"Gilbert, Tyler",2024,1.5422819277530886,120,0.012852349397942405,1.2852349397942402,19,6.333333333333333,6.1,0.026133734584338625,-1.51614819316875,-2.155,-1.263
543548,"Milone, Tommy",2022,1.5531786691684575,238,0.006525960794825452,0.652596079482545,48,16.0,16.0,0.05183190692560494,-1.5013467622428525,-0.845,-0.631
675540,"Curry, Xzavion",2025,1.5534950187931549,34,0.045691029964504554,4.5691029964504555,6,2.0,2.0,0.0074045581322292765,-1.5460904606609256,-6.957,-4.547
685107,"Veneziano, Anthony",2025,1.5574023020430898,292,0.005333569527544828,0.5333569527544829,42,14.0,14.0,0.06359208748855731,-1.4938102145545324,-0.96,-0.512
690829,"Joyce, Ben",2025,1.558658625002264,55,0.02833924772731389,2.8339247727313897,10,3.3333333333333335,3.1,0.011977961684488536,-1.5466806633177754,-4.176,-2.812
592804,"Thornburg, Tyler",2022,1.5591354756060274,356,0.004379594032601201,0.4379594032601203,56,18.666666666666668,18.2,0.07753007926687125,-1.4816053963391562,-0.714,-0.416
656820,"Padilla, Nicholas",2022,1.559254392277685,39,0.039980881853273975,3.9980881853273966,5,1.6666666666666667,1.2,0.008493463739910053,-1.5507609285377748,-8.374,-3.976
667463,"King, John",2024,1.566111586937472,703,0.0022277547467104866,0.2227754746710488,138,46.0,46.0,0.1531001284399171,-1.4130114584975548,-0.276,-0.201
666215,"Whitley, Forrest",2024,1.5693977763365226,94,0.016695721024856624,1.6695721024856625,10,3.3333333333333335,3.1,0.020471425424398587,-1.548926350912124,-4.182,-1.648
672715,"Patiño, Luis",2023,1.5829619082974773,383,0.004133059812787147,0.4133059812787147,63,21.0,21.0,0.08341016954834744,-1.49955173874913,-0.643,-0.392
680880,"Holman, Grant",2025,1.5833169657312438,299,0.0052953744673285745,0.5295374467328576,54,18.0,18.0,0.0651165553393104,-1.5182004103919333,-0.759,-0.508
694361,"Klein, Will",2025,1.5895013877910547,224,0.007095988338352922,0.709598833835292,32,10.666666666666666,10.2,0.04878297122409876,-1.5407184165669559,-1.3,-0.688
679358,"Orze, Eric",2024,1.5899605257369749,42,0.0378562029937375,3.78562029937375,5,1.6666666666666667,1.2,0.009146807104518519,-1.5808137186324565,-8.536,-3.764
650959,"Diplán, Marcos",2022,1.596188017940674,121,0.013191636511906397,1.3191636511906397,16,5.333333333333333,5.1,0.026351515705874778,-1.5698365022347993,-2.649,-1.297
622251,"Staumont, Josh",2023,1.5976674397068233,278,0.0057470051788015225,0.5747005178801521,47,15.666666666666666,15.2,0.06054315178705114,-1.5371242879197722,-0.883,-0.553
622608,"Senzatela, Antonio",2023,1.6007939977621954,51,0.031388117603180304,3.1388117603180303,7,2.3333333333333335,2.1,0.011106837198343916,-1.5896871605638516,-6.132,-3.117
664584,"Romero, Jhon",2022,1.602812747093737,60,0.026713545784895616,2.671354578489562,8,2.6666666666666665,2.2,0.013066867292169312,-1.5897458798015678,-5.365,-2.65
656578,"Jackson, Andre",2023,1.6077958736826004,669,0.002403282322395516,0.24032823223955152,114,38.0,38.0,0.14569557030768782,-1.4621003033749125,-0.346,-0.219
458681,"Lynn, Lance",2022,1.6088789112379858,1539,0.0010454054004145456,0.10454054004145472,275,91.66666666666667,91.2,0.3351651460441428,-1.2737137651938428,-0.125,-0.083
675540,"Curry, Xzavion",2022,1.6133222658460569,165,0.009777710702097315,0.9777710702097316,28,9.333333333333334,9.1,0.035933885053465606,-1.5773883807925912,-1.521,-0.956
676755,"Mattson, Isaac",2024,1.613915068779334,63,0.025617699504433874,2.561769950443388,10,3.3333333333333335,3.1,0.013720210656777778,-1.6001948581225562,-4.321,-2.54
669711,"Weissert, Greg",2022,1.6151715607068913,99,0.01631486424956456,1.6314864249564558,19,6.333333333333333,6.1,0.021560331032079365,-1.593611229674812,-2.265,-1.61
592858,"Wick, Rowan",2022,1.6212717646576844,849,0.0019096251644966837,0.1909625164496685,135,45.0,45.0,0.18489617218419577,-1.4363755924734887,-0.287,-0.169
596043,"Mengden, Daniel",2022,1.6282991903807906,105,0.01550761133695991,1.5507611336959912,18,6.0,6.0,0.022867017761296297,-1.6054321726194942,-2.408,-1.529
681885,"Lee, Evan",2022,1.6303996398653116,165,0.009881209938577646,0.9881209938577649,26,8.666666666666666,8.2,0.035933885053465606,-1.594465754811846,-1.656,-0.966
502042,"Archer, Chris",2022,1.6326007456415212,1052,0.0015519018494691266,0.15519018494691272,172,57.333333333333336,57.1,0.22910573985603527,-1.403495005785486,-0.22,-0.133
674003,"Bradford, Cody",2023,1.6391759366618985,949,0.001727266529675341,0.17272665296753412,158,52.666666666666664,52.2,0.2066742843378113,-1.4325016523240872,-0.245,-0.151
623433,"Anderson, Nick",2024,1.6402240044762109,442,0.0037109140372764953,0.3710914037276496,78,26.0,26.0,0.0962592557189806,-1.5439647487572303,-0.534,-0.349
806185,"Birdsong, Hayden",2024,1.6450098605150325,1126,0.0014609323805639721,0.14609323805639723,173,57.666666666666664,57.2,0.24522154284971076,-1.3997883176653216,-0.218,-0.124
621057,"Garza, Justin",2025,1.6470536262544266,78,0.021116072131467007,2.1116072131467023,17,5.666666666666667,5.2,0.016986927479820106,-1.6300666987746066,-2.589,-2.09
476595,"Luetge, Lucas",2023,1.652613202035087,197,0.008388899502716178,0.8388899502716177,31,10.333333333333334,10.1,0.042902880942622575,-1.6097103210924644,-1.402,-0.817
660906,"Pérez, Francisco",2022,1.654431194863793,165,0.010026855726447232,1.0026855726447232,23,7.666666666666667,7.2,0.035933885053465606,-1.6184973098103275,-1.9,-0.981
682825,"Mey, Luis",2025,1.6584747744022055,317,0.005231781622719891,0.5231781622719889,47,15.666666666666666,15.2,0.06903661552696119,-1.5894381588752442,-0.913,-0.501
646242,"Díaz, Jhonathan",2024,1.6598223277526147,135,0.012294980205574924,1.2294980205574921,26,8.666666666666666,8.2,0.029400451407380953,-1.6304218763452338,-1.693,-1.208
670970,"Morejon, Adrian",2023,1.660604561188249,137,0.012121201176556561,1.2121201176556564,23,7.666666666666667,7.2,0.029836013650453262,-1.6307685475377958,-1.914,-1.19
663989,"Vespi, Nick",2022,1.6618419932800097,294,0.005652523786666699,0.5652523786666701,48,16.0,16.0,0.06402764973162962,-1.59781434354838,-0.899,-0.543
681810,"Warren, Austin",2023,1.6640041107055996,20,0.08320020553527999,8.320020553527998,3,1.0,1.0,0.004355622430723104,-1.6596484882748765,-14.937,-8.298
661395,"Duran, Jhoan",2024,1.667346164506901,492,0.0033889149685099613,0.3388914968509961,91,30.333333333333332,30.1,0.10714831179578836,-1.5601978527111127,-0.463,-0.317
701643,"Hartwig, Grant",2024,1.669647348169964,79,0.02113477655911347,2.113477655911347,14,4.666666666666667,4.2,0.01720470860135626,-1.6524426395686078,-3.187,-2.092
621383,"Banks, Tanner",2023,1.6776308637357458,797,0.0021049320749507473,0.21049320749507472,141,47.0,47.0,0.1735715538643157,-1.50405930987143,-0.288,-0.189
664076,"Cleavinger, Garrett",2022,1.7168657412488093,264,0.006503279322912156,0.6503279322912158,54,18.0,18.0,0.057494216085544975,-1.6593715251632644,-0.83,-0.629
641302,"Alexander, Tyler",2024,1.7174608652562982,1216,0.0014123855799805084,0.14123855799805088,229,76.33333333333333,76.1,0.2648218437879647,-1.4526390214683333,-0.171,-0.119
663362,"Waldron, Matt",2025,1.7203529559103308,104,0.016541855345291644,1.6541855345291647,14,4.666666666666667,4.2,0.02264923663976014,-1.6977037192705706,-3.274,-1.632
680689,"Richardson, Lyon",2024,1.7207481578658486,26,0.06618262145637879,6.618262145637879,2,0.6666666666666666,0.2,0.005662309159940035,-1.7150858487059086,-23.154,-6.596
641682,"Hendrix, Ryan",2022,1.7319708229901756,73,0.023725627712194185,2.3725627712194184,10,3.3333333333333335,3.1,0.015898021872139328,-1.7160728011180362,-4.633,-2.351
660644,"Bruján, Vidal",2025,1.7321684239679347,23,0.07531167060730151,7.5311670607301515,6,2.0,2.0,0.0050089657953315695,-1.727159458172603,-7.772,-7.509
663385,"Smith, Chad",2023,1.7444798679483073,225,0.0077532438575480325,0.775324385754803,34,11.333333333333334,11.1,0.04900075234563492,-1.6954791156026725,-1.346,-0.754
605452,"Ross, Joe",2025,1.7474794538166782,636,0.002747609204114274,0.27476092041142747,111,37.0,37.0,0.1385087932969947,-1.6089706605196836,-0.391,-0.253
641482,"Cortes, Nestor",2024,1.7516133565143268,2076,0.0008437443913845505,0.08437443913845512,372,124.0,124.0,0.45211360830905817,-1.2994997482052686,-0.094,-0.063
573668,"Minaya, Juan",2022,1.762765209578551,121,0.014568307517178108,1.456830751717811,18,6.0,6.0,0.026351515705874778,-1.7364136938726764,-2.605,-1.435
608652,"Farrell, Luke",2022,1.7646911375035141,230,0.0076725701630587576,0.7672570163058761,37,12.333333333333334,12.1,0.05008965795331569,-1.7146014795501985,-1.251,-0.745
669199,"Bachar, Lake",2024,1.7752174407715144,118,0.015044215599758597,1.5044215599758597,17,5.666666666666667,5.2,0.025698172341266312,-1.749519268430248,-2.779,-1.483
650489,"Castro, Willi",2023,1.778955440667513,36,0.04941542890743092,4.941542890743092,6,2.0,2.0,0.007840120375301587,-1.7711153202922114,-7.97,-4.92
668970,"Hollowell, Gavin",2025,1.7793424721476296,121,0.014705309687170492,1.4705309687170491,17,5.666666666666667,5.2,0.026351515705874778,-1.752990956441755,-2.784,-1.449
643410,"Leiter Jr., Mark",2022,1.7914012670835269,997,0.0017967916420095556,0.17967916420095562,179,59.666666666666664,59.2,0.21712777817154674,-1.57427348891198,-0.237,-0.158
642133,"Tellez, Rowdy",2024,1.797936258702844,44,0.04086218769779191,4.086218769779191,7,2.3333333333333335,2.1,0.009582369347590828,-1.788353889355253,-6.898,-4.064
664054,"Stashak, Cody",2022,1.8010415114606144,227,0.007934103574716363,0.7934103574716361,49,16.333333333333332,16.1,0.04943631458870723,-1.7516051968719073,-0.965,-0.772
670167,"Schreiber, John",2023,1.8051632417211472,639,0.0028249815989376324,0.28249815989376326,99,33.0,33.0,0.13916213666160318,-1.666001105059544,-0.454,-0.261
605182,"Clevinger, Mike",2025,1.8085562499630665,114,0.015864528508447953,1.5864528508447964,18,6.0,6.0,0.024827047855121694,-1.7837292021079447,-2.676,-1.565
518617,"Diekman, Jake",2022,1.8280950741607644,847,0.0021583176790563926,0.21583176790563938,125,41.666666666666664,41.2,0.18446060994112345,-1.643634464219641,-0.355,-0.194
664353,"Urquidy, José",2025,1.8410172382222028,56,0.03287530782539648,3.287530782539647,7,2.3333333333333335,2.1,0.01219574280602469,-1.8288214954161781,-7.054,-3.266
670059,"Holderman, Colin",2023,1.8420312168151751,726,0.002537233081012638,0.25372330810126364,122,40.666666666666664,40.2,0.1581090942352487,-1.6839221225799264,-0.373,-0.232
669395,"Coleman, Dylan",2023,1.8472438110276685,204,0.009055116720723866,0.9055116720723865,33,11.0,11.0,0.04442734879337566,-1.8028164622342928,-1.475,-0.884
687765,"Spence, Mitch",2024,1.8569184870000202,1704,0.0010897408961267725,0.10897408961267727,302,100.66666666666667,100.2,0.37109903109760844,-1.4858194559024116,-0.133,-0.087
660787,"De Los Santos, Yerry",2022,1.869104070437301,261,0.007161318277537552,0.7161318277537554,47,15.666666666666666,15.2,0.056840872720936506,-1.8122631977163646,-1.041,-0.694
670950,"Richards, Trevor",2025,1.872674771429104,116,0.016143748029561242,1.6143748029561245,17,5.666666666666667,5.2,0.025262610098194003,-1.84741216133091,-2.934,-1.593
542881,"Anderson, Tyler",2025,1.8795065086858933,1890,0.0009944478881935943,0.09944478881935948,324,108.0,108.0,0.41160631970333333,-1.46790018898256,-0.122,-0.078
607755,"Vasquez, Andrew",2023,1.8801078043189352,703,0.0026744065495290688,0.2674406549529068,113,37.666666666666664,37.2,0.1531001284399171,-1.727007675879018,-0.413,-0.246
676282,"Cantillo, Joey",2025,1.8885521655218551,981,0.0019251296284626455,0.1925129628462645,159,53.0,53.0,0.21364328022696824,-1.6749088852948868,-0.284,-0.171
542947,"Bleier, Richard",2022,1.9082468543446303,607,0.0031437345211608406,0.3143734521160842,119,39.666666666666664,39.2,0.1321931407724462,-1.7760537135721841,-0.403,-0.293
664353,"Urquidy, José",2022,1.9126502174185085,2065,0.0009262228655779702,0.0926222865577971,374,124.66666666666667,124.2,0.4497180159721605,-1.462932201446348,-0.106,-0.071
502043,"Gibson, Kyle",2023,1.927872776125081,2382,0.0008093504517737535,0.08093504517737538,427,142.33333333333334,142.1,0.5187546314991217,-1.409118144625959,-0.089,-0.059
676428,"Hurter, Brant",2025,1.9313317444540314,742,0.0026028729709623066,0.2602872970962308,121,40.333333333333336,40.1,0.16159359217982716,-1.7697381522742042,-0.395,-0.239
657265,"Strzelecki, Peter",2023,1.933161254002927,552,0.0035021037210197954,0.3502103721019795,91,30.333333333333332,30.1,0.12021517908795767,-1.8129460749149693,-0.538,-0.328
657585,"Garrett, Reed",2025,1.9372690362793041,742,0.0026108747119667174,0.2610874711966719,124,41.333333333333336,41.1,0.16159359217982716,-1.7756754440994769,-0.387,-0.239
641302,"Alexander, Tyler",2023,1.9402870692860008,604,0.00321239581007616,0.3212395810076161,111,37.0,37.0,0.13153979740783775,-1.808747271878163,-0.44,-0.299
665048,"Harris, Hobie",2023,1.9506523410649577,326,0.005983596138236067,0.5983596138236067,52,17.333333333333332,17.1,0.0709966456207866,-1.879655695444171,-0.976,-0.577
664208,"Maton, Phil",2024,1.9533490513679392,845,0.0023116556820922357,0.23116556820922363,140,46.666666666666664,46.2,0.18402504769805114,-1.769324003669888,-0.341,-0.209
693313,"Seymour, Carson",2025,1.9540624541583722,531,0.003679966956983752,0.3679966956983751,90,30.0,30.0,0.1156417755356984,-1.8384206786226738,-0.552,-0.346
666168,"Thompson, Mason",2023,1.9562105553745195,628,0.0031149849607874512,0.31149849607874497,115,38.333333333333336,38.1,0.13676654432470547,-1.819444011049814,-0.427,-0.29
702752,"Pintaro, Jonathan",2025,1.9570264688247554,29,0.06748367133878466,6.748367133878469,2,0.6666666666666666,0.2,0.006315652524548501,-1.950710816300207,-26.335,-6.727
680732,"Burke, Sean",2025,1.966386962037318,1789,0.0010991542549118603,0.10991542549118605,301,100.33333333333333,100.1,0.38961042642818167,-1.5767765356091363,-0.141,-0.088
542585,"Cisnero, José",2023,1.9731147860571336,645,0.0030590926915614477,0.30590926915614475,120,40.0,40.0,0.1404688233908201,-1.8326459626663136,-0.412,-0.284
686563,"Cannon, Jonathan",2024,1.9732620611737692,1575,0.0012528648007452503,0.12528648007452498,280,93.33333333333333,93.1,0.34300526641944445,-1.6302567947543247,-0.157,-0.104
657044,"Thompson, Ryan",2025,1.9733657055854432,422,0.004676222051150339,0.4676222051150339,70,23.333333333333332,23.1,0.0919036332882575,-1.8814620722971858,-0.726,-0.446
676083,"Junk, Janson",2022,1.9751201185369869,156,0.012661026400878121,1.2661026400878117,23,7.666666666666667,7.2,0.03397385495964021,-1.9411462635773467,-2.279,-1.244
489119,"Miley, Wade",2022,1.9809109854526903,460,0.004306328229244979,0.4306328229244976,93,31.0,31.0,0.10017931590663139,-1.880731669546059,-0.546,-0.409
669145,"Zimmermann, Bruce",2023,1.9870509477992335,170,0.011688534987054315,1.1688534987054313,30,10.0,10.0,0.03702279066114638,-1.950028157138087,-1.755,-1.147
621366,"Borucki, Ryan",2025,1.9876234176389995,514,0.003866971629647859,0.38669716296478607,90,30.0,30.0,0.11193949646958377,-1.8756839211694158,-0.563,-0.365
656427,"Flaherty, Jack",2022,1.9978263892446524,408,0.004896633306972187,0.4896633306972188,61,20.333333333333332,20.1,0.08885469758675132,-1.9089716916579011,-0.845,-0.468
622103,"Reyes, Gerardo",2023,1.999407197066723,129,0.015499280597416457,1.549928059741646,18,6.0,6.0,0.02809376467816402,-1.971313432388559,-2.957,-1.528
622379,"Castillo, Luis F.",2025,1.9996047980444822,100,0.019996047980444822,1.9996047980444822,12,4.0,4.0,0.02177811215361552,-1.9778266858908666,-4.45,-1.978
661563,"Gil, Luis",2022,1.9996047980444827,83,0.024091624072825092,2.4091624072825093,11,3.6666666666666665,3.2,0.01807583308750088,-1.9815289649569818,-4.864,-2.387
642851,"Wynns, Austin",2022,1.9998023990222409,25,0.07999209596088963,7.999209596088966,6,2.0,2.0,0.00544452803840388,-1.994357870983837,-8.975,-7.977
675989,"Bolton, Cody",2025,1.999802399022241,40,0.049995059975556026,4.999505997555603,6,2.0,2.0,0.008711244861446208,-1.991091154160795,-8.96,-4.978
657766,"St. John, Locke",2022,1.999802399022241,29,0.06895870341456004,6.895870341456005,6,2.0,2.0,0.006315652524548501,-1.9934867464976926,-8.971,-6.874
676701,"Trejo, Alan",2023,1.999802399022241,25,0.07999209596088964,7.999209596088966,6,2.0,2.0,0.00544452803840388,-1.9943578709838372,-8.975,-7.977
571466,"Barnhart, Tucker",2025,1.9998023990222413,22,0.09090010904646552,9.090010904646553,5,1.6666666666666667,1.2,0.004791184673795414,-1.995011214348446,-10.773,-9.068
676979,"Crochet, Garrett",2023,2.001065628262083,134,0.014933325584045394,1.4933325584045394,20,6.666666666666667,6.2,0.029182670285844797,-1.971882957976238,-2.662,-1.472
476594,"Stock, Robert",2025,2.0014608302176007,59,0.03392306491894238,3.392306491894238,7,2.3333333333333335,2.1,0.012849086170633156,-1.9886117440469675,-7.67,-3.371
694918,"Tidwell, Blade",2025,2.0065951431688833,224,0.008958014032003943,0.8958014032003945,32,10.666666666666666,10.2,0.04878297122409876,-1.9578121719447845,-1.652,-0.874
657514,"Bernardino, Brennan",2025,2.011020950294383,589,0.00341429702936228,0.34142970293622815,106,35.333333333333336,35.1,0.12827308058479542,-1.8827478697095876,-0.48,-0.32
641745,"Keller, Brad",2023,2.0219145465558297,751,0.0026922963336296,0.26922963336296,105,35.0,35.0,0.16355362227365255,-1.8583609242821773,-0.478,-0.247
688497,"Rashi, Taylor",2025,2.0230304741439666,136,0.01487522407458799,1.4875224074587994,19,6.333333333333333,6.1,0.029618232528917106,-1.9934122416150495,-2.833,-1.466
607229,"Gsellman, Robert",2022,2.037081449210969,159,0.012811833013905465,1.2811833013905465,33,11.0,11.0,0.034627198324248674,-2.0024542508867205,-1.638,-1.259
656685,"Martin, Brett",2022,2.0405258881358455,570,0.0035798699791856937,0.3579869979185696,107,35.666666666666664,35.2,0.12413523927560846,-1.916390648860237,-0.484,-0.336
681806,"Wantz, Andrew",2024,2.0427759301974855,35,0.058365026577071016,5.8365026577071015,4,1.3333333333333333,1.1,0.007622339253765432,-2.03515359094372,-13.737,-5.815
608648,"Duffey, Tyler",2024,2.0441575128009797,177,0.01154891250170045,1.154891250170045,25,8.333333333333334,8.1,0.03854725851189947,-2.0056102542890804,-2.166,-1.133
663804,"Kowar, Jackson",2025,2.0447252130732996,188,0.010876197941879252,1.0876197941879258,32,10.666666666666666,10.2,0.040942850848797174,-2.0037823622245026,-1.691,-1.066
671109,"Eder, Jake",2025,2.046747489565311,302,0.006777309568097056,0.6777309568097056,53,17.666666666666668,17.2,0.06576989870391887,-1.980977590861392,-1.009,-0.656
519008,"McFarland, T.J.",2023,2.0546606765016495,51,0.04028746424513038,4.028746424513038,5,1.6666666666666667,1.2,0.011106837198343916,-2.0435538393033057,-11.035,-4.007
674444,"Cruz, Steven",2023,2.058396713304022,135,0.015247383061511275,1.5247383061511275,22,7.333333333333333,7.1,0.029400451407380953,-2.028996261896641,-2.49,-1.503
663455,"Pilkington, Konnor",2025,2.0659100377917583,431,0.004793294751256979,0.4793294751256981,72,24.0,24.0,0.09386366338208289,-1.9720463744096755,-0.74,-0.458
605130,"Barlow, Scott",2024,2.0991295104008185,717,0.0029276562209216437,0.2927656220921644,109,36.333333333333336,36.1,0.15614906414142327,-1.9429804462593951,-0.481,-0.271
570632,"Ureña, José",2025,2.109978918663069,742,0.0028436373566887723,0.28436373566887735,129,43.0,43.0,0.16159359217982716,-1.9483853264832418,-0.408,-0.263
664299,"Javier, Cristian",2025,2.1110498546018297,538,0.00392388448810749,0.392388448810749,95,31.666666666666668,31.2,0.1171662433864515,-1.9938836112153782,-0.567,-0.371
667376,"Sánchez, Miguel",2022,2.1124599629992447,163,0.012959877073614998,1.2959877073614996,27,9.0,9.0,0.0354983228103933,-2.0769616401888515,-2.077,-1.274
667725,"Tyler, Kyle",2024,2.1134394635942977,315,0.006709331630458088,0.6709331630458089,47,15.666666666666666,15.2,0.0686010532838889,-2.0448384103104087,-1.175,-0.649
666207,"Pint, Riley",2023,2.1142114702459724,20,0.10571057351229862,10.57105735122986,1,0.3333333333333333,0.1,0.004355622430723104,-2.109855847815249,-56.966,-10.549
660431,"Perez, Hector",2023,2.1142114702459724,17,0.12436538060270426,12.436538060270426,1,0.3333333333333333,0.1,0.0037022790661146382,-2.1105091911798577,-56.984,-12.415
679922,"Duran, Carlos",2025,2.1142114702459724,27,0.07830412852762861,7.830412852762859,1,0.3333333333333333,0.1,0.005880090281476191,-2.108331379964496,-56.925,-7.809
672782,"Gómez, Yoendrys",2025,2.1150364876329903,853,0.002479526949159426,0.24795269491594266,140,46.666666666666664,46.2,0.1857672966703404,-1.92926919096265,-0.372,-0.226
669373,"Skubal, Tarik",2022,2.115044899345018,1399,0.0015118262325554098,0.15118262325554102,247,82.33333333333333,82.1,0.3046757890290811,-1.810369110315937,-0.198,-0.129
656820,"Padilla, Nicholas",2023,2.119579125362718,100,0.02119579125362718,2.119579125362718,13,4.333333333333333,4.1,0.02177811215361552,-2.0978010132091023,-4.357,-2.098
608648,"Duffey, Tyler",2022,2.1230477602490443,628,0.0033806492997596246,0.33806492997596244,109,36.333333333333336,36.1,0.13676654432470547,-1.9862812159243388,-0.492,-0.316
554340,"García, Yimi",2025,2.125854959853409,260,0.00817636523020542,0.8176365230205422,40,13.333333333333334,13.1,0.05662309159940035,-2.069231868254009,-1.397,-0.796
656731,"Megill, Tylor",2024,2.1327155191608447,1096,0.0019459083204022305,0.1945908320402231,181,60.333333333333336,60.1,0.2386881092036261,-1.8940274099572185,-0.283,-0.173
641672,"Hatch, Thomas",2025,2.138123637309726,566,0.0037776035994871488,0.377760359948715,93,31.0,31.0,0.12326411478946384,-2.014859522520262,-0.585,-0.356
670955,"Uceta, Edwin",2022,2.1404184952178236,210,0.010192469024846778,1.0192469024846775,34,11.333333333333334,11.1,0.045734035522592593,-2.0946844596952308,-1.663,-0.997
668873,"Kilian, Caleb",2023,2.1443899113305096,41,0.05230219295928072,5.230219295928072,4,1.3333333333333333,1.1,0.008929025982982362,-2.1354608853475274,-14.414,-5.208
608716,"Steckenrider, Drew",2022,2.1485130817796976,206,0.010429675154270377,1.0429675154270375,31,10.333333333333334,10.1,0.04486291103644797,-2.10365017074325,-1.832,-1.021
621051,"Wilson, Steven",2022,2.155521458417468,611,0.0035278583607487196,0.352785836074872,107,35.666666666666664,35.2,0.13306426525859083,-2.022457193158877,-0.51,-0.331
607455,"Banda, Anthony",2022,2.163369140735942,359,0.006026097885058334,0.602609788505833,58,19.333333333333332,19.1,0.07818342263147972,-2.085185718104462,-0.971,-0.581
608371,"Sims, Lucas",2022,2.1652298023905363,100,0.021652298023905364,2.1652298023905368,12,4.0,4.0,0.02177811215361552,-2.1434516902369207,-4.823,-2.143
593958,"Rodriguez, Eduardo",2022,2.169305699074847,1170,0.0018541074351067068,0.18541074351067077,208,69.33333333333333,69.1,0.2548039121973016,-1.9145017868775454,-0.249,-0.164
665621,"García, Rony",2022,2.1735959664547946,644,0.003375149016234153,0.3375149016234153,109,36.333333333333336,36.1,0.14025104226928395,-2.033344924185511,-0.504,-0.316
667463,"King, John",2022,2.177118562385914,533,0.0040846502108553735,0.40846502108553734,104,34.666666666666664,34.2,0.11607733777877072,-2.061041224607143,-0.535,-0.387
643400,"Knight, Dusten",2022,2.1799334671930515,169,0.012899014598775453,1.2899014598775453,29,9.666666666666666,9.2,0.03680500953961023,-2.1431284576534413,-1.995,-1.268
453286,"Scherzer, Max",2024,2.1803542841016874,584,0.003733483363187821,0.373348336318782,110,36.666666666666664,36.2,0.12718417497711462,-2.0531701091245727,-0.504,-0.352
663941,"Beck, Tristan",2023,2.1860997009419663,1102,0.0019837565344300962,0.19837565344300973,208,69.33333333333333,69.1,0.23999479593284304,-1.9461049050091233,-0.253,-0.177
596295,"Gomber, Austin",2024,2.2183035708100207,2087,0.001062914983617643,0.10629149836176419,381,127.0,127.0,0.4545092006459559,-1.7637943701640648,-0.125,-0.085
663474,"McKenzie, Triston",2023,2.2189024740033916,300,0.007396341580011305,0.7396341580011307,48,16.0,16.0,0.06533433646084656,-2.153568137542545,-1.211,-0.718
670712,"Brosseau, Mike",2023,2.219867123941335,30,0.07399557079804449,7.399557079804449,7,2.3333333333333335,2.1,0.006533433646084656,-2.2133336902952503,-8.537,-7.378
672911,"Cruz, Jesus",2022,2.2200565544436923,148,0.015000382124619543,1.500038212461955,22,7.333333333333333,7.1,0.03223160598735097,-2.1878249484563415,-2.685,-1.478
520980,"Báez, Pedro",2022,2.220649357376969,40,0.05551623393442422,5.551623393442422,6,2.0,2.0,0.008711244861446208,-2.2119381125155226,-9.954,-5.53
656234,"Bird, Jake",2025,2.220698697487632,668,0.0033243992477359763,0.33243992477359774,111,37.0,37.0,0.14547778918615167,-2.0752209083014805,-0.505,-0.311
572143,"Smith, Burch",2024,2.2211134185429473,700,0.0031730191693470676,0.31730191693470683,122,40.666666666666664,40.2,0.15244678507530865,-2.0686666334676387,-0.458,-0.296
660906,"Pérez, Francisco",2023,2.22248954574079,222,0.010011214170003557,1.0011214170003553,36,12.0,12.0,0.048347408981026456,-2.1741421367597633,-1.631,-0.979
661527,"Martinez, Seth",2025,2.223800761721467,107,0.020783184688985674,2.078318468898567,17,5.666666666666667,5.2,0.023302580004368606,-2.2004981817170983,-3.495,-2.057
528748,"Castellanos, Humberto",2024,2.233332852718897,140,0.015952377519420694,1.5952377519420695,23,7.666666666666667,7.2,0.030489357015061728,-2.2028434957038354,-2.586,-1.573
628711,"Urías, Julio",2023,2.236763797299375,1242,0.0018009370348626207,0.18009370348626216,223,74.33333333333333,74.1,0.27048415294790473,-1.96627964435147,-0.238,-0.158
650960,"Duarte, Daniel",2023,2.237860859973846,425,0.005265554964644343,0.5265554964644344,66,22.0,22.0,0.09255697665286595,-2.14530388332098,-0.878,-0.505
686839,"White, Brendan",2023,2.2524830382651353,549,0.004102883494107715,0.41028834941077164,96,32.0,32.0,0.1195618357233492,-2.132921202541786,-0.6,-0.389
696136,"Wicks, Jordan",2023,2.259620150150614,486,0.004649424177264638,0.46494241772646355,86,28.666666666666668,28.2,0.10584162506657142,-2.153778525084043,-0.676,-0.443
488984,"Hunter, Tommy",2023,2.2707213033781906,201,0.011297120912329307,1.1297120912329306,38,12.666666666666666,12.2,0.04377400542876719,-2.2269472979494234,-1.582,-1.108
605218,"Edwards Jr., Carl",2024,2.278178043396667,12,0.1898481702830556,18.98481702830556,0,0.0,0.0,0.0026133734584338625,-2.2755646699382335,-inf,-18.963
664351,"Contreras, Luis",2024,2.279638873614268,56,0.04070783702882621,4.070783702882621,7,2.3333333333333335,2.1,0.01219574280602469,-2.267443130808243,-8.746,-4.049
676760,"Marinaccio, Ron",2023,2.2908966354492355,701,0.003268040849428296,0.3268040849428298,101,33.666666666666664,33.2,0.1526645661968448,-2.138232069252391,-0.572,-0.305
668881,"Greene, Hunter",2022,2.2916626200633194,1450,0.0015804569793540135,0.15804569793540146,236,78.66666666666667,78.2,0.31578262622742503,-1.9758799938358944,-0.226,-0.136
472610,"García, Luis",2023,2.2975489414647665,737,0.003117434113249344,0.31174341132493427,125,41.666666666666664,41.2,0.1605046865721464,-2.1370442548926203,-0.462,-0.29
663542,"Hudson, Bryan",2025,2.2983152040493686,278,0.008267320877875427,0.8267320877875425,37,12.333333333333334,12.1,0.06054315178705114,-2.2377720522623177,-1.633,-0.805
605463,"Scott, Tayler",2023,2.301320168469115,271,0.008491956341214447,0.8491956341214449,41,13.666666666666666,13.2,0.059018683936298055,-2.242301484532817,-1.477,-0.827
682144,"Sandridge, Jayvien",2025,2.309747722716322,31,0.07450799105536524,7.4507991055365235,2,0.6666666666666666,0.2,0.006751214767620811,-2.302996507948701,-31.09,-7.429
656186,"Altavilla, Dan",2024,2.3147283400893066,83,0.02788829325408803,2.788829325408803,11,3.6666666666666665,3.2,0.01807583308750088,-2.296652507001806,-5.637,-2.767
656458,"Gilbreath, Lucas",2024,2.3302895298396624,31,0.07517062999482782,7.517062999482782,3,1.0,1.0,0.006751214767620811,-2.3235383150720414,-20.912,-7.495
695418,"Lord, Brad",2025,2.330677378401089,1710,0.0013629692271351396,0.13629692271351418,304,101.33333333333333,101.1,0.3724057178268254,-1.9582716605742634,-0.174,-0.115
571710,"Givens, Mychal",2023,2.331478400134159,55,0.04239051636607562,4.239051636607561,5,1.6666666666666667,1.2,0.011977961684488536,-2.3195004384496705,-12.525,-4.217
656354,"Davis, Austin",2024,2.344804523090255,142,0.016512707909086304,1.6512707909086304,20,6.666666666666667,6.2,0.030924919258134037,-2.3138796038321208,-3.124,-1.629
657044,"Thompson, Ryan",2022,2.3475830889674403,414,0.00567049055306145,0.5670490553061451,76,25.333333333333332,25.1,0.09016138431596825,-2.257421704651472,-0.802,-0.545
606930,"Barnes, Jacob",2024,2.3622857840893436,786,0.00300545265151316,0.3005452651513162,135,45.0,45.0,0.17117596152741799,-2.1911098225619257,-0.438,-0.279
669358,"Baz, Shane",2022,2.365101291521862,225,0.01051156129565272,1.051156129565272,38,12.666666666666666,12.2,0.04900075234563492,-2.316100539176227,-1.646,-1.029
661527,"Martinez, Seth",2023,2.366342067432637,493,0.004799882489721374,0.47998824897213754,77,25.666666666666668,25.2,0.10736609291732452,-2.258975974515313,-0.792,-0.458
608665,"Graveman, Kendall",2025,2.385664147103762,225,0.010602951764905609,1.0602951764905606,36,12.0,12.0,0.04900075234563492,-2.336663394758127,-1.752,-1.039
644364,"Arano, Víctor",2022,2.3868726162628446,499,0.004783311856238166,0.47833118562381655,93,31.0,31.0,0.10867277964654144,-2.278199836616303,-0.661,-0.457
656657,"Logue, Zach",2024,2.3924160813774016,43,0.05563758328784655,5.563758328784655,6,2.0,2.0,0.009364588226054673,-2.383051493151347,-10.724,-5.542
605525,"Wendelken, J.B.",2022,2.394009826573594,413,0.005796633962647927,0.5796633962647927,67,22.333333333333332,22.1,0.08994360319443209,-2.304066223379162,-0.929,-0.558
605182,"Clevinger, Mike",2024,2.397337178689899,249,0.009627860155381121,0.9627860155381123,41,13.666666666666666,13.2,0.05422749926250264,-2.3431096794273967,-1.543,-0.941
650496,"Mejía, J.C.",2023,2.398020396371251,171,0.014023511089890358,1.4023511089890364,26,8.666666666666666,8.2,0.03724057178268254,-2.3607798245885685,-2.452,-1.381
665155,"Maton, Nick",2022,2.3988108002822868,25,0.09595243201129147,9.595243201129149,4,1.3333333333333333,1.1,0.00544452803840388,-2.393366272243883,-16.155,-9.573
667465,"Fletcher, Aaron",2022,2.4084005410132034,107,0.022508416271151434,2.2508416271151432,22,7.333333333333333,7.1,0.023302580004368606,-2.3850979610088348,-2.927,-2.229
691799,"Taylor, Grant",2025,2.4108102734334107,375,0.0064288273958224285,0.6428827395822428,64,21.333333333333332,21.1,0.0816679205760582,-2.3291423528573523,-0.983,-0.621
681293,"Arrighetti, Spencer",2025,2.414055702224613,617,0.003912570019812987,0.39125700198129887,104,34.666666666666664,34.2,0.13437095198780777,-2.279684750236805,-0.592,-0.369
656271,"Burke, Brock",2023,2.418446168811751,704,0.0034352928534257827,0.3435292853425785,136,45.333333333333336,45.1,0.15331790956145325,-2.265128259250298,-0.45,-0.322
594580,"Moll, Sam",2025,2.421579053027599,209,0.011586502646065068,1.1586502646065069,33,11.0,11.0,0.04551625440105644,-2.376062798626543,-1.944,-1.137
669674,"Long, Sam",2025,2.4310966778423224,542,0.004485418224801333,0.44854182248013336,82,27.333333333333332,27.1,0.11803736787259611,-2.3130593099697263,-0.762,-0.427
643511,"Rogers, Tyler",2022,2.4335015364656245,954,0.0025508401849744494,0.255084018497445,177,59.0,59.0,0.20776318994549206,-2.2257383465201324,-0.34,-0.233
682274,"Hiraldo, Yaramil",2025,2.4362275121356354,218,0.011175355560255208,1.117535556025521,42,14.0,14.0,0.04747628449488183,-2.3887512276407534,-1.536,-1.096
523260,"Kelly, Joe",2024,2.4441299817188917,382,0.006398246025442125,0.6398246025442125,64,21.333333333333332,21.1,0.08319238842681129,-2.3609375932920806,-0.996,-0.618
643290,"Dunn, Justin",2022,2.45383527372082,468,0.005243237764360726,0.5243237764360728,79,26.333333333333332,26.1,0.10192156487892064,-2.3519137088418995,-0.804,-0.503
677960,"Weathers, Ryan",2022,2.456730067358117,89,0.027603708622001316,2.7603708622001317,11,3.6666666666666665,3.2,0.019382519816717812,-2.4373475475413993,-5.983,-2.739
670167,"Schreiber, John",2025,2.457240165074298,675,0.003640355800110071,0.3640355800110071,125,41.666666666666664,41.2,0.14700225703690475,-2.310237908037393,-0.499,-0.342
650911,"Sánchez, Cristopher",2022,2.4601151746166905,550,0.004472936681121255,0.4472936681121258,96,32.0,32.0,0.11977961684488536,-2.3403355577718052,-0.658,-0.426
676254,"Walker, Ryan",2023,2.4621975439962873,758,0.0032482817203117248,0.3248281720311722,117,39.0,39.0,0.16507809012440564,-2.2971194538718818,-0.53,-0.303
606996,"Hart, Kyle",2025,2.4642584219350514,519,0.004748089444961564,0.47480894449615635,95,31.666666666666668,31.2,0.11302840207726454,-2.3512300198577867,-0.668,-0.453
643410,"Leiter Jr., Mark",2023,2.467434019867521,839,0.0029409225504976413,0.29409225504976416,144,48.0,48.0,0.1827183609688342,-2.2847156588986866,-0.428,-0.272
681869,"Dubin, Shawn",2025,2.472388250770454,419,0.005900687949332827,0.5900687949332829,77,25.666666666666668,25.2,0.09125028992364903,-2.381137960846805,-0.835,-0.568
608348,"Kelly, Carson",2023,2.4760803214561182,52,0.047616929258771507,4.761692925877151,8,2.6666666666666665,2.2,0.01132461831988007,-2.4647557031362384,-8.319,-4.74
572020,"Paxton, James",2023,2.480678315476776,1457,0.0017025932158385559,0.17025932158385562,244,81.33333333333333,81.1,0.31730709407817814,-2.163371221398598,-0.239,-0.148
681168,"Curvelo, Luis",2025,2.4821696784668617,189,0.013133172901941067,1.3133172901941068,36,12.0,12.0,0.04116063197033333,-2.441009046496528,-1.831,-1.292
641645,"Guillorme, Luis",2024,2.4877425512213898,43,0.057854477935381156,5.785447793538116,9,3.0,3.0,0.009364588226054673,-2.478377962995335,-7.435,-5.764
665019,"Clemens, Kody",2025,2.4879401521991484,20,0.12439700760995742,12.439700760995741,3,1.0,1.0,0.004355622430723104,-2.483584529768425,-22.352,-12.418
658431,"Medina, Adonis",2022,2.492844456643872,235,0.01060784875167605,1.0607848751676054,40,13.333333333333334,13.1,0.051178563560996475,-2.4416658930828756,-1.648,-1.039
621111,"Buehler, Walker",2025,2.494342520019738,1427,0.0017479625227888843,0.17479625227888848,239,79.66666666666667,79.2,0.3107736604320935,-2.1835688595876444,-0.247,-0.153
681869,"Dubin, Shawn",2023,2.499110795600085,172,0.014529713927907471,1.4529713927907468,26,8.666666666666666,8.2,0.03745835290421869,-2.461652442695866,-2.556,-1.431
448179,"Hill, Rich",2025,2.499110795600085,171,0.014614683015205176,1.4614683015205177,26,8.666666666666666,8.2,0.03724057178268254,-2.461870223817402,-2.557,-1.44
641149,"Parsons, Wes",2024,2.499308396577844,123,0.020319580459982473,2.0319580459982474,20,6.666666666666667,6.2,0.02678707794894709,-2.472521318628897,-3.338,-2.01
666205,"Muller, Kyle",2022,2.499497827080201,233,0.010727458485322751,1.0727458485322752,39,13.0,13.0,0.05074300131792416,-2.448754825762277,-1.695,-1.051
670766,"McCaughan, Darren",2023,2.4995059975556027,112,0.022317017835317882,2.231701783531788,15,5.0,5.0,0.02439148561204938,-2.4751145119435534,-4.455,-2.21
691441,"Mena, Cristian",2024,2.4997035985333618,70,0.03571005140761945,3.571005140761945,9,3.0,3.0,0.015244678507530864,-2.4844589200258307,-7.453,-3.549
656896,"Rivera, Emmanuel",2024,2.4997035985333618,45,0.055548968856296926,5.5548968856296925,9,3.0,3.0,0.009800150469126984,-2.4899034480642346,-7.47,-5.533
621097,"Waguespack, Jacob",2024,2.4997035985333618,82,0.030484190226016606,3.04841902260166,9,3.0,3.0,0.017858051965964725,-2.481845546567397,-7.446,-3.027
640454,"Krook, Matt",2024,2.4999011995111204,26,0.09615004613504309,9.61500461350431,3,1.0,1.0,0.005662309159940035,-2.4942388903511805,-22.448,-9.593
622268,"Walton, Donovan",2022,2.4999011995111204,20,0.12499505997555602,12.499505997555602,3,1.0,1.0,0.004355622430723104,-2.495545577080397,-22.46,-12.478
534910,"Hahn, Jesse",2025,2.4999011995111204,28,0.08928218569682574,8.928218569682574,3,1.0,1.0,0.006097871403012345,-2.493803328108108,-22.444,-8.906
686249,"Wiles, Nathan",2025,2.4999011995111204,24,0.10416254997963002,10.416254997963001,3,1.0,1.0,0.005226746916867725,-2.4946744525942526,-22.452,-10.394
676510,"Hoffman, Nolan",2025,2.4999011995111204,26,0.09615004613504309,9.61500461350431,3,1.0,1.0,0.005662309159940035,-2.4942388903511805,-22.448,-9.593
622569,"Reyes, Pablo",2025,2.4999011995111204,18,0.13888339997284002,13.888339997284001,3,1.0,1.0,0.003920060187650794,-2.4959811393234697,-22.464,-13.867
657041,"Thomas, Lane",2023,2.4999011995111204,21,0.11904291426243431,11.90429142624343,3,1.0,1.0,0.004573403552259259,-2.495327795958861,-22.458,-11.883
605170,"Caratini, Victor",2022,2.4999011995111204,14,0.17856437139365147,17.85643713936515,3,1.0,1.0,0.0030489357015061726,-2.4968522638096142,-22.472,-17.835
592712,"Sadzeck, Connor",2022,2.499901199511121,23,0.10869135650048352,10.86913565004835,3,1.0,1.0,0.0050089657953315695,-2.4948922337157895,-22.454,-10.847
640461,"Pinder, Chad",2022,2.499901199511121,26,0.0961500461350431,9.61500461350431,3,1.0,1.0,0.005662309159940035,-2.494238890351181,-22.448,-9.593
663629,"Small, Ethan",2022,2.500090630013478,132,0.018940080530405135,1.8940080530405135,17,5.666666666666667,5.2,0.028747108042772487,-2.4713435219707054,-3.925,-1.872
672552,"O'Loughlin, Jack",2024,2.5007692267954447,176,0.014208916061337755,1.4208916061337757,29,9.666666666666666,9.2,0.03832947739036331,-2.4624397494050814,-2.293,-1.399
571946,"Miller, Shelby",2024,2.503918663692645,558,0.004487309433140941,0.44873094331409413,105,35.0,35.0,0.1215218658171746,-2.3823967978754705,-0.613,-0.427
472551,"Abad, Fernando",2023,2.504886189378048,97,0.025823568962660286,2.582356896266029,10,3.3333333333333335,3.1,0.021124768789007053,-2.483761420589041,-6.706,-2.561
643361,"Herget, Kevin",2022,2.5125846948530484,111,0.022635898151829266,2.263589815182927,21,7.0,7.0,0.024173704490513228,-2.488410990362535,-3.199,-2.242
687931,"Whisenhunt, Carson",2025,2.5213508658330164,407,0.006194965272316994,0.6194965272316995,66,22.0,22.0,0.08863691646521517,-2.4327139493678014,-0.995,-0.598
489446,"Yates, Kirby",2022,2.5216423088374103,111,0.022717498277814507,2.2717498277814507,15,5.0,5.0,0.024173704490513228,-2.497468604346897,-4.495,-2.25
672282,"Detmers, Reid",2025,2.5218627226032737,770,0.0032751463929912646,0.32751463929912644,127,42.333333333333336,42.1,0.1676914635828395,-2.354171259020434,-0.5,-0.306
686539,"Cronin, Declan",2023,2.522734072677329,154,0.016381390082320316,1.6381390082320317,27,9.0,9.0,0.0335382927165679,-2.489195779960761,-2.489,-1.616
664991,"Wolfram, Grant",2025,2.5273677093847127,388,0.00651383430253792,0.651383430253792,62,20.666666666666668,20.2,0.08449907515602821,-2.4428686342286845,-1.064,-0.63
543543,"Miller, Brad",2023,2.5277896457262603,39,0.06481511912118616,6.481511912118615,5,1.6666666666666667,1.2,0.008493463739910053,-2.51929618198635,-13.604,-6.46
668948,"McCarty, Kirk",2022,2.5418681693711966,518,0.004907081408052503,0.4907081408052505,93,31.0,31.0,0.11281062095572839,-2.4290575484154684,-0.705,-0.469
642048,"Saucedo, Tayler",2023,2.5463929022385625,677,0.0037612893681514955,0.37612893681514975,113,37.666666666666664,37.2,0.14743781927997707,-2.3989550829585853,-0.573,-0.354
518886,"Kimbrel, Craig",2024,2.549954587973777,752,0.003390897058475767,0.3390897058475767,126,42.0,42.0,0.1637714033951887,-2.386183184578588,-0.511,-0.317
690916,"Fitts, Richard",2025,2.5556988036355563,505,0.0050607897101694185,0.5060789710169421,90,30.0,30.0,0.10997946637575838,-2.445719337259798,-0.734,-0.484
458677,"Wilson, Justin",2024,2.55758278387398,645,0.003965244626161209,0.396524462616121,108,36.0,36.0,0.1404688233908201,-2.4171139604831597,-0.604,-0.375
554431,"Matzek, Tyler",2024,2.5665102070713584,112,0.022915269705994272,2.2915269705994272,19,6.333333333333333,6.1,0.02439148561204938,-2.542118721459309,-3.612,-2.27
630023,"Chirinos, Yonny",2024,2.572822373899259,426,0.006039489140608589,0.6039489140608588,70,23.333333333333332,23.1,0.09277475777440211,-2.480047616124857,-0.957,-0.582
664948,"Misiewicz, Anthony",2025,2.574798383676848,100,0.02574798383676848,2.5747983836768475,13,4.333333333333333,4.1,0.02177811215361552,-2.5530202715232324,-5.302,-2.553
554431,"Matzek, Tyler",2025,2.5755067920706183,127,0.02027958103992613,2.027958103992613,19,6.333333333333333,6.1,0.02765820243509171,-2.5478485896355267,-3.621,-2.006
808963,"Sasaki, Roki",2025,2.579681743157991,518,0.004980080585247087,0.49800805852470875,85,28.333333333333332,28.1,0.11281062095572839,-2.466871122202263,-0.784,-0.476
592741,"Shreve, Chasen",2022,2.5798179368310126,303,0.008514250616604001,0.8514250616604,53,17.666666666666668,17.2,0.06598767982545503,-2.5138302570055577,-1.281,-0.83
641482,"Cortes, Nestor",2023,2.5814148374636243,1002,0.0025762623128379484,0.25762623128379486,169,56.333333333333336,56.1,0.2182166837792275,-2.363198153684397,-0.378,-0.236
694819,"Misiorowski, Jacob",2025,2.585432020363241,780,0.0033146564363631293,0.33146564363631315,125,41.666666666666664,41.2,0.16986927479820105,-2.41556274556504,-0.522,-0.31
642100,"Speier, Gabe",2024,2.5886329781464386,318,0.008140355277190058,0.8140355277190059,49,16.333333333333332,16.1,0.06925439664849735,-2.519378581497941,-1.388,-0.792
667297,"Nance, Tommy",2024,2.589623449209208,208,0.012450112736582732,1.2450112736582726,35,11.666666666666666,11.2,0.04529847327952028,-2.5443249759296878,-1.963,-1.223
595939,"Ellis, Chris",2022,2.5982629893146245,83,0.03130437336523644,3.130437336523645,12,4.0,4.0,0.01807583308750088,-2.5801871562271237,-5.805,-3.109
592773,"Stanek, Ryne",2025,2.6110308514328304,781,0.003343189310413355,0.33431893104133553,129,43.0,43.0,0.17008705591973722,-2.440943795513093,-0.511,-0.313
679885,"Martinez, Justin",2023,2.6110766259738747,126,0.020722830364872023,2.0722830364872027,17,5.666666666666667,5.2,0.027440421313555556,-2.583636204660319,-4.103,-2.051
650960,"Duarte, Daniel",2022,2.612371307511767,77,0.03392690009755542,3.3926900097555417,8,2.6666666666666665,2.2,0.01676914635828395,-2.5956021611534834,-8.76,-3.371
663485,"Sands, Cole",2025,2.6133942803323142,751,0.0034798858592973558,0.3479885859297355,140,46.666666666666664,46.2,0.16355362227365255,-2.449840658058662,-0.472,-0.326
666619,"Santos, Gregory",2025,2.613717467801575,94,0.0278055049766125,2.78055049766125,14,4.666666666666667,4.2,0.020471425424398587,-2.5932460423771766,-5.001,-2.759
670124,"Oller, Adam",2024,2.6407936433402286,445,0.00593436773784321,0.593436773784321,78,26.0,26.0,0.09691259908358907,-2.5438810442566395,-0.881,-0.572
592346,"González, Chi Chi",2022,2.6447639361704365,249,0.01062154191233107,1.062154191233107,43,14.333333333333334,14.1,0.05422749926250264,-2.590536436907934,-1.627,-1.04
607461,"Beaty, Matt",2023,2.664786344141234,20,0.1332393172070617,13.32393172070617,2,0.6666666666666666,0.2,0.004355622430723104,-2.6604307217105108,-35.916,-13.302
687330,"Kelly, Kevin",2025,2.6733117962734827,374,0.007147892503405034,0.7147892503405034,77,25.666666666666668,25.2,0.08145013945452205,-2.5918616568189607,-0.909,-0.693
472610,"García, Luis",2022,2.677714911206202,636,0.004210243571078934,0.42102435710789354,117,39.0,39.0,0.1385087932969947,-2.5392061179092074,-0.586,-0.399
572383,"Moran, Brian",2022,2.67942632057368,25,0.10717705282294719,10.71770528229472,1,0.3333333333333333,0.1,0.00544452803840388,-2.673981792535276,-72.198,-10.696
676710,"Crawford, Kutter",2024,2.6841211204437916,2241,0.0011977336548165067,0.11977336548165088,425,141.66666666666666,141.2,0.4880474933625238,-2.196073627081268,-0.14,-0.098
608718,"Suter, Brent",2025,2.6848891247345046,836,0.0032115898621226133,0.32115898621226113,149,49.666666666666664,49.2,0.18206501760422575,-2.502824107130279,-0.454,-0.299
663455,"Pilkington, Konnor",2022,2.692545546069978,747,0.0036044786426639597,0.3604478642663959,124,41.333333333333336,41.1,0.16268249778750793,-2.52986304828247,-0.551,-0.339
688297,"Roycroft, Chris",2024,2.6969738031583725,502,0.005372457775215882,0.5372457775215882,86,28.666666666666668,28.2,0.10932612301114991,-2.5876476801472226,-0.812,-0.515
642770,"Guerra, Javy",2023,2.698528100813087,290,0.009305269313148574,0.9305269313148574,45,15.0,15.0,0.06315652524548501,-2.6353715755676017,-1.581,-0.909
664948,"Misiewicz, Anthony",2022,2.699529933374943,331,0.008155679557023997,0.8155679557023999,56,18.666666666666668,18.2,0.07208555122846737,-2.627444382146476,-1.267,-0.794
596271,"Lawrence, Casey",2022,2.7029852894302167,213,0.012690071781362519,1.269007178136252,39,13.0,13.0,0.046387378887201056,-2.6565979105430158,-1.839,-1.247
657053,"Toussaint, Touki",2022,2.7036947244060823,313,0.00863800231439643,0.8638002314396431,52,17.333333333333332,17.1,0.06816549104081658,-2.635529233365266,-1.368,-0.842
665660,"Alvarado, Elvis",2025,2.7052034737774484,379,0.007137740036352106,0.7137740036352106,64,21.333333333333332,21.1,0.08253904506220282,-2.6226644287152454,-1.106,-0.692
608703,"Reynolds, Matt",2022,2.719965924430215,21,0.1295221868776293,12.95221868776293,4,1.3333333333333333,1.1,0.004573403552259259,-2.7153925208779555,-18.329,-12.93
663462,"Campbell, Isaiah",2025,2.720155354932572,86,0.03162971342944851,3.162971342944851,17,5.666666666666667,5.2,0.018729176452109347,-2.7014261784804625,-4.291,-3.141
592351,"Gray, Jon",2025,2.7205505568880897,45,0.06045667904195755,6.045667904195755,8,2.6666666666666665,2.2,0.009800150469126984,-2.7107504064189625,-9.149,-6.024
663893,"Little, Brendon",2022,2.720748157865849,22,0.12367037081208404,12.367037081208402,2,0.6666666666666666,0.2,0.004791184673795414,-2.7159569731920534,-36.665,-12.345
696147,"Bachman, Sam",2025,2.7320598045751336,234,0.011675469250321084,1.1675469250321084,42,14.0,14.0,0.05096078243946032,-2.6810990221356734,-1.724,-1.146
681810,"Warren, Austin",2022,2.7338362857213463,205,0.013335786759616323,1.3335786759616326,37,12.333333333333334,12.1,0.04464512991491182,-2.6891911558064345,-1.962,-1.312
607481,"Bummer, Aaron",2024,2.744656253951627,804,0.003413751559641327,0.3413751559641327,136,45.333333333333336,45.1,0.17509602171506877,-2.569560232236558,-0.51,-0.32
541640,"Ramírez, Erasmo",2024,2.7531574142009028,264,0.010428626568942813,1.0428626568942814,50,16.666666666666668,16.2,0.057494216085544975,-2.6956631981153576,-1.456,-1.021
685126,"Eisert, Brandon",2025,2.766473785558623,911,0.0030367440017108924,0.3036744001710892,146,48.666666666666664,48.2,0.19839860171943738,-2.5680751838391855,-0.475,-0.282
642528,"Loáisiga, Jonathan",2025,2.7682426016711212,321,0.008623808727947418,0.862380872794742,59,19.666666666666668,19.2,0.06990774001310582,-2.6983348616580156,-1.235,-0.841
543859,"Tonkin, Michael",2025,2.7699792026622165,299,0.009264144490509085,0.9264144490509089,51,17.0,17.0,0.0651165553393104,-2.7048626473229063,-1.432,-0.905
642016,"Robert, Daniel",2025,2.7729599992611025,196,0.014147755098270931,1.414775509827093,29,9.666666666666666,9.2,0.04268509982108642,-2.730274899440016,-2.542,-1.393
666200,"Luzardo, Jesús",2023,2.7763432733650664,2120,0.001309595883662767,0.1309595883662766,349,116.33333333333333,116.1,0.461695977656649,-2.314647295708417,-0.179,-0.109
572403,"VerHagen, Drew",2022,2.788558207799842,324,0.008606661135184697,0.8606661135184699,53,17.666666666666668,17.2,0.07056108337771429,-2.7179971244221277,-1.385,-0.839
669105,"Muckenhirn, Zach",2023,2.7958826255519664,95,0.029430343426862803,2.9430343426862815,17,5.666666666666667,5.2,0.020689206545934744,-2.775193419006032,-4.408,-2.921
657248,"Otto, Glenn",2022,2.8085219499462806,1761,0.0015948449460228737,0.15948449460228736,309,103.0,103.0,0.3835125550251693,-2.425009394921111,-0.212,-0.138
593334,"Germán, Domingo",2023,2.8125680496468433,1560,0.0018029282369531046,0.1802928236953106,306,102.0,102.0,0.3397385495964021,-2.472829500050441,-0.218,-0.159
448179,"Hill, Rich",2022,2.8126209333552543,1610,0.0017469695238231393,0.17469695238231392,294,98.0,98.0,0.3506276056732099,-2.4619933276820443,-0.226,-0.153
543294,"Hendricks, Kyle",2023,2.8161426885752743,1602,0.001757891815590059,0.17578918155900605,312,104.0,104.0,0.34888535670092063,-2.467257331874354,-0.214,-0.154
805299,"Garcia, Brandyn",2025,2.8193323497863503,168,0.016781740177299703,1.6781740177299707,20,6.666666666666667,6.2,0.036587228418074075,-2.782745121368276,-3.757,-1.656
663321,"Hernandez, Nick",2024,2.824637133203355,129,0.021896411885297326,2.1896411885297327,21,7.0,7.0,0.02809376467816402,-2.796543368525191,-3.596,-2.168
642834,"Bermúdez, Jonathan",2024,2.8280386903128965,121,0.023372220581098318,2.337222058109832,18,6.0,6.0,0.026351515705874778,-2.8016871746070215,-4.203,-2.315
641540,"Dunning, Dane",2025,2.831560958214186,279,0.01014896400793615,1.0148964007936145,47,15.666666666666666,15.2,0.0607609329085873,-2.7708000253055984,-1.592,-0.993
600921,"Machado, Andrés",2022,2.8339886061711166,885,0.0032022470126227306,0.3202247012622732,153,51.0,51.0,0.19273629255949734,-2.641252313611619,-0.466,-0.298
656420,"Feyereisen, J.P.",2024,2.839714313080708,130,0.021843956254466983,2.1843956254466983,24,8.0,8.0,0.028311545799700175,-2.811402767281008,-3.163,-2.163
701552,"Granillo, Andre",2025,2.8522394599190015,198,0.014405249797570715,1.4405249797570714,34,11.333333333333334,11.1,0.04312066206415873,-2.809118797854843,-2.231,-1.419
642231,"Yacabonis, Jimmy",2023,2.863921235441492,212,0.013509062431327792,1.3509062431327792,38,12.666666666666666,12.2,0.0461695977656649,-2.817751637675827,-2.002,-1.329
666200,"Luzardo, Jesús",2025,2.8738523572890324,1855,0.0015492465537946267,0.15492465537946232,332,110.66666666666667,110.2,0.4039839804495679,-2.4698683768394645,-0.201,-0.133
642758,"Acevedo, Domingo",2023,2.8851957268207515,114,0.025308734445796066,2.5308734445796066,17,5.666666666666667,5.2,0.024827047855121694,-2.8603686789656297,-4.543,-2.509
605242,"Fulmer, Michael",2025,2.8853933277985098,69,0.041817294605775504,4.181729460577551,10,3.3333333333333335,3.1,0.01502689738599471,-2.870366430412515,-7.75,-4.16
542208,"Pérez, Carlos",2023,2.885590928776269,42,0.0687045459232445,6.87045459232445,4,1.3333333333333333,1.1,0.009146807104518519,-2.8764441216717502,-19.416,-6.849
571927,"Matz, Steven",2022,2.889365579998139,720,0.004013007749997416,0.40130077499974165,125,41.666666666666664,41.2,0.15680240750603175,-2.732563172492107,-0.59,-0.38
687888,"Walter, Brandon",2023,2.8964371098830726,267,0.010848079063232482,1.084807906323248,53,17.666666666666668,17.2,0.05814755945015344,-2.8382895504329193,-1.446,-1.063
682989,"Mederos, Victor",2023,2.896693250461866,49,0.05911618878493604,5.911618878493605,6,2.0,2.0,0.010671274955271605,-2.886021975506594,-12.987,-5.89
542194,"Bethancourt, Christian",2023,2.8989096007711663,10,0.2898909600771166,28.989096007711662,1,0.3333333333333333,0.1,0.002177811215361552,-2.8967317895558047,-78.212,-28.967
643316,"Fry, Paul",2022,2.902499742516812,161,0.018027948711284547,1.8027948711284543,25,8.333333333333334,8.1,0.03506276056732099,-2.867436981949491,-3.097,-1.781
593833,"Suero, Wander",2023,2.916233126245156,130,0.022432562509578126,2.243256250957813,21,7.0,7.0,0.028311545799700175,-2.887921580445456,-3.713,-2.221
669084,"Hall, DL",2024,2.926129260986599,616,0.00475020983926396,0.47502098392639563,97,32.333333333333336,32.1,0.1341531708662716,-2.791976090120327,-0.777,-0.453
608678,"Leone, Dominic",2022,2.9296808846449762,689,0.004252076755653086,0.4252076755653086,120,40.0,40.0,0.15005119273841094,-2.7796296919065653,-0.625,-0.403
683232,"Mears, Nick",2024,2.938272118161267,646,0.004548408851642828,0.45484088516428267,118,39.333333333333336,39.1,0.14068660451235626,-2.7975855136489107,-0.64,-0.433
682052,"Lopez, Jacob",2023,2.939658802344641,151,0.019467939088375106,1.9467939088375106,28,9.333333333333334,9.1,0.03288494935195944,-2.9067738529926817,-2.803,-1.925
663542,"Hudson, Bryan",2023,2.95623606491372,164,0.018025829664108046,1.802582966410805,27,9.0,9.0,0.03571610393192945,-2.9205199609817902,-2.921,-1.781
680573,"Woods Richardson, Simeon",2023,2.9566312668692376,97,0.03048073470999214,3.048073470999214,14,4.666666666666667,4.2,0.021124768789007053,-2.9355064980802306,-5.661,-3.026
643230,"Brault, Steven",2022,2.9568071652591277,107,0.02763371182485166,2.763371182485166,17,5.666666666666667,5.2,0.023302580004368606,-2.933504585254759,-4.659,-2.742
663465,"Allard, Kolby",2023,2.9580920970868383,126,0.023476921405451098,2.34769214054511,21,7.0,7.0,0.027440421313555556,-2.930651675773283,-3.768,-2.326
570666,"Cessa, Luis",2022,2.9660406664269705,1067,0.002779794439013093,0.2779794439013093,203,67.66666666666667,67.2,0.2323724566790776,-2.733668209747893,-0.364,-0.256
642060,"Sedlock, Cody",2022,2.971716351829343,71,0.04185515988492032,4.185515988492033,9,3.0,3.0,0.015462459629067019,-2.9562538922002757,-8.869,-4.164
669674,"Long, Sam",2022,2.979649413424693,730,0.004081711525239305,0.40817115252393044,121,40.333333333333336,40.1,0.15898021872139328,-2.8206691947033,-0.629,-0.386
686610,"Waldichuk, Ken",2022,2.983759687058412,493,0.006052250886528219,0.6052250886528219,86,28.666666666666668,28.2,0.10736609291732452,-2.8763935941410876,-0.903,-0.583
612434,"Castro, Miguel",2024,2.9899026128120996,128,0.023358614162594528,2.3358614162594526,22,7.333333333333333,7.1,0.027875983556627865,-2.9620266292554716,-3.635,-2.314
669330,"Wells, Tyler",2024,2.9990119951112058,172,0.017436116250646547,1.7436116250646543,30,10.0,10.0,0.03745835290421869,-2.961553642206987,-2.665,-1.722
681217,"Silseth, Chase",2024,2.9992095960889644,166,0.018067527687282918,1.8067527687282918,25,8.333333333333334,8.1,0.03615166617500176,-2.9630579299139628,-3.2,-1.785
673316,"Barker, Luke",2022,2.999604798044482,54,0.055548237000823744,5.554823700082374,12,4.0,4.0,0.011760180562952381,-2.98784461748153,-6.723,-5.533
663629,"Small, Ethan",2023,2.999604798044482,93,0.03225381503273637,3.225381503273636,12,4.0,4.0,0.020253644302862434,-2.9793511537416197,-6.704,-3.204
696131,"Black, Mason",2025,2.9996047980444827,74,0.04053519997357409,4.053519997357409,12,4.0,4.0,0.016115802993675484,-2.983488995050807,-6.713,-4.032
425877,"Molina, Yadier",2022,2.999802399022241,40,0.07499505997555603,7.499505997555603,6,2.0,2.0,0.008711244861446208,-2.9910911541607947,-13.46,-7.478
680911,"Miller, Owen",2024,2.999802399022241,37,0.08107574051411462,8.107574051411463,6,2.0,2.0,0.008057901496837742,-2.9917444975254033,-13.463,-8.086
640902,"Pereda, Jhonny",2025,2.999802399022241,49,0.061220457122902874,6.122045712290287,6,2.0,2.0,0.010671274955271605,-2.989131124066969,-13.451,-6.1
676391,"Clement, Ernie",2022,2.999802399022241,42,0.0714238666433867,7.1423866643386695,5,1.6666666666666667,1.2,0.009146807104518519,-2.9906555919177222,-16.15,-7.121
645801,"Ford, Mike",2023,2.999802399022241,42,0.0714238666433867,7.1423866643386695,6,2.0,2.0,0.009146807104518519,-2.9906555919177222,-13.458,-7.121
668942,"Rojas, Josh",2023,2.9998023990222413,36,0.08332784441728448,8.332784441728446,6,2.0,2.0,0.007840120375301587,-2.9919622786469398,-13.464,-8.311
663474,"McKenzie, Triston",2025,2.9998023990222413,48,0.06249588331296336,6.249588331296336,6,2.0,2.0,0.01045349383373545,-2.989348905188506,-13.452,-6.228
681517,"Leahy, Kyle",2023,3.0002209559286097,58,0.051727947516010515,5.172794751601051,5,1.6666666666666667,1.2,0.012631305049097001,-2.987589650879513,-16.133,-5.151
680742,"Bowlan, Jonathan",2024,3.0014608302176007,68,0.044139129856141185,4.413912985614118,8,2.6666666666666665,2.2,0.014809116264458553,-2.986651713953142,-10.08,-4.392
527054,"Teheran, Julio",2024,3.0014608302176007,68,0.044139129856141185,4.413912985614118,8,2.6666666666666665,2.2,0.014809116264458553,-2.986651713953142,-10.08,-4.392
673929,"Leasure, Jordan",2024,3.0299263691275415,432,0.0070137184470544945,0.7013718447054494,70,23.333333333333332,23.1,0.09408144450361905,-2.9358449246239227,-1.132,-0.68
669920,"Alexander, Jason",2022,3.0475095756235224,791,0.0038527301841005343,0.38527301841005346,140,46.666666666666664,46.2,0.17226486713509875,-2.875244708488424,-0.555,-0.363
621244,"Berríos, José",2022,3.049743632748605,1735,0.001757777309941559,0.17577773099415592,326,108.66666666666667,108.2,0.37785024586522925,-2.671893386883376,-0.221,-0.154
681676,"Fernandez, Ryan",2025,3.0501910573823467,271,0.011255317554916409,1.1255317554916404,44,14.666666666666666,14.2,0.059018683936298055,-2.991172373446049,-1.835,-1.104
677944,"Cecconi, Slade",2023,3.054310007383328,184,0.016599510909692,1.6599510909691992,35,11.666666666666666,11.2,0.040071726362652556,-3.0142382810206754,-2.325,-1.638
663765,"Woodford, Jake",2025,3.056940545562224,404,0.007566684518718376,0.7566684518718373,77,25.666666666666668,25.2,0.0879835731006067,-2.968956972461617,-1.041,-0.735
656924,"Ryan, Ryder",2024,3.059394624333398,245,0.012487324997279175,1.2487324997279177,41,13.666666666666666,13.2,0.053356374776358025,-3.00603824955704,-1.98,-1.227
663546,"Hjelle, Sean",2023,3.065455028334418,307,0.009985195532033935,0.9985195532033933,55,18.333333333333332,18.1,0.06685880431159964,-2.998596224022818,-1.472,-0.977
664747,"Díaz, Alexis",2025,3.067038863294042,281,0.010914729050868478,1.091472905086848,39,13.0,13.0,0.06119649515165961,-3.0058423681423827,-2.081,-1.07
647315,"Pop, Zach",2024,3.072887597240738,556,0.005526776254030104,0.5526776254030105,101,33.666666666666664,33.2,0.12108630357410229,-2.9518012936666356,-0.789,-0.531
656557,"Houck, Tanner",2023,3.078515420386743,1545,0.0019925666151370505,0.19925666151370514,273,91.0,91.0,0.3364718327733598,-2.7420435876133835,-0.271,-0.177
676395,"Garcia, Robert",2023,3.0795528981547085,256,0.01202950350841683,1.2029503508416826,41,13.666666666666666,13.2,0.05575196711325573,-3.023800931041453,-1.991,-1.181
676684,"Vest, Will",2022,3.0871379006587016,909,0.0033961913098555572,0.33961913098555574,151,50.333333333333336,50.1,0.19796303947636507,-2.8891748611823367,-0.517,-0.318
592761,"Smith, Caleb",2022,3.0998202533989665,975,0.00317930282399894,0.31793028239989385,158,52.666666666666664,52.2,0.21233659349775133,-2.887483659901215,-0.493,-0.296
814005,"Bloss, Jake",2024,3.09990479336228,238,0.013024810056144033,1.302481005614404,35,11.666666666666666,11.2,0.05183190692560494,-3.048072886436675,-2.351,-1.281
621199,"Bowman, Matt",2023,3.1027139466048577,83,0.0373820957422272,3.738209574222721,12,4.0,4.0,0.01807583308750088,-3.084638113517357,-6.94,-3.716
606303,"Payamps, Joel",2025,3.1040152046466427,293,0.010593908548282058,1.0593908548282052,53,17.666666666666668,17.2,0.06380986861009347,-3.040205336036549,-1.549,-1.038
682010,"Ramsey, Lane",2023,3.1040758466080764,308,0.010078168333143105,1.0078168333143103,53,17.666666666666668,17.2,0.0670765854331358,-3.0369992611749406,-1.547,-0.986
676917,"Cavalli, Cade",2022,3.1138162682904547,99,0.03145268957869146,3.1452689578691455,13,4.333333333333333,4.1,0.021560331032079365,-3.092255937258375,-6.422,-3.123
607179,"Weems, Jordan",2025,3.1140138692682133,65,0.04790790568104943,4.790790568104944,7,2.3333333333333335,2.1,0.014155772899850087,-3.0998580963683633,-11.957,-4.769
677865,"Bruihl, Justin",2024,3.1155878930691996,89,0.03500660554010337,3.500660554010336,13,4.333333333333333,4.1,0.019382519816717812,-3.0962053732524817,-6.431,-3.479
675989,"Bolton, Cody",2024,3.1299533569975346,312,0.010031901785248508,1.003190178524851,55,18.333333333333332,18.1,0.06794770991928042,-3.062005647078254,-1.503,-0.981
641672,"Hatch, Thomas",2023,3.146462872832684,398,0.007905685610132373,0.7905685610132371,70,23.333333333333332,23.1,0.08667688637138977,-3.059785986461294,-1.18,-0.769
666659,"Lao, Sauryn",2025,3.15130469186223,152,0.020732267709619934,2.073226770961993,23,7.666666666666667,7.2,0.03310273047349559,-3.1182019613887344,-3.66,-2.051
669854,"Blanco, Ronel",2022,3.1771214902125693,69,0.046045238988587964,4.604523898858797,10,3.3333333333333335,3.1,0.01502689738599471,-3.1620945928265747,-8.538,-4.583
608348,"Kelly, Carson",2022,3.1772738869339228,68,0.04672461598432239,4.672461598432239,14,4.666666666666667,4.2,0.014809116264458553,-3.162464770669464,-6.099,-4.651
643361,"Herget, Kevin",2023,3.180801494477376,315,0.0100977825221504,1.0097782522150398,53,17.666666666666668,17.2,0.0686010532838889,-3.112200441193487,-1.585,-0.988
664192,"Lucchesi, Joey",2024,3.1821847013216877,68,0.046796833842966,4.679683384296601,12,4.0,4.0,0.014809116264458553,-3.167375585057229,-7.127,-4.658
605507,"Thompson, Zach",2022,3.1877979808439845,1757,0.0018143414802754608,0.1814341480275461,304,101.33333333333333,101.1,0.38264143053902466,-2.80515655030496,-0.249,-0.16
671345,"Foley, Jason",2022,3.1959178084796425,777,0.004113150332663632,0.4113150332663632,138,46.0,46.0,0.1692159314335926,-3.02670187704605,-0.592,-0.39
606160,"Montero, Rafael",2023,3.198964830853949,891,0.0035903084521368674,0.3590308452136868,142,47.333333333333336,47.1,0.19404297928871428,-3.0049218515652347,-0.571,-0.337
678226,"Hernández, Daysbel",2025,3.2014377689747597,519,0.0061684735433039685,0.6168473543303971,70,23.333333333333332,23.1,0.11302840207726454,-3.088409366897495,-1.191,-0.595
593958,"Rodriguez, Eduardo",2024,3.208735912618795,776,0.004134968959560303,0.4134968959560304,132,44.0,44.0,0.16899815031205642,-3.0397377623067388,-0.622,-0.392
642216,"Winans, Allan",2023,3.208826969374975,444,0.007227087768862556,0.7227087768862558,81,27.0,27.0,0.09669481796205291,-3.112132151412922,-1.037,-0.701
674285,"Salazar, Eduardo",2024,3.213831618767354,379,0.0084797668041355,0.8479766804135502,63,21.0,21.0,0.08253904506220282,-3.131292573705151,-1.342,-0.826
702674,"Dana, Caden",2025,3.21867334759938,376,0.00856030145638133,0.8560301456381327,63,21.0,21.0,0.08188570169759435,-3.1367876459017854,-1.344,-0.834
686747,"La Sorsa, Joe",2025,3.2202541554214514,81,0.039756224141005575,3.9756224141005574,15,5.0,5.0,0.017640270844428572,-3.2026138845770227,-5.765,-3.954
643338,"Green, Chad",2023,3.226217145079646,184,0.0175337888319546,1.75337888319546,32,10.666666666666666,10.2,0.040071726362652556,-3.1861454187169937,-2.688,-1.732
664139,"Gibaut, Ian",2025,3.2276983213515975,264,0.012226130005119688,1.2226130005119689,47,15.666666666666666,15.2,0.057494216085544975,-3.1702041052660523,-1.821,-1.201
687606,"Schultz, Paxton",2025,3.2324549136641885,434,0.007448052796461263,0.7448052796461263,72,24.0,24.0,0.09451700674669136,-3.137937906917497,-1.177,-0.723
669160,"May, Dustin",2025,3.2342414178024472,1531,0.0021125025589826566,0.21125025589826563,271,90.33333333333333,90.1,0.33342289707185363,-2.9008185207305934,-0.289,-0.189
676831,"Whitley, Kodi",2022,3.234728837380155,255,0.012685211126981,1.2685211126981,34,11.333333333333334,11.1,0.055534185991719574,-3.1791946513884355,-2.525,-1.247
682052,"Lopez, Jacob",2025,3.2717564170231275,1187,0.002756323855958827,0.2756323855958827,196,65.33333333333333,65.1,0.25850619126341623,-3.013250225759711,-0.415,-0.254
628708,"Marte, Yunior",2024,3.272435772336891,375,0.008726495392898376,0.8726495392898378,64,21.333333333333332,21.1,0.0816679205760582,-3.1907678517608327,-1.346,-0.851
685314,"Saalfrank, Andrew",2024,3.273022020286743,26,0.1258854623187209,12.588546231872089,3,1.0,1.0,0.005662309159940035,-3.267359711126803,-29.406,-12.567
629498,"Quezada, Johan",2023,3.2798364745920265,32,0.10249488983100083,10.249488983100083,2,0.6666666666666666,0.2,0.006968995889156966,-3.2728674787028695,-44.184,-10.228
694363,"Shuster, Jared",2023,3.2864913601228136,636,0.005167439245476122,0.5167439245476121,114,38.0,38.0,0.1385087932969947,-3.147982566825819,-0.746,-0.495
605200,"Davies, Zach",2022,3.287646035746327,1787,0.0018397571548664391,0.1839757154866438,303,101.0,101.0,0.3891748641851093,-2.8984711715612175,-0.258,-0.162
687924,"Aguiar, Julian",2024,3.2935180958260193,361,0.009123318825002823,0.9123318825002826,65,21.666666666666668,21.2,0.07861898487455203,-3.214899110951467,-1.335,-0.891
663554,"Mize, Casey",2024,3.2957299384052696,1446,0.002279204660031307,0.22792046600313073,241,80.33333333333333,80.1,0.3149115017412804,-2.980818436663989,-0.334,-0.206
641853,"McKay, David",2022,3.297639857236206,110,0.02997854415669278,2.9978544156692775,17,5.666666666666667,5.2,0.02395592336897707,-3.2736839338672286,-5.199,-2.976
663878,"Pearson, Nate",2023,3.3004390172110374,610,0.005410555765919733,0.5410555765919733,99,33.0,33.0,0.13284648413705466,-3.1675925330739827,-0.864,-0.519
621368,"Hearn, Taylor",2023,3.301689513344842,211,0.01564781759879072,1.5647817598790716,35,11.666666666666666,11.2,0.04595181664412875,-3.255737696700713,-2.512,-1.543
676534,"Faucher, Calvin",2023,3.310046965651575,394,0.008401134430587754,0.8401134430587754,59,19.666666666666668,19.2,0.08580576188524515,-3.2242412037663297,-1.476,-0.818
691548,"Muñoz, Rolddy",2025,3.313514666292825,77,0.043032658003802925,4.303265800380292,10,3.3333333333333335,3.1,0.01676914635828395,-3.2967455199345412,-8.901,-4.281
643493,"Pruitt, Austin",2024,3.31542090516269,56,0.05920394473504804,5.920394473504804,10,3.3333333333333335,3.1,0.01219574280602469,-3.3032251623566653,-8.919,-5.899
676886,"Beasley, Jeremy",2022,3.3237234449098665,181,0.01836311295530313,1.8363112955303125,29,9.666666666666666,9.2,0.039418382998044094,-3.2843050619118226,-3.058,-1.815
670810,"Gillaspie, Logan",2024,3.3347639666909723,143,0.023320027739097707,2.3320027739097706,30,10.0,10.0,0.031142700379670193,-3.303621266311302,-2.973,-2.31
678606,"Ferrer, Jose A.",2023,3.3360204482235014,324,0.010296359408097226,1.0296359408097226,53,17.666666666666668,17.2,0.07056108337771429,-3.2654593648457872,-1.664,-1.008
700249,"Povich, Cade",2024,3.336832053689876,1042,0.0032023340246543916,0.3202334024654392,182,60.666666666666664,60.2,0.2269279286406737,-3.1099041250492023,-0.461,-0.298
669674,"Long, Sam",2023,3.344212488195872,565,0.005918960156098888,0.591896015609889,97,32.333333333333336,32.1,0.1230463336679277,-3.2211661545279444,-0.897,-0.57
593643,"Alberto, Hanser",2023,3.3482923531562117,28,0.11958186975557898,11.9581869755579,4,1.3333333333333333,1.1,0.006097871403012345,-3.342194481753199,-22.56,-11.936
691172,"Zulueta, Yosver",2024,3.352229177951856,211,0.01588734207560121,1.5887342075601214,30,10.0,10.0,0.04595181664412875,-3.306277361307727,-2.976,-1.567
641871,"Middleton, Keynan",2022,3.3573165035753534,218,0.015400534420070429,1.5400534420070433,44,14.666666666666666,14.2,0.04747628449488183,-3.3098402190804714,-2.031,-1.518
677020,"Walker, Josh",2023,3.3575561582805884,197,0.01704343227553598,1.704343227553598,27,9.0,9.0,0.042902880942622575,-3.3146532773379658,-3.315,-1.683
657756,"Seabold, Connor",2025,3.36352432039468,185,0.018181212542673946,1.8181212542673946,31,10.333333333333334,10.1,0.04028950748418871,-3.323234812910491,-2.894,-1.796
687922,"Lucas, Easton",2023,3.3656333367887625,95,0.03542771933461855,3.542771933461856,15,5.0,5.0,0.020689206545934744,-3.344944130242828,-6.021,-3.521
544727,"Familia, Jeurys",2023,3.3688880184089176,174,0.019361425393154698,1.93614253931547,24,8.0,8.0,0.037893915147291006,-3.330994103261627,-3.747,-1.914
656731,"Megill, Tylor",2022,3.372308913413446,529,0.00637487507261521,0.6374875072615208,89,29.666666666666668,29.2,0.1152062132926261,-3.25710270012082,-0.988,-0.616
668909,"Williams, Gavin",2024,3.3800589782878423,1360,0.002485337484035178,0.24853374840351786,224,74.66666666666667,74.2,0.29618232528917104,-3.083876652998671,-0.372,-0.227
663432,"Rainey, Tanner",2025,3.3843880828447093,120,0.02820323402370591,2.8203234023705908,17,5.666666666666667,5.2,0.026133734584338625,-3.358254348260371,-5.334,-2.799
608717,"Stratton, Chris",2022,3.3844033140912835,907,0.0037314259251282067,0.37314259251282045,148,49.333333333333336,49.1,0.19752747723329275,-3.1868758368579906,-0.581,-0.351
656322,"Coonrod, Sam",2023,3.3877863119319165,147,0.02304616538729195,2.304616538729195,20,6.666666666666667,6.2,0.03201382486581481,-3.3557724870661017,-4.53,-2.283
666208,"Speas, Alex",2023,3.3967920509507454,46,0.073843305455451,7.384330545545099,1,0.3333333333333333,0.1,0.010017931590663139,-3.386774119360082,-91.443,-7.363
543063,"Crawford, Brandon",2024,3.398810800282287,35,0.09710888000806535,9.710888000806534,4,1.3333333333333333,1.1,0.007622339253765432,-3.3911884610285217,-22.891,-9.689
686796,"Walston, Blake",2024,3.3998884252835513,336,0.010118715551439141,1.0118715551439141,52,17.333333333333332,17.1,0.07317445683614815,-3.326713968447403,-1.727,-0.99
573124,"Rogers, Taylor",2022,3.403754106537791,672,0.005065110277585999,0.5065110277586001,116,38.666666666666664,38.2,0.1463489136722963,-3.257405192865495,-0.758,-0.485
572955,"Johnson, Pierce",2023,3.4054807848910875,813,0.00418878325324857,0.4188783253248569,140,46.666666666666664,46.2,0.17705605180889417,-3.2284247330821936,-0.623,-0.397
687145,"Justice, Evan",2023,3.405939984858941,148,0.023013108005803657,2.3013108005803655,18,6.0,6.0,0.03223160598735097,-3.3737083788715903,-5.061,-2.28
693312,"Nicolas, Kyle",2025,3.408387340328725,530,0.006430919510054198,0.6430919510054197,90,30.0,30.0,0.11542399441416225,-3.2929633459145626,-0.988,-0.621
621249,"Underwood Jr., Duane",2022,3.4196112706105657,701,0.0048781901149936744,0.4878190114993678,118,39.333333333333336,39.1,0.1526645661968448,-3.266946704413721,-0.748,-0.466
665625,"Peguero, Elvis",2025,3.4231148556130675,187,0.018305427035364,1.8305427035363993,27,9.0,9.0,0.040725069727261025,-3.3823897858858065,-3.382,-1.809
642048,"Saucedo, Tayler",2022,3.4237273827873738,33,0.10374931462992042,10.374931462992045,3,1.0,1.0,0.007186777010693122,-3.4165406057766807,-30.749,-10.353
692230,"Rodriguez, Carlos",2025,3.4299005120927766,157,0.021846500077024055,2.1846500077024054,22,7.333333333333333,7.1,0.03419163608117637,-3.3957088760116,-4.167,-2.163
682610,"Muñoz, Roddery",2025,3.432936211429753,212,0.0161930953369328,1.61930953369328,30,10.0,10.0,0.0461695977656649,-3.386766613664088,-3.048,-1.598
657093,"Watkins, Spenser",2023,3.4401528047890384,90,0.03822392005321154,3.8223920053211535,13,4.333333333333333,4.1,0.01960030093825397,-3.4205525038507845,-7.104,-3.801
693312,"Nicolas, Kyle",2023,3.440152804789039,95,0.03621213478725304,3.621213478725304,12,4.0,4.0,0.020689206545934744,-3.4194635982431043,-7.694,-3.599
693855,"Seymour, Ian",2025,3.4415246765839123,644,0.005343982417055765,0.5343982417055765,108,36.0,36.0,0.14025104226928395,-3.3012736343146285,-0.825,-0.513
502624,"Anderson, Chase",2022,3.4535882597625798,385,0.008970359116266442,0.8970359116266445,51,17.0,17.0,0.08384573179141976,-3.36974252797116,-1.784,-0.875
640470,"Alzolay, Adbert",2024,3.4613126578462197,216,0.016024595638176944,1.6024595638176944,33,11.0,11.0,0.047040722251809525,-3.4142719355944102,-2.793,-1.581
678061,"Kerr, Ray",2022,3.4726641820946464,68,0.05106859091315657,5.106859091315657,12,4.0,4.0,0.014809116264458553,-3.457855065830188,-7.78,-5.085
621348,"Clay, Sam",2022,3.477426481745926,99,0.035125520017635616,3.5125520017635616,16,5.333333333333333,5.1,0.021560331032079365,-3.4558661507138466,-5.832,-3.491
506433,"Darvish, Yu",2023,3.48107449954144,1748,0.001991461384177025,0.19914613841770265,308,102.66666666666667,102.2,0.38068140044519927,-3.100393099096241,-0.272,-0.177
657093,"Watkins, Spenser",2022,3.4862470893446074,1347,0.0025881567107235394,0.2588156710723539,255,85.0,85.0,0.293351170709201,-3.1928959186354064,-0.338,-0.237
679346,"Navarro, Edgar",2023,3.4993083965778435,127,0.027553609421872783,2.7553609421872785,20,6.666666666666667,6.2,0.02765820243509171,-3.471650194142752,-4.687,-2.734
680891,"Neely, Jack",2024,3.4995059975556027,83,0.0421627228621157,4.216272286211569,15,5.0,5.0,0.01807583308750088,-3.481430164468102,-6.267,-4.194
681066,"Bush, Ky",2024,3.4997035985333618,60,0.058328393308889365,5.8328393308889375,9,3.0,3.0,0.013066867292169312,-3.4866367312411923,-10.46,-5.811
596142,"Sánchez, Gary",2025,3.4999011995111204,19,0.18420532629005898,18.420532629005898,3,1.0,1.0,0.004137841309186948,-3.4957633582019336,-31.462,-18.399
657272,"Uelmen, Erich",2023,3.4999011995111204,33,0.1060576121063976,10.60576121063976,3,1.0,1.0,0.007186777010693122,-3.4927144225004274,-31.434,-10.584
669450,"Hummel, Cooper",2025,3.4999011995111204,17,0.20587654114771298,20.587654114771293,3,1.0,1.0,0.0037022790661146382,-3.4961989204450057,-31.466,-20.566
660636,"Castillo, Diego A.",2022,3.4999011995111204,33,0.1060576121063976,10.605761210639761,3,1.0,1.0,0.007186777010693122,-3.4927144225004274,-31.434,-10.584
642708,"Rosario, Amed",2025,3.4999011995111204,28,0.12499647141111145,12.499647141111145,3,1.0,1.0,0.006097871403012345,-3.493803328108108,-31.444,-12.478
455117,"Maldonado, Martín",2023,3.499901199511121,30,0.11666337331703737,11.666337331703733,3,1.0,1.0,0.006533433646084656,-3.4933677658650364,-31.44,-11.645
682842,"Uribe, Abner",2024,3.5144325565507653,247,0.014228471888869495,1.4228471888869496,36,12.0,12.0,0.05379193701943034,-3.460640619531335,-2.595,-1.401
640455,"Manaea, Sean",2025,3.518434690038564,684,0.005143910365553456,0.5143910365553452,114,38.0,38.0,0.14896228713073015,-3.369472402907834,-0.798,-0.493
456501,"Cueto, Johnny",2024,3.5225364716995697,167,0.021093032764668083,2.1093032764668087,33,11.0,11.0,0.03636944729653792,-3.4861670244030316,-2.852,-2.088
489119,"Miley, Wade",2025,3.5225364716995697,204,0.017267335645586124,1.726733564558613,31,10.333333333333334,10.1,0.04442734879337566,-3.478109122906194,-3.029,-1.705
665001,"Kelley, Trevor",2023,3.5291340094265564,198,0.017823909138517963,1.7823909138517964,32,10.666666666666666,10.2,0.04312066206415873,-3.4860133473623978,-2.941,-1.761
669169,"Heasley, Jonathan",2023,3.536398016264214,159,0.022241496957636567,2.224149695763657,33,11.0,11.0,0.034627198324248674,-3.5017708179399656,-2.865,-2.202
605156,"Brooks, Aaron",2022,3.5404326328922537,154,0.02298982229150814,2.2989822291508144,28,9.333333333333334,9.1,0.0335382927165679,-3.506894340175686,-3.382,-2.277
657024,"Swanson, Erik",2024,3.543362692684205,480,0.00738200560975876,0.7382005609758758,83,27.666666666666668,27.2,0.1045349383373545,-3.43882775434685,-1.119,-0.716
502179,"Espino, Paolo",2024,3.5659682076842385,158,0.022569419035976195,2.2569419035976193,24,8.0,8.0,0.03440941720271252,-3.531558790481526,-3.973,-2.235
666720,"Rodríguez, Yerry",2023,3.611867445222123,227,0.01591131033137499,1.591131033137499,34,11.333333333333334,11.1,0.04943631458870723,-3.5624311306334158,-2.829,-1.569
592332,"Gausman, Kevin",2024,3.612924979085141,2095,0.0017245465293962486,0.172454652939625,366,122.0,122.0,0.45625144961824515,-3.1566735294668957,-0.233,-0.151
656232,"Bielak, Brandon",2024,3.6157108369918225,466,0.007759036130883739,0.775903613088374,78,26.0,26.0,0.10148600263584832,-3.514224834355974,-1.216,-0.754
677955,"Hill, Jaden",2025,3.626667652449161,317,0.011440591963562022,1.144059196356202,55,18.333333333333332,18.1,0.06903661552696119,-3.5576310369221997,-1.746,-1.122
608334,"Fulmer, Carson",2025,3.6479005348939464,397,0.009188666334745457,0.9188666334745459,74,24.666666666666668,24.2,0.08645910524985362,-3.5614414296440926,-1.299,-0.897
664028,"Kennedy, Brett",2023,3.657829067699846,309,0.011837634523300474,1.1837634523300475,54,18.0,18.0,0.06729436655467196,-3.5905347011451743,-1.795,-1.162
681343,"Smith, Shane",2025,3.6600034275477697,1619,0.0022606568422160406,0.22606568422160397,278,92.66666666666667,92.2,0.3525876357670353,-3.3074157917807345,-0.321,-0.204
668338,"Miller, Tyson",2023,3.6710424166579942,157,0.023382435774891682,2.338243577489169,31,10.333333333333334,10.1,0.03419163608117637,-3.6368507805768178,-3.168,-2.316
592662,"Ray, Robbie",2023,3.6822835018105673,91,0.04046465386605019,4.0464653866050195,10,3.3333333333333335,3.1,0.01981808205979012,-3.6624654197507773,-9.889,-4.025
656061,"Abreu, Albert",2022,3.686627979436086,589,0.006259130695137668,0.6259130695137668,92,30.666666666666668,30.2,0.12827308058479542,-3.5583548988512907,-1.044,-0.604
596133,"Weaver, Luke",2025,3.6903573098973634,753,0.004900872921510443,0.49008729215104413,131,43.666666666666664,43.2,0.16398918451672487,-3.5263681253806385,-0.727,-0.468
641312,"Anderson, Shaun",2025,3.691795714016144,193,0.019128475202156187,1.9128475202156183,31,10.333333333333334,10.1,0.042031756456477956,-3.649763957559666,-3.179,-1.891
641755,"Kinley, Tyler",2023,3.6924155753837478,179,0.020628019974210883,2.062801997421088,28,9.333333333333334,9.1,0.03898282075497178,-3.653432754628776,-3.523,-2.041
686842,"Moore, McKinley",2023,3.7015697388527586,63,0.05875507521988506,5.875507521988506,6,2.0,2.0,0.013720210656777778,-3.6878495281959807,-16.595,-5.854
673820,"Piña, Robinson",2025,3.7015697388527586,61,0.06068147112873375,6.068147112873374,7,2.3333333333333335,2.1,0.013284648413705467,-3.688285090439053,-14.226,-6.046
596071,"Peters, Dillon",2022,3.702337823571471,516,0.0071750733014950985,0.7175073301495098,90,30.0,30.0,0.11237505871265609,-3.589962764858815,-1.077,-0.696
455119,"Martin, Chris",2024,3.7161257120041054,469,0.007923508980818988,0.792350898081899,85,28.333333333333332,28.1,0.1021393460004568,-3.6139863660036484,-1.148,-0.771
663630,"McKenna, Ryan",2022,3.7199659244302143,31,0.11999890078807143,11.999890078807143,4,1.3333333333333333,1.1,0.006751214767620811,-3.7132147096625934,-25.064,-11.978
621399,"Feigl, Brady",2024,3.7445432700280037,44,0.08510325613700008,8.510325613700008,4,1.3333333333333333,1.1,0.009582369347590828,-3.734960900680413,-25.211,-8.489
664076,"Cleavinger, Garrett",2024,3.7577840237245375,721,0.005211905719451508,0.5211905719451507,123,41.0,41.0,0.1570201886275679,-3.6007638350969695,-0.79,-0.499
682175,"Jacques, Joe",2023,3.758971077662554,297,0.012656468274958095,1.2656468274958093,51,17.0,17.0,0.06468099309623809,-3.694290084566316,-1.956,-1.244
605135,"Bassitt, Chris",2023,3.765677845013134,2123,0.0017737531064593189,0.17737531064593196,390,130.0,130.0,0.4623493210212575,-3.303328523991876,-0.229,-0.156
670161,"Dunshee, Parker",2024,3.778955440667513,51,0.07409716550328457,7.409716550328457,7,2.3333333333333335,2.1,0.011106837198343916,-3.767848603469169,-14.533,-7.388
608372,"Sugano, Tomoyuki",2025,3.7812400531328065,1812,0.002086777071265346,0.20867770712653444,334,111.33333333333333,111.1,0.3946193922235132,-3.3866206609092933,-0.274,-0.187
608718,"Suter, Brent",2023,3.792987871817027,782,0.004850368122528168,0.4850368122528168,137,45.666666666666664,45.2,0.17030483704127336,-3.6226830347757537,-0.714,-0.463
571863,"Koch, Matt",2023,3.8056741188020426,327,0.011638147152299825,1.1638147152299823,65,21.666666666666668,21.2,0.07121442674232276,-3.73445969205972,-1.551,-1.142
676475,"Burleson, Alec",2023,3.817222495745036,45,0.08482716657211191,8.482716657211192,5,1.6666666666666667,1.2,0.009800150469126984,-3.8074223452759086,-20.56,-8.461
663567,"Lambert, Peter",2024,3.817473232621151,730,0.005229415387152262,0.5229415387152261,132,44.0,44.0,0.15898021872139328,-3.658493013899758,-0.748,-0.501
643256,"Cimber, Adam",2024,3.8198072607397098,284,0.013450025565984894,1.3450025565984896,45,15.0,15.0,0.061849838516268074,-3.7579574222234418,-2.255,-1.323
605463,"Scott, Tayler",2022,3.8351586155438966,230,0.01667460267627781,1.6674602676277808,28,9.333333333333334,9.1,0.05008965795331569,-3.785068957590581,-3.65,-1.646
669721,"Daniel, Davis",2024,3.841010853710107,507,0.0075759582913414334,0.7575958291341435,89,29.666666666666668,29.2,0.11041502861883068,-3.7305958250912763,-1.132,-0.736
656731,"Megill, Tylor",2025,3.846574285846332,1031,0.003730915893158421,0.3730915893158421,173,57.666666666666664,57.2,0.224532336303776,-3.622041949542556,-0.565,-0.351
641447,"Castano, Daniel",2022,3.8515381292388047,535,0.00719913669016599,0.7199136690165993,94,31.333333333333332,31.1,0.11651290002184303,-3.7350252292169617,-1.073,-0.698
605488,"Springs, Jeffrey",2025,3.864554359216199,2062,0.0018741776717828317,0.18741776717828326,366,122.0,122.0,0.449064672607552,-3.4154896866086473,-0.252,-0.166
676092,"Snider, Collin",2023,3.8649704093679222,239,0.016171424306978755,1.6171424306978754,36,12.0,12.0,0.05204968804714109,-3.812920721320781,-2.86,-1.595
672456,"Montero, Keider",2024,3.8714862439966304,1204,0.003215520136209826,0.3215520136209826,224,74.66666666666667,74.2,0.2622084703295309,-3.6092777736671,-0.435,-0.3
592836,"Walker, Taijuan",2025,3.8748743802702164,1532,0.0025292913709335616,0.2529291370933562,269,89.66666666666667,89.2,0.3336406781933898,-3.5412337020768265,-0.355,-0.231
663531,"Allen, Logan",2024,3.8858303246130808,403,0.009642258870007645,0.9642258870007645,73,24.333333333333332,24.1,0.08776579197907054,-3.7980645326340103,-1.405,-0.942
660761,"Suarez, José",2023,3.8951554241379034,441,0.008832551982172117,0.8832551982172119,66,22.0,22.0,0.09604147459744444,-3.799113949540459,-1.554,-0.861
650644,"Civale, Aaron",2025,3.896141341561702,1232,0.003162452387631252,0.31624523876312494,204,68.0,68.0,0.2683063417325432,-3.627834999829159,-0.48,-0.294
664129,"Hartlieb, Geoff",2025,3.900370430988767,87,0.04483184403435364,4.483184403435364,9,3.0,3.0,0.018946957573645503,-3.8814234734151216,-11.644,-4.461
622072,"Wood, Alex",2024,3.900956849409947,474,0.008229866770907061,0.8229866770907063,69,23.0,23.0,0.10322825160813756,-3.7977285978018096,-1.486,-0.801
628317,"Maeda, Kenta",2025,3.902952716842592,153,0.02550949488132413,2.5509494881324133,21,7.0,7.0,0.03332051159503174,-3.86963220524756,-4.975,-2.529
502624,"Anderson, Chase",2024,3.922055623520092,848,0.004625065593773693,0.46250655937736945,148,49.333333333333336,49.1,0.1846783910626596,-3.7373772324574324,-0.682,-0.441
677161,"Kelly, Zack",2025,3.926093386541247,359,0.010936193277273668,1.0936193277273671,62,20.666666666666668,20.2,0.07818342263147972,-3.847909963909767,-1.676,-1.072
686228,"Burgos, Juan",2025,3.931830554400842,169,0.023265269552667705,2.3265269552667704,26,8.666666666666666,8.2,0.03680500953961023,-3.8950255448612316,-4.045,-2.305
666201,"Manoah, Alek",2024,3.9541316751874587,394,0.010035867195907256,1.0035867195907258,72,24.0,24.0,0.08580576188524515,-3.8683259133022134,-1.451,-0.982
686730,"Spiers, Carson",2024,3.961017760043874,1205,0.0032871516680862026,0.32871516680862023,208,69.33333333333333,69.1,0.262426251451067,-3.698591508592807,-0.48,-0.307
671345,"Foley, Jason",2024,3.964464232179941,606,0.006542020185115414,0.6542020185115416,116,38.666666666666664,38.2,0.13197535965091006,-3.832488872529031,-0.892,-0.632
656492,"Griffin, Foster",2022,3.967554909837709,111,0.035743737926465846,3.5743737926465853,19,6.333333333333333,6.1,0.024173704490513228,-3.9433812053471957,-5.604,-3.553
663941,"Beck, Tristan",2025,3.976925587244043,644,0.00617535029075162,0.617535029075162,129,43.0,43.0,0.14025104226928395,-3.8366745449747595,-0.803,-0.596
676617,"O'Brien, Riley",2024,3.9774423511848394,131,0.030362155352556024,3.036215535255602,19,6.333333333333333,6.1,0.02852932692123633,-3.948913024263603,-5.612,-3.014
691172,"Zulueta, Yosver",2025,3.978462849109953,107,0.03718189578607433,3.7181895786074346,17,5.666666666666667,5.2,0.023302580004368606,-3.9551602691055843,-6.282,-3.696
675921,"Howard, Spencer",2023,3.994619808177555,44,0.09078681382221715,9.078681382221715,4,1.3333333333333333,1.1,0.009582369347590828,-3.985037438829964,-26.899,-9.057
573186,"Stroman, Marcus",2025,3.9974230168137326,568,0.007037716578897416,0.7037716578897416,96,32.0,32.0,0.12369967703253615,-3.8737233397811965,-1.089,-0.682
820862,"Fermin, José",2025,3.99860532876257,353,0.01132749384918575,1.1327493849185755,24,8.0,8.0,0.07687673590226278,-3.9217285928603074,-4.412,-1.111
820862,"Fermin, José",2025,3.99860532876257,353,0.01132749384918575,1.1327493849185755,53,17.666666666666668,17.2,0.07687673590226278,-3.9217285928603074,-1.998,-1.111
641420,"Burdi, Zack",2023,3.999604798044482,75,0.05332806397392643,5.332806397392644,11,3.6666666666666665,3.2,0.01633358411521164,-3.9832712139292705,-9.777,-5.311
680951,"Nikhazy, Doug",2025,3.999604798044482,108,0.03703337775967113,3.703337775967112,12,4.0,4.0,0.023520361125904762,-3.9760844369185775,-8.946,-3.682
641907,"Murphy, Patrick",2022,3.999604798044482,109,0.03669362200040809,3.6693622000408093,12,4.0,4.0,0.023738142247440915,-3.9758666557970415,-8.946,-3.648
675650,"Mercado, Michael",2025,3.999802399022241,64,0.062496912484722514,6.249691248472251,6,2.0,2.0,0.013937991778313933,-3.985864407243927,-17.936,-6.228
643524,"Schwindel, Frank",2022,3.999802399022241,35,0.1142800685434926,11.428006854349258,6,2.0,2.0,0.007622339253765432,-3.9921800597684753,-17.965,-11.406
656457,"Gilbert, Tyler",2022,4.007732370242629,564,0.007105908457877002,0.7105908457877004,102,34.0,34.0,0.12282855254639154,-3.884903817696238,-1.028,-0.689
667498,"Dugger, Robert",2022,4.009742324182963,284,0.014118811000644237,1.411881100064424,48,16.0,16.0,0.061849838516268074,-3.9478924856666953,-2.221,-1.39
643615,"Zeuch, T.J.",2022,4.011565845356454,78,0.05143033135072377,5.143033135072377,12,4.0,4.0,0.016986927479820106,-3.994578917876634,-8.988,-5.121
691951,"Aldegheri, Sam",2025,4.023228075121725,113,0.035603788275413495,3.5603788275413515,12,4.0,4.0,0.024609266733585537,-3.99861880838814,-8.997,-3.539
686972,"Waites, Cole",2023,4.023425676099484,64,0.06286602618905444,6.286602618905446,6,2.0,2.0,0.013937991778313933,-4.00948768432117,-18.043,-6.265
669391,"White, Owen",2025,4.0236232770772435,18,0.22353462650429132,22.353462650429133,1,0.3333333333333333,0.1,0.003920060187650794,-4.019703216889592,-108.532,-22.332
641743,"Kay, Anthony",2023,4.027384335622197,183,0.02200756467553113,2.200756467553113,29,9.666666666666666,9.2,0.0398539452411164,-3.987530390381081,-3.713,-2.179
598286,"Ramirez, Nick",2024,4.034014980960262,183,0.022043797710165368,2.2043797710165363,37,12.333333333333334,12.1,0.0398539452411164,-3.994161035719146,-2.915,-2.183
434378,"Verlander, Justin",2025,4.036669684291242,1670,0.0024171674756234985,0.24171674756234998,288,96.0,96.0,0.36369447296537916,-3.672975211325863,-0.344,-0.22
671106,"Allen, Logan",2024,4.040131364832959,1167,0.0034619806039699733,0.3461980603969973,194,64.66666666666667,64.2,0.2541505688326931,-3.785980796000266,-0.527,-0.324
595928,"Curtiss, John",2024,4.042775930197486,23,0.17577286653032548,17.577286653032548,3,1.0,1.0,0.0050089657953315695,-4.037766964402154,-36.34,-17.556
671111,"Peralta, Sammy",2024,4.061028327108369,223,0.018210889359230355,1.8210889359230356,32,10.666666666666666,10.2,0.04856519010256261,-4.012463137005806,-3.386,-1.799
668338,"Miller, Tyson",2022,4.064352311436136,140,0.029031087938829542,2.903108793882954,20,6.666666666666667,6.2,0.030489357015061728,-4.033862954421074,-5.446,-2.881
666168,"Thompson, Mason",2025,4.0689728533162555,174,0.02338490145584055,2.3384901455840548,25,8.333333333333334,8.1,0.037893915147291006,-4.031078938168965,-4.354,-2.317
656641,"Latz, Jacob",2024,4.072569828503832,665,0.006124165155644861,0.6124165155644861,103,34.333333333333336,34.1,0.14482444582154322,-3.9277453826822892,-1.03,-0.591
663704,"McArthur, James",2024,4.0758027816057645,732,0.005568036586893121,0.5568036586893124,130,43.333333333333336,43.1,0.1594157809644656,-3.916387000641299,-0.813,-0.535
682120,"Herrin, Tim",2023,4.07605413106633,397,0.01026713886918471,1.0267138869184709,62,20.666666666666668,20.2,0.08645910524985362,-3.9895950258164765,-1.737,-1.005
700270,"Diaz, Yilber",2024,4.095518915637434,220,0.018615995071079243,1.8615995071079245,32,10.666666666666666,10.2,0.04791184673795414,-4.047607068899479,-3.415,-1.84
656786,"Mushinski, Parker",2023,4.097133922814263,235,0.0174346124375075,1.7434612437507502,37,12.333333333333334,12.1,0.051178563560996475,-4.045955359253266,-2.952,-1.722
592426,"Jackson, Luke",2025,4.106290077431433,510,0.008051549171434183,0.8051549171434185,94,31.333333333333332,31.1,0.11106837198343915,-3.995221705447994,-1.148,-0.783
657585,"Garrett, Reed",2022,4.113535736262729,163,0.025236415559894042,2.5236415559894048,24,8.0,8.0,0.0354983228103933,-4.078037413452336,-4.588,-2.502
502624,"Anderson, Chase",2023,4.114944860386886,949,0.004336085205887129,0.4336085205887129,166,55.333333333333336,55.1,0.2066742843378113,-3.9082705760490746,-0.636,-0.412
656232,"Bielak, Brandon",2023,4.118815247844711,1131,0.003641746461401159,0.3641746461401159,183,61.0,61.0,0.24631044845739153,-3.872504799387319,-0.571,-0.342
669391,"White, Owen",2023,4.1210603456960095,68,0.06060382861317661,6.06038286131766,12,4.0,4.0,0.014809116264458553,-4.106251229431551,-9.239,-6.039
664199,"Clarke, Taylor",2023,4.127877810451116,733,0.0056314840524571835,0.5631484052457182,120,40.0,40.0,0.15963356208600177,-3.968244248365114,-0.893,-0.541
608717,"Stratton, Chris",2024,4.134817920271023,823,0.005024080097534658,0.5024080097534654,138,46.0,46.0,0.17923386302425573,-3.9555840572467673,-0.774,-0.481
614179,"Ruiz, José",2022,4.135279757481879,980,0.004219673221920284,0.42196732219202837,154,51.333333333333336,51.1,0.2134254991054321,-3.9218542583764466,-0.688,-0.4
681347,"Burrows, Mike",2025,4.139886156142767,1103,0.0037532966057504686,0.37532966057504685,197,65.66666666666667,65.2,0.24021257705437918,-3.899673579088388,-0.534,-0.354
669935,"Alexy, A.J.",2022,4.140727209416285,152,0.02724162637773872,2.7241626377738712,19,6.333333333333333,6.1,0.03310273047349559,-4.10762447894279,-5.837,-2.702
547973,"Chapman, Aroldis",2022,4.147815199347919,454,0.009136156826757532,0.9136156826757532,71,23.666666666666668,23.2,0.09887262917741446,-4.048942570170505,-1.54,-0.892
623465,"Phillips, Evan",2024,4.153391240620857,669,0.006208357609298739,0.6208357609298739,119,39.666666666666664,39.2,0.14569557030768782,-4.0076956703131685,-0.909,-0.599
642546,"Hernández, Jonathan",2023,4.157674504351361,410,0.010140669522808198,1.0140669522808197,70,23.333333333333332,23.1,0.08929025982982364,-4.068384244521537,-1.569,-0.992
519326,"Strickland, Hunter",2024,4.160194804536127,810,0.00513604296856312,0.513604296856312,145,48.333333333333336,48.1,0.1764027084442857,-3.9837920960918414,-0.742,-0.492
663465,"Allard, Kolby",2022,4.173806542868147,219,0.019058477364694733,1.9058477364694737,45,15.0,15.0,0.04769406561641799,-4.126112477251729,-2.476,-1.884
820862,"Fermin, Jose",2025,4.175638091147692,170,0.02456257700675113,2.456257700675113,24,8.0,8.0,0.03702279066114638,-4.138615300486546,-4.656,-2.434
820862,"Fermin, Jose",2025,4.175638091147692,170,0.02456257700675113,2.456257700675113,53,17.666666666666668,17.2,0.03702279066114638,-4.138615300486546,-2.108,-2.434
664129,"Hartlieb, Geoff",2024,4.176695991788332,85,0.04913759990339214,4.913759990339215,14,4.666666666666667,4.2,0.01851139533057319,-4.158184596457759,-8.019,-4.892
695505,"Burns, Chase",2025,4.180870770178618,530,0.007888435415431355,0.7888435415431359,87,29.0,29.0,0.11542399441416225,-4.065446775764456,-1.262,-0.767
656970,"Smeltzer, Devin",2023,4.19636532148537,338,0.012415282016228905,1.2415282016228903,61,20.333333333333332,20.1,0.07361001907922046,-4.12275530240615,-1.825,-1.22
641401,"Brogdon, Connor",2023,4.211971888257265,400,0.010529929720643164,1.0529929720643163,63,21.0,21.0,0.08711244861446207,-4.124859439642803,-1.768,-1.031
676596,"Fleming, Josh",2023,4.216658107473187,463,0.00910725293190753,0.9107252931907531,89,29.666666666666668,29.2,0.10083265927123986,-4.115825448201947,-1.249,-0.889
686294,"Willingham, Amos",2023,4.217596205789841,330,0.012780594562999518,1.2780594562999519,54,18.0,18.0,0.07186777010693121,-4.145728435682909,-2.073,-1.256
641712,"Hudson, Dakota",2023,4.217797783509618,1105,0.003817011568786985,0.38170115687869854,189,63.0,63.0,0.2406481392974515,-3.9771496442121665,-0.568,-0.36
663432,"Rainey, Tanner",2024,4.221561936866271,799,0.005283556867166798,0.5283556867166799,125,41.666666666666664,41.2,0.174007116107388,-4.047554820758883,-0.874,-0.507
501925,"Smith, Joe",2022,4.228025430896361,372,0.011365659760474088,1.1365659760474094,59,19.666666666666668,19.2,0.08101457721144974,-4.147010853684911,-1.898,-1.115
623149,"Sewald, Paul",2025,4.228623496894219,210,0.020136302366162945,2.0136302366162946,38,12.666666666666666,12.2,0.045734035522592593,-4.1828894613716265,-2.972,-1.992
800049,"Mazur, Adam",2024,4.231139020505258,502,0.008428563785867047,0.8428563785867047,86,28.666666666666668,28.2,0.10932612301114991,-4.121812897494108,-1.294,-0.821
663562,"Davis, Noah",2024,4.233136224001836,338,0.012524071668644485,1.252407166864449,54,18.0,18.0,0.07361001907922046,-4.159526204922615,-2.08,-1.231
676571,"Poulin, PJ",2025,4.252749150702784,340,0.01250808573736113,1.2508085737361132,53,17.666666666666668,17.2,0.07404558132229276,-4.178703569380492,-2.129,-1.229
676265,"Abbott, Cory",2023,4.263055380440553,551,0.007736942614229679,0.7736942614229682,91,30.333333333333332,30.1,0.11999739796642152,-4.143057982474132,-1.229,-0.752
669372,"Ginn, J.T.",2025,4.270316937856851,1187,0.00359757113551546,0.3597571135515459,197,65.66666666666667,65.2,0.25850619126341623,-4.011810746593435,-0.55,-0.338
681751,"Estrada, Lazaro",2025,4.278856640178633,72,0.05942856444692546,5.942856444692546,10,3.3333333333333335,3.1,0.015680240750603175,-4.26317639942803,-11.511,-5.921
656803,"Norwood, James",2022,4.294209820880512,225,0.019085376981691167,1.9085376981691167,33,11.0,11.0,0.04900075234563492,-4.245209068534877,-3.473,-1.887
628708,"Marte, Yunior",2022,4.302757445516343,755,0.005699016484127606,0.5699016484127607,129,43.0,43.0,0.16442474675979718,-4.138332698756545,-0.866,-0.548
675540,"Curry, Xzavion",2023,4.312311353219054,1102,0.003913168197113479,0.3913168197113479,202,67.33333333333333,67.1,0.23999479593284304,-4.072316557286211,-0.544,-0.37
676534,"Faucher, Calvin",2022,4.3162019327685766,308,0.014013642638859014,1.4013642638859019,44,14.666666666666666,14.2,0.0670765854331358,-4.249125347335441,-2.607,-1.38
804636,"Tong, Jonah",2025,4.3199808764930445,122,0.03540967931551676,3.540967931551676,16,5.333333333333333,5.1,0.026569296827410934,-4.293411579665634,-7.245,-3.519
641835,"Mayza, Tim",2024,4.321920156901616,540,0.008003555846114103,0.8003555846114101,91,30.333333333333332,30.1,0.11760180562952381,-4.204318351272092,-1.247,-0.779
660896,"Alcala, Jorge",2023,4.327270243773301,276,0.01567851537599022,1.5678515375990218,41,13.666666666666666,13.2,0.06010758954397884,-4.267162654229322,-2.81,-1.546
621383,"Banks, Tanner",2024,4.340786327231286,957,0.004535826883209285,0.4535826883209285,173,57.666666666666664,57.2,0.20841653331010052,-4.132369793921185,-0.645,-0.432
666142,"Ragans, Cole",2025,4.342994837241028,537,0.008087513663391112,0.8087513663391113,90,30.0,30.0,0.11694846226491534,-4.226046374976113,-1.268,-0.787
682254,"Montgomery, Mason",2025,4.360608496125076,615,0.007090420318902563,0.7090420318902563,95,31.666666666666668,31.2,0.13393538974473546,-4.226673106380341,-1.201,-0.687
681799,"Roberts, Ethan",2025,4.376678851067542,115,0.03805807696580471,3.8058076965804717,19,6.333333333333333,6.1,0.025044828976657846,-4.351634022090884,-6.184,-3.784
664350,"Sánchez, Sixto",2024,4.383324841544626,354,0.012382273563685384,1.2382273563685386,57,19.0,19.0,0.07709451702379894,-4.306230324520827,-2.04,-1.216
689225,"Brieske, Beau",2025,4.385185419551455,307,0.014283991594630147,1.4283991594630152,49,16.333333333333332,16.1,0.06685880431159964,-4.318326615239855,-2.379,-1.407
656322,"Coonrod, Sam",2022,4.39227770651357,224,0.019608382618364152,1.9608382618364153,33,11.0,11.0,0.04878297122409876,-4.343494735289472,-3.554,-1.939
677865,"Bruihl, Justin",2025,4.395575775118752,168,0.026164141518564003,2.6164141518564,28,9.333333333333334,9.1,0.036587228418074075,-4.358988546700679,-4.203,-2.595
681464,"German, Frank",2022,4.396594449972986,74,0.05941343851314847,5.941343851314847,9,3.0,3.0,0.016115802993675484,-4.380478646979311,-13.141,-5.92
668933,"Ashcraft, Graham",2024,4.406256937484169,1087,0.004053594238715887,0.4053594238715887,185,61.666666666666664,61.2,0.2367280791098007,-4.169528858374369,-0.609,-0.384
666277,"Soriano, George",2024,4.415774273167052,432,0.010221699706405215,1.0221699706405214,76,25.333333333333332,25.1,0.09408144450361905,-4.3216928286634335,-1.535,-1.0
663372,"Feltner, Ryan",2023,4.417862140514846,772,0.005722619352998505,0.5722619352998507,125,41.666666666666664,41.2,0.16812702582591182,-4.249735114688934,-0.918,-0.55
681857,"Olson, Reese",2024,4.436908674050655,1139,0.003895442207243771,0.3895442207243771,193,64.33333333333333,64.1,0.24805269742968078,-4.1888559766209745,-0.586,-0.368
571670,"Floro, Dylan",2023,4.450100305515167,678,0.006563569772146264,0.6563569772146265,111,37.0,37.0,0.14765560040151324,-4.302444705113654,-1.047,-0.635
688427,"Ingram, Kolton",2023,4.454760841601614,100,0.044547608416016134,4.454760841601614,16,5.333333333333333,5.1,0.02177811215361552,-4.432982729447998,-7.481,-4.433
666364,"Balazovic, Jordan",2023,4.471459430500516,350,0.012775598372858618,1.2775598372858623,62,20.666666666666668,20.2,0.07622339253765432,-4.395236037962862,-1.914,-1.256
547001,"Poteet, Cody",2025,4.476080321456118,68,0.0658247106096488,6.58247106096488,8,2.6666666666666665,2.2,0.014809116264458553,-4.46127120519166,-15.057,-6.561
668676,"Plesac, Zach",2024,4.481109811978147,122,0.036730408294902844,3.673040829490285,18,6.0,6.0,0.026569296827410934,-4.454540515150736,-6.682,-3.651
621199,"Bowman, Matt",2025,4.481626786189277,396,0.01131723935906383,1.1317239359063826,66,22.0,22.0,0.08624132412831746,-4.395385462060959,-1.798,-1.11
596082,"Reed, Jake",2023,4.488238969745849,29,0.15476686102571893,15.476686102571893,2,0.6666666666666666,0.2,0.006315652524548501,-4.4819233172213,-60.506,-15.455
664062,"Gonsolin, Tony",2025,4.497925189733531,355,0.012670211802066284,1.2670211802066285,62,20.666666666666668,20.2,0.07731229814533509,-4.4206128915881955,-1.925,-1.245
682989,"Mederos, Victor",2025,4.498715593644567,242,0.0185897338580354,1.8589733858035407,38,12.666666666666666,12.2,0.052703031411749555,-4.446012562232817,-3.159,-1.837
676272,"Miller, Bobby",2025,4.499703598533362,84,0.053567899982540024,5.356789998254003,9,3.0,3.0,0.018293614209037037,-4.4814099843243245,-13.444,-5.335
543281,"Harrison, Josh",2022,4.499703598533362,57,0.07894216839532214,7.8942168395322145,7,2.3333333333333335,2.1,0.012413523927560847,-4.487290074605801,-17.308,-7.872
543594,"Nolin, Sean",2023,4.499703598533362,62,0.07257586449247358,7.257586449247358,9,3.0,3.0,0.013502429535241622,-4.48620116899812,-13.459,-7.236
621011,"Schrock, Max",2022,4.49990119951112,26,0.17307312305812,17.307312305812005,3,1.0,1.0,0.005662309159940035,-4.49423889035118,-40.448,-17.286
622761,"Mateo, Jorge",2025,4.49990119951112,35,0.12856860570031772,12.856860570031772,3,1.0,1.0,0.007622339253765432,-4.492278860257355,-40.431,-12.835
621219,"Mills, Alec",2023,4.499901199511121,40,0.11249752998777802,11.249752998777799,3,1.0,1.0,0.008711244861446208,-4.491189954649674,-40.421,-11.228
676742,"Sanders, Cam",2025,4.501164428750962,137,0.03285521480840118,3.285521480840118,17,5.666666666666667,5.2,0.029836013650453262,-4.471328415100508,-7.102,-3.264
681402,"Varland, Gus",2023,4.513073054642492,337,0.013391908174013329,1.3391908174013323,49,16.333333333333332,16.1,0.0733922379576843,-4.439680816684808,-2.446,-1.317
692024,"Carrillo, Alex",2025,4.523326875610605,69,0.0655554619653711,6.55554619653711,10,3.3333333333333335,3.1,0.01502689738599471,-4.508299978224611,-12.172,-6.534
680767,"Vodnik, Victor",2023,4.527778162885385,174,0.026021713579801063,2.6021713579801062,23,7.666666666666667,7.2,0.037893915147291006,-4.489884247738094,-5.271,-2.58
628708,"Marte, Yunior",2023,4.533206084529163,530,0.008553219027413515,0.8553219027413513,87,29.0,29.0,0.11542399441416225,-4.417782090115001,-1.371,-0.834
592351,"Gray, Jon",2022,4.536950297188626,1329,0.003413807597583616,0.3413807597583617,241,80.33333333333333,80.1,0.28943111052155024,-4.247519186667075,-0.476,-0.32
657424,"Gage, Matt",2025,4.541968621705047,398,0.011411981461570471,1.141198146157047,64,21.333333333333332,21.1,0.08667688637138977,-4.455291735333658,-1.88,-1.119
622259,"Wingenter, Trey",2024,4.54208432677533,179,0.025374772775281176,2.537477277528118,25,8.333333333333334,8.1,0.03898282075497178,-4.503101506020359,-4.863,-2.516
668716,"Murdock, Noah",2025,4.543239521232964,307,0.014798825802061773,1.4798825802061777,41,13.666666666666666,13.2,0.06685880431159964,-4.476380716921365,-2.948,-1.458
642397,"Soto, Gregory",2024,4.555972719586219,694,0.006564802189605502,0.6564802189605501,109,36.333333333333336,36.1,0.1511400983460917,-4.404832621240127,-1.091,-0.635
676660,"Solomon, Jared",2022,4.5574252646314335,146,0.031215241538571463,3.121524153857146,22,7.333333333333333,7.1,0.031796043744278656,-4.525629220887155,-5.554,-3.1
676840,"Peacock, Matt",2022,4.559776149677971,116,0.03930841508343078,3.9308415083430783,20,6.666666666666667,6.2,0.025262610098194003,-4.534513539579777,-6.122,-3.909
621112,"Blackburn, Paul",2023,4.571023020135848,912,0.005012086644885798,0.5012086644885799,153,51.0,51.0,0.19861638284097355,-4.372406637294874,-0.772,-0.479
815083,"Farris, Mitch",2025,4.577593545428121,321,0.014260416029371092,1.4260416029371092,57,19.0,19.0,0.06990774001310582,-4.507685805415015,-2.135,-1.404
805427,"Sommers, Drew",2025,4.583554914758904,51,0.08987362577958635,8.987362577958637,6,2.0,2.0,0.011106837198343916,-4.572448077560559,-20.576,-8.966
606149,"Gallegos, Giovanny",2023,4.588945903262758,639,0.00718144898789164,0.718144898789164,119,39.666666666666664,39.2,0.13916213666160318,-4.449783766601154,-1.01,-0.696
656271,"Burke, Brock",2024,4.619267765143204,494,0.00935074446385264,0.9350744463852638,79,26.333333333333332,26.1,0.10758387403886067,-4.511683891104343,-1.542,-0.913
571760,"Heaney, Andrew",2024,4.636194914605636,2474,0.001873967224982068,0.18739672249820682,429,143.0,143.0,0.5387904946804479,-4.097404419925188,-0.258,-0.166
656848,"Petersen, Michael",2024,4.648050593593096,262,0.017740651120584337,1.7740651120584336,42,14.0,14.0,0.05705865384247266,-4.590991939750623,-2.951,-1.752
657585,"Garrett, Reed",2023,4.653882565242209,347,0.01341176531770089,1.3411765317700892,58,19.333333333333332,19.1,0.07557004917304586,-4.578312516069163,-2.131,-1.319
657024,"Swanson, Erik",2025,4.660147190528759,84,0.05547794274438999,5.547794274439,10,3.3333333333333335,3.1,0.018293614209037037,-4.641853576319722,-12.533,-5.526
614179,"Ruiz, José",2024,4.665810539897814,606,0.00769935732656405,0.7699357326564048,102,34.0,34.0,0.13197535965091006,-4.533835180246904,-1.2,-0.748
519293,"Smith, Will",2022,4.666962416789856,698,0.006686192574197501,0.66861925741975,125,41.666666666666664,41.2,0.15201122283223634,-4.51495119395762,-0.975,-0.647
528748,"Castellanos, Humberto",2022,4.667605440264676,672,0.0069458414289652924,0.6945841428965295,114,38.0,38.0,0.1463489136722963,-4.52125652659238,-1.071,-0.673
700669,"Graceffo, Gordon",2025,4.669112734500677,598,0.007807880826924209,0.7807880826924213,105,35.0,35.0,0.1302331106786208,-4.538879623822057,-1.167,-0.759
806185,"Birdsong, Hayden",2025,4.673400611890273,945,0.004945397472899759,0.494539747289976,159,53.0,53.0,0.20580315985166667,-4.467597452038606,-0.759,-0.473
670156,"Mastrobuoni, Miles",2023,4.679426320573679,17,0.2752603717984517,27.526037179845176,1,0.3333333333333333,0.1,0.0037022790661146382,-4.675724041507564,-126.245,-27.504
684974,"Yoho, Craig",2025,4.683744332028168,125,0.037469954656225345,3.7469954656225344,17,5.666666666666667,5.2,0.0272226401920194,-4.656521691836149,-7.396,-3.725
670183,"Acton, Garrett",2023,4.706434337897238,57,0.08256902347188137,8.256902347188138,8,2.6666666666666665,2.2,0.012413523927560847,-4.6940208139696775,-15.842,-8.235
623211,"Brazobán, Huascar",2023,4.732001273851498,694,0.006818445639555473,0.6818445639555473,116,38.666666666666664,38.2,0.1511400983460917,-4.580861175505406,-1.066,-0.66
596117,"Stubbs, Garrett",2022,4.7338268551632945,41,0.11545919158934864,11.545919158934865,7,2.3333333333333335,2.1,0.008929025982982362,-4.724897829180312,-18.225,-11.524
605447,"Romano, Jordan",2024,4.735191505581233,170,0.027854067679889606,2.7854067679889614,29,9.666666666666666,9.2,0.03702279066114638,-4.698168714920087,-4.374,-2.764
694350,"Brzykcy, Zach",2024,4.759407585591753,103,0.04620784063681314,4.620784063681316,15,5.0,5.0,0.022431455518223984,-4.736976130073529,-8.527,-4.599
621057,"Garza, Justin",2023,4.763239446084833,332,0.01434710676531576,1.434710676531576,52,17.333333333333332,17.1,0.07230333235000352,-4.690936113734829,-2.436,-1.413
676641,"Sulser, Beau",2022,4.768896521235732,316,0.015091444687454847,1.5091444687454847,55,18.333333333333332,18.1,0.06881883440542504,-4.700077686830307,-2.307,-1.487
669952,"White, Mitch",2023,4.774317201283646,222,0.021505933339115522,2.1505933339115524,34,11.333333333333334,11.1,0.048347408981026456,-4.725969792302619,-3.753,-2.129
646241,"De Jesus, Enmanuel",2023,4.778560238711995,136,0.03513647234347055,3.513647234347056,18,6.0,6.0,0.029618232528917106,-4.748942006183078,-7.123,-3.492
675912,"Lowther, Zac",2022,4.779706148676895,100,0.047797061486768946,4.779706148676894,16,5.333333333333333,5.1,0.02177811215361552,-4.757928036523279,-8.029,-4.758
593974,"Peralta, Wandy",2024,4.786670351327575,430,0.011131791514715291,1.1131791514715292,73,24.333333333333332,24.1,0.09364588226054674,-4.693024469067028,-1.736,-1.091
671737,"Bradley, Taj",2025,4.799729363034231,1730,0.002774410036435972,0.27744100364359725,312,104.0,104.0,0.3767613402575485,-4.422968022776683,-0.383,-0.256
677053,"Nardi, Andrew",2022,4.800021851595146,271,0.017712257754963635,1.7712257754963636,36,12.0,12.0,0.059018683936298055,-4.741003167658848,-3.556,-1.749
656657,"Logue, Zach",2023,4.817024894767277,62,0.07769394991560125,7.769394991560125,11,3.6666666666666665,3.2,0.013502429535241622,-4.803522465232035,-11.79,-7.748
543294,"Hendricks, Kyle",2025,4.824128530006382,2045,0.0023589870562378394,0.23589870562378412,382,127.33333333333333,127.1,0.44536239354143736,-4.378766136464945,-0.309,-0.214
489334,"Stammen, Craig",2022,4.825036803642247,573,0.008420657597979489,0.8420657597979491,97,32.333333333333336,32.1,0.12478858264021693,-4.70024822100203,-1.308,-0.82
663878,"Pearson, Nate",2024,4.863365985150806,778,0.0062511130914534785,0.6251113091453477,138,46.0,46.0,0.16943371255512873,-4.693932272595678,-0.918,-0.603
450203,"Morton, Charlie",2024,4.8654457818026176,1748,0.0027834358019465776,0.2783435801946577,285,95.0,95.0,0.38068140044519927,-4.484764381357419,-0.425,-0.257
547001,"Poteet, Cody",2022,4.868018669337024,342,0.01423397271735972,1.423397271735972,59,19.666666666666668,19.2,0.07448114356536507,-4.793537525771659,-2.194,-1.402
669456,"Bieber, Shane",2023,4.8710829098361925,1195,0.0040762200082311234,0.40762200082311245,222,74.0,74.0,0.2602484402357055,-4.610834469600487,-0.561,-0.386
543351,"Jackson, Jay",2024,4.883053751684429,363,0.01345193870987446,1.345193870987446,62,20.666666666666668,20.2,0.07905454711762434,-4.8039992045668045,-2.092,-1.323
656458,"Gilbreath, Lucas",2022,4.887399015301423,594,0.008227944470204415,0.8227944470204415,87,29.0,29.0,0.12936198619247619,-4.758037029108946,-1.477,-0.801
686730,"Spiers, Carson",2023,4.891329275999727,291,0.016808691670102155,1.6808691670102158,37,12.333333333333334,12.1,0.06337430636702117,-4.827954969632706,-3.523,-1.659
665665,"Sanmartin, Reiver",2023,4.8995244788180585,262,0.01870047510999259,1.870047510999259,35,11.666666666666666,11.2,0.05705865384247266,-4.842465824975585,-3.736,-1.848
501381,"Pineda, Michael",2022,4.919057480585585,588,0.008365744014601335,0.8365744014601337,104,34.666666666666664,34.2,0.12805529946325925,-4.791002181122326,-1.244,-0.815
696136,"Wicks, Jordan",2025,4.9197237246058325,130,0.0378440286508141,3.7844028650814105,24,8.0,8.0,0.028311545799700175,-4.891412178806132,-5.503,-3.763
608678,"Leone, Dominic",2024,4.919862428930612,283,0.017384672893747746,1.7384672893747746,42,14.0,14.0,0.06163205739473192,-4.85823037153588,-3.123,-1.717
681293,"Arrighetti, Spencer",2024,4.922501273364362,1843,0.002670917674098948,0.2670917674098947,317,105.66666666666667,105.2,0.401370606991134,-4.521130666373228,-0.385,-0.245
595014,"Treinen, Blake",2025,4.942005117258844,380,0.01300527662436538,1.300527662436538,56,18.666666666666668,18.2,0.08275682618373897,-4.859248291075105,-2.343,-1.279
683769,"Gaddis, Hunter",2023,4.948189661972223,518,0.009552489694927072,0.9552489694927068,90,30.0,30.0,0.11281062095572839,-4.835379041016495,-1.451,-0.933
660623,"Ynoa, Huascar",2022,4.956433665891479,147,0.033717235822391015,3.3717235822391016,20,6.666666666666667,6.2,0.03201382486581481,-4.9244198410256645,-6.648,-3.35
424144,"Pérez, Oliver",2022,4.959854588280935,58,0.08551473428070577,8.551473428070578,10,3.3333333333333335,3.1,0.012631305049097001,-4.947223283231838,-13.358,-8.53
605288,"Houser, Adrian",2022,4.965588671258062,1582,0.0031388044698217837,0.31388044698217826,260,86.66666666666667,86.2,0.3445297342701975,-4.621058936987865,-0.48,-0.292
685116,"Kitchen, Austin",2024,4.969828638894184,106,0.04688517583862438,4.6885175838624376,14,4.666666666666667,4.2,0.02308479888283245,-4.946743840011352,-9.54,-4.667
543606,"Odorizzi, Jake",2022,4.9722670655985866,1553,0.003201717363553501,0.32017173635535023,267,89.0,89.0,0.33821408174564904,-4.634052983852937,-0.469,-0.298
606930,"Barnes, Jacob",2023,4.99884883968626,174,0.028729016320035976,2.8729016320035976,33,11.0,11.0,0.037893915147291006,-4.960954924538969,-4.059,-2.851
802419,"Harrington, Thomas",2025,4.999209596088964,150,0.03332806397392643,3.332806397392644,23,7.666666666666667,7.2,0.03266716823042328,-4.966542427858541,-5.83,-3.311
605335,"Leibrandt, Brandon",2024,4.999604798044482,80,0.062495059975556023,6.249505997555603,12,4.0,4.0,0.017422489722892415,-4.9821823083215895,-11.21,-6.228
641427,"Busenitz, Alan",2024,4.999604798044482,75,0.06666139730725976,6.666139730725976,12,4.0,4.0,0.01633358411521164,-4.98327121392927,-11.212,-6.644
676130,"Buttó, José",2022,4.999604798044482,98,0.051016375490249816,5.101637549024982,12,4.0,4.0,0.02134254991054321,-4.978262248133938,-11.201,-5.08
500743,"Rojas, Miguel",2025,4.999604798044483,57,0.08771236487797338,8.771236487797337,11,3.6666666666666665,3.2,0.012413523927560847,-4.987191274116922,-12.241,-8.749
670223,"Mervis, Matt",2024,5.001658431195359,37,0.13517995759987458,13.517995759987459,2,0.6666666666666666,0.2,0.008057901496837742,-4.993600529698521,-67.414,-13.496
593576,"Neris, Héctor",2025,5.006367609662062,440,0.011378108203777415,1.1378108203777415,65,21.666666666666668,21.2,0.09582369347590829,-4.910543916186154,-2.04,-1.116
668678,"Gallen, Zac",2025,5.014840308989026,2459,0.002039381988202125,0.2039381988202125,444,148.0,148.0,0.5355237778574057,-4.47931653113162,-0.272,-0.182
669093,"Estrada, Jeremiah",2023,5.015218843838734,187,0.026819352106089486,2.681935210608949,24,8.0,8.0,0.040725069727261025,-4.9744937741114725,-5.596,-2.66
678394,"Bello, Brayan",2023,5.016225242998773,2144,0.0023396572961748006,0.2339657296174802,353,117.66666666666667,117.2,0.46692272457351675,-4.549302518425256,-0.348,-0.212
622786,"Tinoco, Jesus",2025,5.019699966502586,180,0.027887222036125477,2.7887222036125476,29,9.666666666666666,9.2,0.03920060187650794,-4.980499364626078,-4.637,-2.767
657571,"Ferguson, Caleb",2023,5.02556128735914,864,0.005816621860369375,0.5816621860369375,135,45.0,45.0,0.1881628890072381,-4.837398398351902,-0.967,-0.56
543101,"DeSclafani, Anthony",2025,5.035012697531951,525,0.009590500376251336,0.9590500376251334,95,31.666666666666668,31.2,0.11433508880648148,-4.9206776087254696,-1.399,-0.937
668984,"Legumina, Casey",2024,5.036694417730852,143,0.03522163928483114,3.522163928483115,24,8.0,8.0,0.031142700379670193,-5.0055517173511825,-5.631,-3.5
666277,"Soriano, George",2023,5.072211790270161,714,0.00710393808161087,0.7103938081610871,122,40.666666666666664,40.2,0.1554957207768148,-4.916716069493346,-1.088,-0.689
687377,"Ribalta, Orlando",2024,5.085551860394972,69,0.07370365015065176,7.370365015065178,7,2.3333333333333335,2.1,0.01502689738599471,-5.070524963008977,-19.558,-7.349
687396,"Headrick, Brent",2023,5.08961881986267,413,0.012323532251483462,1.2323532251483464,62,20.666666666666668,20.2,0.08994360319443209,-4.999675216668238,-2.177,-1.211
670426,"Diehl, Phillip",2022,5.096861369359304,95,0.0536511723090453,5.36511723090453,13,4.333333333333333,4.1,0.020689206545934744,-5.076172162813369,-10.543,-5.343
665620,"García, Deivi",2024,5.126626333323686,223,0.022989355754814735,2.2989355754814738,31,10.333333333333334,10.1,0.04856519010256261,-5.078061143221123,-4.423,-2.277
666721,"Castillo, Max",2022,5.126774538341595,337,0.01521298082593945,1.521298082593945,55,18.333333333333332,18.1,0.0733922379576843,-5.053382300383911,-2.481,-1.5
502083,"McAllister, Zach",2023,5.1343559211052145,123,0.04174273106589605,4.174273106589605,15,5.0,5.0,0.02678707794894709,-5.107568843156267,-9.194,-4.152
570257,"Rodríguez, Joely",2023,5.146872727412768,175,0.029410701299501532,2.941070129950154,24,8.0,8.0,0.03811169626882716,-5.108761031143941,-5.747,-2.919
622075,"Almonte, Yency",2023,5.148683117204189,626,0.0082247334140642,0.8224733414064198,100,33.333333333333336,33.1,0.13633098208163316,-5.012352135122556,-1.353,-0.801
641394,"Brentz, Jake",2022,5.164537237317153,123,0.041988107620464656,4.198810762046466,13,4.333333333333333,4.1,0.02678707794894709,-5.137750159368205,-10.671,-4.177
688297,"Roycroft, Chris",2025,5.170962315788132,252,0.020519691729317984,2.051969172931799,43,14.333333333333334,14.1,0.05488084262711111,-5.116081473161021,-3.212,-2.03
672391,"Ort, Kaleb",2022,5.178299819294352,416,0.012447836104072962,1.2447836104072965,66,22.0,22.0,0.09059694655904056,-5.087702872735312,-2.081,-1.223
607536,"Freeland, Kyle",2022,5.192490650093351,1879,0.002763433022934194,0.27634330229341947,336,112.0,112.0,0.4092107273664356,-4.783279922726916,-0.384,-0.255
669022,"Gore, MacKenzie",2025,5.197943738399701,1946,0.002671091335251645,0.26710913352516447,307,102.33333333333333,102.1,0.42380206250935804,-4.774141675890343,-0.42,-0.245
641771,"Kuhl, Chad",2024,5.201776601076917,729,0.007135496023425126,0.7135496023425129,113,37.666666666666664,37.2,0.15876243759985714,-5.04301416347706,-1.205,-0.692
669422,"Sauer, Matt",2025,5.206712300287408,370,0.014072195406182183,1.4072195406182182,62,20.666666666666668,20.2,0.08057901496837742,-5.12613328531903,-2.232,-1.385
666808,"Doval, Camilo",2024,5.215790455815087,840,0.006209274352160818,0.6209274352160816,131,43.666666666666664,43.2,0.18293614209037037,-5.032854313724717,-1.037,-0.599
571912,"Maile, Luke",2024,5.233925655652174,37,0.14145745015276145,14.145745015276148,5,1.6666666666666667,1.2,0.008057901496837742,-5.2258677541553356,-28.22,-14.124
607216,"Krehbiel, Joey",2022,5.253188484391525,699,0.007515291107856259,0.751529110785626,115,38.333333333333336,38.1,0.15222900395377248,-5.100959480437752,-1.198,-0.73
621295,"Wittgren, Nick",2023,5.267022384912484,376,0.014008038257745967,1.4008038257745974,69,23.0,23.0,0.08188570169759435,-5.18513668321489,-2.029,-1.379
605121,"Anderson, Justin",2024,5.2687370650242205,700,0.007526767235748887,0.7526767235748887,119,39.666666666666664,39.2,0.15244678507530865,-5.116290279948911,-1.161,-0.731
605513,"Turnbull, Spencer",2023,5.288688439420684,463,0.011422653216891327,1.1422653216891325,73,24.333333333333332,24.1,0.10083265927123986,-5.1878557801494445,-1.919,-1.12
696136,"Wicks, Jordan",2024,5.296950517157188,756,0.007006548303117974,0.7006548303117974,123,41.0,41.0,0.16464252788133332,-5.132307989275855,-1.127,-0.679
621016,"Cuas, Jose",2023,5.297191334867747,961,0.005512165801111079,0.551216580111108,151,50.333333333333336,50.1,0.20928765779624514,-5.087903677071502,-0.91,-0.529
623167,"Flexen, Chris",2024,5.306283271490751,2213,0.0023977782519162905,0.23977782519162913,375,125.0,125.0,0.48194962195951146,-4.82433364953124,-0.347,-0.218
594835,"Gonzales, Marco",2022,5.309360417699109,2312,0.002296436166824874,0.22964361668248737,425,141.66666666666666,141.2,0.5035099529915908,-4.805850464707518,-0.305,-0.208
664353,"Urquidy, José",2023,5.317749829067501,814,0.006532862197871623,0.6532862197871623,140,46.666666666666664,46.2,0.17727383293043034,-5.140475996137071,-0.991,-0.632
664948,"Misiewicz, Anthony",2023,5.319443776292159,218,0.024401118239872288,2.4401118239872286,29,9.666666666666666,9.2,0.04747628449488183,-5.271967491797278,-4.908,-2.418
689017,"Knack, Landon",2025,5.323403431158776,627,0.008490276604718941,0.8490276604718939,95,31.666666666666668,31.2,0.1365487632031693,-5.186854667955607,-1.474,-0.827
641482,"Cortes, Nestor",2025,5.335058269433687,533,0.01000949018655476,1.0009490186554761,91,30.333333333333332,30.1,0.11607733777877072,-5.218980931654916,-1.548,-0.979
656786,"Mushinski, Parker",2024,5.335152742476173,194,0.027500787332351406,2.7500787332351413,33,11.0,11.0,0.042249537578014106,-5.292903204898159,-4.331,-2.728
642048,"Saucedo, Tayler",2025,5.346224323655086,157,0.03405238422710246,3.4052384227102466,26,8.666666666666666,8.2,0.03419163608117637,-5.31203268757391,-5.516,-3.383
690986,"Harrison, Kyle",2024,5.347576423752452,1495,0.0035769741964899343,0.3576974196489933,249,83.0,83.0,0.325582776696552,-5.0219936470559,-0.545,-0.336
600921,"Machado, Andrés",2023,5.359651547076616,559,0.009587927633410763,0.9587927633410762,95,31.666666666666668,31.2,0.12173964693871075,-5.237911900137906,-1.489,-0.937
681190,"Vásquez, Randy",2024,5.375320591149666,1310,0.0041032981611829515,0.41032981611829505,221,73.66666666666667,73.2,0.2852932692123633,-5.090027321937303,-0.622,-0.389
669391,"White, Owen",2024,5.396594449972986,69,0.07821151376772444,7.821151376772445,8,2.6666666666666665,2.2,0.01502689738599471,-5.381567552586992,-18.163,-7.799
678495,"Rodríguez, Randy",2024,5.397785068837271,631,0.008554334498949717,0.8554334498949715,113,37.666666666666664,37.2,0.13741988768931393,-5.260365181147957,-1.257,-0.834
669211,"Akin, Keegan",2023,5.40168433315162,322,0.016775417183700684,1.677541718370068,50,16.666666666666668,16.2,0.07012552113464197,-5.331558812016978,-2.879,-1.656
547179,"Lorenzen, Michael",2022,5.406098162327346,1272,0.004250077171640995,0.42500771716409946,209,69.66666666666667,69.2,0.2770175865939894,-5.129080575733357,-0.663,-0.403
686651,"Stoudt, Levi",2023,5.408511982849992,205,0.026382985282195084,2.638298528219509,28,9.333333333333334,9.1,0.04464512991491182,-5.363866852935081,-5.172,-2.617
547943,"Ryu, Hyun Jin",2022,5.420539487918777,317,0.017099493652740622,1.7099493652740623,61,20.333333333333332,20.1,0.06903661552696119,-5.351502872391816,-2.369,-1.688
593833,"Suero, Wander",2025,5.425872042629717,142,0.03821036649739237,3.8210366497392374,18,6.0,6.0,0.030924919258134037,-5.394947123371582,-8.092,-3.799
665625,"Peguero, Elvis",2024,5.425966769910286,550,0.00986539412710961,0.986539412710961,94,31.333333333333332,31.1,0.11977961684488536,-5.3061871530654,-1.524,-0.965
621366,"Borucki, Ryan",2024,5.4279793224817805,145,0.037434340155046764,3.7434340155046764,25,8.333333333333334,8.1,0.031578262622742506,-5.396401059859038,-5.828,-3.722
612434,"Castro, Miguel",2022,5.431413286203915,305,0.017807912413783326,1.780791241378333,48,16.0,16.0,0.06642324206852733,-5.3649900441353875,-3.018,-1.759
571656,"Farmer, Buck",2022,5.4561712021953195,692,0.007884640465600173,0.7884640465600173,107,35.666666666666664,35.2,0.1507045361030194,-5.3054666660923,-1.339,-0.767
641501,"Danish, Tyler",2022,5.4783589561788935,610,0.008980916321604743,0.8980916321604746,109,36.333333333333336,36.1,0.13284648413705466,-5.345512472041839,-1.324,-0.876
681807,"Fry, David",2023,5.487544950243631,72,0.0762159020867171,7.6215902086717096,15,5.0,5.0,0.015680240750603175,-5.471864709493028,-9.849,-7.6
663623,"Irvin, Jake",2023,5.489687130297352,1397,0.003929625719611561,0.392962571961156,225,75.0,75.0,0.3042402267860088,-5.185446903511343,-0.622,-0.371
500779,"Quintana, Jose",2025,5.492110463566878,1657,0.003314490322007772,0.3314490322007772,289,96.33333333333333,96.1,0.36086331838540914,-5.131247145181469,-0.479,-0.31
663574,"Santillan, Tony",2022,5.493233214277838,375,0.014648621904740903,1.4648621904740902,53,17.666666666666668,17.2,0.0816679205760582,-5.41156529370178,-2.757,-1.443
445926,"Chavez, Jesse",2025,5.4949324270045,171,0.03213410776026023,3.213410776026023,24,8.0,8.0,0.03724057178268254,-5.457691855221817,-6.14,-3.192
596117,"Stubbs, Garrett",2024,5.499703598533362,55,0.09999461088242476,9.999461088242475,8,2.6666666666666665,2.2,0.011977961684488536,-5.487725636848873,-18.521,-9.978
676609,"Caballero, José",2025,5.499901199511121,28,0.1964250428396829,19.64250428396829,3,1.0,1.0,0.006097871403012345,-5.4938033281081085,-49.444,-19.621
592390,"Hembree, Heath",2022,5.5089424321656315,341,0.0161552563993127,1.61552563993127,55,18.333333333333332,18.1,0.07426336244382892,-5.434679069721803,-2.668,-1.594
621082,"Lemoine, Jacob",2022,5.514701183584583,213,0.025890615885373627,2.589061588537364,35,11.666666666666666,11.2,0.046387378887201056,-5.468313804697382,-4.218,-2.567
669912,"Snead, Kirby",2023,5.527865035960613,164,0.033706494121711054,3.3706494121711064,28,9.333333333333334,9.1,0.03571610393192945,-5.492148932028684,-5.296,-3.349
518617,"Diekman, Jake",2024,5.535098134119638,368,0.01504102753836858,1.5041027538368583,55,18.333333333333332,18.1,0.08014345272530511,-5.454954681394333,-2.678,-1.482
598264,"Barnes, Matt",2024,5.5369826487220895,222,0.024941363282531933,2.494136328253193,36,12.0,12.0,0.048347408981026456,-5.488635239741063,-4.116,-2.472
670046,"Rosenberg, Kenny",2024,5.543251376215509,317,0.017486597401310755,1.748659740131075,53,17.666666666666668,17.2,0.06903661552696119,-5.474214760688548,-2.789,-1.727
676714,"Hughes, Brandon",2024,5.5463925810240475,315,0.017607595495314435,1.7607595495314436,49,16.333333333333332,16.1,0.0686010532838889,-5.477791527740159,-3.018,-1.739
696270,"Johnson, Ryan",2025,5.547539259966855,215,0.02580250818589235,2.5802508185892346,33,11.0,11.0,0.04682294113027337,-5.500716318836582,-4.501,-2.558
614179,"Ruiz, José",2025,5.570390258040733,282,0.019753156943406857,1.9753156943406853,46,15.333333333333334,15.1,0.06141427627319577,-5.508975981767538,-3.234,-1.954
687863,"Hodge, Porter",2025,5.575231862930178,450,0.012389404139844839,1.2389404139844837,67,22.333333333333332,22.1,0.09800150469126984,-5.4772303582389075,-2.207,-1.217
670329,"Garcia, Rico",2023,5.5822457068162965,206,0.027098280130176195,2.70982801301762,29,9.666666666666666,9.2,0.04486291103644797,-5.537382795779848,-5.155,-2.688
595881,"Beede, Tyler",2024,5.587615095698474,172,0.032486134277316704,3.2486134277316703,22,7.333333333333333,7.1,0.03745835290421869,-5.550156742794255,-6.812,-3.227
686218,"Sheehan, Emmet",2023,5.590398221819804,401,0.013941142697804998,1.3941142697804998,61,20.333333333333332,20.1,0.08733022973599823,-5.503067992083806,-2.436,-1.372
687424,"Maldonado, Anthony",2025,5.59598033543479,129,0.04337969252275031,4.337969252275031,18,6.0,6.0,0.02809376467816402,-5.5678865707566265,-8.352,-4.316
621294,"Heller, Ben",2024,5.601437519541894,178,0.03146875010978592,3.1468750109785915,27,9.0,9.0,0.038765039633435625,-5.562672479908458,-5.563,-3.125
592741,"Shreve, Chasen",2023,5.605752170047793,545,0.01028578379825283,1.0285783798252832,90,30.0,30.0,0.11869071123720458,-5.487061458810588,-1.646,-1.007
656981,"Solomon, Peter",2023,5.607092443998649,180,0.031150513577770274,3.1150513577770274,32,10.666666666666666,10.2,0.03920060187650794,-5.567891842122141,-4.698,-3.093
669438,"Englert, Mason",2023,5.6244764281065045,722,0.007790133556934217,0.779013355693422,124,41.333333333333336,41.1,0.15723796974910406,-5.4672384583574,-1.19,-0.757
685410,"Battenfield, Peyton",2023,5.65337549688703,549,0.010297587426023734,1.0297587426023735,99,33.0,33.0,0.1195618357233492,-5.533813661163681,-1.509,-1.008
596057,"Norris, Daniel",2023,5.660209359232731,257,0.022024160930866656,2.2024160930866654,38,12.666666666666666,12.2,0.05596974823479189,-5.604239610997939,-3.982,-2.181
542881,"Anderson, Tyler",2023,5.662025495314726,1754,0.003228064706564838,0.3228064706564838,312,104.0,104.0,0.38198808717441624,-5.28003740814031,-0.457,-0.301
663462,"Campbell, Isaiah",2024,5.671470322533795,49,0.11574429229660806,11.574429229660806,10,3.3333333333333335,3.1,0.010671274955271605,-5.660799047578523,-15.284,-11.553
664068,"Kingery, Scott",2025,5.673465862523658,36,0.1575962739589905,15.759627395899049,6,2.0,2.0,0.007840120375301587,-5.6656257421483565,-25.495,-15.738
656353,"Davidson, Tucker",2022,5.688651451585157,698,0.008149930446397073,0.8149930446397076,120,40.0,40.0,0.15201122283223634,-5.536640228752921,-1.246,-0.793
682120,"Herrin, Tim",2025,5.700730025653639,486,0.01172989717212683,1.1729897172126829,77,25.666666666666668,25.2,0.10584162506657142,-5.594888400587068,-1.962,-1.151
670766,"McCaughan, Darren",2024,5.7059243124564345,534,0.010685251521453998,1.0685251521454002,94,31.333333333333332,31.1,0.11629511890030687,-5.589629193556128,-1.606,-1.047
678061,"Kerr, Ray",2024,5.718455937938989,350,0.01633844553696854,1.633844553696854,56,18.666666666666668,18.2,0.07622339253765432,-5.642232545401335,-2.72,-1.612
686930,"Barnett, Mason",2025,5.719562551999295,243,0.023537294452671997,2.3537294452671995,37,12.333333333333334,12.1,0.05292081253328571,-5.66664173946601,-4.135,-2.332
670241,"Vines, Darius",2024,5.719957753954813,183,0.03125659974838696,3.1256599748386957,24,8.0,8.0,0.0398539452411164,-5.680103808713697,-6.39,-3.104
676092,"Snider, Collin",2022,5.727973979471006,441,0.012988603128052167,1.298860312805217,66,22.0,22.0,0.09604147459744444,-5.631932504873562,-2.304,-1.277
659275,"Lamet, Dinelson",2022,5.7320421223508795,447,0.012823360452686531,1.2823360452686532,79,26.333333333333332,26.1,0.09734816132666137,-5.634693961024218,-1.926,-1.261
623433,"Anderson, Nick",2025,5.755126498318557,233,0.024700113726689087,2.4700113726689095,40,13.333333333333334,13.1,0.05074300131792416,-5.704383497000633,-3.85,-2.448
663546,"Hjelle, Sean",2025,5.758565018095604,253,0.022761126553737566,2.2761126553737565,43,14.333333333333334,14.1,0.05509862374864727,-5.703466394346957,-3.581,-2.254
674370,"Bido, Osvaldo",2023,5.760780140704855,631,0.009129604026473621,0.9129604026473623,96,32.0,32.0,0.13741988768931393,-5.623360253015542,-1.582,-0.891
643256,"Cimber, Adam",2023,5.780589271166479,297,0.019463263539281073,1.9463263539281077,47,15.666666666666666,15.2,0.06468099309623809,-5.71590827807024,-3.284,-1.925
607179,"Weems, Jordan",2022,5.781638853062826,673,0.00859084524972188,0.8590845249721881,107,35.666666666666664,35.2,0.14656669479383244,-5.6350721582689935,-1.422,-0.837
600986,"Vieira, Thyago",2024,5.783951649284816,585,0.009887096836384302,0.9887096836384301,91,30.333333333333332,30.1,0.1274019560986508,-5.656549693186165,-1.678,-0.967
669422,"Sauer, Matt",2024,5.7895332811351725,327,0.017704994743532636,1.7704994743532636,49,16.333333333333332,16.1,0.07121442674232276,-5.71831885439285,-3.151,-1.749
687377,"Ribalta, Orlando",2025,5.801466230739542,439,0.01321518503585317,1.3215185035853172,63,21.0,21.0,0.09560591235437213,-5.705860318385169,-2.445,-1.3
621363,"Poche, Colin",2025,5.813078269310307,166,0.035018543791025945,3.5018543791025945,19,6.333333333333333,6.1,0.03615166617500176,-5.776926603135306,-8.209,-3.48
572403,"VerHagen, Drew",2023,5.815144940899208,914,0.006362302998795633,0.6362302998795631,151,50.333333333333336,50.1,0.19905194508404586,-5.616092995815163,-1.004,-0.614
665896,"Marte, José",2023,5.816629692811759,158,0.036814111979821255,3.6814111979821256,23,7.666666666666667,7.2,0.03440941720271252,-5.782220275609046,-6.788,-3.66
675627,"Grove, Michael",2022,5.819091672093129,253,0.023000362340289047,2.300036234028905,44,14.666666666666666,14.2,0.05509862374864727,-5.7639930483444815,-3.537,-2.278
672582,"Zerpa, Angel",2025,5.8200171520652635,853,0.0068229978336052325,0.6822997833605232,138,46.0,46.0,0.1857672966703404,-5.634249855394923,-1.102,-0.661
664123,"Effross, Scott",2025,5.824452184124956,132,0.04412463775852239,4.412463775852239,29,9.666666666666666,9.2,0.028747108042772487,-5.795705076082184,-5.396,-4.391
595881,"Beede, Tyler",2022,5.824605464360847,879,0.006626399845689245,0.6626399845689247,144,48.0,48.0,0.19142960583028043,-5.633175858530566,-1.056,-0.641
680689,"Richardson, Lyon",2023,5.8273465994201,330,0.017658626058848787,1.765862605884879,49,16.333333333333332,16.1,0.07186777010693121,-5.7554788293131685,-3.171,-1.744
656257,"Brigham, Jeff",2023,5.82808327807131,528,0.011038036511498693,1.1038036511498688,88,29.333333333333332,29.1,0.11498843217108995,-5.71309484590022,-1.753,-1.082
677960,"Weathers, Ryan",2023,5.832903749931116,668,0.008731891841214246,0.8731891841214244,99,33.0,33.0,0.14547778918615167,-5.687425960744965,-1.551,-0.851
666120,"Anderson, Ian",2025,5.837142456717543,101,0.057793489670470724,5.779348967047073,10,3.3333333333333335,3.1,0.021995893275151675,-5.815146563442391,-15.701,-5.758
676714,"Hughes, Brandon",2023,5.839163159425316,159,0.03672429660015922,3.672429660015921,27,9.0,9.0,0.034627198324248674,-5.804535961101067,-5.805,-3.651
669371,"Henry, Cole",2025,5.842489325304367,858,0.0068094281180703575,0.6809428118070356,135,45.0,45.0,0.18685620227802116,-5.6556331230263455,-1.131,-0.659
592773,"Stanek, Ryne",2024,5.849771458158834,739,0.007915793583435499,0.7915793583435499,117,39.0,39.0,0.16094024881521868,-5.688831209343616,-1.313,-0.77
680689,"Richardson, Lyon",2025,5.851580970406971,477,0.01226746534676514,1.226746534676514,78,26.0,26.0,0.10388159497274603,-5.747699375434225,-1.99,-1.205
502179,"Espino, Paolo",2022,5.88492060692794,1420,0.004144310286568972,0.41443102865689707,253,84.33333333333333,84.1,0.30924919258134037,-5.5756714143465995,-0.595,-0.393
543281,"Harrison, Josh",2023,5.885590928776269,44,0.13376343019946066,13.376343019946066,5,1.6666666666666667,1.2,0.009582369347590828,-5.876008559428678,-31.73,-13.355
641312,"Anderson, Shaun",2024,5.901557822818625,180,0.03278643234899236,3.278643234899236,36,12.0,12.0,0.03920060187650794,-5.862357220942117,-4.397,-3.257
544365,"Bañuelos, Manny",2022,5.904759983875482,449,0.013150913104399737,1.315091310439974,67,22.333333333333332,22.1,0.09778372356973368,-5.806976260305748,-2.34,-1.293
489446,"Yates, Kirby",2025,5.914815487454226,554,0.01067656225172243,1.0676562251722432,85,28.333333333333332,28.1,0.12065074133102997,-5.794164746123196,-1.84,-1.046
678215,"Arias, Luarbert",2025,5.939658802344641,192,0.030935722928878338,3.0935722928878344,28,9.333333333333334,9.1,0.0418139753349418,-5.897844827009699,-5.687,-3.072
678906,"Teng, Kai-Wei",2024,5.94109424332151,204,0.02912301099667407,2.912301099667407,31,10.333333333333334,10.1,0.04442734879337566,-5.896666894528135,-5.136,-2.891
650893,"Cabrera, Génesis",2023,5.946336470285239,712,0.008351596166130954,0.8351596166130956,121,40.333333333333336,40.1,0.1550601585337425,-5.7912763117514965,-1.292,-0.813
663568,"Kolek, Stephen",2024,5.9478125073593135,692,0.008595104779420973,0.8595104779420973,117,39.0,39.0,0.1507045361030194,-5.7971079712562945,-1.338,-0.838
656234,"Bird, Jake",2023,5.948223795274651,1043,0.0057029950098510555,0.5702995009851056,190,63.333333333333336,63.1,0.22714570976220988,-5.721078085512441,-0.813,-0.549
657376,"Schmidt, Clarke",2023,5.951274629429793,1931,0.003081965111045983,0.3081965111045983,333,111.0,111.0,0.4205353456863157,-5.530739283743477,-0.448,-0.286
691594,"Sanoja, Javier",2025,5.957867591582213,85,0.07009255990096722,7.0092559900967215,15,5.0,5.0,0.01851139533057319,-5.93935619625164,-10.691,-6.987
571760,"Heaney, Andrew",2023,5.969599001015978,2455,0.002431608554385327,0.24316085543853264,407,135.66666666666666,135.2,0.534652653371261,-5.434946347644717,-0.361,-0.221
501625,"Alvarez, Jose",2022,5.981658456807775,193,0.030993048999004017,3.0993048999004023,30,10.0,10.0,0.042031756456477956,-5.9396267003512975,-5.346,-3.078
621433,"Phillips, Brett",2022,5.999604798044483,58,0.1034414620352497,10.344146203524968,11,3.6666666666666665,3.2,0.012631305049097001,-5.986973492995386,-14.695,-10.322
677076,"Andrews, Clayton",2023,6.001658431195359,35,0.17147595517701028,17.147595517701028,2,0.6666666666666666,0.2,0.007622339253765432,-5.994036091941594,-80.919,-17.126
687798,"Robertson, Nick",2023,6.002684361315825,278,0.021592389788905843,2.159238978890585,50,16.666666666666668,16.2,0.06054315178705114,-5.942141209528773,-3.209,-2.137
687362,"Gillispie, Connor",2025,6.0105778404676595,253,0.023757224665880077,2.3757224665880075,42,14.0,14.0,0.05509862374864727,-5.955479216719012,-3.829,-2.354
605154,"Brebbia, John",2025,6.014304972851554,366,0.01643252724822829,1.643252724822829,60,20.0,20.0,0.0797078904822328,-5.934597082369321,-2.671,-1.621
688642,"Agnos, Zach",2025,6.0147486227348015,421,0.014286813830723994,1.4286813830723994,68,22.666666666666668,22.2,0.09168585216672134,-5.92306277056808,-2.352,-1.407
671106,"Allen, Logan",2025,6.020597118204488,1906,0.003158760292866993,0.3158760292866994,314,104.66666666666667,104.2,0.4150908176479118,-5.605506300556577,-0.482,-0.294
666204,"Jiménez, Dany",2024,6.060256429984284,321,0.01887930352020026,1.8879303520200261,50,16.666666666666668,16.2,0.06990774001310582,-5.990348689971178,-3.235,-1.866
701643,"Hartwig, Grant",2023,6.060427494543842,573,0.01057666229414283,1.0576662294142831,89,29.666666666666668,29.2,0.12478858264021693,-5.9356389119036255,-1.801,-1.036
596057,"Norris, Daniel",2022,6.070703754813202,765,0.007935560463808108,0.7935560463808108,125,41.666666666666664,41.2,0.16660255797515872,-5.9041011968380435,-1.275,-0.772
694646,"McDermott, Chayce",2025,6.075469042135423,171,0.035529058725938145,3.5529058725938154,25,8.333333333333334,8.1,0.03724057178268254,-6.038228470352741,-6.521,-3.531
694363,"Shuster, Jared",2024,6.078946172076506,1078,0.005639096634579319,0.5639096634579319,172,57.333333333333336,57.1,0.2347680490159753,-5.844178123060531,-0.917,-0.542
656240,"Blewett, Scott",2025,6.086738032495633,534,0.011398385828643508,1.139838582864351,91,30.333333333333332,30.1,0.11629511890030687,-5.970442913595327,-1.771,-1.118
641540,"Dunning, Dane",2024,6.091834244014386,1352,0.004505794559182238,0.45057945591822385,219,73.0,73.0,0.29444007631688185,-5.7973941676975045,-0.715,-0.429
690544,"Horn, Bailey",2024,6.092227869382811,232,0.02625960288527074,2.6259602885270734,40,13.333333333333334,13.1,0.050525220196388006,-6.041702649186424,-4.078,-2.604
670950,"Richards, Trevor",2023,6.102587949303774,1063,0.005740910582599975,0.5740910582599974,169,56.333333333333336,56.1,0.23150133219293298,-5.871086617110841,-0.938,-0.552
668874,"Henley, Blair",2024,6.114211470245972,39,0.15677465308323005,15.677465308323008,1,0.3333333333333333,0.1,0.008493463739910053,-6.105718006506062,-164.854,-15.656
678368,"Bellozo, Valente",2024,6.144054777967672,688,0.008930312177278594,0.8930312177278594,124,41.333333333333336,41.1,0.14983341161687477,-5.994221366350797,-1.305,-0.871
669461,"Liberatore, Matthew",2022,6.1531152344844156,402,0.015306256802200038,1.5306256802200038,62,20.666666666666668,20.2,0.08754801085753439,-6.065567223626881,-2.641,-1.509
663992,"Lovelady, Richard",2025,6.160909578656287,162,0.03803030604108819,3.8030306041088187,23,7.666666666666667,7.2,0.035280541688857144,-6.125629036967429,-7.191,-3.781
671305,"Otañez, Michel",2025,6.162471193343054,86,0.07165664178305876,7.165664178305876,10,3.3333333333333335,3.1,0.018729176452109347,-6.143742016890944,-16.588,-7.144
669022,"Gore, MacKenzie",2023,6.1784233248715426,1784,0.0034632417740311336,0.3463241774031134,286,95.33333333333333,95.1,0.3885215208205009,-5.789901804051041,-0.547,-0.325
677961,"Wilcox, Cole",2025,6.178746075363192,39,0.15842938654777416,15.842938654777416,4,1.3333333333333333,1.1,0.008493463739910053,-6.170252611623282,-41.649,-15.821
571479,"Bellatti, Andrew",2023,6.1822370365255495,379,0.01631197107262678,1.631197107262678,55,18.333333333333332,18.1,0.08253904506220282,-6.099697991463347,-2.994,-1.609
606965,"Devenski, Chris",2022,6.185760972121028,181,0.03417547498409408,3.4175474984094083,30,10.0,10.0,0.039418382998044094,-6.146342589122984,-5.532,-3.396
656412,"Faedo, Alex",2022,6.198792899972258,878,0.00706012858766772,0.7060128587667721,142,47.333333333333336,47.1,0.19121182470874426,-6.007581075263514,-1.142,-0.684
642216,"Winans, Allan",2025,6.200878135430603,171,0.03626244523643628,3.626244523643628,28,9.333333333333334,9.1,0.03724057178268254,-6.163637563647921,-5.944,-3.604
641401,"Brogdon, Connor",2024,6.219867123941335,60,0.10366445206568892,10.366445206568892,6,2.0,2.0,0.013066867292169312,-6.206800256649166,-27.931,-10.345
596271,"Lawrence, Casey",2025,6.232542448807862,256,0.02434586894065571,2.4345868940655713,45,15.0,15.0,0.05575196711325573,-6.1767904816946055,-3.706,-2.413
663362,"Waldron, Matt",2024,6.238293622454218,1721,0.0036248074505835083,0.3624807450583509,305,101.66666666666667,101.2,0.3748013101637231,-5.863492312290495,-0.519,-0.341
623437,"Topa, Justin",2025,6.238978802458698,722,0.00864124487875166,0.8641244878751659,128,42.666666666666664,42.2,0.15723796974910406,-6.081740832709594,-1.283,-0.842
641401,"Brogdon, Connor",2025,6.250007605892008,570,0.010964925624371943,1.0964925624371942,97,32.333333333333336,32.1,0.12413523927560846,-6.1258723666164,-1.705,-1.075
453178,"Kennedy, Ian",2022,6.2585677515141915,732,0.00854995594469152,0.854995594469152,122,40.666666666666664,40.2,0.1594157809644656,-6.099151970549726,-1.35,-0.833
543518,"McGough, Scott",2025,6.26038754677661,225,0.02782394465234049,2.782394465234049,36,12.0,12.0,0.04900075234563492,-6.211386794430975,-4.659,-2.761
605441,"Ríos, Yacksel",2023,6.298035059191724,62,0.10158121063212458,10.158121063212457,5,1.6666666666666667,1.2,0.013502429535241622,-6.284532629656482,-33.936,-10.136
453286,"Scherzer, Max",2025,6.305528549772275,1077,0.005854715459398583,0.5854715459398583,194,64.66666666666667,64.2,0.23455026789443914,-6.070978281877835,-0.845,-0.564
657248,"Otto, Glenn",2023,6.308612464351964,192,0.03285735658516648,3.285735658516648,32,10.666666666666666,10.2,0.0418139753349418,-6.266798489017022,-5.288,-3.264
680739,"Winder, Josh",2022,6.31682576016911,890,0.007097557033897876,0.7097557033897876,154,51.333333333333336,51.1,0.19382519816717814,-6.123000562001931,-1.074,-0.688
459429,"McGee, Jake",2022,6.321561561340746,526,0.01201817787327138,1.2018177873271383,91,30.333333333333332,30.1,0.11455286992801764,-6.207008691412729,-1.842,-1.18
671212,"Boyle, Joe",2024,6.328582707183115,821,0.007708383321782113,0.7708383321782111,117,39.0,39.0,0.17879830078118342,-6.149784406401931,-1.419,-0.749
669084,"Hall, DL",2022,6.336750297692063,226,0.02803871813138081,2.803871813138081,36,12.0,12.0,0.049218533467171074,-6.287531764224893,-4.716,-2.782
669684,"Murphy, Chris",2023,6.342672274747689,620,0.010230116572173691,1.023011657217369,96,32.0,32.0,0.13502429535241622,-6.207647979395273,-1.746,-1.001
594577,"Mayers, Mike",2023,6.346264321655232,454,0.013978555774570996,1.3978555774570993,74,24.666666666666668,24.2,0.09887262917741446,-6.247391692477818,-2.279,-1.376
519043,"Moore, Matt",2024,6.355298259540718,640,0.009930153530532372,0.9930153530532374,102,34.0,34.0,0.13937991778313932,-6.215918341757579,-1.645,-0.971
687424,"Maldonado, Anthony",2024,6.378959034518672,217,0.029396124583035355,2.9396124583035355,38,12.666666666666666,12.2,0.04725850337334568,-6.3317005311453265,-4.499,-2.918
669169,"Heasley, Jonathan",2024,6.396396848995227,104,0.061503815855723336,6.150381585572333,13,4.333333333333333,4.1,0.02264923663976014,-6.3737476123554675,-13.238,-6.129
657240,"Merryweather, Julian",2025,6.39655139567825,272,0.023516733072346505,2.35167330723465,41,13.666666666666666,13.2,0.05923646505783421,-6.3373149306204155,-4.173,-2.33
642397,"Soto, Gregory",2025,6.398732531895852,768,0.00833168298423939,0.8331682984239389,135,45.0,45.0,0.1672559013397672,-6.2314766305560845,-1.246,-0.811
669461,"Liberatore, Matthew",2025,6.399632708481858,1713,0.0037359210207132854,0.3735921020713284,317,105.66666666666667,105.2,0.37305906119143384,-6.026573647290424,-0.513,-0.352
656686,"Martin, Corbin",2025,6.40157703574422,226,0.02832556210506292,2.832556210506292,38,12.666666666666666,12.2,0.049218533467171074,-6.352358502277049,-4.514,-2.811
661440,"Llovera, Mauricio",2023,6.405943621862216,515,0.012438725479344107,1.2438725479344108,88,29.333333333333332,29.1,0.11215727759111993,-6.293786344271096,-1.931,-1.222
647336,"Soroka, Michael",2023,6.411582925427525,454,0.014122429351161949,1.4122429351161951,75,25.0,25.0,0.09887262917741446,-6.312710296250111,-2.273,-1.39
700187,"Taylor, Troy",2025,6.426621218256063,122,0.05267722310045953,5.267722310045953,17,5.666666666666667,5.2,0.026569296827410934,-6.400051921428652,-10.165,-5.246
676720,"Romero, Tommy",2022,6.4565324663803585,120,0.05380443721983632,5.380443721983632,16,5.333333333333333,5.1,0.026133734584338625,-6.43039873179602,-10.851,-5.359
681799,"Roberts, Ethan",2022,6.466580347840164,166,0.03895530330024195,3.8955303300241955,19,6.333333333333333,6.1,0.03615166617500176,-6.430428681665163,-9.138,-3.874
683155,"Estes, Joey",2024,6.487451775352859,1584,0.004095613494540947,0.40956134945409467,294,98.0,98.0,0.34496529651326985,-6.142486478839589,-0.564,-0.388
676194,"Tetreault, Jackson",2022,6.498517992666808,266,0.02443051876942409,2.443051876942409,44,14.666666666666666,14.2,0.05792977832861728,-6.440588214338191,-3.952,-2.421
685068,"Ragsdale, Carson",2025,6.499703598533362,79,0.082274729095359,8.2274729095359,9,3.0,3.0,0.01720470860135626,-6.482498889932005,-19.447,-8.206
605155,"Brewer, Colten",2024,6.504438627145663,316,0.0205836665416002,2.0583666541600203,49,16.333333333333332,16.1,0.06881883440542504,-6.435619792740238,-3.546,-2.037
691951,"Aldegheri, Sam",2024,6.5106766409565395,222,0.02932737225656099,2.932737225656099,38,12.666666666666666,12.2,0.048347408981026456,-6.462329231975513,-4.592,-2.911
666142,"Ragans, Cole",2022,6.511084273063192,564,0.011544475661459561,1.1544475661459561,92,30.666666666666668,30.2,0.12282855254639154,-6.3882557205168,-1.875,-1.133
656234,"Bird, Jake",2022,6.523965296847287,553,0.01179740560008551,1.179740560008551,100,33.333333333333336,33.1,0.12043296020949383,-6.4035323366377925,-1.729,-1.158
518489,"Brasier, Ryan",2022,6.524901774769784,716,0.009112991305544391,0.9112991305544395,133,44.333333333333336,44.1,0.15593128301988712,-6.368970491749897,-1.293,-0.89
669952,"White, Mitch",2024,6.536058660889105,387,0.01688904046741371,1.688904046741371,65,21.666666666666668,21.2,0.08428129403449205,-6.451777366854613,-2.68,-1.667
656412,"Faedo, Alex",2023,6.5622579724825965,675,0.00972186366293718,0.972186366293718,124,41.333333333333336,41.1,0.14700225703690475,-6.415255715445691,-1.397,-0.95
676917,"Cavalli, Cade",2025,6.596469619758919,455,0.014497735428041579,1.4497735428041585,75,25.0,25.0,0.09909041029895062,-6.497379209459968,-2.339,-1.428
663372,"Feltner, Ryan",2025,6.599224548151794,259,0.025479631460045536,2.547963146004554,36,12.0,12.0,0.05640531047786419,-6.542819237673929,-4.907,-2.526
669022,"Gore, MacKenzie",2022,6.658210411270344,962,0.0069212166437321665,0.6921216643732168,149,49.666666666666664,49.2,0.2095054389177813,-6.448704972352563,-1.169,-0.67
543521,"McHugh, Collin",2023,6.664916510367207,867,0.00768733161518709,0.768733161518709,144,48.0,48.0,0.18881623237184655,-6.476100277995361,-1.214,-0.747
677958,"Rocker, Kumar",2025,6.670142579652879,704,0.009474634346097839,0.9474634346097839,114,38.0,38.0,0.15331790956145325,-6.516824670091426,-1.543,-0.926
571912,"Maile, Luke",2023,6.679031118618163,80,0.08348788898272703,8.348788898272701,13,4.333333333333333,4.1,0.017422489722892415,-6.66160862889527,-13.836,-8.327
650893,"Cabrera, Génesis",2024,6.691301482526519,750,0.008921735310035359,0.8921735310035359,128,42.666666666666664,42.2,0.1633358411521164,-6.5279656413744025,-1.377,-0.87
681982,"Anderson, Grant",2023,6.697505590427705,540,0.012402788130421677,1.2402788130421678,92,30.666666666666668,30.2,0.11760180562952381,-6.579903784798182,-1.931,-1.219
674384,"Núñez, Eduarniel",2025,6.703153445083921,200,0.03351576722541961,3.351576722541961,28,9.333333333333334,9.1,0.04355622430723104,-6.65959722077669,-6.422,-3.33
694851,"Hoffmann, Andrew",2025,6.708872798221118,175,0.03833641598983496,3.833641598983496,22,7.333333333333333,7.1,0.03811169626882716,-6.670761101952291,-8.187,-3.812
670871,"Zuñiga, Guillo",2024,6.71902177078941,240,0.027995924044955874,2.7995924044955878,41,13.666666666666666,13.2,0.05226746916867725,-6.666754301620733,-4.39,-2.778
682990,"Priester, Quinn",2024,6.7204120228572455,727,0.009244033043820146,0.9244033043820146,129,43.0,43.0,0.15832687535678483,-6.5620851475004605,-1.373,-0.903
621368,"Hearn, Taylor",2022,6.732592145239888,1488,0.004524591495456914,0.45245914954569166,245,81.66666666666667,81.2,0.32405830884579895,-6.408533836394089,-0.706,-0.431
543135,"Eovaldi, Nathan",2022,6.743589953292867,1109,0.00608078444841557,0.6080784448415568,198,66.0,66.0,0.24151926378359612,-6.502070689509271,-0.887,-0.586
675989,"Bolton, Cody",2023,6.7589713402707154,381,0.017740082257928388,1.7740082257928387,50,16.666666666666668,16.2,0.08297460730527513,-6.67599673296544,-3.605,-1.752
518516,"Bumgarner, Madison",2023,6.778552068236594,270,0.025105748400876274,2.5105748400876275,41,13.666666666666666,13.2,0.058800902814761906,-6.719751165421831,-4.425,-2.489
453178,"Kennedy, Ian",2023,6.784274052490574,248,0.027355943760042637,2.7355943760042636,41,13.666666666666666,13.2,0.05400971814096649,-6.730264334349607,-4.432,-2.714
664854,"Helsley, Ryan",2025,6.822057704591618,629,0.010845878703643272,1.0845878703643275,107,35.666666666666664,35.2,0.13698432544624162,-6.6850733791453765,-1.687,-1.063
445926,"Chavez, Jesse",2022,6.843773639171261,854,0.008013786462729815,0.8013786462729813,133,44.333333333333336,44.1,0.18598507779187654,-6.657788561379385,-1.352,-0.78
687922,"Lucas, Easton",2024,6.880615473744205,163,0.04221236486959635,4.221236486959635,21,7.0,7.0,0.0354983228103933,-6.845117150933812,-8.801,-4.199
641726,"Jefferies, Daulton",2022,6.88915566524438,542,0.012710619308568967,1.271061930856897,102,34.0,34.0,0.11803736787259611,-6.771118297371784,-1.792,-1.249
800049,"Mazur, Adam",2025,6.8947092613918075,489,0.01409960994149654,1.409960994149654,89,29.666666666666668,29.2,0.10649496843117989,-6.788214292960627,-2.059,-1.388
661309,"Martínez, Adrián",2022,6.900815455321082,676,0.010208306886569648,1.020830688656965,112,37.333333333333336,37.1,0.14722003815844092,-6.753595417162641,-1.628,-0.999
518397,"Alexander, Scott",2025,6.91911280377372,264,0.026208760620354998,2.6208760620355,40,13.333333333333334,13.1,0.057494216085544975,-6.861618587688175,-4.632,-2.599
622608,"Senzatela, Antonio",2022,6.921637354046412,1043,0.006636277424780837,0.6636277424780838,178,59.333333333333336,59.1,0.22714570976220988,-6.694491644284202,-1.015,-0.642
666157,"Lodolo, Nick",2023,6.9238100068514274,471,0.014700233560194113,1.4700233560194116,68,22.666666666666668,22.2,0.10257490824352909,-6.8212350986078985,-2.708,-1.448
572070,"Richards, Garrett",2022,6.926187366122168,633,0.010941844180287786,1.0941844180287785,106,35.333333333333336,35.1,0.13785544993238624,-6.788331916189781,-1.729,-1.072
666207,"Pint, Riley",2024,6.940505783022456,102,0.06804417434335741,6.8044174343357415,10,3.3333333333333335,3.1,0.02221367439668783,-6.918292108625768,-18.679,-6.783
596082,"Reed, Jake",2022,6.949522252493809,261,0.026626522040206164,2.662652204020617,41,13.666666666666666,13.2,0.056840872720936506,-6.892681379772872,-4.539,-2.641
519326,"Strickland, Hunter",2022,6.956972585143512,858,0.008108359656344419,0.8108359656344423,138,46.0,46.0,0.18685620227802116,-6.77011638286549,-1.325,-0.789
605156,"Brooks, Aaron",2024,6.962096473555332,338,0.020597918560814592,2.059791856081459,64,21.333333333333332,21.1,0.07361001907922046,-6.888486454476111,-2.906,-2.038
676702,"Stratton, Hunter",2024,6.978260234238576,369,0.018911274347530014,1.8911274347530018,64,21.333333333333332,21.1,0.08036123384684127,-6.897899000391734,-2.91,-1.869
681146,"Bride, Jonah",2025,6.999407197066723,113,0.061941656611209935,6.194165661120995,18,6.0,6.0,0.024609266733585537,-6.974797930333137,-10.462,-6.172
665645,"Castro, Kervin",2022,7.021008615958683,204,0.03441670890175825,3.441670890175825,29,9.666666666666666,9.2,0.04442734879337566,-6.976581267165308,-6.495,-3.42
680736,"Wrobleski, Justin",2024,7.023108097517255,376,0.018678478982758658,1.8678478982758662,66,22.0,22.0,0.08188570169759435,-6.941222395819661,-2.84,-1.846
656353,"Davidson, Tucker",2023,7.0319948621471955,641,0.010970350798981584,1.0970350798981587,109,36.333333333333336,36.1,0.1395976989046755,-6.89239716324252,-1.707,-1.075
641360,"Bickford, Phil",2023,7.033973647378404,910,0.007729641370745498,0.7729641370745497,148,49.333333333333336,49.1,0.19818082059790124,-6.835792826780502,-1.247,-0.751
592426,"Jackson, Luke",2024,7.045268650393108,724,0.009731034047504293,0.9731034047504296,126,42.0,42.0,0.15767353199217637,-6.887595118400932,-1.476,-0.951
675921,"Howard, Spencer",2024,7.046544125563712,431,0.016349290314532975,1.6349290314532978,66,22.0,22.0,0.09386366338208289,-6.952680462181629,-2.844,-1.613
666818,"Frías, Luis",2022,7.052414950727766,316,0.02231776883141698,2.2317768831416975,43,14.333333333333334,14.1,0.06881883440542504,-6.983596116322341,-4.385,-2.21
623352,"Hader, Josh",2022,7.05955583005482,758,0.00931339819268446,0.9313398192684461,117,39.0,39.0,0.16507809012440564,-6.894477739930414,-1.591,-0.91
650204,"Ruiz, Norge",2022,7.062609451948177,325,0.02173110600599439,2.1731106005994394,48,16.0,16.0,0.07077886449925044,-6.991830587448926,-3.933,-2.151
623485,"Goudeau, Ashton",2022,7.0815822458115285,356,0.019892084960144742,1.989208496014475,54,18.0,18.0,0.07753007926687125,-7.004052166544657,-3.502,-1.967
453343,"Melancon, Mark",2022,7.095943110292897,680,0.010435210456313083,1.0435210456313082,120,40.0,40.0,0.14809116264458552,-6.947851947648311,-1.563,-1.022
641149,"Parsons, Wes",2023,7.100695197273316,88,0.08068971815083313,8.068971815083312,11,3.6666666666666665,3.2,0.019164738695181656,-7.0815304585781345,-17.382,-8.047
664337,"Yajure, Miguel",2022,7.103351242923304,423,0.01679279253646171,1.6792792536461705,64,21.333333333333332,21.1,0.09212141440979364,-7.01122982851351,-2.958,-1.658
682847,"Ortiz, Luis L.",2023,7.127050863199953,1024,0.006960010608593704,0.6960010608593704,172,57.333333333333336,57.1,0.22300786845302292,-6.90404299474693,-1.084,-0.674
621219,"Mills, Alec",2022,7.138618367213166,192,0.03718030399590191,3.718030399590191,32,10.666666666666666,10.2,0.0418139753349418,-7.096804391878224,-5.988,-3.696
656464,"Ginkel, Kevin",2025,7.139158768569253,388,0.01839989373342591,1.8399893733425903,57,19.0,19.0,0.08449907515602821,-7.054659693413225,-3.342,-1.818
605151,"Bradley, Archie",2023,7.150343314062739,148,0.04831313050042391,4.831313050042391,22,7.333333333333333,7.1,0.03223160598735097,-7.1181117080753875,-8.736,-4.81
518876,"Kelly, Merrill",2025,7.153784133823337,1989,0.003596673772661306,0.3596673772661306,357,119.0,119.0,0.43316665073541266,-6.720617483087924,-0.508,-0.338
608344,"Irvin, Cole",2023,7.1621553950466765,890,0.008047365612411997,0.8047365612411999,151,50.333333333333336,50.1,0.19382519816717814,-6.968330196879498,-1.246,-0.783
686751,"Johnson, Seth",2024,7.182382302299446,58,0.12383417762585253,12.383417762585253,7,2.3333333333333335,2.1,0.012631305049097001,-7.1697509972503495,-27.655,-12.362
691251,"Lara, Andry",2025,7.216360388194301,222,0.0325061278747491,3.250612787474911,36,12.0,12.0,0.048347408981026456,-7.168012979213274,-5.376,-3.229
687134,"Blalock, Bradley",2024,7.242494225654383,369,0.01962735562507963,1.962735562507963,59,19.666666666666668,19.2,0.08036123384684127,-7.162132991807542,-3.278,-1.941
502043,"Gibson, Kyle",2024,7.250154158161589,2371,0.0030578465449859083,0.30578465449859094,428,142.66666666666666,142.2,0.5163590391622239,-6.733795118999365,-0.425,-0.284
668390,"Winn, Cole",2024,7.258809311732686,212,0.034239666564776824,3.423966656477683,37,12.333333333333334,12.1,0.0461695977656649,-7.212639713967021,-5.263,-3.402
693821,"Elder, Bryce",2024,7.26273616536609,547,0.01327739701163819,1.3277397011638188,89,29.666666666666668,29.2,0.11912627348027689,-7.143609891885813,-2.167,-1.306
608650,"Enns, Dietrich",2025,7.2937139866178855,461,0.015821505393965044,1.5821505393965047,83,27.666666666666668,27.2,0.10039709702816754,-7.193316889589718,-2.34,-1.56
694462,"Waldrep, Hurston",2024,7.302866948735994,133,0.05490877405064657,5.490877405064657,19,6.333333333333333,6.1,0.02896488916430864,-7.273902059571685,-10.337,-5.469
663776,"Sandoval, Patrick",2023,7.305329990092563,2209,0.00330707559533389,0.33070755953338893,350,116.66666666666667,116.2,0.48107849747336684,-6.824251492619196,-0.526,-0.309
624503,"Gordon, Nick",2022,7.320178477470803,85,0.08611974679377415,8.611974679377415,11,3.6666666666666665,3.2,0.01851139533057319,-7.30166708214023,-17.922,-8.59
670990,"Ramírez, Yohan",2024,7.334183504908177,571,0.012844454474445143,1.2844454474445144,93,31.0,31.0,0.12435302039714462,-7.209830484511032,-2.093,-1.263
681217,"Silseth, Chase",2022,7.381930756773189,501,0.014734392728090196,1.4734392728090195,84,28.0,28.0,0.10910834188961376,-7.272822414883575,-2.338,-1.452
666171,"Zeferjahn, Ryan",2025,7.393758026895592,814,0.009083240819282053,0.9083240819282055,126,42.0,42.0,0.17727383293043034,-7.216484193965162,-1.546,-0.887
663546,"Hjelle, Sean",2022,7.4203015121995115,336,0.022084230691069975,2.208423069106997,44,14.666666666666666,14.2,0.07317445683614815,-7.347127055363363,-4.508,-2.187
527048,"Pérez, Martín",2024,7.441820734692245,1366,0.0054478921923076466,0.544789219230765,241,80.33333333333333,80.1,0.297489012018388,-7.144331722673857,-0.8,-0.523
674072,"Henry, Tommy",2022,7.454740605463681,589,0.01265660544221338,1.2656605442213378,102,34.0,34.0,0.12827308058479542,-7.326467524878885,-1.939,-1.244
669438,"Englert, Mason",2024,7.45699855439688,296,0.025192562683773245,2.5192562683773243,49,16.333333333333332,16.1,0.06446321197470194,-7.392535342422178,-4.073,-2.497
664901,"Mendick, Danny",2023,7.458163993048851,38,0.19626747350128557,19.626747350128557,6,2.0,2.0,0.008275682618373897,-7.449888310430477,-33.524,-19.605
542585,"Cisnero, José",2024,7.460301753681095,266,0.02804624719428983,2.804624719428983,37,12.333333333333334,12.1,0.05792977832861728,-7.4023719753524775,-5.402,-2.783
656896,"Rivera, Emmanuel",2025,7.49990119951112,45,0.16666447110024712,16.666447110024713,3,1.0,1.0,0.009800150469126984,-7.490101049041993,-67.411,-16.645
543592,"Nola, Austin",2025,7.499901199511121,29,0.25861728274176277,25.861728274176276,3,1.0,1.0,0.006315652524548501,-7.493585546986572,-67.442,-25.84
682967,"Sweet, Devin",2023,7.501164428750962,129,0.058148561463185755,5.814856146318576,17,5.666666666666667,5.2,0.02809376467816402,-7.473070664072798,-11.869,-5.793
641672,"Hatch, Thomas",2022,7.600596396784436,71,0.10705065347583713,10.705065347583714,11,3.6666666666666665,3.2,0.015462459629067019,-7.585133937155369,-18.618,-10.683
670042,"Raley, Luke",2023,7.600793997762195,41,0.18538521945761452,18.538521945761453,8,2.6666666666666665,2.2,0.008929025982982362,-7.591864971779213,-25.623,-18.517
642520,"Garabito, Gerson",2025,7.62007503083111,121,0.06297582670108355,6.297582670108357,22,7.333333333333333,7.1,0.026351515705874778,-7.593723515125236,-9.32,-6.276
571539,"Carasiti, Matt",2023,7.670589811016144,354,0.021668332799480633,2.166833279948063,64,21.333333333333332,21.1,0.07709451702379894,-7.593495293992345,-3.204,-2.145
667755,"Soriano, José",2025,7.67892312052116,2195,0.0034983704421508704,0.34983704421508705,373,124.33333333333333,124.1,0.4780295617718607,-7.2008935587493,-0.521,-0.328
643338,"Green, Chad",2025,7.691042337492165,523,0.014705625884306243,1.4705625884306244,94,31.333333333333332,31.1,0.11389952656340917,-7.577142810928756,-2.176,-1.449
571800,"Hutchison, Drew",2022,7.7048452818249595,1559,0.004942171444403438,0.4942171444403438,260,86.66666666666667,86.2,0.33952076847486595,-7.365324513350093,-0.765,-0.472
669459,"Nelson, Kyle",2023,7.706313119701432,665,0.011588440781505912,1.1588440781505915,118,39.333333333333336,39.1,0.14482444582154322,-7.5614886738798885,-1.73,-1.137
672724,"Peraza, Oswald",2025,7.706325949625744,40,0.1926581487406436,19.26581487406436,5,1.6666666666666667,1.2,0.008711244861446208,-7.697614704764297,-41.567,-19.244
663658,"Ward, Thaddeus",2023,7.71249899508792,540,0.01428240554645911,1.428240554645911,84,28.0,28.0,0.11760180562952381,-7.594897189458396,-2.441,-1.406
543294,"Hendricks, Kyle",2022,7.719365393060154,1102,0.007004868777731537,0.7004868777731537,196,65.33333333333333,65.1,0.23999479593284304,-7.479370597127311,-1.03,-0.679
668984,"Legumina, Casey",2023,7.723684395639142,206,0.037493613571063795,3.7493613571063804,31,10.333333333333334,10.1,0.04486291103644797,-7.678821484602694,-6.688,-3.728
571882,"Law, Derek",2022,7.731765051537015,266,0.02906678590803389,2.906678590803389,41,13.666666666666666,13.2,0.05792977832861728,-7.673835273208398,-5.054,-2.885
678906,"Teng, Kai-Wei",2025,7.770247998078885,414,0.018768714971205035,1.8768714971205038,58,19.333333333333332,19.1,0.09016138431596825,-7.680086613762916,-3.575,-1.855
607457,"Barraclough, Kyle",2023,7.776704206538876,156,0.04985066799063382,4.985066799063382,22,7.333333333333333,7.1,0.03397385495964021,-7.742730351579236,-9.502,-4.963
666974,"Cano, Yennier",2025,7.777262716426821,611,0.012728744216737841,1.272874421673784,105,35.0,35.0,0.13306426525859083,-7.64419845116823,-1.966,-1.251
660644,"Bruján, Vidal",2024,7.779737674103147,55,0.14144977589278449,14.14497758927845,5,1.6666666666666667,1.2,0.011977961684488536,-7.767759712418659,-41.946,-14.123
605498,"Suárez, Andrew",2023,7.788996139638286,418,0.018633962056550924,1.8633962056550923,66,22.0,22.0,0.09103250880211287,-7.697963630836173,-3.149,-1.842
676974,"Meyer, Max",2024,7.789999721951883,968,0.008047520373917235,0.8047520373917235,163,54.333333333333336,54.1,0.21081212564699822,-7.579187596304885,-1.255,-0.783
670912,"Oviedo, Johan",2023,7.809598140776968,2503,0.003120095142140219,0.3120095142140219,426,142.0,142.0,0.5451061472049965,-7.264491993571972,-0.46,-0.29
543101,"DeSclafani, Anthony",2022,7.819676304551004,274,0.02853896461514965,2.853896461514965,47,15.666666666666666,15.2,0.059672027300906524,-7.760004277250098,-4.458,-2.832
641585,"France, J.P.",2024,7.8198625473170935,376,0.020797506774779505,2.07975067747795,61,20.333333333333332,20.1,0.08188570169759435,-7.7379768456194995,-3.425,-2.058
596001,"Junis, Jakob",2023,7.836668449307801,1070,0.007323989204960562,0.7323989204960561,192,64.0,64.0,0.23302580004368606,-7.603642649264115,-1.069,-0.711
687014,"Avila, Nick",2024,7.884602923887474,225,0.03504267966172211,3.5042679661722116,36,12.0,12.0,0.04900075234563492,-7.835602171541839,-5.877,-3.482
663878,"Pearson, Nate",2025,7.8863442861328,190,0.04150707519017263,4.1507075190172635,30,10.0,10.0,0.04137841309186949,-7.844965873040931,-7.06,-4.129
663485,"Sands, Cole",2022,7.919873650389469,510,0.015529164020371508,1.5529164020371509,75,25.0,25.0,0.11106837198343915,-7.80880527840603,-2.811,-1.531
543518,"McGough, Scott",2024,7.934083122199825,441,0.017991118190929307,1.7991118190929312,71,23.666666666666668,23.2,0.09604147459744444,-7.83804164760238,-2.981,-1.777
621249,"Underwood Jr., Duane",2023,7.946616499211978,271,0.02932330811517335,2.9323308115173345,53,17.666666666666668,17.2,0.059018683936298055,-7.88759781527568,-4.018,-2.911
571771,"Hernández, Enrique",2025,7.951730928726546,125,0.06361384742981237,6.361384742981237,17,5.666666666666667,5.2,0.0272226401920194,-7.924508288534526,-12.586,-6.34
650382,"Hernández, Darwinzon",2022,7.958022356920647,104,0.0765194457396216,7.651944573962161,11,3.6666666666666665,3.2,0.02264923663976014,-7.935373120280888,-19.478,-7.63
665625,"Peguero, Elvis",2022,7.962317933610353,307,0.02593588903456141,2.593588903456141,48,16.0,16.0,0.06685880431159964,-7.895459129298754,-4.441,-2.572
596271,"Lawrence, Casey",2023,8.01315100431208,338,0.02370754735003574,2.3707547350035734,55,18.333333333333332,18.1,0.07361001907922046,-7.93954098523286,-3.898,-2.349
641755,"Kinley, Tyler",2024,8.021619953254827,900,0.008912911059172031,0.8912911059172031,141,47.0,47.0,0.19600300938253967,-7.825616943872288,-1.499,-0.87
680686,"Gray, Josiah",2024,8.022832873166207,176,0.045584277688444357,4.558427768844435,24,8.0,8.0,0.03832947739036331,-7.984503395775843,-8.983,-4.537
701581,"Festa, David",2025,8.060450097707731,566,0.0142410779111444,1.4241077911144404,95,31.666666666666668,31.2,0.12326411478946384,-7.937185982918267,-2.256,-1.402
663776,"Sandoval, Patrick",2024,8.061905389216442,1228,0.006565069535192542,0.6565069535192544,192,64.0,64.0,0.26743521724639857,-7.794470171970043,-1.096,-0.635
667463,"King, John",2025,8.10269798672726,544,0.014894665416778053,1.4894665416778052,101,33.666666666666664,33.2,0.11847293011566842,-7.984225056611592,-2.134,-1.468
608371,"Sims, Lucas",2025,8.106289709220782,188,0.043118562283089266,4.311856228308927,29,9.666666666666666,9.2,0.040942850848797174,-8.065346858371985,-7.509,-4.29
672715,"Patiño, Luis",2022,8.109085694984838,230,0.035256894326021034,3.5256894326021024,31,10.333333333333334,10.1,0.05008965795331569,-8.058996037031521,-7.019,-3.504
607481,"Bummer, Aaron",2023,8.126111794667809,885,0.009182047225613343,0.9182047225613345,138,46.0,46.0,0.19273629255949734,-7.933375502108311,-1.552,-0.896
579328,"Kikuchi, Yusei",2022,8.135841569409296,1544,0.0052693274413272645,0.5269327441327265,254,84.66666666666667,84.2,0.33625405165182365,-7.799587517757472,-0.829,-0.505
693433,"Woo, Bryan",2023,8.138000038729018,1032,0.0078856589522568,0.78856589522568,178,59.333333333333336,59.1,0.22475011742531217,-7.913249921303706,-1.2,-0.767
571948,"Milner, Hoby",2024,8.177264964353082,773,0.010578609268244608,1.0578609268244605,137,45.666666666666664,45.2,0.16834480694744797,-8.008920157405633,-1.578,-1.036
630023,"Chirinos, Yonny",2023,8.220399962559068,1053,0.007806647637757899,0.78066476377579,186,62.0,62.0,0.22932352097757142,-7.991076441581496,-1.16,-0.759
674681,"Plassmeyer, Michael",2023,8.22045175639921,85,0.09671119713410836,9.671119713410835,11,3.6666666666666665,3.2,0.01851139533057319,-8.201940361068637,-20.132,-9.649
669461,"Liberatore, Matthew",2023,8.224206591256744,899,0.009148171959128747,0.9148171959128747,153,51.0,51.0,0.19578522826100353,-8.02842136299574,-1.417,-0.893
592866,"Williams, Trevor",2025,8.238701187038693,1102,0.007476135378438015,0.7476135378438016,189,63.0,63.0,0.23999479593284304,-7.998706391105849,-1.143,-0.726
571539,"Carasiti, Matt",2024,8.253384068240555,131,0.06300293181863019,6.300293181863019,16,5.333333333333333,5.1,0.02852932692123633,-8.22485474131932,-13.879,-6.279
676961,"Boushley, Caleb",2025,8.258639372200262,519,0.015912599946435957,1.5912599946435957,83,27.666666666666668,27.2,0.11302840207726454,-8.145610970122998,-2.65,-1.569
605135,"Bassitt, Chris",2024,8.278541622706467,2494,0.0033193831686874364,0.33193831686874364,413,137.66666666666666,137.2,0.5431461171111711,-7.735395505595296,-0.506,-0.31
687830,"Gipson-Long, Sawyer",2025,8.281821655909603,463,0.017887303792461347,1.7887303792461346,92,30.666666666666668,30.2,0.10083265927123986,-8.180988996638362,-2.401,-1.767
670950,"Richards, Trevor",2024,8.298197421960364,954,0.008698320148805413,0.8698320148805415,151,50.333333333333336,50.1,0.20776318994549206,-8.090434232014871,-1.447,-0.848
542888,"Armstrong, Shawn",2024,8.299096316871106,869,0.00955016837384477,0.9550168373844771,142,47.333333333333336,47.1,0.18925179461491887,-8.109844522256187,-1.542,-0.933
669713,"Wesneski, Hayden",2023,8.301310593415637,974,0.008522906153404146,0.8522906153404145,168,56.0,56.0,0.21211881237621516,-8.089191781039423,-1.3,-0.831
642231,"Yacabonis, Jimmy",2022,8.316731457642783,257,0.03236082279238437,3.236082279238437,33,11.0,11.0,0.05596974823479189,-8.26076170940799,-6.759,-3.214
614179,"Ruiz, José",2023,8.318903451997407,641,0.012978008505456173,1.2978008505456176,100,33.333333333333336,33.1,0.1395976989046755,-8.179305753092732,-2.208,-1.276
668674,"Erceg, Lucas",2023,8.327876478810868,622,0.013388868936994964,1.3388868936994969,84,28.0,28.0,0.13545985759548854,-8.19241662121538,-2.633,-1.317
656605,"Keller, Mitch",2024,8.33909442942003,2498,0.003338308418502814,0.3338308418502815,445,148.33333333333334,148.1,0.5440172415973157,-7.795077187822714,-0.473,-0.312
656794,"Newcomb, Sean",2022,8.345461353126286,380,0.02196174040296391,2.1961740402963916,63,21.0,21.0,0.08275682618373897,-8.262704526942548,-3.541,-2.174
656546,"Hoffman, Jeff",2025,8.359890998379791,719,0.011627108481752144,1.1627108481752144,126,42.0,42.0,0.15658462638449558,-8.203306371995296,-1.758,-1.141
656818,"Overton, Connor",2023,8.363539630273468,200,0.04181769815136734,4.181769815136734,29,9.666666666666666,9.2,0.04355622430723104,-8.319983405966237,-7.746,-4.16
677053,"Nardi, Andrew",2024,8.383040464121303,624,0.013434359718143113,1.3434359718143116,105,35.0,35.0,0.13589541983856085,-8.247145044282743,-2.121,-1.322
640454,"Krook, Matt",2023,8.40164204372945,99,0.08486507114878232,8.486507114878233,12,4.0,4.0,0.021560331032079365,-8.38008171269737,-18.855,-8.465
592791,"Taillon, Jameson",2023,8.411881902756548,1777,0.004733754587932779,0.47337545879327797,314,104.66666666666667,104.2,0.3869970529697478,-8.0248848497868,-0.69,-0.452
656302,"Cease, Dylan",2025,8.412415645194322,2457,0.0034238565914506804,0.3423856591450682,390,130.0,130.0,0.5350882156143333,-7.877327429579989,-0.545,-0.321
650893,"Cabrera, Génesis",2022,8.415571304820325,574,0.014661274050209627,1.4661274050209627,96,32.0,32.0,0.1250063637617531,-8.290564941058573,-2.332,-1.444
669912,"Snead, Kirby",2022,8.422794457048944,681,0.012368273798897128,1.236827379889713,112,37.333333333333336,37.1,0.1483089437661217,-8.274485513282823,-1.995,-1.215
595191,"Eickhoff, Jerad",2022,8.440152804789038,83,0.10168858800950649,10.168858800950648,13,4.333333333333333,4.1,0.01807583308750088,-8.422076971701538,-17.492,-10.147
676596,"Fleming, Josh",2024,8.445659571063876,387,0.0218234097443511,2.18234097443511,60,20.0,20.0,0.08428129403449205,-8.361378277029385,-3.763,-2.161
657649,"Koenig, Jared",2022,8.45455645660277,446,0.018956404611216972,1.8956404611216973,76,25.333333333333332,25.1,0.09713038020512522,-8.357426076397644,-2.969,-1.874
674072,"Henry, Tommy",2024,8.465184812335009,483,0.017526262551418238,1.752626255141824,76,25.333333333333332,25.1,0.10518828170196295,-8.359996530633046,-2.97,-1.731
664942,"Naile, James",2023,8.476045257072366,289,0.02932887632204971,2.932887632204971,41,13.666666666666666,13.2,0.06293874412394886,-8.413106512948417,-5.54,-2.911
656605,"Keller, Mitch",2025,8.477568637313917,2496,0.00339646179379564,0.3396461793795641,452,150.66666666666666,150.2,0.5435816793542434,-7.933986957959673,-0.474,-0.318
672391,"Ort, Kaleb",2023,8.482530922808058,329,0.025782768762334523,2.578276876233453,59,19.666666666666668,19.2,0.07164998898539506,-8.410880933822662,-3.849,-2.556
687765,"Spence, Mitch",2025,8.488841999844263,939,0.009040300319322963,0.9040300319322961,170,56.666666666666664,56.2,0.20449647312244973,-8.284345526721813,-1.316,-0.882
700241,"McGreevy, Michael",2025,8.49594902078893,1114,0.007626525153311426,0.762652515331143,207,69.0,69.0,0.24260816939127688,-8.253340851397653,-1.077,-0.741
519008,"McFarland, T.J.",2022,8.515101821146072,358,0.023785200617726456,2.3785200617726456,62,20.666666666666668,20.2,0.07796564150994356,-8.437136179636129,-3.674,-2.357
656288,"Canning, Griffin",2024,8.525357155131713,1612,0.005288683098716944,0.5288683098716945,277,92.33333333333333,92.1,0.35106316791628217,-8.174293987215432,-0.797,-0.507
657770,"Stout, Eric",2022,8.541081107983441,376,0.022715641244636813,2.2715641244636813,56,18.666666666666668,18.2,0.08188570169759435,-8.459195406285847,-4.079,-2.25
605521,"Warren, Art",2022,8.546283967707264,494,0.01730016997511592,1.7300169975115922,81,27.0,27.0,0.10758387403886067,-8.438700093668404,-2.813,-1.708
681867,"Criswell, Cooper",2023,8.55871239983671,378,0.02264209629586431,2.264209629586431,65,21.666666666666668,21.2,0.08232126394066666,-8.476391135896042,-3.521,-2.242
663753,"Knehr, Reiss",2023,8.558859190322167,122,0.07015458352723088,7.015458352723088,17,5.666666666666667,5.2,0.026569296827410934,-8.532289893494756,-13.551,-6.994
676879,"Ashby, Aaron",2022,8.587381128415691,1706,0.005033634893561367,0.5033634893561367,280,93.33333333333333,93.1,0.3715345933406808,-8.215846535075011,-0.792,-0.482
573204,"Thielbar, Caleb",2024,8.60021912993556,704,0.012216220355022102,1.2216220355022105,113,37.666666666666664,37.2,0.15331790956145325,-8.446901220374107,-2.018,-1.2
680723,"Rom, Drew",2023,8.606014092860608,500,0.017212028185721217,1.7212028185721218,76,25.333333333333332,25.1,0.1088905607680776,-8.49712353209253,-3.019,-1.699
642546,"Hernández, Jonathan",2024,8.619058529155815,579,0.014886111449319197,1.48861114493192,88,29.333333333333332,29.1,0.12609526936943385,-8.49296325978638,-2.606,-1.467
665795,"Cabrera, Edward",2024,8.624673675672849,1185,0.007278205633479197,0.7278205633479198,190,63.333333333333336,63.1,0.2580706290203439,-8.366603046652505,-1.189,-0.706
656427,"Flaherty, Jack",2025,8.661706736090515,2419,0.0035806972865194357,0.35806972865194364,397,132.33333333333334,132.1,0.5268125329959594,-8.134894203094555,-0.553,-0.336
641712,"Hudson, Dakota",2024,8.67572858251391,984,0.00881679733995316,0.8816797339953161,168,56.0,56.0,0.21429662359157672,-8.461431958922333,-1.36,-0.86
621107,"Eflin, Zach",2025,8.678804307584196,877,0.009896014033733405,0.9896014033733405,163,54.333333333333336,54.1,0.19099404358720812,-8.487810263996987,-1.406,-0.968
647315,"Pop, Zach",2025,8.724797813974485,127,0.06869919538562587,6.869919538562586,20,6.666666666666667,6.2,0.02765820243509171,-8.697139611539393,-11.741,-6.848
687922,"Lucas, Easton",2025,8.744251457338622,368,0.02376155287320278,2.376155287320277,58,19.333333333333332,19.1,0.08014345272530511,-8.664108004613317,-4.033,-2.354
623352,"Hader, Josh",2024,8.753732736524844,825,0.010610585135181629,1.061058513518163,139,46.333333333333336,46.1,0.17966942526732804,-8.574063311257516,-1.665,-1.039
663474,"McKenzie, Triston",2024,8.757056399584528,740,0.011833859999438551,1.1833859999438554,124,41.333333333333336,41.1,0.16115802993675485,-8.595898369647772,-1.872,-1.162
621139,"Kriske, Brooks",2025,8.763911448776978,288,0.030430248086031175,3.0430248086031177,37,12.333333333333334,12.1,0.0627209630024127,-8.701190485774566,-6.35,-3.021
668873,"Kilian, Caleb",2022,8.76528394043679,152,0.05766634171339993,5.7666341713399945,18,6.0,6.0,0.03310273047349559,-8.732181209963294,-13.098,-5.745
543272,"Hand, Brad",2023,8.79731259064604,816,0.010781020331674069,1.078102033167407,125,41.666666666666664,41.2,0.17770939517350265,-8.619603195472537,-1.862,-1.056
471911,"Carrasco, Carlos",2025,8.862294592376907,504,0.017583917842017672,1.7583917842017676,86,28.666666666666668,28.2,0.10976168525422222,-8.752532907122685,-2.748,-1.737
622503,"Crismatt, Nabil",2023,8.875785284600564,207,0.04287818978067905,4.287818978067905,30,10.0,10.0,0.045080692157984124,-8.83070459244258,-7.948,-4.266
669461,"Liberatore, Matthew",2024,8.884476841328876,1043,0.00851819447874293,0.8518194478742931,187,62.333333333333336,62.1,0.22714570976220988,-8.657331131566666,-1.25,-0.83
676083,"Junk, Janson",2024,8.896298048506349,137,0.06493648210588576,6.493648210588576,16,5.333333333333333,5.1,0.029836013650453262,-8.866462034855896,-14.962,-6.472
657612,"Hill, Tim",2023,8.902796478079868,559,0.015926290658461302,1.5926290658461302,94,31.333333333333332,31.1,0.12173964693871075,-8.781056831141157,-2.522,-1.571
702674,"Dana, Caden",2024,8.919526123628074,206,0.043298670503048906,4.32986705030489,30,10.0,10.0,0.04486291103644797,-8.874663212591626,-7.987,-4.308
676106,"Hancock, Emerson",2025,8.929498179566588,1021,0.008745835631309097,0.8745835631309098,176,58.666666666666664,58.2,0.22235452508841447,-8.707143654478173,-1.336,-0.853
668868,"Thompson, Zack",2024,8.975287166244463,317,0.028313208726323227,2.8313208726323227,50,16.666666666666668,16.2,0.06903661552696119,-8.906250550717502,-4.809,-2.81
622251,"Staumont, Josh",2022,8.979645768544604,506,0.017746335510957716,1.7746335510957716,71,23.666666666666668,23.2,0.11019724749729454,-8.869448521047309,-3.373,-1.753
570632,"Ureña, José",2022,9.005409139694688,1384,0.006506798511340093,0.6506798511340094,239,79.66666666666667,79.2,0.3014090722060388,-8.70400006748865,-0.983,-0.629
573009,"Mantiply, Joe",2025,9.012683495341928,138,0.06530930069088355,6.530930069088354,18,6.0,6.0,0.03005379477198942,-8.98262970056994,-13.474,-6.509
656731,"Megill, Tylor",2023,9.03107483391704,1608,0.005616340070843931,0.5616340070843929,263,87.66666666666667,87.2,0.35019204343013755,-8.680882790486903,-0.891,-0.54
607391,"Mazza, Chris",2022,9.073079063456161,135,0.06720799306263824,6.720799306263824,16,5.333333333333333,5.1,0.029400451407380953,-9.04367861204878,-15.261,-6.699
594902,"Lively, Ben",2023,9.080195125263662,1039,0.008739360082063198,0.8739360082063203,191,63.666666666666664,63.2,0.22627458527606525,-8.853920539987596,-1.252,-0.852
805673,"Matthews, Zebby",2025,9.0874321072795,1072,0.0084770821896264,0.84770821896264,176,58.666666666666664,58.2,0.23346136228675837,-8.853970744992742,-1.358,-0.826
657746,"Ryan, Joe",2023,9.090474916919122,2230,0.004076446151084808,0.40764461510848077,391,130.33333333333334,130.1,0.4856519010256261,-8.604823015893496,-0.594,-0.386
608723,"Voth, Austin",2023,9.09840630107508,539,0.016880160113311837,1.6880160113311837,87,29.0,29.0,0.11738402450798766,-8.981022276567092,-2.787,-1.666
678020,"Halvorsen, Seth",2025,9.160297886294728,458,0.02000065040675705,2.000065040675705,77,25.666666666666668,25.2,0.09974375366355909,-9.06055413263117,-3.177,-1.978
542947,"Bleier, Richard",2023,9.169585364633635,358,0.025613366940317416,2.561336694031742,67,22.333333333333332,22.1,0.07796564150994356,-9.091619723123692,-3.664,-2.54
676664,"Sears, JP",2025,9.178584268271715,1820,0.0050431781693800635,0.5043178169380065,312,104.0,104.0,0.39636164119580247,-8.782222627075912,-0.76,-0.483
660730,"Rodriguez, Elvin",2025,9.180801494477375,298,0.030808058706299917,3.080805870629992,53,17.666666666666668,17.2,0.06489877421777425,-9.115902720259601,-4.644,-3.059
660730,"Rodriguez, Elvin",2025,9.180801494477375,298,0.030808058706299917,3.080805870629992,3,1.0,1.0,0.06489877421777425,-9.115902720259601,-82.043,-3.059
678394,"Bello, Brayan",2024,9.184461187486791,1715,0.005355370954802794,0.5355370954802794,288,96.0,96.0,0.3734946234345062,-8.810966564052285,-0.826,-0.514
605463,"Scott, Tayler",2025,9.194256458635124,361,0.025468854456052976,2.5468854456052976,60,20.0,20.0,0.07861898487455203,-9.115637473760572,-4.102,-2.525
594577,"Mayers, Mike",2022,9.24214192267815,604,0.015301559474632697,1.53015594746327,97,32.333333333333336,32.1,0.13153979740783775,-9.110602125270312,-2.536,-1.508
543101,"DeSclafani, Anthony",2023,9.253098917985582,1216,0.007609456347027617,0.760945634702762,228,76.0,76.0,0.2648218437879647,-8.988277074197617,-1.064,-0.739
622253,"Tate, Dillon",2024,9.272653742728707,528,0.017561844209713462,1.7561844209713462,94,31.333333333333332,31.1,0.11498843217108995,-9.157665310557617,-2.63,-1.734
620982,"Pinto, Ricardo",2024,9.278848469703233,220,0.04217658395319651,4.217658395319651,32,10.666666666666666,10.2,0.04791184673795414,-9.23093662296528,-7.789,-4.196
592155,"Booser, Cam",2025,9.28653139480882,425,0.02185066210543252,2.185066210543252,64,21.333333333333332,21.1,0.09255697665286595,-9.193974418155955,-3.879,-2.163
456501,"Cueto, Johnny",2023,9.294713887175094,860,0.010807806845552435,1.0807806845552432,148,49.333333333333336,49.1,0.18729176452109347,-9.107422122654,-1.661,-1.059
701542,"Warren, Will",2025,9.306552081792049,2362,0.003940115191275211,0.3940115191275213,403,134.33333333333334,134.1,0.5143990090683985,-8.79215307272365,-0.589,-0.372
660593,"Reyes, Denyi",2023,9.308516427015181,206,0.04518697294667564,4.518697294667564,28,9.333333333333334,9.1,0.04486291103644797,-9.263653515978733,-8.933,-4.497
666818,"Frías, Luis",2024,9.308599636041464,214,0.043498129140380676,4.3498129140380675,27,9.0,9.0,0.04660516000873721,-9.261994476032728,-9.262,-4.328
694363,"Shuster, Jared",2025,9.334551515205964,254,0.036750202815771515,3.6750202815771518,42,14.0,14.0,0.05531640487018342,-9.279235110335781,-5.965,-3.653
675650,"Mercado, Michael",2024,9.365682736243468,260,0.03602185667785949,3.6021856677859487,38,12.666666666666666,12.2,0.05662309159940035,-9.309059644644067,-6.614,-3.58
621121,"McCullers Jr., Lance",2025,9.398483872845818,885,0.010619755788526348,1.0619755788526344,137,45.666666666666664,45.2,0.19273629255949734,-9.205747580286321,-1.814,-1.04
694350,"Brzykcy, Zach",2025,9.402515711167396,403,0.0233313044942119,2.33313044942119,59,19.666666666666668,19.2,0.08776579197907054,-9.314749919188326,-4.263,-2.311
657053,"Toussaint, Touki",2024,9.426854891963947,411,0.022936386598452426,2.2936386598452425,50,16.666666666666668,16.2,0.08950804095135978,-9.337346851012587,-5.042,-2.272
641302,"Alexander, Tyler",2022,9.458565046919759,1523,0.006210482630938778,0.6210482630938777,278,92.66666666666667,92.2,0.3316806480995644,-9.126884398820195,-0.886,-0.599
664944,"Vieaux, Cam",2022,9.479178550675579,195,0.048611172054746556,4.861117205474657,22,7.333333333333333,7.1,0.04246731869955026,-9.436711231976028,-11.581,-4.839
592826,"Velasquez, Vince",2022,9.49139014749489,1189,0.007982666230020934,0.7982666230020934,204,68.0,68.0,0.2589417535064885,-9.2324483939884,-1.222,-0.776
666974,"Cano, Yennier",2022,9.495758789657991,367,0.025874002151656653,2.5874002151656654,51,17.0,17.0,0.07992567160376896,-9.415833118054222,-4.985,-2.566
656061,"Abreu, Albert",2023,9.534452635096503,905,0.010535306779112158,1.053530677911216,147,49.0,49.0,0.19709191499022044,-9.337360720106282,-1.715,-1.032
592288,"Emanuel, Kent",2024,9.535619341547326,234,0.040750510006612506,4.075051000661252,38,12.666666666666666,12.2,0.05096078243946032,-9.484658559107865,-6.739,-4.053
641302,"Alexander, Tyler",2025,9.557519214553551,1102,0.008672884949685619,0.8672884949685619,199,66.33333333333333,66.1,0.23999479593284304,-9.317524418620708,-1.264,-0.846
665152,"Kremer, Dean",2024,9.559041406143923,1973,0.004844927220549378,0.4844927220549378,347,115.66666666666667,115.2,0.4296821527908342,-9.129359253353089,-0.71,-0.463
608337,"Giolito, Lucas",2022,9.605894518798618,2309,0.004160196846599661,0.41601968465996614,394,131.33333333333334,131.1,0.5028566096269823,-9.103037909171634,-0.624,-0.394
621593,"Castro, Anthony",2022,9.614456098559984,232,0.04144162111448269,4.144162111448269,31,10.333333333333334,10.1,0.050525220196388006,-9.563930878363596,-8.33,-4.122
605347,"López, Jorge",2023,9.65313854588894,729,0.013241616661027352,1.3241616661027353,126,42.0,42.0,0.15876243759985714,-9.494376108289082,-2.035,-1.302
669920,"Alexander, Jason",2025,9.7548739944422,1024,0.00952624413519746,0.952624413519746,174,58.0,58.0,0.22300786845302292,-9.531866125989177,-1.479,-0.931
685299,"Gordon, Tanner",2024,9.763272827059241,442,0.022088852549907785,2.2088852549907783,79,26.333333333333332,26.1,0.0962592557189806,-9.667013571340261,-3.304,-2.187
676664,"Sears, JP",2024,9.789938837804954,1944,0.005035976768418186,0.5035976768418188,351,117.0,117.0,0.4233665002662857,-9.366572337538669,-0.721,-0.482
669145,"Zimmermann, Bruce",2022,9.84841393435865,959,0.010269461871072628,1.0269461871072627,175,58.333333333333336,58.1,0.20885209555317283,-9.639561838805477,-1.487,-1.005
682171,"Murfee, Penn",2025,9.869342052163475,222,0.0444564957304661,4.445649573046611,35,11.666666666666666,11.2,0.048347408981026456,-9.820994643182448,-7.576,-4.424
621112,"Blackburn, Paul",2024,9.909209826356953,919,0.010782600463935749,1.078260046393575,159,53.0,53.0,0.20014085069172663,-9.709068975665227,-1.649,-1.056
666120,"Anderson, Ian",2022,9.909282945622408,1714,0.005781378614715524,0.5781378614715524,269,89.66666666666667,89.2,0.37327684231297004,-9.536006103309438,-0.957,-0.556
661269,"Gutierrez, Vladimir",2022,9.947463651283378,443,0.02245477122185864,2.2454771221858643,67,22.333333333333332,22.1,0.09647703684051676,-9.850986614442862,-3.97,-2.224
682051,"Hill, Garrett",2023,9.952219681965053,225,0.044232087475400236,4.423208747540023,33,11.0,11.0,0.04900075234563492,-9.903218929619419,-8.103,-4.401
608717,"Stratton, Chris",2025,9.956906491220284,389,0.0255961606458105,2.5596160645810504,56,18.666666666666668,18.2,0.08471685627756437,-9.87218963494272,-4.76,-2.538
672578,"Hernández, Carlos",2025,9.95910218903312,670,0.014864331625422566,1.4864331625422569,113,37.666666666666664,37.2,0.145913351429224,-9.813188837603896,-2.345,-1.465
593423,"Montas, Frankie",2025,9.964792138199938,707,0.014094472614144184,1.4094472614144185,113,37.666666666666664,37.2,0.15397125292606173,-9.810820885273877,-2.344,-1.388
606965,"Devenski, Chris",2024,9.972984290230897,505,0.01974848374303148,1.9748483743031482,74,24.666666666666668,24.2,0.10997946637575838,-9.863004823855139,-3.599,-1.953
664161,"Swarmer, Matt",2022,9.98360983457047,583,0.017124545170789828,1.712454517078983,89,29.666666666666668,29.2,0.12696639385557848,-9.85664344071489,-2.99,-1.691
665665,"Sanmartin, Reiver",2022,10.003897354408315,730,0.013703968978641528,1.3703968978641523,111,37.0,37.0,0.15898021872139328,-9.844917135686922,-2.395,-1.349
471911,"Carrasco, Carlos",2024,10.012250235294884,1199,0.008350500613256784,0.835050061325678,211,70.33333333333333,70.1,0.2611195647218501,-9.751130670573033,-1.248,-0.813
829272,"Ogasawara, Shinnosuke",2025,10.023711649821271,609,0.016459296633532464,1.6459296633532465,99,33.0,33.0,0.13262870301551852,-9.891082946805753,-2.698,-1.624
666200,"Luzardo, Jesús",2024,10.077644670722878,639,0.015770961926013894,1.5770961926013893,107,35.666666666666664,35.2,0.13916213666160318,-9.938482534061274,-2.508,-1.555
605400,"Nola, Aaron",2023,10.07902103583628,2039,0.004943119684078607,0.4943119684078608,367,122.33333333333333,122.1,0.44405570681222045,-9.63496532902406,-0.709,-0.473
676272,"Miller, Bobby",2024,10.079916700585215,683,0.014758296779773375,1.4758296779773379,112,37.333333333333336,37.1,0.148744506009194,-9.931172194576021,-2.394,-1.454
656605,"Keller, Mitch",2023,10.084570795882415,2344,0.0043022912951716785,0.43022912951716774,416,138.66666666666666,138.2,0.5104789488807477,-9.574091847001668,-0.621,-0.408
676467,"Gordon, Colton",2025,10.105833433823014,1117,0.009047299403601624,0.9047299403601623,193,64.33333333333333,64.1,0.24326151275588537,-9.862571921067127,-1.38,-0.883
594943,"Neal, Zach",2023,10.120239340893407,452,0.022389910046224353,2.238991004622435,76,25.333333333333332,25.1,0.09843706693434215,-10.021802273959066,-3.56,-2.217
671162,"Thomas, Connor",2025,10.130515592277685,119,0.08513038312838392,8.513038312838392,16,5.333333333333333,5.1,0.02591595346280247,-10.104599638814882,-17.052,-8.491
642216,"Winans, Allan",2024,10.13720337223808,138,0.07345799545100058,7.345799545100058,21,7.0,7.0,0.03005379477198942,-10.10714957746609,-12.995,-7.324
621016,"Cuas, Jose",2024,10.147407837816349,294,0.03451499264563384,3.4514992645633837,45,15.0,15.0,0.06402764973162962,-10.08338018808472,-6.05,-3.43
572971,"Keuchel, Dallas",2023,10.157963630836067,440,0.02308628097917288,2.308628097917288,64,21.333333333333332,21.1,0.09582369347590829,-10.062139937360158,-4.245,-2.287
696131,"Black, Mason",2024,10.159608153672043,585,0.017366851544738535,1.736685154473853,96,32.0,32.0,0.1274019560986508,-10.032206197573391,-2.822,-1.715
668676,"Plesac, Zach",2022,10.165151762668529,1243,0.008177917749532203,0.8177917749532202,219,73.0,73.0,0.27070193406944093,-9.894449828599088,-1.22,-0.796
676596,"Fleming, Josh",2022,10.180331879645241,484,0.021033743552986036,2.1033743552986035,78,26.0,26.0,0.10540606282349911,-10.074925816821741,-3.487,-2.082
571510,"Boyd, Matthew",2023,10.188646932780548,1102,0.009245596127750043,0.9245596127750046,193,64.33333333333333,64.1,0.23999479593284304,-9.948652136847706,-1.392,-0.903
593619,"Tapia, Domingo",2022,10.204071976318874,287,0.03555425775720862,3.5554257757208623,36,12.0,12.0,0.06250318188087654,-10.141568794437998,-7.606,-3.534
596133,"Weaver, Luke",2022,10.229161905284396,527,0.019410174393329024,1.9410174393329025,76,25.333333333333332,25.1,0.11477065104955379,-10.114391254234842,-3.593,-1.919
671737,"Bradley, Taj",2023,10.248381536216073,1577,0.006498656649471194,0.6498656649471197,275,91.66666666666667,91.2,0.34344082866251674,-9.904940707553555,-0.972,-0.628
656986,"Sousa, Bennett",2022,10.254186775758779,319,0.03214478613090526,3.214478613090526,50,16.666666666666668,16.2,0.0694721777700335,-10.184714597988746,-5.5,-3.193
685326,"Brown, McCade",2025,10.27155657031335,359,0.028611578190287885,2.8611578190287883,51,17.0,17.0,0.07818342263147972,-10.193373147681871,-5.396,-2.839
695534,"Petty, Chase",2025,10.283729140016822,159,0.0646775417611121,6.467754176111209,15,5.0,5.0,0.034627198324248674,-10.249101941692574,-18.448,-6.446
656222,"Beeks, Jalen",2024,10.289297967909611,849,0.012119314449834643,1.2119314449834646,148,49.333333333333336,49.1,0.18489617218419577,-10.104401795725416,-1.843,-1.19
663385,"Smith, Chad",2022,10.301973946587031,235,0.04383818700675333,4.383818700675333,38,12.666666666666666,12.2,0.051178563560996475,-10.250795383026034,-7.283,-4.362
670174,"Winckowski, Josh",2022,10.314835080595913,1117,0.009234409203756412,0.923440920375641,188,62.666666666666664,62.2,0.24326151275588537,-10.071573567840026,-1.446,-0.902
670059,"Holderman, Colin",2025,10.326733097262782,407,0.025372808592783246,2.5372808592783254,59,19.666666666666668,19.2,0.08863691646521517,-10.238096180797566,-4.685,-2.516
678821,"Peralta, Luis",2025,10.420061920446761,313,0.03329093265318454,3.3290932653184537,37,12.333333333333334,12.1,0.06816549104081658,-10.351896429405944,-7.554,-3.307
646242,"Díaz, Jhonathan",2023,10.440350405766797,85,0.12282765183255055,12.282765183255057,7,2.3333333333333335,2.1,0.01851139533057319,-10.421839010436223,-40.199,-12.261
623168,"Heineman, Tyler",2025,10.440350405766798,48,0.21750730012014163,21.750730012014163,7,2.3333333333333335,2.1,0.01045349383373545,-10.429896911933064,-40.23,-21.729
701519,"Adams, Travis",2025,10.457380696361144,442,0.02365923234470847,2.365923234470847,61,20.333333333333332,20.1,0.0962592557189806,-10.361121440642163,-4.586,-2.344
668933,"Ashcraft, Graham",2022,10.476161360447014,1353,0.007742913052806367,0.7742913052806365,232,77.33333333333333,77.1,0.294657857438418,-10.181503503008596,-1.185,-0.753
650644,"Civale, Aaron",2022,10.488608080474378,1323,0.00792789726415297,0.7927897264152969,232,77.33333333333333,77.1,0.28812442379233333,-10.200483656682046,-1.187,-0.771
598287,"Ramirez, Noé",2022,10.496729259806207,666,0.015760854744453764,1.5760854744453763,109,36.333333333333336,36.1,0.14504222694307936,-10.351687032863127,-2.564,-1.554
679525,"Marsh, Alec",2024,10.498033216525762,1881,0.005581091555835068,0.5581091555835069,329,109.66666666666667,109.2,0.40964628960950794,-10.088386926916254,-0.828,-0.536
702795,"Loutos, Ryan",2025,10.530224496032298,184,0.057229480956697276,5.722948095669726,30,10.0,10.0,0.040071726362652556,-10.490152769669645,-9.441,-5.701
660730,"Rodriguez, Elvin",2022,10.5942915472712,446,0.023754016922132734,2.3754016922132735,74,24.666666666666668,24.2,0.09713038020512522,-10.497161167066073,-3.83,-2.354
608328,"De Jong, Chase",2023,10.601239918564135,223,0.04753919245992885,4.753919245992886,33,11.0,11.0,0.04856519010256261,-10.552674728461572,-8.634,-4.732
623474,"Herget, Jimmy",2023,10.650145470731772,444,0.023986814123269758,2.398681412326976,73,24.333333333333332,24.1,0.09669481796205291,-10.553450652769719,-3.903,-2.377
663978,"Paddack, Chris",2025,10.682491697293615,1743,0.006128796154500066,0.6128796154500069,324,108.0,108.0,0.3795924948375185,-10.302899202456096,-0.859,-0.591
676477,"Whitlock, Garrett",2023,10.683536867448712,934,0.011438476303478278,1.1438476303478278,156,52.0,52.0,0.20340756751476896,-10.480129299933942,-1.814,-1.122
700249,"Povich, Cade",2025,10.700164216565563,1339,0.007991160729324542,0.7991160729324542,219,73.0,73.0,0.29160892173691183,-10.40855529482865,-1.283,-0.777
548389,"Stripling, Ross",2023,10.702873953772174,1198,0.008933951547389128,0.8933951547389127,214,71.33333333333333,71.1,0.2609017836003139,-10.44197217017186,-1.317,-0.872
592717,"Sanchez, Aaron",2022,10.723143950810693,849,0.012630322674688685,1.2630322674688685,144,48.0,48.0,0.18489617218419577,-10.538247778626497,-1.976,-1.241
800311,"Fuentes, Didier",2025,10.730664873684892,292,0.03674885230714004,3.674885230714003,38,12.666666666666666,12.2,0.06359208748855731,-10.667072786196336,-7.579,-3.653
425844,"Greinke, Zack",2023,10.73266193786798,1389,0.007726898443389475,0.7726898443389472,252,84.0,84.0,0.30249797781371957,-10.430163960054262,-1.118,-0.751
615698,"Quantrill, Cal",2024,10.779978318110668,1884,0.005721856856746639,0.5721856856746638,301,100.33333333333333,100.1,0.41029963297411637,-10.369678685136552,-0.93,-0.55
643410,"Leiter Jr., Mark",2025,10.784466428247628,696,0.01549492302909142,1.5494923029091425,118,39.333333333333336,39.1,0.15157566058916402,-10.632890767658465,-2.433,-1.528
663804,"Kowar, Jackson",2022,10.840858965617185,211,0.051378478510034055,5.137847851003406,25,8.333333333333334,8.1,0.04595181664412875,-10.794907148973056,-11.658,-5.116
593334,"Germán, Domingo",2024,10.85194131048679,373,0.02909367643562142,2.9093676435621427,60,20.0,20.0,0.0812323583329859,-10.770708952153804,-4.847,-2.888
676664,"Sears, JP",2023,10.853888626584244,2137,0.005079030709679103,0.5079030709679103,370,123.33333333333333,123.1,0.46539825672276364,-10.38849036986148,-0.758,-0.486
641745,"Keller, Brad",2024,10.871913484723489,603,0.018029707271514907,1.8029707271514908,97,32.333333333333336,32.1,0.13132201628630158,-10.740591468437188,-2.99,-1.781
669169,"Heasley, Jonathan",2022,10.904246324226497,1536,0.007099118700668292,0.7099118700668292,261,87.0,87.0,0.3345118026795344,-10.569734521546962,-1.093,-0.688
615698,"Quantrill, Cal",2023,10.969202416439032,1240,0.00884613098099922,0.8846130980999222,207,69.0,69.0,0.27004859070483245,-10.6991538257342,-1.396,-0.863
641627,"Gott, Trevor",2023,10.969533563230112,799,0.013729078301915033,1.3729078301915034,139,46.333333333333336,46.1,0.174007116107388,-10.795526447122723,-2.097,-1.351
679525,"Marsh, Alec",2023,10.975025615608516,805,0.013633572193302504,1.3633572193302503,132,44.0,44.0,0.17531380283660494,-10.79971181277191,-2.209,-1.342
571945,"Mikolas, Miles",2023,10.984557232053872,2491,0.004409697804919258,0.44096978049192587,439,146.33333333333334,146.1,0.5424927737465626,-10.442064458307309,-0.642,-0.419
502043,"Gibson, Kyle",2022,10.995290454307172,2186,0.005029867545428716,0.5029867545428717,384,128.0,128.0,0.4760695316780353,-10.519220922629136,-0.74,-0.481
663773,"Hoeing, Bryan",2022,11.02446747757252,234,0.04711310887851504,4.7113108878515035,31,10.333333333333334,10.1,0.05096078243946032,-10.973506695133059,-9.558,-4.69
689266,"Dodd, Dylan",2023,11.106301417587366,568,0.01955334756617494,1.9553347566174943,99,33.0,33.0,0.12369967703253615,-10.982601740554829,-2.995,-1.934
672335,"Pérez, Cionel",2025,11.182151327429734,402,0.027816296834402322,2.781629683440233,59,19.666666666666668,19.2,0.08754801085753439,-11.0946033165722,-5.077,-2.76
621389,"Blach, Ty",2023,11.282583740661025,893,0.01263447227397651,1.2634472273976511,155,51.666666666666664,51.2,0.1944785415317866,-11.088105199129238,-1.931,-1.242
675627,"Grove, Michael",2023,11.317693301809808,870,0.013008842875643457,1.3008842875643456,148,49.333333333333336,49.1,0.189469575736455,-11.128223726073353,-2.03,-1.279
664062,"Gonsolin, Tony",2023,11.332908383315987,1243,0.009117384057374084,0.9117384057374086,217,72.33333333333333,72.1,0.27070193406944093,-11.062206449246546,-1.376,-0.89
680694,"Bradish, Kyle",2022,11.334007691234456,1732,0.0065438843482877925,0.6543884348287793,281,93.66666666666667,93.2,0.3771969025006208,-10.956810788733835,-1.053,-0.633
669060,"Wilson, Bryse",2025,11.350787766780973,757,0.014994435623224535,1.4994435623224533,125,41.666666666666664,41.2,0.1648603090028695,-11.185927457778105,-2.416,-1.478
672851,"Adon, Joan",2023,11.35784677991447,673,0.01687644395232462,1.687644395232462,114,38.0,38.0,0.14656669479383244,-11.211280085120636,-2.655,-1.666
670124,"Oller, Adam",2023,11.360524216517693,331,0.0343218254275459,3.4321825427545902,47,15.666666666666666,15.2,0.07208555122846737,-11.288438665289226,-6.485,-3.41
666661,"Morillo, Juan",2025,11.440031516467423,415,0.027566341003535957,2.7566341003535966,57,19.0,19.0,0.0903791654375044,-11.349652351029919,-5.376,-2.735
472610,"García, Luis",2024,11.441511818596659,656,0.0174413289917632,1.7441328991763199,128,42.666666666666664,42.2,0.1428644157277178,-11.29864740286894,-2.383,-1.722
657508,"Baumann, Mike",2024,11.443437845054923,891,0.012843364584797894,1.2843364584797896,142,47.333333333333336,47.1,0.19404297928871428,-11.24939486576621,-2.139,-1.263
683409,"Chivilli, Angel",2025,11.44344774275183,856,0.013368513718168027,1.3368513718168027,148,49.333333333333336,49.1,0.18642064003494885,-11.257027102716881,-2.054,-1.315
672335,"Pérez, Cionel",2023,11.451208688675758,759,0.015087231473881104,1.5087231473881106,130,43.333333333333336,43.1,0.1652958712459418,-11.285912817429816,-2.344,-1.487
669947,"Scholtens, Jesse",2023,11.472561452134606,1121,0.010234220742314545,1.0234220742314546,189,63.0,63.0,0.24413263724202997,-11.228428814892576,-1.604,-1.002
663903,"Singer, Brady",2023,11.47570361363353,1805,0.006357730533868992,0.6357730533868993,322,107.33333333333333,107.1,0.3930949243727601,-11.082608689260772,-0.929,-0.614
642165,"VanMeter, Josh",2022,11.499703598533362,74,0.15540139998018057,15.540139998018054,9,3.0,3.0,0.016115802993675484,-11.483587795539686,-34.451,-15.518
657240,"Merryweather, Julian",2022,11.506724807403561,385,0.02988759690234691,2.988759690234692,70,23.333333333333332,23.1,0.08384573179141976,-11.42287907561214,-4.406,-2.967
670950,"Richards, Trevor",2022,11.522621632284084,862,0.0133673104782878,1.33673104782878,141,47.0,47.0,0.18772732676416579,-11.334894305519917,-2.171,-1.315
701487,"Ohl, Pierson",2025,11.529123810181446,431,0.02674970721619825,2.6749707216198253,65,21.666666666666668,21.2,0.09386366338208289,-11.435260146799363,-4.75,-2.653
657031,"Taylor, Josh",2023,11.55485571462654,267,0.043276613163395275,4.327661316339528,39,13.0,13.0,0.05814755945015344,-11.496708155176385,-7.959,-4.306
805673,"Matthews, Zebby",2024,11.561289496280873,716,0.016147052369107365,1.6147052369107362,112,37.333333333333336,37.1,0.15593128301988712,-11.405358213260985,-2.75,-1.593
680730,"Parker, Mitchell",2024,11.565536870264872,1344,0.00860531017132803,0.8605310171328031,245,81.66666666666667,81.2,0.2926978273445926,-11.272839042920278,-1.242,-0.839
544727,"Familia, Jeurys",2022,11.579020631677855,555,0.020863100237257397,2.0863100237257406,87,29.0,29.0,0.12086852245256613,-11.458152109225288,-3.556,-2.065
683627,"Molina, Anthony",2024,11.594315804413455,888,0.013056661941907044,1.3056661941907044,146,48.666666666666664,48.2,0.19338963592410582,-11.400926168489349,-2.108,-1.284
657053,"Toussaint, Touki",2023,11.609038186579687,1279,0.009076652217810545,0.9076652217810547,197,65.66666666666667,65.2,0.2785420544447425,-11.330496132134945,-1.553,-0.886
690953,"Abel, Mick",2025,11.63204872220643,647,0.017978436974043943,1.7978436974043943,96,32.0,32.0,0.1409043856338924,-11.491144336572539,-3.232,-1.776
657140,"Wright, Kyle",2023,11.641686109214904,543,0.021439569261905902,2.14395692619059,83,27.666666666666668,27.2,0.11825514899413227,-11.523430960220772,-3.749,-2.122
608344,"Irvin, Cole",2024,11.647888464931219,1553,0.007500250138397437,0.7500250138397436,292,97.33333333333333,97.1,0.33821408174564904,-11.30967438318557,-1.046,-0.728
674370,"Bido, Osvaldo",2025,11.668067488317762,937,0.012452580030221731,1.245258003022173,161,53.666666666666664,53.2,0.20406091087937742,-11.464006577438385,-1.923,-1.223
571945,"Mikolas, Miles",2025,11.669072844859727,1753,0.006656630259475029,0.6656630259475029,327,109.0,109.0,0.38177030605288004,-11.287302538806847,-0.932,-0.644
676775,"Winn, Keaton",2024,11.71914851967357,745,0.015730400697548417,1.5730400697548417,136,45.333333333333336,45.1,0.16224693554443562,-11.556901584129134,-2.294,-1.551
621112,"Blackburn, Paul",2025,11.73221453860276,527,0.022262266676665577,2.2262266676665576,85,28.333333333333332,28.1,0.11477065104955379,-11.617443887553206,-3.69,-2.204
683769,"Gaddis, Hunter",2022,11.779254369954598,171,0.06888452847926665,6.888452847926667,22,7.333333333333333,7.1,0.03724057178268254,-11.742013798171916,-14.411,-6.867
669952,"White, Mitch",2022,11.791248042389888,1401,0.00841630838143461,0.8416308381434611,238,79.33333333333333,79.1,0.30511135127215344,-11.486136691117736,-1.303,-0.82
663562,"Davis, Noah",2023,11.819862547317094,420,0.028142529874564507,2.8142529874564506,59,19.666666666666668,19.2,0.09146807104518519,-11.728394476271909,-5.367,-2.792
519293,"Smith, Will",2024,11.826091163063843,604,0.019579621130900404,1.9579621130900406,112,37.333333333333336,37.1,0.13153979740783775,-11.694551365656006,-2.819,-1.936
663562,"Davis, Noah",2025,11.997353563915846,202,0.05939283942532597,5.939283942532596,25,8.333333333333334,8.1,0.04399178655030335,-11.953361777365542,-12.91,-5.918
666720,"Rodríguez, Yerry",2024,12.081727988919665,322,0.03752089437552691,3.7520894375526916,50,16.666666666666668,16.2,0.07012552113464197,-12.011602467785023,-6.486,-3.73
669020,"Rolison, Ryan",2025,12.08967727425806,519,0.023294175865622466,2.3294175865622466,90,30.0,30.0,0.11302840207726454,-11.976648872180796,-3.593,-2.308
650893,"Cabrera, Génesis",2025,12.121439776802264,561,0.02160684452192917,2.160684452192917,86,28.666666666666668,28.2,0.12217520918178307,-11.99926456762048,-3.767,-2.139
680735,"Cox, Austin",2025,12.158355805725721,411,0.029582374223176937,2.958237422317693,62,20.666666666666668,20.2,0.08950804095135978,-12.068847764774361,-5.256,-2.936
683627,"Molina, Anthony",2025,12.191250024493794,516,0.023626453535840686,2.362645353584069,85,28.333333333333332,28.1,0.11237505871265609,-12.078874965781138,-3.837,-2.341
621111,"Buehler, Walker",2024,12.215134979460252,911,0.013408490647047478,1.3408490647047477,150,50.0,50.0,0.19839860171943738,-12.016736377740814,-2.163,-1.319
592789,"Syndergaard, Noah",2023,12.266541162060713,1008,0.012169187660774518,1.216918766077452,184,61.333333333333336,61.1,0.21952337050844445,-12.04701779155227,-1.768,-1.195
676680,"Cosgrove, Tom",2024,12.301742896493788,269,0.04573138623231891,4.573138623231891,34,11.333333333333334,11.1,0.05858312169322575,-12.243159774800564,-9.723,-4.551
453268,"Bard, Daniel",2023,12.406366098607377,645,0.0192346761218719,1.92346761218719,93,31.0,31.0,0.1404688233908201,-12.265897275216556,-3.561,-1.902
656302,"Cease, Dylan",2023,12.453450626256474,2374,0.005245766902382677,0.5245766902382677,384,128.0,128.0,0.5170123825268325,-11.936438243729642,-0.839,-0.503
668933,"Ashcraft, Graham",2023,12.481105587577089,1747,0.0071443077204219165,0.7144307720421916,304,101.33333333333333,101.1,0.3804636193236631,-12.100641968253425,-1.075,-0.693
656382,"Doyle, Tommy",2023,12.50382341511639,310,0.040334914242310935,4.033491424231094,58,19.333333333333332,19.1,0.06751214767620811,-12.436311267440182,-5.789,-4.012
543766,"Shaw, Bryan",2022,12.578542523034443,772,0.016293448864034252,1.6293448864034252,127,42.333333333333336,42.1,0.16812702582591182,-12.41041549720853,-2.638,-1.608
685299,"Gordon, Tanner",2025,12.585389663195505,849,0.014823780522020618,1.4823780522020618,143,47.666666666666664,47.2,0.18489617218419577,-12.400493491011309,-2.341,-1.461
660896,"Alcala, Jorge",2025,12.590311008142494,741,0.016990973020435216,1.6990973020435216,114,38.0,38.0,0.161375811058291,-12.428935197084204,-2.944,-1.677
669432,"Rogers, Trevor",2022,12.603599861547156,1497,0.008419238384467039,0.8419238384467039,240,80.0,80.0,0.32601833893962434,-12.277581522607532,-1.381,-0.82
671212,"Boyle, Joe",2025,12.627475221563529,547,0.023084963841980857,2.3084963841980852,87,29.0,29.0,0.11912627348027689,-12.508348948083253,-3.882,-2.287
685503,"Arihara, Kohei",2022,12.645442299091748,390,0.03242421102331217,3.242421102331218,58,19.333333333333332,19.1,0.08493463739910052,-12.560507661692647,-5.847,-3.221
681882,"Selby, Colin",2023,12.68197784597664,362,0.03503308797231116,3.503308797231116,58,19.333333333333332,19.1,0.07883676599608819,-12.603141079980551,-5.867,-3.482
434378,"Verlander, Justin",2024,12.8137381459641,1385,0.00925179649528094,0.9251796495280937,226,75.33333333333333,75.1,0.30162685332757494,-12.512111292636526,-1.495,-0.903
686973,"Varland, Louie",2024,12.833312853374403,594,0.0216049037935596,2.1604903793559607,97,32.333333333333336,32.1,0.12936198619247619,-12.703950867181927,-3.536,-2.139
687064,"Young, Brandon",2025,12.85549670067905,627,0.020503184530588595,2.0503184530588596,112,37.333333333333336,37.1,0.1365487632031693,-12.71894793747588,-3.066,-2.029
570632,"Ureña, José",2023,12.863328151658065,528,0.02436236392359482,2.436236392359482,92,30.666666666666668,30.2,0.11498843217108995,-12.748339719486975,-3.741,-2.414
446372,"Kluber, Corey",2023,12.879319790973213,868,0.014837926026466835,1.4837926026466837,143,47.666666666666664,47.2,0.18903401349338272,-12.690285777479831,-2.396,-1.462
680686,"Gray, Josiah",2022,12.88623646356615,1925,0.006694148812242155,0.6694148812242157,326,108.66666666666667,108.2,0.41922865895709877,-12.46700780460905,-1.033,-0.648
656657,"Logue, Zach",2022,12.890654526822743,941,0.013698888976432245,1.3698888976432246,155,51.666666666666664,51.2,0.20493203536552204,-12.685722491457222,-2.21,-1.348
676974,"Meyer, Max",2025,12.918183493602545,932,0.013860711903007023,1.3860711903007024,170,56.666666666666664,56.2,0.20297200527169665,-12.715211488330848,-2.019,-1.364
666154,"Kauffmann, Karl",2023,12.98261114048511,438,0.029640664704303904,2.9640664704303905,70,23.333333333333332,23.1,0.09538813123283597,-12.887223009252274,-4.971,-2.942
605447,"Romano, Jordan",2025,13.048886827003262,427,0.03055945392740811,3.055945392740811,73,24.333333333333332,24.1,0.09299253889593827,-12.955894288107324,-4.792,-3.034
622065,"Young, Alex",2023,13.071321708574414,680,0.019222531924374137,1.922253192437414,122,40.666666666666664,40.2,0.14809116264458552,-12.92323054592983,-2.86,-1.9
571901,"Loup, Aaron",2023,13.071752044424596,678,0.019279870272012677,1.927987027201268,114,38.0,38.0,0.14765560040151324,-12.924096444023082,-3.061,-1.906
663738,"Lynch IV, Daniel",2022,13.079360951945477,2272,0.005756760982370368,0.5756760982370369,360,120.0,120.0,0.4947987081301446,-12.584562243815332,-0.944,-0.554
622072,"Wood, Alex",2022,13.148374710170684,2117,0.006210852484728712,0.6210852484728713,356,118.66666666666667,118.2,0.46104263429204057,-12.687332075878643,-0.962,-0.599
680704,"Sandlin, Nick",2024,13.151462424807796,749,0.017558694826178632,1.7558694826178631,119,39.666666666666664,39.2,0.16311806003058024,-12.988344364777216,-2.947,-1.734
656354,"Davis, Austin",2022,13.193934027104328,899,0.014676233623030398,1.4676233623030397,133,44.333333333333336,44.1,0.19578522826100353,-12.998148798843324,-2.639,-1.446
663773,"Hoeing, Bryan",2023,13.200599498436487,861,0.01533170673453715,1.5331706734537154,152,50.666666666666664,50.2,0.18750954564262962,-13.013089952793857,-2.312,-1.511
547179,"Lorenzen, Michael",2025,13.210907145434518,1776,0.007438573843150067,0.7438573843150066,315,105.0,105.0,0.38677927184821165,-12.824127873586306,-1.099,-0.722
468504,"Chacín, Jhoulys",2022,13.237655209766642,682,0.019410051627223816,1.9410051627223817,119,39.666666666666664,39.2,0.14852672488765783,-13.089128484878984,-2.97,-1.919
518516,"Bumgarner, Madison",2022,13.305390476020106,2012,0.00661301713519886,0.6613017135198861,341,113.66666666666667,113.2,0.43817561653074427,-12.867214859489362,-1.019,-0.64
675921,"Howard, Spencer",2022,13.327775668643769,533,0.02500520763347799,2.5005207633477986,85,28.333333333333332,28.1,0.11607733777877072,-13.211698330864998,-4.197,-2.479
656427,"Flaherty, Jack",2023,13.361541481505219,2532,0.005277070095381208,0.5277070095381208,390,130.0,130.0,0.551421799729545,-12.810119681775674,-0.887,-0.506
608566,"Márquez, Germán",2022,13.374409780142178,2563,0.005218263667632532,0.521826366763253,474,158.0,158.0,0.5581730144971657,-12.816236765645012,-0.73,-0.5
666277,"Soriano, George",2025,13.67680549818516,510,0.026817265682716,2.6817265682716003,84,28.0,28.0,0.11106837198343915,-13.565737126201721,-4.36,-2.66
641778,"Lauer, Eric",2023,13.749609386426187,758,0.01813932636731687,1.8139326367316868,121,40.333333333333336,40.1,0.16507809012440564,-13.584531296301781,-3.031,-1.792
663765,"Woodford, Jake",2023,13.779814817269308,704,0.019573600592712084,1.9573600592712084,98,32.666666666666664,32.2,0.15331790956145325,-13.626496907707855,-3.754,-1.936
605154,"Brebbia, John",2024,13.784513879303672,828,0.01664796362234743,1.6647963622347433,132,44.0,44.0,0.1803227686319365,-13.604191110671735,-2.783,-1.643
605164,"Bundy, Dylan",2022,13.81953673011957,1597,0.00865343564816504,0.8653435648165042,292,97.33333333333333,97.1,0.34779645109323987,-13.47174027902633,-1.246,-0.844
641726,"Jefferies, Daulton",2024,13.854226881825179,252,0.054977090800893566,5.497709080089356,38,12.666666666666666,12.2,0.05488084262711111,-13.799346039198067,-9.805,-5.476
663559,"Falter, Bailey",2023,13.936341044425474,823,0.01693358571619134,1.693358571619134,147,49.0,49.0,0.17923386302425573,-13.757107181401217,-2.527,-1.672
570666,"Cessa, Luis",2023,14.044204737464078,459,0.030597395942187532,3.0597395942187533,72,24.0,24.0,0.09996153478509523,-13.944243202678983,-5.229,-3.038
607968,"Rucinski, Drew",2023,14.090694623286442,350,0.04025912749510412,4.025912749510412,51,17.0,17.0,0.07622339253765432,-14.014471230748788,-7.419,-4.004
657756,"Seabold, Connor",2022,14.201192793568874,211,0.06730423124914157,6.730423124914157,27,9.0,9.0,0.04595181664412875,-14.155240976924745,-14.155,-6.709
596295,"Gomber, Austin",2023,14.219387819919756,1573,0.009039661678270665,0.9039661678270666,284,94.66666666666667,94.2,0.3425697041763721,-13.876818115743385,-1.319,-0.882
660761,"Suarez, José",2024,14.317433319526728,686,0.020870894051788234,2.0870894051788236,101,33.666666666666664,33.2,0.14939784937380246,-14.168035470152926,-3.787,-2.065
663804,"Kowar, Jackson",2023,14.366481115596244,357,0.040242244021278,4.0242244021278,54,18.0,18.0,0.0777478603884074,-14.288733255207836,-7.144,-4.002
666215,"Whitley, Forrest",2025,14.3751239101976,211,0.06812854933742939,6.812854933742939,33,11.0,11.0,0.04595181664412875,-14.32917209355347,-11.724,-6.791
663623,"Irvin, Jake",2024,14.43108401404477,2125,0.006791098359550479,0.679109835955048,370,123.33333333333333,123.1,0.4627848832643298,-13.968299130780439,-1.019,-0.657
665622,"Medina, Luis",2023,14.481875487889114,1496,0.009680398053401814,0.9680398053401815,245,81.66666666666667,81.2,0.3258005578180882,-14.156074930071027,-1.56,-0.946
607536,"Freeland, Kyle",2024,14.482674358023976,1326,0.010922077193079922,1.0922077193079922,245,81.66666666666667,81.2,0.2887777671569418,-14.193896590867034,-1.564,-1.07
656756,"Montgomery, Jordan",2024,14.538815298427561,1310,0.011098332288876,1.1098332288876,231,77.0,77.0,0.2852932692123633,-14.253522029215198,-1.666,-1.088
471911,"Carrasco, Carlos",2023,14.553764671565766,1344,0.010828693952057862,1.0828693952057864,227,75.66666666666667,75.2,0.2926978273445926,-14.261066844221173,-1.696,-1.061
701542,"Warren, Will",2024,14.680900294966255,361,0.040667313836471625,4.066731383647163,51,17.0,17.0,0.07861898487455203,-14.602281310091703,-7.731,-4.045
621076,"Kaprielian, James",2023,14.791376141185786,811,0.018238441604421438,1.8238441604421438,133,44.333333333333336,44.1,0.17662048956582185,-14.614755651619964,-2.967,-1.802
686613,"Brown, Hunter",2023,14.804130072873392,1784,0.008298279188830377,0.8298279188830378,302,100.66666666666667,100.2,0.3885215208205009,-14.415608552052891,-1.289,-0.808
693821,"Elder, Bryce",2025,14.817971126375559,1981,0.007480046000189581,0.7480046000189581,365,121.66666666666667,121.2,0.43142440176312347,-14.386546724612435,-1.064,-0.726
669432,"Rogers, Trevor",2024,14.844317712883315,1693,0.008768055353150216,0.8768055353150215,263,87.66666666666667,87.2,0.36870343876071077,-14.475614274122604,-1.486,-0.855
517008,"Colomé, Alex",2022,14.844472644562984,615,0.02413735389359835,2.413735389359835,96,32.0,32.0,0.13393538974473546,-14.710537254818249,-4.137,-2.392
683004,"Leiter, Jack",2024,14.861549628282313,498,0.029842469133097016,2.9842469133097014,80,26.666666666666668,26.2,0.10845499852500529,-14.753094629757308,-4.979,-2.962
680897,"Nastrini, Nick",2024,14.941705224854218,734,0.020356546627866783,2.035654662786678,104,34.666666666666664,34.2,0.1598513432075379,-14.78185388164668,-3.838,-2.014
669424,"Lambert, Jimmy",2023,14.956620159368448,494,0.030276559027061636,3.0276559027061634,78,26.0,26.0,0.10758387403886067,-14.849036285329587,-5.14,-3.006
681006,"Simpson, Josh",2025,14.993738391206557,479,0.03130216783132893,3.1302167831328926,69,23.0,23.0,0.10431715721581834,-14.889421233990738,-5.826,-3.108
607179,"Weems, Jordan",2024,15.006944322697379,598,0.025095224619895284,2.509522461989529,97,32.333333333333336,32.1,0.1302331106786208,-14.876711212018758,-4.141,-2.488
672578,"Hernández, Carlos",2023,15.043951655704971,947,0.015885904599477266,1.5885904599477265,154,51.333333333333336,51.1,0.20623872209473898,-14.837712933610232,-2.601,-1.567
571945,"Mikolas, Miles",2024,15.077221588245209,2121,0.0071085438888473405,0.7108543888847341,386,128.66666666666666,128.2,0.4619137587781852,-14.615307829467024,-1.022,-0.689
676962,"Brown, Ben",2025,15.09930228883297,1409,0.010716325258220702,1.0716325258220702,243,81.0,81.0,0.3068536002444427,-14.792448688588527,-1.644,-1.05
641771,"Kuhl, Chad",2023,15.177283155451551,648,0.02342173326458573,2.342173326458573,92,30.666666666666668,30.2,0.14112216675542857,-15.036160988696123,-4.413,-2.32
682990,"Priester, Quinn",2023,15.191835762886058,798,0.01903738817404268,1.9037388174042675,132,44.0,44.0,0.17378933498585183,-15.018046427900206,-3.072,-1.882
548389,"Stripling, Ross",2024,15.276542843974951,1011,0.015110329222527153,1.5110329222527152,190,63.333333333333336,63.1,0.2201767138730529,-15.056366130101898,-2.14,-1.489
686610,"Waldichuk, Ken",2023,15.345342954286924,1931,0.007946837366280126,0.7946837366280127,299,99.66666666666667,99.2,0.4205353456863157,-14.924807608600608,-1.348,-0.773
681892,"Funderburk, Kody",2024,15.519498379835044,577,0.026896877608033005,2.6896877608033,82,27.333333333333332,27.1,0.12565970712636154,-15.393838672708682,-5.069,-2.668
641927,"Ober, Bailey",2025,15.590534641880753,1616,0.009647608070470763,0.9647608070470761,289,96.33333333333333,96.1,0.3519342924024268,-15.238600349478325,-1.424,-0.943
659275,"Lamet, Dinelson",2023,15.615663190710816,447,0.034934369554162896,3.49343695541629,63,21.0,21.0,0.09734816132666137,-15.518315029384155,-6.651,-3.472
801403,"Dollander, Chase",2025,15.649334011310382,1368,0.011439571645694724,1.1439571645694722,219,73.0,73.0,0.2979245742614603,-15.351409437048922,-1.893,-1.122
596133,"Weaver, Luke",2023,15.652183014301192,1519,0.01030426794884871,1.030426794884871,252,84.0,84.0,0.33080952361341975,-15.321373490687773,-1.642,-1.009
543294,"Hendricks, Kyle",2024,15.709776882847692,1497,0.010494172934433995,1.0494172934433998,270,90.0,90.0,0.32601833893962434,-15.383758543908067,-1.538,-1.028
672578,"Hernández, Carlos",2022,15.729118719782258,762,0.020641888083703753,2.064188808370375,114,38.0,38.0,0.16594921461055026,-15.563169505171707,-3.686,-2.042
622663,"Severino, Luis",2025,15.737700776622246,2081,0.007562566447199542,0.7562566447199542,355,118.33333333333333,118.1,0.453202513916739,-15.284498262705506,-1.162,-0.734
669060,"Wilson, Bryse",2022,15.790782046906443,1370,0.011526118282413463,1.1526118282413464,245,81.66666666666667,81.2,0.29836013650453264,-15.49242191040191,-1.707,-1.131
641771,"Kuhl, Chad",2022,15.914481343330554,1574,0.010110852187630593,1.0110852187630592,266,88.66666666666667,88.2,0.34278748529790826,-15.571693858032646,-1.581,-0.989
448179,"Hill, Rich",2023,15.971299011414038,2002,0.007977671833873146,0.7977671833873148,339,113.0,113.0,0.4359978053153827,-15.535301206098655,-1.237,-0.776
670124,"Oller, Adam",2022,16.002155389518897,1060,0.015096373008980092,1.5096373008980093,174,58.0,58.0,0.2308479888283245,-15.771307400690572,-2.447,-1.488
672710,"Contreras, Roansy",2023,16.017531162365934,1019,0.015718872583283548,1.5718872583283547,170,56.666666666666664,56.2,0.22191896284534215,-15.795612199520592,-2.509,-1.55
640455,"Manaea, Sean",2022,16.02789865886403,1944,0.008244803836864212,0.8244803836864214,358,119.33333333333333,119.1,0.4233665002662857,-15.604532158597744,-1.177,-0.803
607536,"Freeland, Kyle",2023,16.030830342064824,1554,0.010315849640968355,1.0315849640968358,283,94.33333333333333,94.1,0.3384318628671852,-15.692398479197639,-1.497,-1.01
645261,"Alcantara, Sandy",2025,16.044028151174302,2295,0.0069908619395095,0.6990861939509502,405,135.0,135.0,0.4998076739254762,-15.544220477248826,-1.036,-0.677
694297,"Pfaadt, Brandon",2023,16.054911397358666,1518,0.010576357969274483,1.0576357969274484,268,89.33333333333333,89.1,0.3305917424918836,-15.724319654866783,-1.584,-1.036
694297,"Pfaadt, Brandon",2024,16.072461560902315,2213,0.0072627481070503,0.7262748107050301,414,138.0,138.0,0.48194962195951146,-15.590511938942804,-1.017,-0.704
622694,"Hernández, Elieser",2022,16.123805888801034,908,0.017757495472247833,1.775749547224784,155,51.666666666666664,51.2,0.19774525835482892,-15.926060630446205,-2.774,-1.754
664141,"Brubaker, JT",2022,16.309827659709754,1897,0.008597695128998288,0.8597695128998288,325,108.33333333333333,108.1,0.4131307875540864,-15.896696872155667,-1.321,-0.838
682610,"Muñoz, Roddery",2024,16.325530799541838,1231,0.013262007148287439,1.3262007148287438,201,67.0,67.0,0.26808856061100705,-16.057442238930832,-2.157,-1.304
677944,"Cecconi, Slade",2024,16.486482640641935,992,0.0166194381458084,1.66194381458084,169,56.333333333333336,56.1,0.21603887256386595,-16.270443768078067,-2.599,-1.64
663765,"Woodford, Jake",2024,16.553020294369784,547,0.03026146306100509,3.0261463061005087,90,30.0,30.0,0.11912627348027689,-16.433894020889507,-4.93,-3.004
694813,"Stone, Gavin",2023,16.592713881612983,547,0.03033402903402739,3.03340290340274,91,30.333333333333332,30.1,0.11912627348027689,-16.473587608132707,-4.888,-3.012
656557,"Houck, Tanner",2025,16.70651768216518,387,0.043169296336344136,4.316929633634414,64,21.333333333333332,21.1,0.08428129403449205,-16.622236388130688,-7.013,-4.295
672851,"Adon, Joan",2022,16.788427948185728,918,0.01828804787384066,1.828804787384066,146,48.666666666666664,48.2,0.19992306957019046,-16.588504878615538,-3.068,-1.807
663372,"Feltner, Ryan",2022,16.818301382990207,1142,0.014727059004369708,1.4727059004369705,192,64.0,64.0,0.24870604079428923,-16.569595342195917,-2.33,-1.451
687473,"Gusto, Ryan",2025,16.928579390107373,1448,0.011691007866096252,1.1691007866096252,243,81.0,81.0,0.31534706398435275,-16.613232326123022,-1.846,-1.147
666205,"Muller, Kyle",2023,16.98991187764787,912,0.018629289339526175,1.8629289339526174,140,46.666666666666664,46.2,0.19861638284097355,-16.791295494806896,-3.238,-1.841
664875,"Lawrence, Justin",2024,17.094488575435527,778,0.02197235035403024,2.197235035403024,115,38.333333333333336,38.1,0.16943371255512873,-16.925054862880398,-3.974,-2.175
450203,"Morton, Charlie",2025,17.326464829797096,1892,0.009157750967123202,0.9157750967123202,308,102.66666666666667,102.2,0.4120418819464056,-16.914422947850692,-1.483,-0.894
605288,"Houser, Adrian",2024,17.347274622221672,791,0.021930814945918677,2.1930814945918677,136,45.333333333333336,45.1,0.17226486713509875,-17.175009755086574,-3.41,-2.171
656629,"Kopech, Michael",2023,17.41901159669851,1739,0.010016682919320593,1.001668291932059,269,89.66666666666667,89.2,0.3787213703513739,-17.040290226347135,-1.71,-0.98
663855,"Hicks, Jordan",2025,17.46146923853606,927,0.018836536395400283,1.8836536395400283,148,49.333333333333336,49.1,0.20188309966401588,-17.259586138872045,-3.149,-1.862
663372,"Feltner, Ryan",2024,17.56393653612766,2216,0.007925964140851833,0.7925964140851834,397,132.33333333333334,132.1,0.4826029653241199,-17.08133357080354,-1.162,-0.771
674285,"Salazar, Eduardo",2025,17.60142273375665,391,0.04501642642904514,4.501642642904514,62,20.666666666666668,20.2,0.08515241852063668,-17.516270315236014,-7.628,-4.48
686563,"Cannon, Jonathan",2025,17.82393869742002,1423,0.01252560695531976,1.2525606955319761,234,78.0,78.0,0.30990253594594885,-17.51403616147407,-2.021,-1.231
663460,"Bubic, Kris",2022,17.82471133065817,1468,0.012142173930966057,1.2142173930966058,231,77.0,77.0,0.3197026864150758,-17.505008644243095,-2.046,-1.192
592767,"Smyly, Drew",2023,18.005553528918135,2039,0.008830580445766619,0.883058044576662,353,117.66666666666667,117.2,0.44405570681222045,-17.561497822105913,-1.343,-0.861
502043,"Gibson, Kyle",2025,18.20824300257844,280,0.065029439294923,6.502943929492298,37,12.333333333333334,12.1,0.060978714030123456,-18.147264288548314,-13.243,-6.481
687223,"Palmquist, Carson",2025,18.266148901285106,641,0.02849633213929034,2.849633213929034,95,31.666666666666668,31.2,0.1395976989046755,-18.12655120238043,-5.152,-2.828
669270,"Kuhnel, Joel",2022,18.56524200972041,702,0.026446213689060413,2.644621368906041,119,39.666666666666664,39.2,0.15288234731838096,-18.41235966240203,-4.178,-2.623
669467,"Pallante, Andre",2025,18.567153310543993,2014,0.009219043351809331,0.9219043351809333,359,119.66666666666667,119.2,0.43861117877381656,-18.12854213177018,-1.363,-0.9
642545,"Barria, Jaime",2023,18.617555351281197,1070,0.017399584440449718,1.7399584440449718,181,60.333333333333336,60.1,0.23302580004368606,-18.38452955123751,-2.742,-1.718
596295,"Gomber, Austin",2022,18.90851131481344,1739,0.010873209496729982,1.087320949672998,302,100.66666666666667,100.2,0.3787213703513739,-18.529789944462063,-1.657,-1.066
669022,"Gore, MacKenzie",2024,18.924605086504425,1821,0.010392424539541145,1.0392424539541145,275,91.66666666666667,91.2,0.3965794223173386,-18.528025664187087,-1.819,-1.017
607074,"Rodón, Carlos",2023,19.166575193961933,1059,0.018098749002796916,1.8098749002796917,171,57.0,57.0,0.23063020770678835,-18.935944986255144,-2.99,-1.788
607536,"Freeland, Kyle",2025,19.44662439033557,1987,0.00978692722211151,0.9786927222111512,370,123.33333333333333,123.1,0.4327310884923404,-19.013893301843233,-1.388,-0.957
608337,"Giolito, Lucas",2023,19.495543887649745,2201,0.008857584683166627,0.8857584683166629,379,126.33333333333333,126.1,0.4793362485010776,-19.016207639148668,-1.355,-0.864
670102,"Francis, Bowden",2025,19.82934202824155,725,0.027350816590677996,2.7350816590677995,108,36.0,36.0,0.15789131311371252,-19.671450715127836,-4.918,-2.713
593423,"Montas, Frankie",2024,20.06373308764779,2078,0.009655309474325212,0.9655309474325213,342,114.0,114.0,0.4525491705521305,-19.61118391709566,-1.548,-0.944
541640,"Ramírez, Erasmo",2023,20.217804134352377,768,0.02632526579993799,2.632526579993799,135,45.0,45.0,0.1672559013397672,-20.05054823301261,-4.01,-2.611
593958,"Rodriguez, Eduardo",2025,20.22508052489683,1859,0.010879548426517928,1.0879548426517929,322,107.33333333333333,107.1,0.40485510493571253,-19.820225419961115,-1.662,-1.066
663687,"Harris, Hogan",2023,20.240576708546797,888,0.022793442239354502,2.27934422393545,138,46.0,46.0,0.19338963592410582,-20.04718707262269,-3.922,-2.258
501985,"Minor, Mike",2022,20.628996040963873,1568,0.01315624747510451,1.3156247475104512,260,86.66666666666667,86.2,0.34148079856869135,-20.28751524239518,-2.107,-1.294
571578,"Corbin, Patrick",2024,20.710833100736842,2075,0.009981124385897273,0.9981124385897273,360,120.0,120.0,0.451895827187522,-20.25893727354932,-1.519,-0.976
671131,"Rutledge, Jackson",2025,20.73473713464099,1098,0.018884095751039155,1.8884095751039154,170,56.666666666666664,56.2,0.2391236714466984,-20.495613463194292,-3.255,-1.867
596295,"Gomber, Austin",2025,20.816504559652724,843,0.02469336246696646,2.4693362466966455,144,48.0,48.0,0.18358948545497883,-20.632915074197747,-3.869,-2.448
605400,"Nola, Aaron",2025,20.959704472174266,1101,0.019036970456107416,1.903697045610742,181,60.333333333333336,60.1,0.23977701481130687,-20.71992745736296,-3.091,-1.882
571760,"Heaney, Andrew",2025,21.007262880285595,1568,0.013397489081814793,1.3397489081814795,266,88.66666666666667,88.2,0.34148079856869135,-20.665782081716902,-2.098,-1.318
605200,"Davies, Zach",2023,21.01722567116084,1147,0.018323649233793236,1.8323649233793233,182,60.666666666666664,60.2,0.24979494640197,-20.76743072475887,-3.081,-1.811
641745,"Keller, Brad",2022,21.105761390365707,1674,0.012607981714674855,1.2607981714674854,279,93.0,93.0,0.3645655974515238,-20.741195792914183,-2.007,-1.239
615698,"Quantrill, Cal",2025,21.135710994762256,1678,0.012595775324649736,1.2595775324649738,287,95.66666666666667,95.2,0.3654367219376684,-20.770274272824587,-1.954,-1.238
425794,"Wainwright, Adam",2023,21.508136611249874,1583,0.013586946690618999,1.3586946690619,264,88.0,88.0,0.3447475153917337,-21.16338909585814,-2.164,-1.337
694297,"Pfaadt, Brandon",2025,21.656558252189136,1836,0.011795511030604104,1.1795511030604107,313,104.33333333333333,104.1,0.3998461391403809,-21.256712113048756,-1.834,-1.158
666201,"Manoah, Alek",2023,21.75216553517165,1578,0.013784642290983301,1.3784642290983302,234,78.0,78.0,0.3436586097840529,-21.408506925387595,-2.47,-1.357
571578,"Corbin, Patrick",2023,21.890221618692372,1530,0.014307334391302204,1.4307334391302204,258,86.0,86.0,0.33320511595031743,-21.557016502742055,-2.256,-1.409
607200,"Fedde, Erick",2022,22.01002704949452,2038,0.010799817001714682,1.0799817001714682,304,101.33333333333333,101.1,0.4438379256906843,-21.566189123803838,-1.915,-1.058
660261,"Fujinami, Shintaro",2023,22.1725916426501,1146,0.01934781120650096,1.9347811206500962,183,61.0,61.0,0.24957716528043386,-21.923014477369666,-3.235,-1.913
592836,"Walker, Taijuan",2024,22.20134617439126,1037,0.021409205568361872,2.1409205568361873,166,55.333333333333336,55.1,0.22583902303299294,-21.97550715135827,-3.574,-2.119
669194,"Nelson, Ryne",2023,22.416467901519887,2069,0.010834445578308307,1.0834445578308307,362,120.66666666666667,120.2,0.4505891404583051,-21.96587876106158,-1.638,-1.062
621389,"Blach, Ty",2024,23.077747082210134,813,0.028385912770246168,2.8385912770246167,139,46.333333333333336,46.1,0.17705605180889417,-22.90069103040124,-4.448,-2.817
687134,"Blalock, Bradley",2025,23.63083920869859,932,0.025354977691736683,2.5354977691736678,153,51.0,51.0,0.20297200527169665,-23.427867203426892,-4.134,-2.514
607200,"Fedde, Erick",2025,24.713046123768745,1886,0.0131034178811075,1.3103417881107498,325,108.33333333333333,108.1,0.4107351952171887,-24.302310928551556,-2.019,-1.289
666214,"Wentz, Joey",2025,24.984373290127216,1547,0.016150208978750625,1.6150208978750629,238,79.33333333333333,79.1,0.3369073950164321,-24.647465895110784,-2.796,-1.593
592866,"Williams, Trevor",2023,25.279856806236143,2165,0.011676608224589442,1.167660822458944,342,114.0,114.0,0.471496128125776,-24.80836067811037,-1.959,-1.146
623167,"Flexen, Chris",2023,25.479048406375274,1436,0.017743069920874145,1.7743069920874148,242,80.66666666666667,80.2,0.3127336905259189,-25.166314715849353,-2.808,-1.753
680730,"Parker, Mitchell",2025,26.141894367878,2146,0.012181684234798694,1.2181684234798695,384,128.0,128.0,0.46735828681658903,-25.67453608106141,-1.805,-1.196
686799,"Kochanowicz, Jack",2025,26.672779611134168,1370,0.01946918219790815,1.946918219790815,227,75.66666666666667,75.2,0.29836013650453264,-26.374419474629637,-3.137,-1.925
663623,"Irvin, Jake",2025,27.32588989110294,2870,0.009521215989931338,0.952121598993134,500,166.66666666666666,166.2,0.6250318188087655,-26.700858072294174,-1.442,-0.93
672282,"Detmers, Reid",2024,27.361390502114393,1267,0.021595414760942695,2.1595414760942697,200,66.66666666666667,66.2,0.2759286809863086,-27.085461821128085,-3.657,-2.138
666214,"Wentz, Joey",2023,30.189803158205926,1463,0.020635545562683478,2.0635545562683477,239,79.66666666666667,79.2,0.31861378080739505,-29.87118937739853,-3.375,-2.042
622663,"Severino, Luis",2023,31.758334808160466,1178,0.026959537188591228,2.6959537188591223,176,58.666666666666664,58.2,0.25654616116959084,-31.501788646990875,-4.833,-2.674
458681,"Lynn, Lance",2023,31.94804879921098,2437,0.013109580959873197,1.3109580959873197,413,137.66666666666666,137.2,0.5307325931836102,-31.41731620602737,-2.054,-1.289
622608,"Senzatela, Antonio",2025,32.34205811515996,2094,0.015445108937516694,1.5445108937516694,344,114.66666666666667,114.2,0.456033668496709,-31.88602444666325,-2.503,-1.523
543475,"Lyles, Jordan",2023,32.759493673287075,2209,0.01483001071674381,1.4830010716743809,407,135.66666666666666,135.2,0.48107849747336684,-32.278415175813706,-2.141,-1.461
608566,"Márquez, Germán",2025,33.02750434440923,1563,0.021130840911330283,2.113084091133029,281,93.66666666666667,93.2,0.3403918929610106,-32.68711245144822,-3.141,-2.091
657756,"Seabold, Connor",2023,35.38507477937269,1321,0.026786581967731028,2.6786581967731027,213,71.0,71.0,0.28768886154926104,-35.09738591782342,-4.449,-2.657
571578,"Corbin, Patrick",2022,36.823991018524,1730,0.02128554394134335,2.1285543941343352,291,97.0,97.0,0.3767613402575485,-36.44722967826645,-3.382,-2.107
572971,"Keuchel, Dallas",2022,41.449540839636775,1077,0.03848611034320963,3.848611034320963,162,54.0,54.0,0.23455026789443914,-41.214990571742334,-6.869,-3.827
