pitcher,player_name,pitch_type,game_year,num_pitches,xgb_stuff_plus,lgb_stuff_plus,avg_velo,avg_ivb,avg_horz_break,avg_spin
425794,"Wainwright, Adam",CU,2022,349,95.93209,95.93209,73.28338108882522,-15.015816618911176,-15.91083094555874,2778.2844827586205
425794,"Wainwright, Adam",CU,2023,214,95.860275,95.860275,71.9588785046729,-13.552710280373832,-16.55214953271028,2655.180487804878
425794,"Wainwright, Adam",FC,2022,319,98.40376,98.40376,84.31159874608151,5.9401880877742945,-6.310344827586207,2404.905956112853
425794,"Wainwright, Adam",FC,2023,181,98.8011,98.8011,82.81270718232044,7.739668508287293,-5.5253038674033155,2319.1162790697676
425794,"Wainwright, Adam",SI,2022,275,94.86364,94.86364,88.55345454545454,12.055854545454546,12.908945454545455,2203.6436363636362
425794,"Wainwright, Adam",SI,2023,196,96.47398,96.47398,86.87653061224489,11.184489795918367,13.40938775510204,2165.069892473118
425844,"Greinke, Zack",CH,2022,106,95.36793,95.36793,86.47735849056605,3.387169811320755,12.611320754716981,1658.311320754717
425844,"Greinke, Zack",CH,2023,113,96.1292,96.1292,86.81238938053097,4.059823008849557,13.072566371681416,1750.3805309734514
425844,"Greinke, Zack",CU,2022,152,96.23355,96.23355,71.83092105263158,-11.583157894736843,-12.67578947368421,2442.440789473684
425844,"Greinke, Zack",FF,2022,225,93.98801,93.98801,89.13866666666667,15.877333333333334,1.4832,2287.471111111111
425844,"Greinke, Zack",FF,2023,151,92.27682,92.27682,89.84834437086093,15.61271523178808,2.868079470198676,2254.6225165562914
425844,"Greinke, Zack",SL,2023,140,96.94215,96.94215,79.41714285714285,2.988,-13.580571428571428,2459.568345323741
434378,"Verlander, Justin",CU,2022,137,96.06862,96.06862,79.38102189781023,-11.495474452554745,-7.095766423357664,2652.299270072993
434378,"Verlander, Justin",CU,2023,163,97.80368,97.80368,78.46257668711657,-13.403190184049079,-6.953374233128835,2712.99375
434378,"Verlander, Justin",CU,2024,103,97.28932,97.28932,77.7621359223301,-13.733592233009707,-6.968155339805826,2685.029126213592
434378,"Verlander, Justin",CU,2025,101,97.96436,97.96436,79.21683168316831,-11.704158415841583,-7.482772277227722,2744.29702970297
434378,"Verlander, Justin",FF,2022,543,98.859116,98.859116,95.22854511970534,19.00022099447514,9.343867403314917,2425.572744014733
434378,"Verlander, Justin",FF,2023,510,96.69079,96.69079,94.33882352941177,18.929411764705883,7.963764705882353,2426.585798816568
434378,"Verlander, Justin",FF,2024,344,94.639244,94.639244,93.64098837209302,19.212906976744186,8.605813953488372,2396.3081395348836
434378,"Verlander, Justin",FF,2025,390,95.10077,95.10077,94.22307692307692,18.661538461538463,8.693846153846154,2442.9179487179485
434378,"Verlander, Justin",SL,2022,289,98.77543,98.77543,87.6242214532872,4.901730103806228,-3.9292733564013838,2468.242214532872
434378,"Verlander, Justin",SL,2023,256,98.7,98.7,87.01875,3.8690625,-4.7775,2508.1984126984125
434378,"Verlander, Justin",SL,2024,152,98.41513,98.41513,86.78157894736842,5.928947368421053,-3.65921052631579,2437.9013157894738
434378,"Verlander, Justin",SL,2025,222,98.437386,98.437386,87.54144144144145,5.46054054054054,-3.5637837837837836,2496.4234234234236
434671,"Sánchez, Aníbal",CH,2022,166,97.97832,97.97832,79.4301204819277,8.236626506024097,13.404578313253012,1462.512048192771
434671,"Sánchez, Aníbal",FC,2022,141,97.663124,97.663124,87.2482269503546,12.067234042553192,-0.4604255319148936,2101.9858156028367
434671,"Sánchez, Aníbal",SI,2022,102,98.27451,98.27451,89.22843137254901,13.565882352941177,12.230588235294118,1926.235294117647
445276,"Jansen, Kenley",FC,2022,238,100.25924,100.25924,92.28403361344537,16.365882352941178,-8.415126050420168,2566.7679324894516
445276,"Jansen, Kenley",FC,2023,233,102.38756,102.38756,94.50085836909872,18.053562231759656,-1.689785407725322,2626.262931034483
445276,"Jansen, Kenley",FC,2024,168,100.74821,100.74821,92.41011904761905,17.496428571428574,-5.925714285714285,2639.5416666666665
445276,"Jansen, Kenley",FC,2025,261,99.09042,99.09042,92.77984496124031,18.625581395348835,-2.6204651162790698,2585.3372093023254
445926,"Chavez, Jesse",FC,2022,220,99.60272,99.60272,89.0909090909091,12.769090909090908,1.8179999999999998,2223.2136363636364
445926,"Chavez, Jesse",FC,2023,107,99.54486,99.54486,88.41495327102804,12.269158878504673,0.3173831775700935,2273.9320388349515
445926,"Chavez, Jesse",FC,2024,200,97.1305,97.1305,88.7465,12.288,1.4424000000000001,2204.345
446372,"Kluber, Corey",CU,2022,234,98.94188,98.94188,80.91324786324786,1.383076923076923,-16.104615384615386,2517.525641025641
446372,"Kluber, Corey",CU,2023,128,98.117966,98.117966,80.63984375,2.9775,-15.7134375,2562.1875
446372,"Kluber, Corey",FC,2022,323,100.68297,100.68297,86.45294117647059,8.398513931888544,-2.7941795665634674,2456.7616099071206
446372,"Kluber, Corey",FC,2023,130,100.42231,100.42231,85.93615384615386,8.299384615384616,-2.4323076923076923,2491.375
446372,"Kluber, Corey",SI,2022,172,98.449425,98.449425,88.88779069767442,8.727906976744187,16.19860465116279,2077.5232558139537
448179,"Hill, Rich",CU,2022,294,94.44898,94.44898,72.00646258503401,-13.5265306122449,17.647755102040815,2644.6156462585036
448179,"Hill, Rich",CU,2023,332,93.91868,93.91868,72.0039156626506,-12.604337349397591,16.753373493975904,2623.201834862385
448179,"Hill, Rich",FC,2023,164,99.38963,99.38963,83.35,6.561951219512196,3.354146341463415,2310.575
448179,"Hill, Rich",FF,2022,240,99.738754,99.738754,88.61458333333333,18.596,-8.3085,2254.775
448179,"Hill, Rich",FF,2023,287,98.902435,98.902435,88.52229965156795,17.350662020905926,-6.462020905923344,2212.611510791367
448179,"Hill, Rich",ST,2022,101,98.30693,98.30693,69.19504950495049,1.6526732673267326,22.718019801980198,2528.019801980198
450203,"Morton, Charlie",CU,2022,377,103.45358,103.45358,81.29045092838196,-9.505145888594164,-15.54684350132626,3071.737400530504
450203,"Morton, Charlie",CU,2023,391,104.920456,104.920456,82.48951406649617,-7.872122762148337,-13.462404092071612,3085.3205128205127
450203,"Morton, Charlie",CU,2024,357,101.79944,101.79944,81.63137254901962,-8.870924369747899,-13.845714285714285,3069.6974789915967
450203,"Morton, Charlie",CU,2025,348,102.37557,102.37557,81.4646551724138,-9.208620689655172,-15.744827586206895,3186.9597701149423
450203,"Morton, Charlie",FF,2022,362,99.44558,99.44558,94.91602209944752,12.492928176795578,10.48939226519337,2367.3
450203,"Morton, Charlie",FF,2023,283,98.17314,98.17314,95.03816254416961,10.788551236749116,13.187703180212013,2303.250883392226
450203,"Morton, Charlie",FF,2024,225,97.87378,97.87378,94.34622222222222,10.666133333333335,13.639466666666667,2255.0
450203,"Morton, Charlie",FF,2025,242,100.58843,100.58843,94.4202479338843,12.516198347107439,11.984132231404958,2329.409090909091
450203,"Morton, Charlie",SI,2025,134,99.088806,99.088806,94.04962406015038,4.248721804511279,17.81593984962406,2229.278195488722
453178,"Kennedy, Ian",FF,2022,304,99.802635,99.802635,93.3983552631579,17.49473684210526,10.337763157894736,2444.0822368421054
453268,"Bard, Daniel",SI,2022,143,99.97762,99.97762,98.1041958041958,6.837482517482518,14.832167832167832,2501.3636363636365
453268,"Bard, Daniel",SL,2022,150,98.146,98.146,88.43733333333334,2.0216,-7.271999999999999,2778.96
453268,"Bard, Daniel",SL,2023,136,96.625,96.625,87.31911764705882,2.5808823529411766,-6.303529411764706,2667.8496240601503
453286,"Scherzer, Max",CH,2023,131,98.54656,98.54656,83.9618320610687,2.946870229007634,14.265343511450382,1374.6564885496184
453286,"Scherzer, Max",CU,2023,112,102.04018,102.04018,75.38660714285713,-9.463928571428571,-14.868214285714286,2723.8839285714284
453286,"Scherzer, Max",FC,2023,120,105.872505,105.872505,88.46499999999999,7.4159999999999995,-1.3359999999999999,2387.991666666667
453286,"Scherzer, Max",FF,2022,394,103.35507,103.35507,94.28121827411168,16.043756345177666,10.959289340101522,2387.723350253807
453286,"Scherzer, Max",FF,2023,476,101.87563,101.87563,93.84243697478992,15.66781512605042,10.5990756302521,2362.266806722689
453286,"Scherzer, Max",FF,2024,142,100.90986,100.90986,92.53239436619718,16.045352112676056,9.779154929577466,2301.0985915492956
453286,"Scherzer, Max",FF,2025,258,99.12286,99.12286,93.74186046511629,15.946046511627907,8.810697674418604,2392.4341085271317
453286,"Scherzer, Max",SL,2022,217,104.08295,104.08295,84.96405529953917,3.014930875576037,-3.36,2310.0506912442397
453286,"Scherzer, Max",SL,2023,177,100.95819,100.95819,83.89774011299434,1.3966101694915256,-3.5159322033898306,2276.35593220339
453286,"Scherzer, Max",SL,2025,129,100.16357,100.16357,86.3093023255814,3.4446511627906977,-3.6530232558139537,2386.1782945736436
453343,"Melancon, Mark",FC,2022,201,95.80547,95.80547,90.76915422885571,9.47582089552239,-0.8591044776119403,2247.2676767676767
453343,"Melancon, Mark",KC,2022,100,100.02901,100.02901,81.896,-14.2164,-4.7076,2574.69
455119,"Martin, Chris",FC,2022,113,97.19026,97.19026,91.61858407079646,6.16141592920354,-2.418053097345133,2163.380530973451
455119,"Martin, Chris",FC,2023,112,97.37858,97.37858,92.17142857142858,8.1075,-2.1675,2171.9196428571427
455119,"Martin, Chris",FC,2024,123,97.43089,97.43089,91.9869918699187,9.30439024390244,-1.8341463414634145,2208.60162601626
455119,"Martin, Chris",FF,2022,164,96.10305,96.10305,95.34268292682927,14.219999999999999,7.581219512195122,2189.2073170731705
456501,"Cueto, Johnny",CH,2022,184,96.27228,96.27228,82.70760869565218,4.300434782608695,12.243913043478262,1328.4565217391305
456501,"Cueto, Johnny",FC,2022,188,98.0484,98.0484,87.08244680851064,10.030212765957447,3.1512765957446813,2182.781914893617
456501,"Cueto, Johnny",FF,2022,215,99.57395,99.57395,91.55162790697673,15.20539534883721,12.123906976744186,2199.786046511628
456501,"Cueto, Johnny",FF,2023,187,100.51925,100.51925,92.29304812834224,15.709732620320855,11.502032085561497,2213.342245989305
456501,"Cueto, Johnny",SI,2022,237,97.124054,97.124054,91.6126582278481,9.18126582278481,16.826835443037975,2118.822033898305
456501,"Cueto, Johnny",SL,2022,121,97.79752,97.79752,83.3,5.108429752066116,-2.916694214876033,2252.0743801652893
456713,"Bush, Matt",FF,2022,118,107.96271,107.96271,97.37711864406779,19.1664406779661,6.687457627118644,2521.7118644067796
458677,"Wilson, Justin",FF,2024,174,101.44426,101.44426,95.52471264367816,17.713103448275863,-6.60896551724138,2211.2241379310344
458677,"Wilson, Justin",FF,2025,117,99.36581,99.36581,94.53931623931624,18.95076923076923,-5.218461538461539,2248.1794871794873
458681,"Lynn, Lance",CU,2023,165,101.25697,101.25697,81.98848484848484,-1.2705454545454544,-9.205818181818183,2466.306748466258
458681,"Lynn, Lance",FC,2022,225,101.672,101.672,88.85066666666667,5.2752,-2.243733333333333,2600.4755555555557
458681,"Lynn, Lance",FC,2023,296,100.85744,100.85744,88.6375,5.759594594594594,-2.7494594594594597,2572.716723549488
458681,"Lynn, Lance",FC,2024,134,100.1306,100.1306,88.05522388059701,5.677611940298507,-1.6414925373134328,2636.4626865671644
458681,"Lynn, Lance",FF,2022,372,104.39651,104.39651,93.07016129032257,13.403225806451612,3.629032258064516,2460.9703504043127
458681,"Lynn, Lance",FF,2023,553,102.08608,102.08608,92.51103074141048,13.479493670886075,3.2074502712477395,2431.1755027422305
458681,"Lynn, Lance",FF,2024,328,101.01616,101.01616,92.34085365853659,12.996585365853658,4.086585365853659,2444.113149847095
458681,"Lynn, Lance",SI,2022,109,98.16422,98.16422,91.58990825688073,6.940183486238532,10.933211009174313,2327.330275229358
458681,"Lynn, Lance",SI,2023,143,99.53287,99.53287,91.19160839160838,6.550489510489511,11.27916083916084,2266.13986013986
458681,"Lynn, Lance",SI,2024,110,97.88,97.88,91.20636363636365,8.082545454545455,13.118181818181819,2370.5454545454545
459429,"McGee, Jake",FF,2022,239,97.05272,97.05272,94.41924686192469,15.16970711297071,-11.890041841004184,2070.4789915966385
468504,"Chacín, Jhoulys",SI,2022,118,97.6,97.6,92.8313559322034,9.335593220338982,11.36542372881356,2301.7881355932204
471911,"Carrasco, Carlos",CH,2022,281,100.60569,100.60569,87.28576512455516,1.1034875444839858,8.324839857651247,1319.7722419928825
471911,"Carrasco, Carlos",CH,2023,220,101.33182,101.33182,87.41181818181818,0.6398181818181817,8.069454545454546,1369.5433789954338
471911,"Carrasco, Carlos",CH,2024,146,99.84315,99.84315,87.07397260273972,2.3638356164383563,6.875342465753424,1344.248275862069
471911,"Carrasco, Carlos",FF,2022,329,95.717026,95.717026,93.14316109422492,13.8838905775076,7.5807902735562305,2281.641337386018
471911,"Carrasco, Carlos",FF,2023,181,93.68287,93.68287,92.85524861878453,11.781878453038674,5.408618784530387,2211.711111111111
471911,"Carrasco, Carlos",FF,2024,143,92.66783,92.66783,91.57622377622377,10.12027972027972,2.8137062937062938,2172.083916083916
471911,"Carrasco, Carlos",SI,2022,105,98.8219,98.8219,91.69142857142857,7.220571428571429,16.02857142857143,2171.847619047619
471911,"Carrasco, Carlos",SL,2022,240,99.948746,99.948746,84.46416666666667,1.9685,-2.3415000000000004,2463.1041666666665
471911,"Carrasco, Carlos",SL,2023,122,99.08279,99.08279,84.26229508196721,1.1311475409836065,-3.739672131147541,2489.175
471911,"Carrasco, Carlos",SL,2024,163,98.06319,98.06319,84.02883435582822,-0.07435582822085889,-4.303067484662576,2463.4969325153374
472610,"García, Luis",SI,2022,189,101.89471,101.89471,98.95502645502646,10.013333333333334,14.957460317460317,2144.101063829787
472610,"García, Luis",SI,2023,182,99.71154,99.71154,97.46428571428571,10.294945054945055,14.4989010989011,2152.8626373626375
472610,"García, Luis",SI,2024,172,97.63721,97.63721,96.44302325581396,10.865581395348839,13.926279069767443,2163.8837209302324
472610,"García, Luis",SI,2025,150,99.861336,99.861336,97.15347222222222,10.498333333333333,13.855833333333333,2195.5555555555557
475479,"Phelps, David",FF,2022,108,102.933334,102.933334,93.20462962962964,18.362222222222222,8.891111111111112,2372.8333333333335
476595,"Luetge, Lucas",FC,2022,212,98.70755,98.70755,87.44952830188679,6.027169811320754,5.161698113207547,2587.1556603773583
477132,"Kershaw, Clayton",CU,2022,109,102.25872,102.25872,73.3440366972477,-15.725504587155962,5.059816513761468,2396.770642201835
477132,"Kershaw, Clayton",CU,2023,123,100.827644,100.827644,73.5430894308943,-15.357073170731708,3.8,2296.8196721311474
477132,"Kershaw, Clayton",FF,2022,244,96.49057,96.49057,90.78032786885247,18.612786885245903,0.78,2404.6434426229507
477132,"Kershaw, Clayton",FF,2023,246,96.86504,96.86504,90.97276422764227,17.781463414634146,0.24780487804878049,2326.2520325203254
477132,"Kershaw, Clayton",FF,2025,127,98.90866,98.90866,89.13728813559322,17.01559322033898,0.2145762711864407,2317.6666666666665
477132,"Kershaw, Clayton",SL,2022,400,100.864006,100.864006,86.55950000000001,6.5466,5.4885,2573.835
477132,"Kershaw, Clayton",SL,2023,457,98.63742,98.63742,86.6304157549234,6.776192560175054,5.303107221006565,2469.5153508771928
477132,"Kershaw, Clayton",SL,2025,241,100.629456,100.629456,85.7865470852018,7.48304932735426,4.624035874439462,2491.3217821782177
489119,"Miley, Wade",CH,2023,163,98.29141,98.29141,83.51472392638037,7.445153374233128,-15.28638036809816,1808.1717791411043
489119,"Miley, Wade",FC,2023,336,96.05655,96.05655,87.15505952380951,7.923214285714285,2.9435714285714285,2221.7380952380954
489119,"Miley, Wade",FF,2023,149,94.5,94.5,90.55503355704698,16.65020134228188,-3.0128859060402684,2184.8310810810813
489334,"Stammen, Craig",SI,2022,135,96.91926,96.91926,91.53481481481482,10.819555555555556,14.074666666666666,2208.0296296296297
489446,"Yates, Kirby",FF,2023,176,100.24545,100.24545,93.5340909090909,13.860681818181819,13.39159090909091,2309.909090909091
489446,"Yates, Kirby",FF,2024,200,100.831505,100.831505,93.19149999999999,14.7918,13.4496,2330.025
489446,"Yates, Kirby",FF,2025,187,101.36043,101.36043,92.75277777777778,13.651333333333332,13.362666666666668,2322.862068965517
489446,"Yates, Kirby",FS,2023,170,100.03588,100.03588,86.12176470588236,-0.3818823529411765,12.779294117647058,1351.335294117647
489446,"Yates, Kirby",FS,2024,120,100.45083,100.45083,86.1225,-0.223,13.01,1255.3916666666667
489446,"Yates, Kirby",FS,2025,111,101.29009,101.29009,85.7601851851852,-0.3555555555555556,11.945555555555554,1195.0
493603,"Ottavino, Adam",SI,2023,110,97.79182,97.79182,92.68363636363637,5.158909090909091,16.572,2251.3454545454547
493603,"Ottavino, Adam",ST,2022,158,100.33734,100.33734,81.28607594936709,1.9602531645569623,-17.617215189873416,2702.259493670886
493603,"Ottavino, Adam",ST,2024,121,98.45537,98.45537,79.06611570247934,0.5107438016528926,-16.910082644628098,2723.25
500779,"Quintana, Jose",CH,2022,175,96.92057,96.92057,86.40285714285714,5.786057142857143,-11.731885714285713,1317.3391812865498
500779,"Quintana, Jose",CH,2024,201,102.44378,102.44378,85.7273631840796,4.3414925373134325,-14.290149253731345,1329.0463917525774
500779,"Quintana, Jose",CH,2025,170,101.4147,101.4147,85.55243902439025,3.5260975609756096,-15.00731707317073,1373.7865853658536
500779,"Quintana, Jose",CU,2022,192,98.7927,98.7927,78.29322916666666,-8.268749999999999,7.333125,2268.15625
500779,"Quintana, Jose",CU,2024,242,96.90207,96.90207,77.58553719008265,-8.067768595041322,6.723966942148761,2226.3080168776373
500779,"Quintana, Jose",CU,2025,102,96.183334,96.183334,78.36534653465347,-5.976237623762376,5.916831683168317,2167.0
500779,"Quintana, Jose",FF,2022,366,100.34754,100.34754,91.30464480874316,15.360655737704919,-2.5957377049180326,2073.254098360656
500779,"Quintana, Jose",FF,2023,122,99.94098,99.94098,90.26311475409837,16.065245901639344,-2.6783606557377047,2074.2131147540986
500779,"Quintana, Jose",FF,2024,263,98.13764,98.13764,90.68365019011407,16.304942965779468,-4.040304182509505,2072.544061302682
500779,"Quintana, Jose",SI,2022,136,98.213234,98.213234,91.46691176470588,12.810882352941176,-12.540000000000001,2067.1119402985073
500779,"Quintana, Jose",SI,2023,139,98.40432,98.40432,90.41079136690648,13.566906474820144,-13.640287769784173,2093.0863309352517
500779,"Quintana, Jose",SI,2024,321,99.39595,99.39595,90.74049844236761,12.685233644859814,-14.129345794392524,2055.527687296417
500779,"Quintana, Jose",SI,2025,309,98.92427,98.92427,90.44503311258279,11.993245033112583,-13.900529801324504,2087.1258278145697
501381,"Pineda, Michael",FF,2022,165,90.911514,90.911514,90.01272727272728,13.853090909090911,5.278545454545455,1927.8902439024391
501985,"Minor, Mike",CH,2022,201,96.21393,96.21393,84.1323383084577,10.004179104477611,-16.751044776119404,2177.18
501985,"Minor, Mike",FF,2022,291,96.82715,96.82715,90.51546391752578,14.014845360824744,-3.558762886597938,2481.2172413793105
501985,"Minor, Mike",SL,2022,189,95.84392,95.84392,85.47248677248677,3.421587301587302,3.5834920634920633,2706.7619047619046
502042,"Archer, Chris",FF,2022,127,98.043304,98.043304,93.41417322834646,18.459212598425196,6.39023622047244,2174.3779527559054
502042,"Archer, Chris",SL,2022,227,96.56211,96.56211,88.74361233480175,3.714185022026432,-5.394185022026432,2455.0176211453745
502043,"Gibson, Kyle",CH,2022,131,98.887024,98.887024,84.76870229007635,3.7887022900763356,14.730687022900764,1615.5496183206108
502043,"Gibson, Kyle",CH,2023,217,98.64562,98.64562,85.37649769585254,4.180092165898618,13.670599078341013,1679.3456221198157
502043,"Gibson, Kyle",CH,2024,128,98.84062,98.84062,84.771875,4.685625,12.58875,1712.0944881889764
502043,"Gibson, Kyle",FC,2022,243,96.35926,96.35926,89.45761316872428,9.50469135802469,-0.9925925925925926,2354.786008230453
502043,"Gibson, Kyle",FC,2023,174,94.90919,94.90919,89.79885057471265,10.495862068965517,-1.2510344827586208,2351.5555555555557
502043,"Gibson, Kyle",FC,2024,211,96.44692,96.44692,88.51848341232228,8.408530805687205,-2.9124170616113743,2338.9333333333334
502043,"Gibson, Kyle",FF,2022,106,93.724525,93.724525,92.14622641509433,15.910188679245284,6.139245283018868,2285.1603773584907
502043,"Gibson, Kyle",FF,2023,131,95.84504,95.84504,92.08091603053435,16.710229007633586,5.344122137404581,2263.8702290076335
502043,"Gibson, Kyle",SI,2022,283,97.4159,97.4159,91.85512367491167,6.990530035335689,14.152367491166077,2125.1342756183744
502043,"Gibson, Kyle",SI,2023,270,96.89889,96.89889,92.00074074074074,8.296444444444445,14.705333333333334,2115.840740740741
502043,"Gibson, Kyle",SI,2024,240,97.176254,97.176254,90.73208333333334,7.3100000000000005,13.277,2016.7210300429185
502043,"Gibson, Kyle",SL,2022,202,99.5401,99.5401,83.29257425742574,-1.4536633663366336,-4.625346534653466,2515.1485148514853
502043,"Gibson, Kyle",ST,2023,223,104.1704,104.1704,81.6372197309417,1.0261883408071748,-9.94493273542601,2466.5384615384614
502043,"Gibson, Kyle",ST,2024,266,102.86654,102.86654,80.8812030075188,-0.2855639097744361,-12.280601503759398,2405.0375939849623
502085,"Robertson, David",FC,2022,122,99.71722,99.71722,92.9827868852459,16.921967213114755,-0.800655737704918,2612.377049180328
502085,"Robertson, David",FC,2023,165,100.89697,100.89697,93.24000000000001,16.22327272727273,-1.8436363636363635,2670.163636363636
502085,"Robertson, David",FC,2024,191,101.44974,101.44974,93.30994764397906,16.75476439790576,-1.1535078534031413,2604.497382198953
502171,"Cobb, Alex",FS,2022,475,96.93579,96.93579,89.71242105263158,1.856336842105263,12.99082105263158,1596.369978858351
502171,"Cobb, Alex",FS,2023,428,96.206535,96.206535,89.5714953271028,2.088504672897196,12.80663551401869,1570.906103286385
502171,"Cobb, Alex",SI,2022,303,97.26337,97.26337,94.87128712871286,9.175445544554455,15.93148514851485,2113.658940397351
502171,"Cobb, Alex",SI,2023,305,98.18656,98.18656,94.62491803278688,6.982032786885246,15.957639344262295,2089.4900662251657
502179,"Espino, Paolo",CU,2022,185,97.04541,97.04541,71.46756756756757,-18.280864864864864,-13.181189189189189,3011.5783783783786
502179,"Espino, Paolo",FF,2022,285,94.86772,94.86772,88.53929824561403,19.049684210526316,2.6450526315789475,2224.217543859649
502179,"Espino, Paolo",ST,2022,141,96.90496,96.90496,77.63546099290781,1.2714893617021277,-18.937021276595743,2743.9078014184397
502202,"Boxberger, Brad",FF,2022,185,97.36433,97.36433,92.98972972972972,17.206702702702703,5.963675675675676,2382.5297297297298
502624,"Anderson, Chase",CH,2023,121,99.6,99.6,83.77438016528926,10.91702479338843,15.099173553719009,2303.935779816514
502624,"Anderson, Chase",CH,2024,124,100.37177,100.37177,83.79354838709678,12.000967741935483,18.078387096774193,2304.435483870968
502624,"Anderson, Chase",FC,2023,129,98.47131,98.47131,89.32480620155039,7.1395348837209305,-4.023255813953488,2400.076923076923
502624,"Anderson, Chase",FC,2024,133,97.85865,97.85865,88.75187969924812,7.026766917293233,-3.2769924812030076,2429.5714285714284
502624,"Anderson, Chase",FF,2023,139,96.91007,96.91007,93.4956834532374,13.081726618705035,7.363165467625899,2192.1147540983607
506433,"Darvish, Yu",FF,2022,302,103.47715,103.47715,94.99172185430463,16.776158940397348,7.188476821192054,2417.917218543046
506433,"Darvish, Yu",FF,2023,162,103.488266,103.488266,94.72654320987655,17.234814814814815,6.438518518518518,2410.222222222222
506433,"Darvish, Yu",FS,2022,110,97.09455,97.09455,89.22000000000001,5.077090909090909,5.162181818181819,1302.290909090909
506433,"Darvish, Yu",SI,2022,104,100.16346,100.16346,94.91346153846153,11.456538461538461,14.07346153846154,2276.980769230769
506433,"Darvish, Yu",SI,2023,114,98.30439,98.30439,94.26228070175438,10.305263157894736,14.057894736842105,2274.1491228070176
506433,"Darvish, Yu",SL,2022,346,96.15752,96.15752,86.13901734104046,-0.12000000000000001,-5.774219653179191,2781.4942196531792
506433,"Darvish, Yu",SL,2023,137,97.608765,97.608765,86.03503649635036,-1.2937226277372262,-5.418394160583942,2832.92700729927
506433,"Darvish, Yu",ST,2022,195,98.98103,98.98103,82.92461538461538,-0.048615384615384616,-16.36430769230769,2726.3076923076924
506433,"Darvish, Yu",ST,2023,160,97.66063,97.66063,82.83250000000001,0.213,-17.106,2791.0188679245284
517008,"Colomé, Alex",FC,2022,245,100.77878,100.77878,90.57224489795918,6.423183673469388,-2.17665306122449,2155.338775510204
518397,"Alexander, Scott",SI,2023,202,100.829704,100.829704,92.77128712871287,3.8334653465346533,-13.732277227722772,2222.0969387755104
518397,"Alexander, Scott",SI,2024,140,101.26071,101.26071,92.21142857142857,3.2614285714285716,-14.016857142857143,2167.4928571428572
518489,"Brasier, Ryan",FF,2022,186,102.54408,102.54408,95.78279569892473,16.451612903225808,7.0438709677419356,2259.559139784946
518489,"Brasier, Ryan",FF,2023,122,101.03689,101.03689,95.55163934426228,16.754754098360657,7.280655737704918,2302.3360655737706
518489,"Brasier, Ryan",SL,2022,150,99.42333,99.42333,85.56133333333334,-0.7104,-6.3328,2466.9133333333334
518489,"Brasier, Ryan",SL,2023,125,101.1328,101.1328,84.98,-0.58848,-5.65536,2491.56
518516,"Bumgarner, Madison",CU,2022,181,98.09226,98.09226,78.72651933701657,-2.400662983425414,9.419005524861879,2315.3259668508285
518516,"Bumgarner, Madison",FC,2022,438,97.15799,97.15799,87.46872146118722,8.161369863013698,2.8002739726027395,2293.837528604119
518516,"Bumgarner, Madison",FF,2022,269,96.64498,96.64498,91.22230483271375,15.40550185873606,-7.579182156133829,2210.2044609665427
518553,"Cishek, Steve",FF,2022,121,105.86777,105.86777,89.62975206611571,11.316694214876032,11.982148760330578,2386.3636363636365
518553,"Cishek, Steve",SI,2022,131,98.4313,98.4313,89.90458015267176,4.900763358778626,17.470534351145037,2283.8091603053435
518553,"Cishek, Steve",SL,2022,129,101.566666,101.566666,76.78527131782946,-4.745116279069768,-16.010232558139535,2282.186046511628
518585,"Cruz, Fernando",FC,2024,108,100.501854,100.501854,88.71944444444445,7.935555555555555,-4.285555555555556,2435.8055555555557
518585,"Cruz, Fernando",FF,2023,142,96.5669,96.5669,94.31338028169014,16.62169014084507,7.848169014084507,2219.4893617021276
518585,"Cruz, Fernando",FF,2024,122,98.455734,98.455734,94.69672131147541,17.04295081967213,6.431803278688525,2283.2868852459014
518585,"Cruz, Fernando",FS,2023,172,106.01163,106.01163,81.53081395348836,3.0934883720930233,4.89,861.514619883041
518585,"Cruz, Fernando",FS,2024,167,106.61377,106.61377,81.54491017964072,3.200479041916168,5.2253892215568865,863.5748502994012
518585,"Cruz, Fernando",FS,2025,201,105.832344,105.832344,80.59203980099502,0.3976119402985075,4.795820895522389,832.9751243781094
518617,"Diekman, Jake",FF,2022,168,105.4619,105.4619,95.67738095238094,12.63857142857143,-15.821428571428571,2291.1964285714284
518617,"Diekman, Jake",FF,2023,181,101.94807,101.94807,95.58839779005525,11.025414364640884,-17.559779005524863,2248.1791907514453
518617,"Diekman, Jake",FF,2024,102,99.32353,99.32353,94.20588235294117,10.96,-17.389411764705883,2269.463157894737
518617,"Diekman, Jake",ST,2022,123,102.57317,102.57317,81.41869918699187,1.2585365853658537,16.303414634146343,2852.609756097561
518876,"Kelly, Merrill",CH,2022,333,98.99249,98.99249,88.61951951951951,2.661621621621622,16.416216216216217,2153.5975975975975
518876,"Kelly, Merrill",CH,2023,301,101.7196,101.7196,88.57109634551496,0.7682392026578073,15.669767441860467,2134.551495016611
518876,"Kelly, Merrill",CH,2025,281,100.03629,100.03629,88.28185053380783,-0.028185053380782924,14.870177935943062,2157.950177935943
518876,"Kelly, Merrill",CU,2022,134,98.791046,98.791046,82.40970149253731,-9.92776119402985,-9.130746268656717,2547.8432835820895
518876,"Kelly, Merrill",CU,2023,102,97.88333,97.88333,82.3813725490196,-10.410588235294117,-9.218823529411765,2590.7549019607845
518876,"Kelly, Merrill",FC,2022,232,96.78836,96.78836,90.74568965517241,12.672413793103448,1.4937931034482759,2331.1293103448274
518876,"Kelly, Merrill",FC,2023,175,96.14458,96.14458,90.79028571428572,12.444342857142859,1.1643428571428571,2355.657142857143
518876,"Kelly, Merrill",FC,2025,190,96.176315,96.176315,90.58736842105263,11.499157894736843,2.998736842105263,2360.073684210526
518876,"Kelly, Merrill",FF,2022,412,96.65898,96.65898,92.7140776699029,15.366699029126213,7.788932038834951,2357.9077669902913
518876,"Kelly, Merrill",FF,2023,268,98.49067,98.49067,92.25223880597014,14.576417910447761,7.250149253731343,2354.0783582089553
518876,"Kelly, Merrill",FF,2025,171,97.7,97.7,91.78245614035087,14.670877192982456,9.20140350877193,2348.93567251462
518876,"Kelly, Merrill",SI,2022,238,99.154625,99.154625,92.52226890756302,7.394621848739496,16.083529411764708,2209.590717299578
518876,"Kelly, Merrill",SI,2023,124,98.40161,98.40161,92.65564516129032,6.845806451612903,15.449032258064516,2207.0967741935483
518876,"Kelly, Merrill",SI,2025,147,98.00613,98.00613,92.05510204081632,5.887346938775511,16.26938775510204,2225.9795918367345
518886,"Kimbrel, Craig",FF,2022,263,107.70076,107.70076,95.70494296577947,14.308745247148288,10.351939163498098,2267.403041825095
518886,"Kimbrel, Craig",FF,2023,247,109.646965,109.646965,95.81943319838058,15.07578947368421,10.405506072874493,2352.080971659919
518886,"Kimbrel, Craig",FF,2024,235,107.127235,107.127235,93.87106382978723,15.6,9.703659574468086,2321.8212765957446
518886,"Kimbrel, Craig",KC,2023,115,103.564354,103.564354,86.03478260869565,-9.349565217391305,-10.14991304347826,2601.365217391304
519008,"McFarland, T.J.",SI,2022,102,99.92255,99.92255,88.83529411764707,0.43764705882352944,-17.39764705882353,1938.5346534653465
519008,"McFarland, T.J.",SI,2024,162,99.02408,99.02408,88.09938271604939,-2.84,-16.547407407407405,1968.0123456790122
519043,"Moore, Matt",CH,2023,106,101.85849,101.85849,84.02264150943395,8.079622641509435,-17.007169811320754,2019.8490566037735
519043,"Moore, Matt",CH,2024,109,103.32569,103.32569,82.7816513761468,7.355229357798166,-16.644770642201834,1908.7522935779816
519043,"Moore, Matt",FF,2022,181,100.17625,100.17625,93.82983425414365,17.90585635359116,-9.326187845303867,2375.491712707182
519043,"Moore, Matt",FF,2023,160,98.75188,98.75188,93.87937500000001,17.45325,-10.00125,2320.8875
519043,"Moore, Matt",FF,2024,161,96.40745,96.40745,92.71428571428571,17.55577639751553,-10.10086956521739,2251.0
519043,"Moore, Matt",KC,2022,144,98.02639,98.02639,83.46666666666667,-11.263333333333334,4.31,2449.590277777778
519141,"Pomeranz, Drew",FF,2025,240,100.82834,100.82834,92.7425,17.044,-1.256,2640.1375
519151,"Pressly, Ryan",FF,2024,103,97.61554,97.61554,93.78252427184466,16.292038834951455,0.27728155339805827,2562.5510204081634
519151,"Pressly, Ryan",SL,2023,188,99.44202,99.44202,89.64414893617021,2.636808510638298,-5.0419148936170215,2749.2978723404253
519151,"Pressly, Ryan",SL,2024,109,98.281654,98.281654,89.41926605504588,3.1166972477064223,-4.6899082568807335,2739.877358490566
519242,"Sale, Chris",CH,2024,140,96.799286,96.799286,86.92214285714286,0.3788571428571429,-16.139142857142858,1872.65
519242,"Sale, Chris",FF,2023,263,102.474144,102.474144,94.18174904942965,11.086083650190114,-14.755893536121674,2217.8931297709923
519242,"Sale, Chris",FF,2024,321,102.37819,102.37819,95.14735202492211,10.266915887850466,-15.06803738317757,2256.538940809969
519242,"Sale, Chris",FF,2025,312,100.4593,100.4593,95.00032051282051,9.171923076923077,-14.933846153846153,2263.003215434084
519242,"Sale, Chris",SL,2023,207,103.435745,103.435745,78.34009661835749,-4.3426086956521734,10.828985507246376,2263.913043478261
519242,"Sale, Chris",SL,2024,364,102.6555,102.6555,78.95412087912088,-4.673076923076923,10.816813186813187,2363.120879120879
519242,"Sale, Chris",SL,2025,370,102.574326,102.574326,79.4845945945946,-2.75027027027027,10.53372972972973,2364.827027027027
519293,"Smith, Will",FF,2022,142,93.74718,93.74718,92.01267605633802,17.046760563380282,-8.238591549295775,2170.3591549295775
519293,"Smith, Will",FF,2023,131,94.0229,94.0229,92.32213740458016,17.031755725190838,-6.757557251908397,2206.641221374046
519293,"Smith, Will",SL,2022,183,104.28797,104.28797,81.6431693989071,2.6019672131147544,5.093114754098361,2242.535519125683
519293,"Smith, Will",SL,2023,180,102.03333,102.03333,81.05944444444445,0.14333333333333337,7.218,2324.9608938547485
519293,"Smith, Will",SL,2024,130,99.32923,99.32923,80.69153846153846,1.2332307692307691,6.156,2382.6976744186045
519326,"Strickland, Hunter",FC,2024,109,104.34771,104.34771,84.30366972477064,4.867155963302752,-13.216513761467889,2814.908256880734
519326,"Strickland, Hunter",FF,2022,212,99.31604,99.31604,95.10094339622643,13.353396226415095,4.854905660377359,2375.1
519326,"Strickland, Hunter",FF,2024,125,98.2656,98.2656,94.296,14.904959999999999,8.052480000000001,2319.752
519326,"Strickland, Hunter",SL,2022,150,101.669334,101.669334,84.89333333333333,-1.2712,-8.6032,2822.391891891892
521230,"Hendriks, Liam",FF,2022,209,106.0177,106.0177,97.51674641148325,18.48574162679426,5.99311004784689,2380.5502392344497
527048,"Pérez, Martín",CH,2022,339,102.39263,102.39263,84.37433628318584,9.265486725663717,-14.075752212389382,1661.0530973451328
527048,"Pérez, Martín",CH,2023,255,101.53764,101.53764,84.18941176470588,8.567058823529411,-14.64235294117647,1687.263779527559
527048,"Pérez, Martín",CH,2024,173,101.76012,101.76012,83.26300578034682,8.178034682080925,-14.3521387283237,1673.8150289017342
527048,"Pérez, Martín",CH,2025,125,100.6944,100.6944,82.348,9.4032,-14.3712,1649.048
527048,"Pérez, Martín",FC,2022,263,93.945244,93.945244,89.98897338403042,12.099467680608365,-0.9919391634980989,2208.9198473282445
527048,"Pérez, Martín",FC,2023,154,94.41818,94.41818,89.39220779220778,12.469090909090909,-2.5916883116883116,2190.7727272727275
527048,"Pérez, Martín",FC,2024,143,96.050354,96.050354,87.80909090909091,11.82965034965035,-0.7644755244755245,2216.2097902097903
527048,"Pérez, Martín",FC,2025,104,98.61923,98.61923,85.99134615384615,10.911923076923076,0.4603846153846154,2224.3846153846152
527048,"Pérez, Martín",SI,2022,348,98.562355,98.562355,92.81896551724138,10.26206896551724,-16.31241379310345,2003.7463976945246
527048,"Pérez, Martín",SI,2023,298,98.26711,98.26711,91.73691275167785,9.584295302013423,-16.424697986577183,1965.4222972972973
527048,"Pérez, Martín",SI,2024,201,98.10199,98.10199,90.71791044776118,10.082388059701492,-16.19223880597015,1973.8855721393036
527048,"Pérez, Martín",SI,2025,114,98.32982,98.32982,89.69385964912281,9.494736842105263,-15.751578947368422,1981.7894736842106
527054,"Teheran, Julio",SI,2023,133,96.59173,96.59173,90.36691729323307,1.6087218045112783,15.883308270676691,2150.872180451128
528748,"Castellanos, Humberto",SI,2022,100,98.784004,98.784004,90.199,2.0004000000000004,16.1856,2032.31
541640,"Ramírez, Erasmo",FC,2022,261,98.320305,98.320305,89.27279693486591,9.232643678160919,-1.6344827586206898,2387.7088122605364
541640,"Ramírez, Erasmo",FC,2023,170,96.399414,96.399414,88.74,10.562117647058823,-1.4731764705882353,2354.775147928994
541640,"Ramírez, Erasmo",SI,2022,191,96.34293,96.34293,93.34607329842932,6.638324607329843,15.42910994764398,2207.1413612565443
541640,"Ramírez, Erasmo",SI,2023,119,97.776474,97.776474,91.39747899159663,7.541848739495799,15.937815126050419,2158.344537815126
542585,"Cisnero, José",FF,2023,133,100.51729,100.51729,95.73684210526316,15.752481203007518,10.354285714285714,2437.0375939849623
542881,"Anderson, Tyler",CH,2022,391,104.268036,104.268036,79.02685421994885,8.94537084398977,-13.237135549872123,1853.9667519181585
542881,"Anderson, Tyler",CH,2023,311,103.73537,103.73537,80.16816720257235,11.370675241157556,-12.853118971061093,1867.2354838709678
542881,"Anderson, Tyler",CH,2024,434,105.662445,105.662445,79.0930875576037,12.426635944700461,-12.491336405529953,1890.373271889401
542881,"Anderson, Tyler",CH,2025,355,105.62901,105.62901,78.60621301775149,12.390887573964497,-13.025680473372782,1913.9674556213017
542881,"Anderson, Tyler",FC,2022,279,99.93656,99.93656,85.71254480286738,9.5247311827957,2.615913978494624,2427.4050179211467
542881,"Anderson, Tyler",FC,2023,227,99.72026,99.72026,85.115859030837,10.982378854625551,3.3150660792951543,2439.493392070485
542881,"Anderson, Tyler",FC,2024,222,101.304054,101.304054,84.42612612612612,11.353513513513514,3.8135135135135134,2326.9414414414414
542881,"Anderson, Tyler",FC,2025,181,102.87127,102.87127,84.31169590643275,13.079298245614035,1.792982456140351,2293.7076023391814
542881,"Anderson, Tyler",FF,2022,375,96.10533,96.10533,90.91680000000001,17.899839999999998,-7.53344,2245.634666666667
542881,"Anderson, Tyler",FF,2023,307,95.214005,95.214005,90.24592833876221,18.537850162866448,-4.938371335504886,2216.4607843137255
542881,"Anderson, Tyler",FF,2024,406,97.53744,97.53744,89.74926108374383,19.634187192118226,-4.125812807881773,2210.2093596059112
542881,"Anderson, Tyler",FF,2025,380,98.85236,98.85236,89.22692307692307,19.40967032967033,-6.708461538461539,2181.4175824175823
542888,"Armstrong, Shawn",FC,2022,112,100.04018,100.04018,92.34642857142856,8.293928571428571,-4.525714285714286,2454.6160714285716
542888,"Armstrong, Shawn",FC,2023,117,99.6812,99.6812,91.14273504273505,9.938461538461539,-4.633846153846154,2528.3076923076924
542888,"Armstrong, Shawn",FC,2024,140,99.05286,99.05286,90.565,9.318,-4.17,2453.5481481481484
542888,"Armstrong, Shawn",FF,2022,141,99.776596,99.776596,95.45673758865247,15.941276595744679,5.2970212765957445,2307.468085106383
542888,"Armstrong, Shawn",FF,2024,164,98.21342,98.21342,93.55975609756098,16.07121951219512,6.69439024390244,2312.4620253164558
542888,"Armstrong, Shawn",SI,2022,153,98.859474,98.859474,95.6248366013072,11.282352941176471,15.503529411764706,2133.5424836601305
542888,"Armstrong, Shawn",SI,2024,119,97.807556,97.807556,93.66050420168068,10.108235294117648,15.520336134453782,2117.8547008547007
542914,"Bass, Anthony",SI,2022,106,100.808495,100.808495,95.28584905660377,13.993584905660377,13.701509433962263,1982.9811320754718
542914,"Bass, Anthony",SL,2022,195,100.48256,100.48256,86.41589743589743,-1.5403076923076924,-4.6603076923076925,2209.463917525773
542947,"Bleier, Richard",SI,2022,171,96.755554,96.755554,89.74385964912281,3.729122807017544,-15.70315789473684,2036.4561403508771
543037,"Cole, Gerrit",FF,2022,609,107.61954,107.61954,97.98423645320197,18.303448275862067,10.345812807881774,2433.5172413793102
543037,"Cole, Gerrit",FF,2023,538,102.604645,102.604645,96.70929368029739,17.475836431226767,8.373680297397769,2403.4237918215613
543037,"Cole, Gerrit",FF,2024,246,102.90731,102.90731,96.11016260162602,17.665853658536587,6.879024390243902,2364.6341463414633
543037,"Cole, Gerrit",KC,2023,103,98.01942,98.01942,82.9485436893204,-13.833786407766992,-10.428349514563106,2788.660194174757
543037,"Cole, Gerrit",SL,2022,300,104.063995,104.063995,88.52633333333334,0.07760000000000003,-5.335999999999999,2576.5183946488296
543037,"Cole, Gerrit",SL,2023,180,103.06556,103.06556,88.97277777777778,1.7,-4.778,2548.6111111111113
543056,"Coulombe, Danny",FC,2023,166,101.17109,101.17109,86.11084337349398,2.970361445783132,3.728674698795181,2648.2060606060604
543056,"Coulombe, Danny",FC,2025,107,104.09906,104.09906,85.25588235294119,2.467058823529412,5.124705882352941,2622.127450980392
543101,"DeSclafani, Anthony",SI,2023,164,98.2122,98.2122,93.00243902439024,10.498536585365853,16.251951219512197,2137.356687898089
543101,"DeSclafani, Anthony",SL,2023,283,97.48092,97.48092,87.34840989399292,6.347279151943463,-3.9171731448763247,2140.355311355311
543135,"Eovaldi, Nathan",CU,2023,105,102.59618,102.59618,76.3104761904762,-8.858285714285714,-8.788571428571428,1964.990476190476
543135,"Eovaldi, Nathan",CU,2024,108,101.34722,101.34722,77.025,-7.23,-9.432222222222222,1938.0925925925926
543135,"Eovaldi, Nathan",CU,2025,134,103.20672,103.20672,76.22985074626865,-8.302388059701492,-8.770746268656715,1922.0149253731342
543135,"Eovaldi, Nathan",FC,2023,182,98.01594,98.01594,90.57747252747252,9.811648351648351,-0.5973626373626374,2326.322222222222
543135,"Eovaldi, Nathan",FC,2024,169,97.25503,97.25503,91.22307692307693,8.944615384615386,-0.9493491124260355,2275.2189349112427
543135,"Eovaldi, Nathan",FC,2025,148,97.025,97.025,90.55540540540541,11.313243243243244,-0.4491891891891892,2305.0945945945946
543135,"Eovaldi, Nathan",FF,2022,228,101.15088,101.15088,95.73596491228069,14.56578947368421,12.382105263157895,2123.592105263158
543135,"Eovaldi, Nathan",FF,2023,359,98.52757,98.52757,95.07409470752089,13.571699164345404,12.338607242339833,2159.541899441341
543135,"Eovaldi, Nathan",FF,2024,379,97.035355,97.035355,95.34485488126649,11.73688654353562,13.795250659630605,2185.108179419525
543135,"Eovaldi, Nathan",FF,2025,191,96.297905,96.297905,93.82356020942407,11.892565445026179,14.522513089005237,2193.1570680628274
543135,"Eovaldi, Nathan",FS,2022,142,100.269714,100.269714,87.6218309859155,1.072394366197183,12.279718309859154,1554.9225352112676
543135,"Eovaldi, Nathan",FS,2023,329,100.02918,100.02918,87.95197568389058,1.4042553191489362,13.387112462006078,1642.9015384615384
543135,"Eovaldi, Nathan",FS,2024,384,98.94558,98.94558,88.39661458333335,0.054062500000000006,13.359375,1576.5625
543135,"Eovaldi, Nathan",FS,2025,268,98.31828,98.31828,87.62835820895523,0.21850746268656715,12.33402985074627,1510.5111940298507
543243,"Gray, Sonny",CU,2022,164,99.06647,99.06647,78.80914634146342,-14.126341463414633,-14.46,2834.682926829268
543243,"Gray, Sonny",CU,2023,153,97.3,97.3,79.70326797385621,-14.444705882352942,-12.902745098039215,2663.2039473684213
543243,"Gray, Sonny",CU,2024,126,95.791275,95.791275,79.9857142857143,-14.58,-11.90857142857143,2645.5396825396824
543243,"Gray, Sonny",CU,2025,153,98.26144,98.26144,80.31456953642385,-14.043973509933775,-12.83841059602649,2608.9
543243,"Gray, Sonny",FC,2023,113,102.67257,102.67257,87.570796460177,0.5915044247787611,-5.311858407079646,2722.8818181818183
543243,"Gray, Sonny",FC,2024,196,101.87194,101.87194,87.69846938775511,0.7573469387755102,-5.305102040816326,2708.3928571428573
543243,"Gray, Sonny",FC,2025,116,99.76724,99.76724,87.77672413793104,2.26448275862069,-5.298620689655173,2669.2586206896553
543243,"Gray, Sonny",FF,2022,182,100.67583,100.67583,92.13406593406594,15.15230769230769,1.4973626373626372,2519.576923076923
543243,"Gray, Sonny",FF,2023,252,99.728966,99.728966,92.97301587301588,12.377619047619048,-0.6157142857142857,2541.9437751004016
543243,"Gray, Sonny",FF,2024,222,99.29865,99.29865,92.4472972972973,12.188108108108109,-1.1545945945945946,2515.8153153153153
543243,"Gray, Sonny",FF,2025,209,99.80574,99.80574,91.69712918660288,10.595023923444977,-1.3251674641148323,2512.1913875598084
543243,"Gray, Sonny",SI,2022,208,105.799034,105.799034,92.05000000000001,9.77076923076923,13.68173076923077,2424.533653846154
543243,"Gray, Sonny",SI,2023,139,104.53669,104.53669,92.7589928057554,9.069928057553957,10.589352517985612,2429.389705882353
543243,"Gray, Sonny",SI,2024,185,102.2627,102.2627,92.77459459459459,7.961513513513513,11.758702702702703,2389.9837837837836
543243,"Gray, Sonny",SI,2025,168,99.2,99.2,92.30238095238094,8.564285714285713,10.411428571428573,2366.3214285714284
543243,"Gray, Sonny",ST,2023,208,102.67836,102.67836,84.2798076923077,-6.262499999999999,-15.469615384615384,2681.048780487805
543243,"Gray, Sonny",ST,2024,249,106.36224,106.36224,84.67670682730923,-5.8510843373493975,-15.796144578313251,2681.887550200803
543243,"Gray, Sonny",ST,2025,231,105.2974,105.2974,84.97359307359308,-3.8462337662337664,-14.623376623376624,2662.194805194805
543272,"Hand, Brad",FF,2023,119,94.61428,94.61428,92.50756302521008,12.067563025210085,-10.960336134453781,2302.5546218487393
543272,"Hand, Brad",ST,2022,131,97.72519,97.72519,79.42290076335878,-3.8867175572519086,16.285190839694657,2287.625954198473
543272,"Hand, Brad",ST,2023,188,100.075,100.075,81.00638297872341,0.10851063829787232,14.227659574468086,2396.294117647059
543294,"Hendricks, Kyle",CH,2022,196,102.45918,102.45918,79.92040816326531,10.725306122448979,12.281632653061223,2049.9744897959185
543294,"Hendricks, Kyle",CH,2023,370,99.82865,99.82865,80.75891891891892,8.206702702702703,10.750702702702704,2157.0297297297298
543294,"Hendricks, Kyle",CH,2024,320,96.97625,96.97625,80.8928125,7.9905,10.960875,2182.290625
543294,"Hendricks, Kyle",CH,2025,423,98.096214,98.096214,79.49290780141844,8.384113475177305,11.408510638297873,2073.645390070922
543294,"Hendricks, Kyle",FF,2022,113,93.33451,93.33451,87.04070796460178,15.68070796460177,5.814159292035399,2027.7610619469026
543294,"Hendricks, Kyle",FF,2023,100,94.18,94.18,87.941,14.3256,4.8612,2132.73
543294,"Hendricks, Kyle",FF,2025,115,96.63565,96.63565,86.62434782608695,14.098434782608695,5.958260869565218,2065.3739130434783
543294,"Hendricks, Kyle",SI,2022,153,95.3366,95.3366,86.69673202614379,8.614117647058825,13.07764705882353,1895.18954248366
543294,"Hendricks, Kyle",SI,2023,260,95.400764,95.400764,87.66384615384615,6.5030769230769225,12.212307692307691,2027.5153846153846
543294,"Hendricks, Kyle",SI,2024,235,95.95957,95.95957,87.74340425531915,6.942638297872341,13.258212765957445,2014.6382978723404
543294,"Hendricks, Kyle",SI,2025,387,96.777,96.777,86.3108527131783,7.162480620155039,14.112558139534885,1978.6640826873386
543339,"Hudson, Daniel",FF,2024,194,100.076805,100.076805,95.12525773195875,15.410721649484536,7.484536082474227,2490.5257731958764
543339,"Hudson, Daniel",SL,2024,145,103.27655,103.27655,87.9448275862069,5.232,-0.7100689655172414,2562.7379310344827
543351,"Jackson, Jay",SL,2024,103,98.01942,98.01942,84.91747572815534,6.300582524271845,-3.1724271844660192,2221.7184466019417
543475,"Lyles, Jordan",CH,2023,106,96.35849,96.35849,85.58018867924528,6.7279245283018865,13.348301886792454,1681.0857142857142
543475,"Lyles, Jordan",CU,2022,117,96.85555,96.85555,79.31452991452991,-14.72102564102564,-7.256410256410256,2448.1452991452993
543475,"Lyles, Jordan",CU,2023,111,97.436935,97.436935,80.05135135135136,-15.172972972972973,-6.642162162162162,2451.336363636364
543475,"Lyles, Jordan",FF,2022,319,96.76897,96.76897,91.75956112852664,17.008401253918496,5.856677115987461,2205.605015673981
543475,"Lyles, Jordan",FF,2023,354,96.859886,96.859886,91.17909604519774,16.422711864406782,6.350508474576271,2250.2378223495703
543475,"Lyles, Jordan",SI,2022,196,96.872955,96.872955,90.59438775510205,12.257142857142858,13.244081632653062,2088.8673469387754
543475,"Lyles, Jordan",SI,2023,132,96.29242,96.29242,90.62954545454545,11.610909090909091,12.831818181818182,2140.848484848485
543475,"Lyles, Jordan",ST,2022,234,98.132904,98.132904,79.87435897435897,-1.5466666666666666,-16.851794871794873,2639.2051282051284
543475,"Lyles, Jordan",ST,2023,291,97.940544,97.940544,80.27766323024055,1.195463917525773,-13.899381443298969,2516.442105263158
543518,"McGough, Scott",FF,2023,172,97.78954,97.78954,93.63546511627906,18.11093023255814,8.787906976744186,2332.0755813953488
543518,"McGough, Scott",FS,2023,203,99.77488,99.77488,85.75566502463055,6.290246305418719,6.180886699507389,1190.519801980198
543521,"McHugh, Collin",FC,2022,200,99.8645,99.8645,88.7415,8.860800000000001,-0.9144,2516.74
543521,"McHugh, Collin",FC,2023,196,97.70765,97.70765,89.08010204081633,9.165918367346938,-0.4769387755102041,2495.8051282051283
543521,"McHugh, Collin",ST,2022,169,101.68935,101.68935,80.36094674556213,0.18390532544378696,-16.438579881656803,2785.3076923076924
543521,"McHugh, Collin",ST,2023,184,99.242386,99.242386,80.08478260869565,-0.22891304347826089,-15.686739130434784,2741.5434782608695
543606,"Odorizzi, Jake",FC,2022,183,97.483604,97.483604,87.80327868852459,12.203934426229509,-2.498360655737705,2083.437158469945
543606,"Odorizzi, Jake",FF,2022,420,97.27143,97.27143,92.14333333333333,17.286,9.750285714285715,2156.552380952381
543606,"Odorizzi, Jake",FS,2022,123,97.56261,97.56261,84.99837398373982,6.6712195121951225,11.481951219512196,1309.8373983739837
543766,"Shaw, Bryan",FC,2022,282,99.59432,99.59432,93.12021276595745,8.75063829787234,-4.283829787234042,2416.391459074733
543766,"Shaw, Bryan",FC,2023,123,98.373985,98.373985,93.94959349593495,8.741463414634147,-3.6536585365853655,2429.081300813008
543859,"Tonkin, Michael",FF,2023,342,100.37836,100.37836,93.48157894736842,10.883508771929824,12.448421052631579,2291.809941520468
543859,"Tonkin, Michael",FF,2024,201,99.3194,99.3194,93.31144278606965,11.155223880597013,13.674626865671641,2350.814432989691
543859,"Tonkin, Michael",SL,2023,176,99.66989,99.66989,82.98409090909091,-3.2134090909090904,-3.3415909090909093,2258.7045454545455
543859,"Tonkin, Michael",SL,2024,173,99.99885,99.99885,83.80520231213872,-2.4048554913294797,-2.0483236994219656,2268.5
544150,"Suárez, Albert",CH,2024,183,98.961205,98.961205,86.14043715846995,7.937049180327869,16.11606557377049,2019.950819672131
544150,"Suárez, Albert",CU,2024,130,97.785385,97.785385,79.18384615384615,-6.7144615384615385,-5.4258461538461535,2357.476923076923
544150,"Suárez, Albert",FC,2024,194,105.4397,105.4397,86.32422680412373,7.722061855670103,-2.7711340206185566,2199.742268041237
544150,"Suárez, Albert",FF,2024,556,98.096405,98.096405,94.96205035971224,16.591726618705035,7.264964028776979,2396.8075539568345
544727,"Familia, Jeurys",SI,2022,106,112.82641,112.82641,95.22264150943397,3.3000000000000003,15.167547169811321,2182.3867924528304
547179,"Lorenzen, Michael",CH,2022,148,101.01351,101.01351,85.84932432432433,9.516486486486487,16.24054054054054,2041.4897959183672
547179,"Lorenzen, Michael",CH,2023,217,101.27558,101.27558,84.38940092165899,9.021013824884792,15.960552995391705,2090.451612903226
547179,"Lorenzen, Michael",CH,2024,140,101.725,101.725,84.675,8.935714285714285,15.648857142857144,2023.45
547179,"Lorenzen, Michael",CH,2025,165,99.145454,99.145454,83.85636363636362,9.056000000000001,15.03781818181818,1980.7212121212121
547179,"Lorenzen, Michael",FC,2025,103,97.57087,97.57087,90.23883495145631,8.396504854368933,1.0998058252427185,2525.4174757281553
547179,"Lorenzen, Michael",FF,2022,118,99.95,99.95,94.73305084745763,14.557627118644067,11.894237288135592,2433.1949152542375
547179,"Lorenzen, Michael",FF,2023,275,99.35163,99.35163,94.23454545454545,16.020654545454548,11.731636363636364,2451.897810218978
547179,"Lorenzen, Michael",FF,2024,175,96.92571,96.92571,93.87085714285715,15.568457142857143,10.362514285714287,2388.382857142857
547179,"Lorenzen, Michael",FF,2025,146,96.72671,96.72671,94.22260273972603,15.32958904109589,11.30958904109589,2354.253424657534
547179,"Lorenzen, Michael",SI,2022,157,99.42675,99.42675,93.85541401273885,8.66063694267516,16.897834394904457,2246.74358974359
547179,"Lorenzen, Michael",SI,2023,117,96.67436,96.67436,93.67008547008547,11.568205128205129,15.991794871794871,2326.9310344827586
547179,"Lorenzen, Michael",SI,2024,128,96.052345,96.052345,93.61328125,9.763125,16.040625,2247.640625
547179,"Lorenzen, Michael",SI,2025,164,97.8561,97.8561,93.23170731707317,8.447560975609756,16.388780487804876,2194.9146341463415
547179,"Lorenzen, Michael",SL,2023,179,98.38659,98.38659,85.10391061452515,-0.08379888268156425,-2.3222346368715083,2530.458100558659
547179,"Lorenzen, Michael",SL,2025,111,98.36036,98.36036,85.2945945945946,-0.23999999999999996,-2.6616216216216215,2589.2432432432433
547184,"Kelly, Michael",ST,2024,113,98.17079,98.17079,83.1283185840708,-3.969557522123894,-16.9529203539823,2755.7256637168143
547184,"Kelly, Michael",ST,2025,107,98.09439,98.09439,82.9233009708738,-2.509514563106796,-17.048155339805824,2828.4271844660193
547943,"Ryu, Hyun Jin",FF,2023,100,94.940994,94.940994,88.596,12.501600000000002,-11.4504,2051.06
547973,"Chapman, Aroldis",FF,2023,131,105.645035,105.645035,99.05343511450381,17.967938931297713,-4.460152671755725,2433.7175572519086
547973,"Chapman, Aroldis",FF,2024,112,102.97679,102.97679,98.38839285714286,17.322857142857142,-3.9514285714285715,2384.375
547973,"Chapman, Aroldis",FF,2025,108,102.76666,102.76666,98.28796296296296,18.366666666666667,-3.203333333333333,2449.222222222222
547973,"Chapman, Aroldis",SI,2024,135,126.057785,126.057785,99.93777777777778,15.680000000000001,-10.88711111111111,2372.837037037037
547973,"Chapman, Aroldis",SL,2023,106,103.93018,103.93018,88.37830188679246,6.18566037735849,8.47811320754717,2321.4285714285716
548384,"Raley, Brooks",ST,2022,100,101.244,101.244,81.468,1.23,18.6468,2941.68
548384,"Raley, Brooks",ST,2023,153,100.552284,100.552284,81.559477124183,2.8227450980392157,17.695686274509804,2952.562913907285
548389,"Stripling, Ross",CH,2022,295,103.86135,103.86135,82.6722033898305,10.581152542372882,10.796338983050848,1687.1593220338982
548389,"Stripling, Ross",CH,2023,175,99.76399,99.76399,83.82057142857143,10.961142857142857,8.472,1701.913294797688
548389,"Stripling, Ross",FF,2022,261,95.45556,95.45556,92.23869731800767,19.122758620689655,5.493793103448276,2133.7969348659003
548389,"Stripling, Ross",FF,2023,159,95.29812,95.29812,92.73396226415095,17.26490566037736,3.516981132075472,2174.9225806451614
548389,"Stripling, Ross",FF,2024,133,94.65112,94.65112,91.89624060150376,18.225563909774436,4.845112781954887,2145.8571428571427
548389,"Stripling, Ross",SL,2022,190,94.82316,94.82316,87.20894736842105,6.241894736842106,-4.6307368421052635,2310.878947368421
548389,"Stripling, Ross",SL,2023,160,94.45563,94.45563,87.296875,5.688750000000001,-4.34775,2300.80625
552640,"Kittredge, Andrew",SI,2024,144,98.35556,98.35556,94.58125000000001,9.380833333333333,14.780000000000001,2285.5763888888887
552640,"Kittredge, Andrew",SL,2024,195,101.776924,101.776924,87.92923076923077,0.3803076923076923,-6.616615384615384,2635.6615384615384
552640,"Kittredge, Andrew",SL,2025,178,102.13033,102.13033,89.13651685393258,1.051685393258427,-6.06943820224719,2653.7696629213483
554340,"García, Yimi",FF,2022,167,104.11796,104.11796,95.06467065868263,13.86754491017964,9.38874251497006,2461.1506024096384
554340,"García, Yimi",FF,2023,124,107.29436,107.29436,96.1467741935484,13.66451612903226,10.489354838709678,2504.483870967742
554430,"Wheeler, Zack",CU,2023,140,102.509285,102.509285,81.17285714285715,-10.373999999999999,-10.118571428571428,2729.36690647482
554430,"Wheeler, Zack",CU,2024,117,103.89744,103.89744,81.71965811965812,-8.69948717948718,-8.596923076923078,2703.641025641026
554430,"Wheeler, Zack",FC,2022,227,103.301765,103.301765,90.69735682819383,6.248986784140969,-2.3873127753303964,2457.6607929515417
554430,"Wheeler, Zack",FC,2023,180,100.28889,100.28889,91.03,6.078666666666667,-2.524,2568.7206703910615
554430,"Wheeler, Zack",FC,2024,125,101.1224,101.1224,91.2608,8.599680000000001,-0.7670399999999999,2537.496
554430,"Wheeler, Zack",FF,2022,387,102.00103,102.00103,95.98708010335918,16.148527131782945,9.1984496124031,2400.576227390181
554430,"Wheeler, Zack",FF,2023,544,105.28198,105.28198,95.86470588235295,15.29360294117647,6.113602941176471,2494.172794117647
554430,"Wheeler, Zack",FF,2024,558,104.5233,104.5233,95.32759856630825,14.64989247311828,9.659569892473119,2432.521505376344
554430,"Wheeler, Zack",FF,2025,426,104.062675,104.062675,96.08967136150234,14.678591549295774,10.165633802816902,2468.192488262911
554430,"Wheeler, Zack",FS,2024,102,100.66569,100.66569,86.16960784313724,5.450588235294118,12.934117647058823,1550.0392156862745
554430,"Wheeler, Zack",FS,2025,101,98.88217,98.88217,86.77524752475247,4.08950495049505,13.014653465346536,1529.920792079208
554430,"Wheeler, Zack",SI,2022,183,103.01748,103.01748,95.41857923497267,11.544918032786883,15.83737704918033,2225.9726775956283
554430,"Wheeler, Zack",SI,2023,211,101.70426,101.70426,95.26255924170617,8.21004739336493,15.72341232227488,2305.0576923076924
554430,"Wheeler, Zack",SI,2024,262,101.00764,101.00764,94.62633587786259,6.660916030534351,17.247480916030536,2273.4351145038167
554430,"Wheeler, Zack",SI,2025,165,100.423035,100.423035,95.52484848484849,7.637818181818182,17.495272727272727,2302.6363636363635
554430,"Wheeler, Zack",ST,2023,122,101.957375,101.957375,84.10409836065574,1.3711475409836065,-14.701967213114754,2639.5409836065573
554430,"Wheeler, Zack",ST,2024,159,101.602516,101.602516,85.01006289308177,4.092075471698113,-10.139622641509435,2582.4528301886794
554430,"Wheeler, Zack",ST,2025,130,99.71847,99.71847,83.76461538461538,2.715692307692308,-13.828615384615384,2671.9384615384615
554431,"Matzek, Tyler",FF,2022,221,99.60724,99.60724,94.12443438914028,17.530316742081446,-3.7444343891402716,2440.79185520362
570257,"Rodríguez, Joely",CH,2022,150,103.512,103.512,87.848,0.08879999999999999,-11.18,1057.4266666666667
570257,"Rodríguez, Joely",SI,2022,120,100.122505,100.122505,92.77250000000001,6.061999999999999,-17.07,1955.18487394958
570632,"Ureña, José",CH,2022,106,98.381134,98.381134,90.1254716981132,8.654716981132076,11.223396226415096,1700.254716981132
570632,"Ureña, José",CH,2024,105,99.22381,99.22381,88.62285714285714,8.469714285714286,15.286857142857142,1798.0285714285715
570632,"Ureña, José",SI,2022,367,102.61907,102.61907,95.68310626702997,7.116621253405995,14.281307901907356,2190.3569482288826
570632,"Ureña, José",SI,2024,239,98.683685,98.683685,96.07824267782426,8.02092050209205,16.770376569037655,2132.347280334728
570632,"Ureña, José",SL,2022,138,100.52391,100.52391,86.97971014492754,5.668695652173913,-1.528695652173913,2332.0434782608695
570632,"Ureña, José",SL,2024,202,100.2198,100.2198,87.1970297029703,8.59960396039604,2.565742574257426,2278.363184079602
570666,"Cessa, Luis",SI,2022,124,98.22016,98.22016,93.64193548387097,10.358709677419355,14.70774193548387,2187.1570247933882
570666,"Cessa, Luis",SL,2022,187,98.80588,98.80588,82.95508021390374,-4.524705882352941,-5.484705882352942,2532.977900552486
571479,"Bellatti, Andrew",FF,2022,123,100.861786,100.861786,94.2959349593496,16.986341463414636,10.431219512195122,2442.2276422764226
571479,"Bellatti, Andrew",SL,2022,182,102.49396,102.49396,85.70054945054945,3.4476923076923076,-3.8241758241758244,2395.5164835164837
571510,"Boyd, Matthew",CH,2023,111,101.17928,101.17928,80.2144144144144,5.014054054054054,-13.76108108108108,1885.5945945945946
571510,"Boyd, Matthew",CH,2025,216,98.54907,98.54907,78.86157407407407,5.870555555555556,-16.030555555555555,1818.7453703703704
571510,"Boyd, Matthew",FF,2023,230,103.183914,103.183914,91.4991304347826,14.817391304347826,-10.973217391304349,2508.095652173913
571510,"Boyd, Matthew",FF,2024,104,99.0923,99.0923,92.11250000000001,13.916538461538462,-11.22923076923077,2339.644230769231
571510,"Boyd, Matthew",FF,2025,362,97.9547,97.9547,93.52265193370165,13.121767955801104,-13.478121546961326,2322.776243093923
571510,"Boyd, Matthew",SL,2023,145,99.40207,99.40207,79.76896551724138,-1.3837241379310343,4.908413793103448,2449.937931034483
571578,"Corbin, Patrick",FC,2024,230,99.60956,99.60956,85.89521739130436,4.70504347826087,2.0895652173913044,2295.426086956522
571578,"Corbin, Patrick",FC,2025,236,100.69322,100.69322,87.43991228070175,6.341578947368421,0.9894736842105263,2317.3201754385964
571578,"Corbin, Patrick",FF,2022,130,92.20385,92.20385,92.48846153846154,14.623384615384616,-8.43046153846154,2141.6615384615384
571578,"Corbin, Patrick",FF,2023,131,92.93511,92.93511,91.82977099236642,13.780763358778625,-8.35236641221374,2078.7175572519086
571578,"Corbin, Patrick",SI,2022,379,97.50475,97.50475,92.93166226912929,11.804960422163589,-14.021319261213721,2070.8416886543537
571578,"Corbin, Patrick",SI,2023,295,96.51932,96.51932,92.08067796610169,10.490033898305084,-14.58386440677966,2043.0070422535211
571578,"Corbin, Patrick",SI,2024,318,96.47138,96.47138,91.44182389937107,10.732830188679245,-14.065283018867925,2088.688679245283
571578,"Corbin, Patrick",SI,2025,257,97.57276,97.57276,91.41535433070867,11.074960629921259,-14.994803149606298,2085.566929133858
571578,"Corbin, Patrick",SL,2022,244,103.059425,103.059425,82.06516393442624,1.3814754098360655,3.0398360655737706,2189.4508196721313
571578,"Corbin, Patrick",SL,2023,257,102.39222,102.39222,80.46887159533074,0.08217898832684825,2.5129961089494164,2145.8543307086616
571578,"Corbin, Patrick",SL,2024,341,101.265396,101.265396,80.13108504398828,0.3110850439882698,2.715307917888563,2199.451612903226
571578,"Corbin, Patrick",SL,2025,303,102.8967,102.8967,80.205,0.1976,2.4188,2229.423333333333
571656,"Farmer, Buck",CH,2024,114,103.57543,103.57543,86.80526315789473,-0.5957894736842105,14.685263157894736,1793.1754385964912
571656,"Farmer, Buck",FF,2022,157,99.85987,99.85987,94.67579617834396,15.38063694267516,9.856050955414013,2319.7419354838707
571656,"Farmer, Buck",FF,2023,178,97.12528,97.12528,93.97921348314607,14.327865168539326,11.244269662921349,2295.078651685393
571656,"Farmer, Buck",SI,2024,119,100.93025,100.93025,92.41848739495798,7.010420168067227,17.212436974789917,2358.285714285714
571656,"Farmer, Buck",SL,2023,142,101.979576,101.979576,83.20704225352112,3.0211267605633805,-8.354366197183099,2757.9084507042253
571656,"Farmer, Buck",SL,2024,134,100.25672,100.25672,82.1820895522388,4.0110447761194035,-9.315223880597015,2785.768656716418
571670,"Floro, Dylan",FF,2023,113,98.956635,98.956635,92.45132743362832,13.469734513274336,9.699823008849556,2170.1238938053098
571670,"Floro, Dylan",SI,2023,102,95.50294,95.50294,92.56176470588234,7.323529411764706,16.478823529411763,2101.02
571670,"Floro, Dylan",SI,2024,135,95.37037,95.37037,89.78814814814814,8.030222222222221,15.55377777777778,2076.8283582089553
571710,"Givens, Mychal",FF,2022,176,103.58352,103.58352,93.41079545454545,12.079772727272728,6.530454545454545,2439.0
571760,"Heaney, Andrew",CH,2023,247,96.18219,96.18219,84.0834008097166,6.077732793522268,-17.479676113360323,2119.587044534413
571760,"Heaney, Andrew",CH,2024,246,96.85326,96.85326,83.66178861788617,5.7682926829268295,-17.3390243902439,2100.569105691057
571760,"Heaney, Andrew",CH,2025,146,99.603424,99.603424,82.13430656934307,4.837664233576643,-17.25109489051095,2102.4452554744526
571760,"Heaney, Andrew",FF,2022,351,105.96753,105.96753,93.10740740740741,14.261196581196582,-14.862564102564104,2446.78
571760,"Heaney, Andrew",FF,2023,628,103.08121,103.08121,92.63519108280255,13.875477707006368,-15.821656050955413,2418.9490445859874
571760,"Heaney, Andrew",FF,2024,580,100.0469,100.0469,91.53155172413794,13.780758620689655,-15.618206896551722,2397.0844827586207
571760,"Heaney, Andrew",FF,2025,356,101.255905,101.255905,90.1906976744186,12.692441860465117,-16.25406976744186,2378.5494186046512
571760,"Heaney, Andrew",SL,2022,214,103.294395,103.294395,83.39158878504672,1.3278504672897198,3.598878504672897,2581.7476635514017
571760,"Heaney, Andrew",SL,2023,308,100.429214,100.429214,82.01266233766235,0.14103896103896102,5.870649350649351,2533.5714285714284
571760,"Heaney, Andrew",SL,2024,386,102.37073,102.37073,82.50362694300519,1.041761658031088,2.3480829015544042,2514.145077720207
571760,"Heaney, Andrew",SL,2025,115,103.433914,103.433914,80.54716981132076,-0.3735849056603774,3.207169811320755,2489.1415094339623
571800,"Hutchison, Drew",FF,2022,294,98.12381,98.12381,92.53707482993198,16.725714285714286,3.6661224489795914,2255.326530612245
571800,"Hutchison, Drew",SL,2022,285,98.4428,98.4428,86.04526315789474,-0.024000000000000007,-4.640000000000001,2580.4315789473685
571882,"Law, Derek",FC,2023,129,99.34807,99.34807,92.30077519379844,8.45953488372093,-2.398139534883721,2367.803149606299
571882,"Law, Derek",FC,2024,144,98.70694,98.70694,91.61527777777778,9.086666666666666,-2.1725000000000003,2287.284722222222
571882,"Law, Derek",SL,2024,144,102.89305,102.89305,87.03333333333333,0.2733333333333333,-3.205833333333333,2277.4861111111113
571901,"Loup, Aaron",FC,2022,118,107.55678,107.55678,84.81101694915255,2.6735593220338987,-0.40983050847457625,2310.2203389830506
571901,"Loup, Aaron",SI,2022,124,97.86049,97.86049,90.9991935483871,3.5603225806451615,-18.92032258064516,2125.1612903225805
571901,"Loup, Aaron",SI,2023,167,100.71438,100.71438,92.14491017964072,5.124790419161677,-18.948502994011978,2211.9760479041915
571927,"Matz, Steven",CH,2022,123,98.26179,98.26179,85.3520325203252,1.951219512195122,-15.309268292682926,2326.7355371900826
571927,"Matz, Steven",CH,2023,206,100.84757,100.84757,84.12281553398059,0.5638834951456311,-13.858252427184468,2319.776649746193
571927,"Matz, Steven",SI,2022,157,108.29555,108.29555,94.73694267515924,12.137579617834394,-15.16891719745223,2252.82119205298
571927,"Matz, Steven",SI,2023,350,106.49257,106.49257,94.18657142857144,11.470285714285714,-14.796000000000001,2221.2961876832846
571927,"Matz, Steven",SI,2024,167,103.03413,103.03413,94.23532934131737,11.63065868263473,-15.074730538922156,2194.736526946108
571927,"Matz, Steven",SI,2025,270,101.505554,101.505554,94.48518518518519,11.228444444444444,-15.097333333333333,2249.037037037037
571945,"Mikolas, Miles",CU,2022,207,96.38937,96.38937,76.23333333333333,-15.16231884057971,-8.869565217391305,2556.0776699029125
571945,"Mikolas, Miles",CU,2023,202,97.28664,97.28664,75.97673267326732,-14.811089108910892,-7.957425742574258,2499.9402985074626
571945,"Mikolas, Miles",FF,2022,374,95.24412,95.24412,93.7235294117647,15.017647058823531,4.726844919786096,2301.566037735849
571945,"Mikolas, Miles",FF,2023,351,94.863815,94.863815,93.38490028490028,15.062222222222223,5.6006837606837605,2278.482857142857
571945,"Mikolas, Miles",FF,2024,323,94.86563,94.86563,93.18266253869969,13.753188854489164,6.0943653250773995,2248.0804953560373
571945,"Mikolas, Miles",FF,2025,250,94.176,94.176,92.9936,14.89296,7.97904,2226.832
571945,"Mikolas, Miles",SI,2022,270,95.48444,95.48444,92.94740740740741,12.489333333333333,13.390666666666666,2238.0407407407406
571945,"Mikolas, Miles",SI,2023,302,94.43212,94.43212,92.6407284768212,11.007814569536425,14.026490066225165,2196.7966666666666
571945,"Mikolas, Miles",SI,2024,263,94.63536,94.63536,92.45779467680609,9.583574144486692,14.284562737642586,2148.2433460076045
571945,"Mikolas, Miles",SI,2025,157,96.318474,96.318474,92.29044585987262,9.223949044585988,15.48,2138.388535031847
571945,"Mikolas, Miles",SL,2022,315,96.54349,96.54349,87.64031746031746,4.224380952380953,-3.8910476190476193,2374.336507936508
571945,"Mikolas, Miles",SL,2023,300,95.97733,95.97733,86.41233333333334,2.9455999999999998,-3.6811999999999996,2336.8724832214766
571945,"Mikolas, Miles",SL,2024,248,95.55524,95.55524,86.51774193548388,3.2225806451612904,-3.255,2325.1532258064517
571945,"Mikolas, Miles",SL,2025,206,94.724266,94.724266,87.71019417475728,7.134757281553398,-2.6842718446601945,2271.145631067961
571946,"Miller, Shelby",FF,2023,126,101.71349,101.71349,93.46428571428571,17.133333333333336,9.071428571428571,2291.2619047619046
571946,"Miller, Shelby",FF,2024,174,103.03678,103.03678,93.63448275862069,17.946206896551722,8.830344827586208,2422.416184971098
571946,"Miller, Shelby",FF,2025,171,103.44094,103.44094,95.1827380952381,17.81,10.890714285714287,2454.2781065088757
571948,"Milner, Hoby",SI,2022,166,97.372894,97.372894,89.06506024096385,0.13518072289156624,-18.523373493975903,1993.5481927710844
571948,"Milner, Hoby",SI,2023,105,96.0819,96.0819,88.4095238095238,-0.5291428571428571,-18.482285714285716,1943.048076923077
571948,"Milner, Hoby",SI,2024,120,95.025,95.025,88.35416666666667,0.506,-17.535,1946.5083333333334
571948,"Milner, Hoby",SI,2025,125,101.040794,101.040794,87.3923076923077,-0.6728205128205128,-18.213333333333335,1897.128205128205
571948,"Milner, Hoby",ST,2025,103,98.479614,98.479614,78.12,0.13320000000000004,15.0204,1816.42
572020,"Paxton, James",FC,2023,126,109.080154,109.080154,85.7531746031746,2.795238095238095,0.9123809523809524,2015.536
572020,"Paxton, James",FF,2023,456,99.02741,99.02741,95.4127192982456,14.833157894736843,-11.916315789473684,2217.2127192982457
572020,"Paxton, James",FF,2024,366,95.79481,95.79481,93.29617486338798,13.66327868852459,-10.607868852459017,2096.3579234972676
572020,"Paxton, James",KC,2023,101,101.72574,101.72574,81.85940594059406,-6.415841584158416,1.9413861386138616,1930.6732673267327
572020,"Paxton, James",KC,2024,154,100.49611,100.49611,80.92922077922078,-4.3176623376623375,1.0036363636363637,1910.8246753246754
572070,"Richards, Garrett",CH,2022,106,94.95472,94.95472,90.1622641509434,3.791320754716981,15.074716981132076,1688.9622641509434
572070,"Richards, Garrett",SL,2022,134,98.58283,98.58283,88.54477611940298,-1.184776119402985,-2.2235820895522385,2594.5746268656717
572143,"Smith, Burch",FF,2024,199,102.45728,102.45728,94.95226130653266,17.203417085427137,4.291658291457286,2288.5075376884424
572193,"Tepera, Ryan",SL,2022,103,100.99418,100.99418,85.86990291262136,3.8015533980582523,-4.824466019417476,2287.9417475728155
572403,"VerHagen, Drew",FF,2023,123,93.22601,93.22601,93.42357723577236,14.24780487804878,2.358048780487805,2303.471544715447
572403,"VerHagen, Drew",ST,2023,131,101.01527,101.01527,81.36106870229007,-2.167328244274809,-14.842442748091603,2322.803149606299
572955,"Johnson, Pierce",CU,2023,228,102.97851,102.97851,85.55219298245615,-4.381578947368421,-8.935263157894736,2967.079646017699
572955,"Johnson, Pierce",CU,2024,258,99.236435,99.236435,85.54612403100776,-4.245116279069768,-9.67906976744186,2985.4031007751937
572955,"Johnson, Pierce",CU,2025,228,100.57543,100.57543,85.94681818181817,-4.449818181818182,-7.180909090909091,2934.5
572955,"Johnson, Pierce",FF,2023,133,103.78045,103.78045,95.99473684210525,14.552481203007519,9.763308270676692,2308.6992481203006
572971,"Keuchel, Dallas",CH,2022,149,98.86712,98.86712,79.23422818791946,5.0448322147651,-14.168859060402683,1560.1006711409395
572971,"Keuchel, Dallas",SI,2022,175,98.786285,98.786285,87.24628571428572,5.971885714285714,-15.440228571428571,1951.3314285714287
573009,"Mantiply, Joe",CH,2022,113,102.19911,102.19911,82.73185840707966,-0.34619469026548677,-16.52070796460177,1691.1009174311926
573009,"Mantiply, Joe",CU,2022,107,100.7757,100.7757,81.29719626168223,-1.4400000000000002,6.83214953271028,2336.330188679245
573009,"Mantiply, Joe",SI,2022,127,98.06615,98.06615,90.38582677165354,4.456062992125984,-17.975433070866142,2178.2301587301586
573009,"Mantiply, Joe",SI,2023,104,98.412506,98.412506,89.6,1.7492307692307691,-17.766923076923078,2166.0673076923076
573009,"Mantiply, Joe",SI,2024,122,97.48606,97.48606,89.03688524590164,1.759672131147541,-18.124918032786884,2195.4836065573772
573124,"Rogers, Taylor",SI,2022,114,99.9079,99.9079,94.27719298245614,7.861052631578947,-16.974736842105266,2173.1140350877195
573124,"Rogers, Taylor",SI,2024,147,98.94762,98.94762,92.95442176870748,6.870204081632653,-16.52734693877551,2102.3636363636365
573124,"Rogers, Taylor",SI,2025,124,98.22661,98.22661,92.70483870967742,7.867741935483871,-17.00709677419355,2159.6532258064517
573124,"Rogers, Taylor",ST,2022,170,101.83471,101.83471,80.98,1.284,14.112705882352941,2701.6470588235293
573124,"Rogers, Taylor",ST,2023,191,99.603134,99.603134,79.3958115183246,0.6515183246073298,14.586596858638742,2725.302702702703
573124,"Rogers, Taylor",ST,2024,193,98.73006,98.73006,79.2937823834197,1.248497409326425,14.917927461139895,2768.3641304347825
573124,"Rogers, Taylor",ST,2025,160,98.905624,98.905624,78.33500000000001,0.44475,16.089750000000002,2828.775
573186,"Stroman, Marcus",FC,2023,110,98.18727,98.18727,89.57363636363637,4.001454545454545,-1.474909090909091,2607.137614678899
573186,"Stroman, Marcus",FC,2024,209,100.13923,100.13923,88.1822966507177,5.600382775119617,-1.069090909090909,2527.043062200957
573186,"Stroman, Marcus",FS,2024,109,96.03578,96.03578,83.35688073394495,3.979816513761468,14.762201834862385,1914.9633027522937
573186,"Stroman, Marcus",SI,2022,280,99.92857,99.92857,92.09428571428572,3.213857142857143,8.821285714285715,2264.8964285714287
573186,"Stroman, Marcus",SI,2023,416,99.850716,99.850716,91.41874999999999,2.7761538461538464,10.694711538461538,2282.682808716707
573186,"Stroman, Marcus",SI,2024,319,98.77304,98.77304,89.97460815047022,3.1053291536050156,9.85203761755486,2235.025078369906
573186,"Stroman, Marcus",SI,2025,100,98.487,98.487,89.544,3.5748,9.8796,2282.54
573186,"Stroman, Marcus",SL,2024,178,98.01012,98.01012,85.43258426966293,-1.898426966292135,-4.565393258426966,2649.887640449438
573186,"Stroman, Marcus",SV,2022,144,100.92777,100.92777,84.57291666666667,0.11166666666666668,-14.290000000000001,2664.6736111111113
573186,"Stroman, Marcus",SV,2023,169,99.922485,99.922485,84.57692307692308,0.7491124260355029,-13.160946745562129,2746.4523809523807
573186,"Stroman, Marcus",SV,2024,112,99.30625,99.30625,82.16428571428571,-1.149642857142857,-15.5475,2657.3214285714284
573204,"Thielbar, Caleb",FF,2022,203,102.0995,102.0995,92.88768472906405,19.194679802955665,-3.0543842364532017,2286.4334975369457
573204,"Thielbar, Caleb",FF,2024,187,100.17112,100.17112,93.31657754010696,18.245133689839573,-3.3644919786096255,2275.1923076923076
573204,"Thielbar, Caleb",FF,2025,160,101.33875,101.33875,92.84516129032258,18.91122580645161,-3.5341935483870963,2328.2903225806454
573204,"Thielbar, Caleb",ST,2024,101,96.7198,96.7198,81.57623762376238,-0.054653465346534646,13.605148514851484,2464.7979797979797
579328,"Kikuchi, Yusei",CH,2024,116,99.6069,99.6069,86.59310344827585,8.956551724137931,-12.578275862068965,1649.4913793103449
579328,"Kikuchi, Yusei",CH,2025,146,97.86164,97.86164,85.6472602739726,6.378904109589041,-13.476986301369864,1533.527397260274
579328,"Kikuchi, Yusei",CU,2023,164,99.51097,99.51097,83.18780487804878,-3.905853658536585,6.527560975609756,2540.2743902439024
579328,"Kikuchi, Yusei",CU,2024,217,98.56267,98.56267,82.6852534562212,-4.467649769585254,4.703778801843318,2471.0599078341015
579328,"Kikuchi, Yusei",CU,2025,174,97.114944,97.114944,80.33218390804598,-5.70896551724138,6.610344827586207,2511.706896551724
579328,"Kikuchi, Yusei",FF,2022,317,103.98928,103.98928,95.01009463722397,17.085425867507887,-11.309526813880126,2265.687697160883
579328,"Kikuchi, Yusei",FF,2023,348,105.20804,105.20804,95.1772988505747,16.399655172413794,-9.632758620689655,2335.124277456647
579328,"Kikuchi, Yusei",FF,2024,613,105.74682,105.74682,95.58792822185971,16.861859706362154,-7.7866884176182705,2291.283849918434
579328,"Kikuchi, Yusei",FF,2025,439,99.983826,99.983826,94.8993166287016,15.397448747152621,-9.514715261958997,2183.0820045558085
579328,"Kikuchi, Yusei",SL,2022,313,99.57764,99.57764,86.82811501597445,2.5061980830670927,3.1686900958466455,2349.8306709265175
579328,"Kikuchi, Yusei",SL,2023,299,98.94582,98.94582,88.67859531772575,3.040133779264214,2.680535117056856,2427.4414715719063
579328,"Kikuchi, Yusei",SL,2024,301,99.181725,99.181725,88.24451827242524,3.229235880398671,2.9150830564784056,2394.3853820598006
579328,"Kikuchi, Yusei",SL,2025,424,97.394806,97.394806,87.08231132075473,3.8756603773584906,3.029433962264151,2292.389150943396
592094,"Adam, Jason",CH,2024,123,99.54146,99.54146,89.62926829268292,3.722926829268293,16.27609756097561,2165.3529411764707
592094,"Adam, Jason",CH,2025,150,102.66866,102.66866,88.28239436619718,3.4208450704225353,16.207605633802817,2031.5642857142857
592094,"Adam, Jason",FF,2023,106,104.745285,104.745285,94.87641509433962,18.408679245283018,7.726415094339623,2633.942857142857
592094,"Adam, Jason",FF,2024,172,104.11803,104.11803,95.50058139534883,18.548372093023257,7.737906976744187,2645.7090909090907
592094,"Adam, Jason",SL,2025,149,100.038925,100.038925,84.1304347826087,-1.7060869565217391,-1.4634782608695653,2598.2335766423357
592155,"Booser, Cam",FF,2024,115,101.55043,101.55043,95.23217391304348,16.261565217391304,-7.295999999999999,2078.895652173913
592155,"Booser, Cam",FF,2025,103,99.671844,99.671844,95.4485436893204,16.204660194174757,-7.504077669902912,2120.4660194174758
592229,"Covey, Dylan",SI,2023,118,99.965256,99.965256,95.06101694915255,9.23084745762712,13.61593220338983,2066.0593220338983
592332,"Gausman, Kevin",FF,2022,507,97.97909,97.97909,95.07692307692308,17.37207100591716,10.494674556213019,2265.6331360946747
592332,"Gausman, Kevin",FF,2023,646,97.18142,97.18142,94.80804953560371,16.86037151702786,10.391145510835914,2281.2600619195046
592332,"Gausman, Kevin",FF,2024,593,97.61804,97.61804,94.15969645868465,17.01672849915683,10.755885328836424,2288.6677908937604
592332,"Gausman, Kevin",FF,2025,622,98.08601,98.08601,94.7856672158155,16.82550247116969,10.895485996705109,2274.9275123558486
592332,"Gausman, Kevin",FS,2022,423,103.70898,103.70898,85.09432624113475,4.55177304964539,15.205673758865249,1569.6232227488151
592332,"Gausman, Kevin",FS,2023,489,103.347244,103.347244,86.19202453987731,4.6346012269938655,16.137423312883435,1779.8008213552362
592332,"Gausman, Kevin",FS,2024,346,102.51012,102.51012,85.6878612716763,6.097803468208093,15.849017341040463,1763.8468208092486
592332,"Gausman, Kevin",FS,2025,387,101.33075,101.33075,85.04334203655353,4.748302872062663,15.454308093994777,1725.1958224543082
592332,"Gausman, Kevin",SL,2022,103,101.57961,101.57961,83.9,2.7506796116504852,-1.32,2201.8058252427186
592351,"Gray, Jon",CH,2023,126,98.631744,98.631744,88.7484126984127,6.52952380952381,14.590476190476192,1458.32
592351,"Gray, Jon",FF,2022,336,96.50149,96.50149,96.00982142857143,12.833571428571428,10.8825,2006.8869047619048
592351,"Gray, Jon",FF,2023,430,96.517204,96.517204,95.72488372093022,13.241581395348838,9.927906976744186,2020.893023255814
592351,"Gray, Jon",FF,2024,256,94.76445,94.76445,94.90625,13.36828125,10.2553125,2036.23046875
592351,"Gray, Jon",SL,2023,359,101.314766,101.314766,88.04930362116991,3.2600557103064065,-3.312200557103064,2377.6434540389973
592351,"Gray, Jon",SL,2024,259,100.89614,100.89614,88.51467181467181,5.258687258687258,-1.988108108108108,2298.741312741313
592351,"Gray, Jon",ST,2022,242,103.02727,103.02727,84.86487603305785,5.3087603305785125,-10.604628099173555,2477.103305785124
592426,"Jackson, Luke",SL,2023,137,98.39562,98.39562,87.33795620437955,-4.566131386861313,0.47912408759124087,2182.182481751825
592426,"Jackson, Luke",SL,2024,194,99.61237,99.61237,87.25567010309278,-5.48659793814433,0.317319587628866,2271.020618556701
592426,"Jackson, Luke",SL,2025,126,99.08572,99.08572,87.0508064516129,-5.272258064516129,0.30870967741935484,2272.3467741935483
592454,"Kahnle, Tommy",CH,2023,183,98.16011,98.16011,88.73661202185792,2.3632786885245904,12.514098360655737,1334.7814207650274
592454,"Kahnle, Tommy",CH,2024,187,99.684494,99.684494,87.36310160427807,1.063957219251337,11.677860962566847,1223.1593406593406
592454,"Kahnle, Tommy",CH,2025,298,96.16913,96.16913,86.8248322147651,1.027248322147651,11.628322147651007,1273.023489932886
592662,"Ray, Robbie",CH,2025,102,103.8196,103.8196,85.11443298969073,11.242886597938144,-11.317113402061855,1641.618556701031
592662,"Ray, Robbie",FF,2022,577,100.62114,100.62114,93.43778162911612,18.109809358752166,-6.765129982668977,2283.725043782837
592662,"Ray, Robbie",FF,2024,114,104.392105,104.392105,94.01578947368421,18.102105263157895,-8.754736842105263,2330.8947368421054
592662,"Ray, Robbie",FF,2025,577,104.8149,104.8149,93.72846715328467,17.954452554744528,-8.218467153284672,2362.6368613138684
592662,"Ray, Robbie",SI,2022,252,103.617065,103.617065,93.50873015873016,12.726190476190476,-15.327142857142857,2198.7261904761904
592662,"Ray, Robbie",SL,2022,469,101.456505,101.456505,87.22494669509595,7.641108742004264,1.6953518123667377,2192.0128205128203
592662,"Ray, Robbie",SL,2025,248,99.346375,99.346375,88.07918367346939,9.226285714285714,-0.2507755102040816,2275.804081632653
592716,"Sampson, Adrian",FF,2022,265,98.57887,98.57887,92.51471698113208,14.572075471698113,10.435924528301888,2074.4024390243903
592716,"Sampson, Adrian",SI,2022,247,97.91336,97.91336,92.01578947368422,11.219757085020245,14.398542510121457,2000.3991416309013
592716,"Sampson, Adrian",SL,2022,108,100.07593,100.07593,83.25925925925925,-1.6466666666666667,-9.983333333333334,2609.4444444444443
592717,"Sanchez, Aaron",CU,2022,107,99.07384,99.07384,78.96168224299065,-10.704672897196263,-13.339065420560747,2632.8598130841124
592717,"Sanchez, Aaron",SI,2022,178,96.48034,96.48034,92.17078651685394,9.349887640449438,16.39887640449438,2118.674157303371
592741,"Shreve, Chasen",FS,2023,121,102.07025,102.07025,82.07355371900826,3.6624793388429753,-9.867768595041323,951.3801652892562
592761,"Smith, Caleb",CH,2022,116,102.65431,102.65431,83.69655172413792,15.192413793103448,-13.847586206896551,2142.7844827586205
592761,"Smith, Caleb",FF,2022,199,99.39598,99.39598,91.97135678391959,18.744120603015077,-11.207638190954775,2429.0252525252527
592761,"Smith, Caleb",SL,2022,148,99.23513,99.23513,85.46756756756757,7.975945945945947,3.2562162162162163,2333.7619047619046
592767,"Smyly, Drew",FC,2022,154,93.387665,93.387665,88.59805194805195,11.033766233766235,-3.3810389610389606,2106.7337662337663
592767,"Smyly, Drew",FC,2023,100,94.607,94.607,88.551,8.3856,-3.8124000000000002,2081.21
592767,"Smyly, Drew",KC,2022,377,101.580376,101.580376,78.69177718832891,-0.15787798408488063,-2.6355437665782495,2115.915119363395
592767,"Smyly, Drew",KC,2023,482,100.33382,100.33382,78.72116182572614,-2.2974273858921164,-3.347800829875519,2126.5103734439836
592767,"Smyly, Drew",KC,2024,140,101.74572,101.74572,80.21928571428572,-3.564,-3.648,2327.192857142857
592767,"Smyly, Drew",SI,2022,316,106.32215,106.32215,92.65917721518987,17.174430379746834,-7.917721518987341,2163.7555555555555
592767,"Smyly, Drew",SI,2023,384,102.2276,102.2276,91.91796875,16.438125,-8.62125,2061.195822454308
592767,"Smyly, Drew",SI,2024,153,103.79412,103.79412,92.59281045751635,17.65490196078431,-7.271372549019608,2163.169934640523
592773,"Stanek, Ryne",FF,2022,225,105.65111,105.65111,98.36888888888889,17.810133333333333,10.196266666666666,2305.0444444444443
592773,"Stanek, Ryne",FF,2023,215,104.66465,104.66465,98.05581395348837,18.190883720930234,9.596651162790698,2347.739534883721
592773,"Stanek, Ryne",FF,2024,249,103.50603,103.50603,97.96144578313253,17.95566265060241,9.170602409638555,2332.144578313253
592773,"Stanek, Ryne",FF,2025,272,103.39595,103.39595,98.56286764705882,18.54,8.644411764705882,2358.0257352941176
592779,"Stewart, Brock",FF,2025,158,100.68987,100.68987,96.3132911392405,14.115949367088609,5.895949367088607,2622.0506329113923
592789,"Syndergaard, Noah",CH,2022,168,97.691666,97.691666,88.40059523809524,8.02,15.312142857142858,1540.2155688622754
592789,"Syndergaard, Noah",CH,2023,127,99.84488,99.84488,87.14094488188977,7.426771653543307,15.593385826771653,1603.9527559055118
592789,"Syndergaard, Noah",FF,2022,121,94.354546,94.354546,94.09338842975205,14.233388429752067,5.63603305785124,2135.9504132231405
592789,"Syndergaard, Noah",SI,2022,243,98.195885,98.195885,93.62263374485596,10.624691358024693,13.97432098765432,2124.448559670782
592789,"Syndergaard, Noah",SI,2023,127,96.51811,96.51811,92.31574803149607,10.96535433070866,14.584251968503937,2123.5433070866143
592789,"Syndergaard, Noah",SL,2022,121,95.79752,95.79752,85.2206611570248,0.9401652892561984,-5.444628099173554,2154.6611570247933
592791,"Taillon, Jameson",CH,2022,108,94.67407,94.67407,87.79722222222223,10.718130841121495,13.992897196261682,1848.811320754717
592791,"Taillon, Jameson",CU,2022,135,99.699265,99.699265,81.22296296296297,-9.881777777777778,-9.296000000000001,2723.7555555555555
592791,"Taillon, Jameson",CU,2023,111,95.70811,95.70811,80.60810810810811,-9.767567567567568,-10.504864864864864,2721.6576576576576
592791,"Taillon, Jameson",CU,2024,137,98.19635,98.19635,79.80510948905109,-10.701897810218979,-9.756788321167884,2702.7299270072995
592791,"Taillon, Jameson",FC,2022,137,99.06642,99.06642,90.77007299270073,12.65080291970803,-2.5778102189781023,2529.058394160584
592791,"Taillon, Jameson",FC,2023,218,99.622475,99.622475,88.77798165137614,11.512844036697249,-4.212110091743119,2548.821100917431
592791,"Taillon, Jameson",FC,2024,247,99.589066,99.589066,86.60364372469635,7.845668016194333,-5.76582995951417,2531.65991902834
592791,"Taillon, Jameson",FC,2025,114,100.72983,100.72983,85.87105263157895,7.68,-6.513684210526316,2548.7982456140353
592791,"Taillon, Jameson",FF,2022,393,100.38448,100.38448,94.19083969465649,17.739847328244274,5.761221374045801,2373.625954198473
592791,"Taillon, Jameson",FF,2023,267,98.39139,98.39139,93.79325842696629,16.75191011235955,7.658876404494382,2325.3496240601503
592791,"Taillon, Jameson",FF,2024,297,95.158585,95.158585,92.43771043771044,16.26181818181818,6.817373737373737,2286.4276094276092
592791,"Taillon, Jameson",FF,2025,289,96.5443,96.5443,92.35743944636678,18.2001384083045,7.308788927335641,2327.5951557093426
592791,"Taillon, Jameson",SI,2022,116,101.16121,101.16121,94.22068965517242,14.629655172413793,13.565172413793103,2295.646551724138
592791,"Taillon, Jameson",SI,2024,105,95.85714,95.85714,92.69428571428571,13.831999999999999,12.766857142857143,2248.2380952380954
592791,"Taillon, Jameson",SL,2022,219,98.865295,98.865295,86.03333333333333,3.56,-6.417534246575343,2563.1004566210045
592791,"Taillon, Jameson",ST,2023,148,99.39189,99.39189,80.76891891891891,2.2370270270270267,-14.613243243243241,2695.2027027027025
592791,"Taillon, Jameson",ST,2024,184,99.11195,99.11195,80.43369565217391,0.12326086956521737,-16.140652173913043,2732.483695652174
592791,"Taillon, Jameson",ST,2025,137,101.6146,101.6146,80.31751824817518,-0.621021897810219,-15.685839416058394,2707.6496350364964
592826,"Velasquez, Vince",FF,2022,283,100.87421,100.87421,93.20530035335689,18.44650176678445,5.050600706713781,2412.9257950530036
592826,"Velasquez, Vince",FF,2023,102,104.161766,104.161766,93.35588235294117,18.26,3.144705882352941,2466.787878787879
592826,"Velasquez, Vince",SL,2022,121,96.931404,96.931404,84.63471074380165,3.995702479338843,-6.714049586776859,2489.793388429752
592826,"Velasquez, Vince",SL,2023,106,97.47076,97.47076,83.07358490566037,2.0615094339622644,-8.230188679245282,2503.403846153846
592836,"Walker, Taijuan",FC,2023,153,97.26928,97.26928,87.7437908496732,10.934117647058825,-2.7733333333333334,2400.3684210526317
592836,"Walker, Taijuan",FC,2025,226,97.62566,97.62566,87.09115044247787,12.273982300884956,-3.27716814159292,2434.778761061947
592836,"Walker, Taijuan",FF,2022,224,98.42545,98.42545,93.89821428571429,17.248392857142857,10.023750000000001,2145.3214285714284
592836,"Walker, Taijuan",FF,2023,152,98.53487,98.53487,93.19013157894737,16.759736842105262,9.110526315789473,2127.9466666666667
592836,"Walker, Taijuan",FS,2022,276,96.91051,96.91051,88.5800724637681,1.6291304347826085,10.112173913043478,1411.5869565217392
592836,"Walker, Taijuan",FS,2023,381,97.45065,97.45065,88.04461942257218,2.351811023622047,11.797165354330708,1430.4063324538258
592836,"Walker, Taijuan",FS,2024,143,96.746155,96.746155,86.58251748251747,2.6324475524475526,10.69006993006993,1369.139705882353
592836,"Walker, Taijuan",FS,2025,155,95.59613,95.59613,87.57032258064515,3.80516129032258,12.140129032258065,1462.6064516129031
592836,"Walker, Taijuan",SI,2023,240,95.16333,95.16333,92.58958333333334,11.5665,15.4475,1975.6958333333334
592836,"Walker, Taijuan",SI,2024,118,94.94407,94.94407,91.18474576271186,12.110847457627118,15.02135593220339,1925.9298245614036
592836,"Walker, Taijuan",SI,2025,126,95.349205,95.349205,92.02222222222221,12.168571428571429,14.664761904761905,1960.9285714285713
592836,"Walker, Taijuan",SL,2022,117,97.799995,97.799995,84.84444444444443,5.63076923076923,-6.034871794871795,2401.782608695652
592836,"Walker, Taijuan",ST,2024,102,99.33039,99.33039,85.08529411764707,8.355294117647059,-5.6364705882352935,2468.2021276595747
592858,"Wick, Rowan",FF,2022,248,102.332664,102.332664,94.83629032258065,17.72467741935484,2.666129032258065,2258.417004048583
592866,"Williams, Trevor",CH,2023,164,99.13537,99.13537,83.48231707317073,3.065121951219512,14.536829268292683,1697.7621951219512
592866,"Williams, Trevor",FF,2022,342,99.159355,99.159355,91.36315789473684,12.89859649122807,6.976140350877193,2252.6023391812864
592866,"Williams, Trevor",FF,2023,520,97.51462,97.51462,89.82173076923077,11.322461538461539,6.3639230769230775,2213.548076923077
592866,"Williams, Trevor",FF,2024,170,96.14882,96.14882,89.01941176470588,10.837411764705882,4.597411764705882,2191.5882352941176
592866,"Williams, Trevor",FF,2025,272,97.03272,97.03272,87.83382352941176,10.093235294117648,1.9058823529411764,2226.9375
592866,"Williams, Trevor",SI,2023,155,98.90064,98.90064,88.14451612903225,3.016258064516129,15.043354838709677,1863.348387096774
592866,"Williams, Trevor",ST,2025,126,101.470634,101.470634,77.01825396825396,7.740952380952381,-10.032380952380953,2228.3174603174602
593334,"Germán, Domingo",CH,2023,163,98.01656,98.01656,85.86748466257669,9.504294478527608,17.453006134969325,2394.754601226994
593334,"Germán, Domingo",CU,2023,356,103.16011,103.16011,83.01404494382022,1.9092134831460676,-0.6468539325842697,2672.6175637393767
593334,"Germán, Domingo",FF,2023,203,99.100494,99.100494,92.36059113300493,16.185812807881774,9.973004926108374,2509.5467980295566
593423,"Montas, Frankie",FC,2024,164,101.082924,101.082924,90.56524390243902,5.607073170731708,-1.701951219512195,2440.1524390243903
593423,"Montas, Frankie",FF,2022,333,98.48859,98.48859,96.15285285285286,16.8190990990991,6.219459459459459,2359.3093093093094
593423,"Montas, Frankie",FF,2024,371,97.280594,97.280594,95.7312668463612,15.260377358490567,4.823288409703504,2396.900269541779
593423,"Montas, Frankie",FS,2022,298,102.67383,102.67383,86.2973154362416,3.1965100671140942,11.86953020134228,1447.9328859060402
593423,"Montas, Frankie",FS,2024,177,102.82373,102.82373,85.99039548022598,2.6196610169491525,9.16,1512.2881355932204
593423,"Montas, Frankie",SI,2022,233,100.74464,100.74464,95.6450643776824,11.619399141630902,15.531502145922747,2246.991416309013
593423,"Montas, Frankie",SI,2024,195,98.98718,98.98718,94.67999999999999,9.163076923076924,13.751384615384616,2251.6102564102566
593423,"Montas, Frankie",SL,2022,149,99.58791,99.58791,87.18053691275168,3.09503355704698,-6.173959731543624,2411.496644295302
593576,"Neris, Héctor",FF,2022,149,99.33087,99.33087,94.1751677852349,17.22040268456376,10.4351677852349,2450.5234899328857
593576,"Neris, Héctor",FF,2023,230,98.0687,98.0687,93.11391304347826,17.508,8.42086956521739,2430.891304347826
593576,"Neris, Héctor",FF,2024,175,96.09486,96.09486,92.93885714285715,16.80137142857143,9.405257142857144,2403.542857142857
593576,"Neris, Héctor",FS,2022,104,101.02116,101.02116,85.1625,-0.6565384615384615,10.766538461538461,1124.4615384615386
593576,"Neris, Héctor",FS,2023,120,101.30417,101.30417,83.07083333333334,0.284,9.751,1159.1913043478262
593576,"Neris, Héctor",FS,2024,157,102.78407,102.78407,82.73694267515924,0.32789808917197444,8.652229299363057,1097.1719745222929
593576,"Neris, Héctor",FS,2025,105,99.66857,99.66857,83.15922330097087,-0.8866019417475728,10.081165048543689,1154.495145631068
593958,"Rodriguez, Eduardo",CH,2023,170,103.00059,103.00059,85.81647058823529,5.299058823529412,-15.90141176470588,1865.8988095238096
593958,"Rodriguez, Eduardo",CH,2025,182,99.40825,99.40825,85.78241758241758,6.050769230769231,-15.6810989010989,1921.2582417582419
593958,"Rodriguez, Eduardo",FC,2022,134,95.08209,95.08209,88.81268656716418,9.513134328358209,1.2573134328358209,2203.6716417910447
593958,"Rodriguez, Eduardo",FC,2023,144,95.03333,95.03333,88.92430555555556,10.141666666666667,1.4308333333333334,2167.6180555555557
593958,"Rodriguez, Eduardo",FC,2025,176,96.29773,96.29773,89.45397727272727,9.64159090909091,1.1563636363636365,2269.3238636363635
593958,"Rodriguez, Eduardo",FF,2022,208,95.06779,95.06779,91.9326923076923,14.336538461538462,-6.717692307692308,2172.610576923077
593958,"Rodriguez, Eduardo",FF,2023,348,95.23419,95.23419,92.31149425287357,14.459310344827587,-6.086896551724139,2167.127167630058
593958,"Rodriguez, Eduardo",FF,2024,167,96.75868,96.75868,92.05149700598803,14.159999999999998,-5.877844311377245,2262.8622754491016
593958,"Rodriguez, Eduardo",FF,2025,394,96.76853,96.76853,91.99720812182741,14.654619289340102,-5.545583756345178,2304.8680203045687
593974,"Peralta, Wandy",CH,2022,140,106.32,106.32,88.465,4.7374285714285715,-17.271428571428572,2177.442857142857
593974,"Peralta, Wandy",CH,2023,142,103.8162,103.8162,89.11760563380282,4.992676056338029,-16.612394366197183,2194.4014084507044
593974,"Peralta, Wandy",CH,2025,175,103.37086,103.37086,88.95060240963855,5.090602409638554,-16.244096385542168,2162.867469879518
593974,"Peralta, Wandy",SI,2022,100,105.565994,105.565994,95.55799999999999,9.556799999999999,-17.1048,2184.74
593974,"Peralta, Wandy",SI,2023,111,106.818924,106.818924,95.90180180180181,9.448648648648648,-16.587027027027027,2216.945945945946
593974,"Peralta, Wandy",SI,2025,167,103.49401,103.49401,95.3314465408805,9.241509433962264,-15.875471698113206,2117.5974842767296
594311,"Gustave, Jandel",SI,2022,101,100.39505,100.39505,95.90297029702971,7.03960396039604,16.11089108910891,2384.2178217821784
594577,"Mayers, Mike",FF,2022,154,100.87727,100.87727,93.62402597402598,16.16883116883117,10.968311688311688,2298.7960526315787
594580,"Moll, Sam",SI,2023,117,100.51538,100.51538,93.41025641025641,1.4748717948717949,-16.846153846153847,2354.1666666666665
594580,"Moll, Sam",ST,2022,154,98.18052,98.18052,81.84805194805195,-2.714025974025974,17.504415584415582,3185.7662337662337
594580,"Moll, Sam",ST,2023,101,99.42773,99.42773,82.04059405940595,-0.3885148514851485,17.297821782178218,3075.808510638298
594798,"deGrom, Jacob",CH,2025,116,104.02155,104.02155,89.84137931034483,2.0451724137931033,13.997586206896552,1668.7155172413793
594798,"deGrom, Jacob",FF,2022,186,106.92742,106.92742,99.07150537634408,16.912258064516127,9.55483870967742,2524.1559139784945
594798,"deGrom, Jacob",FF,2025,575,101.165565,101.165565,97.64034782608695,16.505947826086956,8.798399999999999,2519.3895652173915
594798,"deGrom, Jacob",SL,2022,189,106.941795,106.941795,92.68201058201059,5.086984126984127,-3.646349206349206,2576.925925925926
594798,"deGrom, Jacob",SL,2025,406,105.11872,105.11872,90.42167487684728,2.3748768472906403,-4.651034482758621,2700.113300492611
594835,"Gonzales, Marco",CH,2022,424,97.614624,97.614624,79.39669811320753,6.883584905660377,-17.345377358490566,2111.7352245862885
594835,"Gonzales, Marco",CH,2023,112,99.09643,99.09643,79.84375,5.4332142857142856,-17.687142857142856,2168.4375
594835,"Gonzales, Marco",CU,2022,115,94.87043,94.87043,76.79565217391304,-13.389913043478261,6.320347826086957,2143.4347826086955
594835,"Gonzales, Marco",FC,2022,255,95.4902,95.4902,86.23490196078431,11.665882352941177,-2.428235294117647,2033.1857707509882
594835,"Gonzales, Marco",FF,2022,384,95.51693,95.51693,88.49557291666667,14.520312500000001,-12.3809375,1988.6187989556136
594902,"Lively, Ben",FF,2023,162,99.70679,99.70679,90.65555555555557,14.262962962962963,6.374814814814815,2001.2222222222222
594902,"Lively, Ben",FF,2024,206,97.15243,97.15243,90.04029126213592,15.089126213592234,8.586407766990291,2000.995
594902,"Lively, Ben",SI,2024,240,100.410416,100.410416,90.52708333333334,11.5515,13.54,1957.9659574468085
594902,"Lively, Ben",ST,2023,117,96.284615,96.284615,80.05811965811965,3.631794871794872,-10.984615384615385,1978.2222222222222
594902,"Lively, Ben",ST,2024,130,97.20461,97.20461,79.20384615384616,2.976,-10.350461538461538,1994.5984251968505
595345,"Okert, Steven",FF,2023,131,100.221375,100.221375,93.98473282442748,14.74351145038168,-8.877251908396946,2235.4274809160306
595345,"Okert, Steven",FF,2025,154,97.37987,97.37987,92.00671140939598,16.34979865771812,-7.959463087248323,2230.422818791946
595345,"Okert, Steven",SL,2022,222,101.0982,101.0982,82.13468468468469,5.311351351351352,10.284864864864867,2490.348416289593
595345,"Okert, Steven",SL,2023,257,100.17704,100.17704,81.90544747081712,5.17307392996109,10.087937743190661,2532.3463035019454
595345,"Okert, Steven",SL,2024,122,98.485245,98.485245,80.93770491803278,4.570819672131147,11.287868852459015,2584.2049180327867
595345,"Okert, Steven",SL,2025,232,101.87457,101.87457,80.76508620689656,7.072241379310345,8.185862068965516,2471.0991379310344
595881,"Beede, Tyler",CH,2022,121,102.55785,102.55785,84.86694214876033,3.4611570247933887,15.48396694214876,1604.55
595881,"Beede, Tyler",FF,2022,114,94.44122,94.44122,95.66929824561403,13.047368421052632,11.120000000000001,2087.2368421052633
595928,"Curtiss, John",FF,2025,112,101.44732,101.44732,94.31176470588234,17.28470588235294,7.18,2333.705882352941
596001,"Junis, Jakob",SI,2022,171,96.522224,96.522224,92.05263157894737,8.375438596491229,12.72280701754386,2190.798816568047
596001,"Junis, Jakob",SI,2023,129,98.84496,98.84496,93.85891472868217,6.8679069767441865,13.592558139534884,2194.0241935483873
596001,"Junis, Jakob",SI,2024,104,96.809616,96.809616,92.05576923076923,6.703846153846154,13.641923076923076,2157.5096153846152
596001,"Junis, Jakob",SL,2022,311,98.161095,98.161095,83.44180064308682,0.7335048231511254,-13.295305466237943,2480.6945337620577
596001,"Junis, Jakob",SL,2023,335,99.343285,99.343285,84.27343283582088,0.21349253731343287,-13.10292537313433,2465.5555555555557
596001,"Junis, Jakob",SL,2024,123,97.04146,97.04146,83.34065040650407,1.3190243902439025,-13.070243902439024,2550.8943089430895
596001,"Junis, Jakob",SL,2025,128,98.05391,98.05391,83.32578125,2.8828125,-12.0646875,2496.6015625
596057,"Norris, Daniel",FF,2022,108,97.12778,97.12778,91.06481481481481,17.37666666666667,-7.36,2355.9532710280373
596112,"Stephenson, Robert",FC,2023,157,117.681526,117.681526,88.62292993630572,2.825732484076433,1.154904458598726,2870.941935483871
596112,"Stephenson, Robert",FF,2022,203,99.6532,99.6532,96.78128078817733,15.05793103448276,11.291822660098521,2387.512315270936
596112,"Stephenson, Robert",SL,2022,189,103.869316,103.869316,83.98624338624339,-2.7384126984126986,-5.152380952380953,2913.6825396825398
596133,"Weaver, Luke",CH,2023,147,101.82177,101.82177,85.95646258503402,8.361632653061225,13.10122448979592,1700.7724137931034
596133,"Weaver, Luke",CH,2024,155,104.81742,104.81742,88.65548387096774,4.406709677419355,13.72258064516129,1864.2709677419355
596133,"Weaver, Luke",CH,2025,124,100.84516,100.84516,87.83064516129032,6.836129032258065,13.838709677419354,1949.3548387096773
596133,"Weaver, Luke",FC,2023,101,98.16733,98.16733,90.1950495049505,13.022970297029703,-1.508910891089109,2410.019801980198
596133,"Weaver, Luke",FC,2024,142,100.532394,100.532394,91.16267605633803,12.686197183098592,-2.607887323943662,2492.8098591549297
596133,"Weaver, Luke",FF,2022,183,100.50327,100.50327,95.01748633879782,16.474754098360656,8.85049180327869,2402.849710982659
596133,"Weaver, Luke",FF,2023,322,98.026085,98.026085,94.08354037267081,16.018136645962734,7.706086956521739,2393.3867924528304
596133,"Weaver, Luke",FF,2024,247,103.96761,103.96761,95.63805668016194,18.480485829959516,6.481457489878543,2453.7854251012145
596133,"Weaver, Luke",FF,2025,238,101.93361,101.93361,95.24243697478992,18.891932773109243,6.992773109243697,2438.0210084033615
596295,"Gomber, Austin",CH,2022,166,99.33073,99.33073,82.0512048192771,10.548433734939758,-9.832048192771083,1641.8915662650602
596295,"Gomber, Austin",CH,2023,149,97.93557,97.93557,81.64496644295302,10.35463087248322,-9.213422818791946,1629.9328859060402
596295,"Gomber, Austin",CH,2024,209,100.31387,100.31387,81.21291866028709,10.371674641148324,-9.980095693779905,1667.1196172248804
596295,"Gomber, Austin",FF,2022,315,93.16571,93.16571,91.0879365079365,17.152,-6.141333333333333,2156.3375796178343
596295,"Gomber, Austin",FF,2023,316,93.01266,93.01266,90.91835443037975,16.95037974683544,-7.214050632911392,2157.9777777777776
596295,"Gomber, Austin",FF,2024,359,92.3248,92.3248,90.63426183844011,16.85181058495822,-7.508857938718663,2178.4748603351954
596295,"Gomber, Austin",FF,2025,134,91.695526,91.695526,89.54328358208954,16.415820895522387,-6.339402985074627,2123.3358208955224
596295,"Gomber, Austin",KC,2022,149,98.13423,98.13423,76.01543624161073,-13.840268456375838,6.855302013422818,2507.221476510067
596295,"Gomber, Austin",KC,2023,125,97.5728,97.5728,78.0096,-10.35168,7.45824,2534.024
596295,"Gomber, Austin",KC,2024,242,96.89132,96.89132,77.80950413223141,-10.916033057851239,7.580826446280992,2567.1120331950206
596295,"Gomber, Austin",KC,2025,101,95.31683,95.31683,76.3990099009901,-10.527920792079208,6.898217821782178,2553.6237623762377
596295,"Gomber, Austin",SL,2022,222,97.45721,97.45721,84.37882882882882,3.348108108108108,5.027567567567568,2389.671171171171
596295,"Gomber, Austin",SL,2023,152,95.29474,95.29474,84.84342105263158,4.533157894736842,4.738421052631579,2384.6
596295,"Gomber, Austin",SL,2024,198,95.189896,95.189896,83.77828282828283,3.2236363636363636,5.167878787878788,2412.467005076142
598287,"Ramirez, Noé",CH,2022,117,100.823074,100.823074,83.98717948717949,-4.207179487179487,14.178461538461539,2032.6324786324785
598287,"Ramirez, Noé",FF,2022,108,101.578705,101.578705,89.83796296296296,11.421111111111111,10.53111111111111,2191.175925925926
600917,"Leclerc, José",FF,2022,115,105.15913,105.15913,96.51739130434783,17.895652173913042,3.7544347826086955,2654.8
600917,"Leclerc, José",FF,2023,132,101.4197,101.4197,95.29469696969697,18.182727272727274,2.9318181818181817,2549.1908396946565
600917,"Leclerc, José",FF,2024,152,101.84869,101.84869,95.33486842105263,17.393684210526317,2.4710526315789476,2532.9605263157896
600917,"Leclerc, José",SL,2022,119,103.19832,103.19832,83.52016806722689,1.7576470588235296,-9.30453781512605,2582.655462184874
600917,"Leclerc, José",SL,2023,114,106.67193,106.67193,82.85701754385966,6.136842105263158,-7.02,2489.2719298245615
600917,"Leclerc, José",SL,2024,152,102.676315,102.676315,81.92894736842106,4.386315789473684,-9.127105263157894,2573.0394736842104
600921,"Machado, Andrés",FF,2022,144,98.86736,98.86736,95.73888888888888,16.235,7.4825,2106.2638888888887
600921,"Machado, Andrés",SI,2022,130,101.349236,101.349236,95.1423076923077,11.386153846153846,15.600923076923078,2035.5384615384614
601713,"Pivetta, Nick",CU,2023,211,98.06919,98.06919,79.33744075829384,-17.343696682464454,-8.080947867298578,2784.834123222749
601713,"Pivetta, Nick",CU,2024,119,97.56806,97.56806,80.18655462184874,-15.312605042016807,-7.696134453781513,2815.084033613445
601713,"Pivetta, Nick",CU,2025,177,99.19944,99.19944,79.05365853658536,-16.438536585365853,-7.151707317073171,2817.1646341463415
601713,"Pivetta, Nick",FC,2022,192,105.0224,105.0224,86.17760416666665,3.889375,-5.8218749999999995,2322.8802083333335
601713,"Pivetta, Nick",FF,2022,584,101.7411,101.7411,93.55804794520549,20.59849315068493,5.155273972602739,2315.053082191781
601713,"Pivetta, Nick",FF,2023,534,103.15094,103.15094,94.60599250936329,20.111460674157303,4.064494382022472,2346.0842696629215
601713,"Pivetta, Nick",FF,2024,450,99.37155,99.37155,94.11133333333333,19.691733333333335,4.202133333333333,2309.633333333333
601713,"Pivetta, Nick",FF,2025,481,102.142204,102.142204,93.88905908096281,19.20577680525164,2.3117724288840265,2321.297592997812
601713,"Pivetta, Nick",KC,2022,221,95.89909,95.89909,77.44434389140272,-18.629864253393663,-7.810316742081447,2720.20814479638
601713,"Pivetta, Nick",SL,2023,116,98.85603,98.85603,86.35862068965517,3.9331034482758622,-6.2844827586206895,2402.344827586207
601713,"Pivetta, Nick",ST,2024,260,101.104614,101.104614,82.5923076923077,4.25723076923077,-13.420615384615385,2468.519230769231
601713,"Pivetta, Nick",ST,2025,190,98.34579,98.34579,81.83280423280424,2.2863492063492066,-13.747936507936508,2442.968253968254
605121,"Anderson, Justin",FF,2024,117,102.1,102.1,96.0871794871795,15.543589743589743,8.820512820512821,2274.8205128205127
605121,"Anderson, Justin",SL,2024,139,102.74676,102.74676,85.75755395683453,1.9795683453237412,-9.151942446043165,2445.122302158273
605130,"Barlow, Scott",CU,2022,110,105.59273,105.59273,78.53999999999999,-8.68909090909091,-16.311272727272726,2497.1272727272726
605130,"Barlow, Scott",CU,2023,105,102.22952,102.22952,78.51142857142858,-9.715428571428571,-15.577142857142857,2598.8190476190475
605130,"Barlow, Scott",SL,2022,156,98.25769,98.25769,84.13525641025642,-1.0653846153846156,-8.072307692307692,2471.75
605130,"Barlow, Scott",SL,2023,139,100.549644,100.549644,82.87769784172662,0.20978417266187047,-10.716258992805756,2524.8129496402876
605130,"Barlow, Scott",SL,2024,143,100.34266,100.34266,80.92657342657343,1.9476923076923076,-15.881118881118882,2580.3617021276596
605130,"Barlow, Scott",ST,2025,112,100.876785,100.876785,81.58749999999999,5.674285714285714,-13.855714285714285,2531.9196428571427
605135,"Bassitt, Chris",CU,2022,149,98.87248,98.87248,71.69664429530201,-13.64536912751678,-14.919463087248323,2334.9194630872485
605135,"Bassitt, Chris",CU,2023,120,99.6325,99.6325,70.68083333333334,-14.081,-14.019,2269.766666666667
605135,"Bassitt, Chris",CU,2024,150,99.09733,99.09733,71.10333333333334,-12.6944,-15.4288,2302.673333333333
605135,"Bassitt, Chris",CU,2025,135,100.256294,100.256294,71.5179104477612,-11.652537313432836,-16.993432835820894,2263.410447761194
605135,"Bassitt, Chris",FC,2022,233,100.15494,100.15494,89.26866952789699,8.787296137339055,-2.4669527896995707,2261.456896551724
605135,"Bassitt, Chris",FC,2023,181,100.95083,100.95083,88.12375690607735,8.338342541436464,-2.2269613259668506,2208.3314917127072
605135,"Bassitt, Chris",FC,2024,256,100.80312,100.80312,89.7703125,9.41109375,0.07312499999999998,2238.9453125
605135,"Bassitt, Chris",FC,2025,178,102.69213,102.69213,88.76723163841808,8.388474576271186,-0.6054237288135593,2221.186440677966
605135,"Bassitt, Chris",FF,2022,170,101.71294,101.71294,93.44,13.538823529411765,5.6357647058823535,2197.323529411765
605135,"Bassitt, Chris",SI,2022,372,98.408066,98.408066,92.77768817204301,9.256451612903225,15.996451612903227,2117.409703504043
605135,"Bassitt, Chris",SI,2023,385,97.03974,97.03974,91.80623376623377,8.556779220779221,15.907948051948052,2095.039577836412
605135,"Bassitt, Chris",SI,2024,446,97.0213,97.0213,92.48385650224216,8.206008968609865,16.478206278026907,2099.5784753363228
605135,"Bassitt, Chris",SI,2025,366,98.4776,98.4776,91.54356164383562,4.54158904109589,15.950465753424657,2091.2794520547945
605135,"Bassitt, Chris",ST,2023,100,101.405,101.405,72.92,-1.6824000000000001,-18.3,2284.36
605135,"Bassitt, Chris",ST,2024,102,103.11078,103.11078,73.84509803921569,-0.6435294117647059,-17.584705882352942,2338.9901960784314
605154,"Brebbia, John",FF,2022,191,104.57434,104.57434,94.42565445026177,17.440837696335077,9.933612565445026,2309.9736842105262
605154,"Brebbia, John",FF,2023,115,105.53391,105.53391,94.56695652173914,17.700521739130433,8.028521739130435,2364.009009009009
605154,"Brebbia, John",FF,2024,208,101.95721,101.95721,93.90240384615385,17.654423076923077,9.6975,2286.221153846154
605154,"Brebbia, John",SL,2022,252,97.4627,97.4627,84.00198412698413,3.1619047619047618,-5.923809523809523,2564.2096774193546
605154,"Brebbia, John",SL,2023,137,98.17664,98.17664,82.82481751824818,0.12262773722627737,-8.807299270072992,2641.340909090909
605154,"Brebbia, John",SL,2024,201,99.19801,99.19801,83.0686567164179,0.01611940298507463,-9.12,2654.1890547263683
605164,"Bundy, Dylan",CH,2022,189,96.34815,96.34815,81.12910052910053,6.110476190476191,12.608253968253969,1368.9100529100529
605164,"Bundy, Dylan",FF,2022,358,96.950005,96.950005,89.14357541899442,19.260670391061453,4.347821229050279,2362.421787709497
605164,"Bundy, Dylan",SL,2022,188,99.15691,99.15691,79.25638297872341,-0.2674468085106383,-5.29531914893617,2413.436170212766
605177,"Chafin, Andrew",SI,2022,160,100.06563,100.06563,91.67999999999999,12.042,-14.975249999999999,2115.9
605177,"Chafin, Andrew",SI,2023,159,99.76101,99.76101,92.3698113207547,11.711698113207548,-15.455094339622642,2141.6100628930817
605177,"Chafin, Andrew",SI,2024,118,99.35254,99.35254,91.91610169491526,12.636610169491526,-14.7,2136.7391304347825
605177,"Chafin, Andrew",SL,2022,129,108.39612,108.39612,82.82480620155039,-0.5832558139534884,0.37488372093023253,2475.0697674418607
605177,"Chafin, Andrew",SL,2023,122,107.52623,107.52623,83.5311475409836,-0.9049180327868852,0.340327868852459,2522.7049180327867
605177,"Chafin, Andrew",SL,2024,145,106.324135,106.324135,82.14896551724138,-2.865103448275862,1.1321379310344828,2542.6857142857143
605177,"Chafin, Andrew",SL,2025,118,106.19153,106.19153,80.53928571428571,-2.304642857142857,0.8624999999999999,2433.0803571428573
605182,"Clevinger, Mike",FF,2022,252,100.63453,100.63453,93.64523809523808,17.036666666666665,8.475714285714286,2313.0515873015875
605182,"Clevinger, Mike",FF,2023,433,98.99377,98.99377,94.36581986143187,17.43713625866051,7.098013856812933,2270.3441108545035
605182,"Clevinger, Mike",SL,2023,223,96.699554,96.699554,79.55112107623319,-2.9321973094170404,-15.439103139013453,2360.9414414414414
605194,"Cotton, Jharel",CH,2022,147,104.993195,104.993195,79.73469387755102,6.099591836734694,13.29142857142857,2391.204081632653
605194,"Cotton, Jharel",FF,2022,147,97.67619,97.67619,92.67687074829932,19.1134693877551,8.058775510204082,2265.421768707483
605200,"Davies, Zach",CH,2022,323,102.26657,102.26657,79.58885448916409,8.59467492260062,13.958637770897834,1673.4068322981366
605200,"Davies, Zach",CH,2023,145,100.26,100.26,80.79655172413793,6.712551724137931,14.675586206896552,1763.4722222222222
605200,"Davies, Zach",SI,2022,313,96.47764,96.47764,89.65463258785942,11.98964856230032,14.908753993610222,2082.4967741935484
605200,"Davies, Zach",SI,2023,146,96.510956,96.510956,89.76232876712328,8.527397260273972,16.899452054794523,2103.945205479452
605218,"Edwards Jr., Carl",FF,2022,245,102.55347,102.55347,94.74040816326531,16.058938775510203,-1.8489795918367347,2529.0163265306123
605218,"Edwards Jr., Carl",FF,2023,118,101.36525,101.36525,93.39237288135593,15.213559322033898,-2.846440677966102,2552.6923076923076
605242,"Fulmer, Michael",FC,2022,232,101.1875,101.1875,90.33749999999999,6.966206896551724,-4.3422413793103445,2417.1336206896553
605242,"Fulmer, Michael",FF,2023,116,100.615524,100.615524,94.28275862068965,14.421724137931035,-0.6662068965517242,2440.2477876106195
605242,"Fulmer, Michael",ST,2023,101,102.37525,102.37525,83.23465346534654,-1.6752475247524752,-16.758415841584156,2716.020618556701
605280,"Holmes, Clay",CH,2025,195,106.10871,106.10871,88.05897435897435,0.7175384615384616,12.001846153846154,1100.0154639175257
605280,"Holmes, Clay",SI,2022,210,111.21095,111.21095,97.12857142857143,5.216571428571429,16.992,2219.947619047619
605280,"Holmes, Clay",SI,2023,221,109.41901,109.41901,96.12533936651585,3.0673303167420816,15.06950226244344,2130.1318181818183
605280,"Holmes, Clay",SI,2024,199,111.48341,111.48341,96.65577889447236,4.184321608040201,14.59959798994975,2199.452261306533
605280,"Holmes, Clay",SI,2025,448,103.84821,103.84821,93.77187500000001,2.9651785714285714,14.808482142857143,2178.469387755102
605280,"Holmes, Clay",SL,2025,129,101.256584,101.256584,85.45348837209302,-4.1432558139534885,-1.9813953488372094,2584.671875
605280,"Holmes, Clay",ST,2025,171,98.86023,98.86023,82.23391812865498,-5.9901754385964905,-16.216140350877193,2815.8058823529414
605288,"Houser, Adrian",CH,2025,111,101.816216,101.816216,85.82612612612613,4.165405405405406,15.694054054054053,1620.1711711711712
605288,"Houser, Adrian",FF,2023,164,96.03658,96.03658,93.40121951219511,15.36731707317073,9.07390243902439,2196.4347826086955
605288,"Houser, Adrian",SI,2022,386,100.76633,100.76633,93.78316062176167,8.427979274611399,16.12476683937824,2076.523316062176
605288,"Houser, Adrian",SI,2023,344,99.65174,99.65174,92.2110465116279,6.731511627906976,16.868372093023257,2053.0726744186045
605288,"Houser, Adrian",SI,2024,156,97.74744,97.74744,92.51025641025642,7.811538461538461,16.534615384615385,2070.9319727891157
605288,"Houser, Adrian",SI,2025,303,97.46237,97.46237,94.3986798679868,6.935049504950496,16.87722772277228,2197.5610561056105
605288,"Houser, Adrian",SL,2025,106,97.33773,97.33773,88.34056603773585,4.786415094339623,-2.5245283018867926,2419.367924528302
605347,"López, Jorge",SI,2022,185,99.41244,99.41244,97.54756756756757,8.302054054054054,17.14508108108108,1983.3243243243244
605347,"López, Jorge",SI,2023,103,101.32427,101.32427,96.75728155339806,7.769708737864077,17.255533980582523,2003.4356435643565
605397,"Musgrove, Joe",CU,2022,173,100.414444,100.414444,81.53815028901734,-13.814566473988439,-9.675606936416186,2725.4682080924854
605397,"Musgrove, Joe",CU,2024,111,98.64954,98.64954,81.5963963963964,-15.527567567567568,-11.658378378378378,2853.5607476635514
605397,"Musgrove, Joe",FC,2022,195,96.298454,96.298454,90.25846153846155,8.924923076923076,-1.7716923076923077,2582.866666666667
605397,"Musgrove, Joe",FC,2023,103,97.31554,97.31554,90.16796116504854,7.607766990291262,-2.9219417475728156,2625.823529411765
605397,"Musgrove, Joe",FC,2024,143,98.02937,98.02937,89.70979020979021,7.244475524475525,-3.0855944055944056,2717.8030303030305
605397,"Musgrove, Joe",FF,2022,229,96.36113,96.36113,92.99039301310043,13.057467248908296,4.054847161572052,2557.9737991266375
605397,"Musgrove, Joe",FF,2023,135,97.74074,97.74074,92.95851851851852,13.113777777777779,3.3813333333333335,2583.9777777777776
605397,"Musgrove, Joe",FF,2024,167,99.27844,99.27844,93.00419161676648,12.356407185628742,3.6668263473053893,2622.15625
605397,"Musgrove, Joe",SL,2022,222,100.6045,100.6045,83.04324324324324,-1.7913513513513515,-12.66810810810811,2712.788288288288
605397,"Musgrove, Joe",ST,2024,106,100.50944,100.50944,82.17264150943396,-3.7584905660377355,-16.970943396226417,2849.191919191919
605400,"Nola, Aaron",CH,2022,188,96.819145,96.819145,86.03244680851064,3.672127659574468,15.099574468085105,1477.813829787234
605400,"Nola, Aaron",CH,2023,110,95.85637,95.85637,86.02181818181818,4.431272727272727,14.886545454545454,1558.8073394495414
605400,"Nola, Aaron",FC,2023,112,101.77767,101.77767,86.07946428571428,6.290357142857142,-0.9042857142857142,2260.0178571428573
605400,"Nola, Aaron",FC,2024,132,98.079544,98.079544,87.18560606060606,8.39909090909091,1.280909090909091,2266.098484848485
605400,"Nola, Aaron",FF,2022,390,101.465385,101.465385,92.96564102564102,15.404615384615385,13.15753846153846,2317.497435897436
605400,"Nola, Aaron",FF,2023,256,101.46016,101.46016,92.75234375,15.15890625,12.31265625,2308.21875
605400,"Nola, Aaron",FF,2024,330,102.24425,102.24425,92.55727272727273,14.579999999999998,12.018181818181818,2303.769696969697
605400,"Nola, Aaron",FF,2025,141,101.01773,101.01773,91.99007092198582,14.809361702127658,12.425531914893616,2317.673758865248
605400,"Nola, Aaron",KC,2022,345,101.9058,101.9058,78.75739130434782,-10.773217391304348,-14.405913043478261,2598.472463768116
605400,"Nola, Aaron",KC,2023,332,100.62409,100.62409,79.22680722891566,-11.199036144578313,-12.657108433734939,2587.957575757576
605400,"Nola, Aaron",KC,2024,506,99.98736,99.98736,79.14387351778657,-9.803715415019763,-13.851462450592885,2601.118577075099
605400,"Nola, Aaron",KC,2025,163,100.54356,100.54356,78.21042944785276,-10.240490797546013,-14.45521472392638,2607.6196319018404
605400,"Nola, Aaron",SI,2022,168,98.448814,98.448814,92.19940476190476,9.672142857142857,17.14857142857143,2196.220238095238
605400,"Nola, Aaron",SI,2023,177,97.54576,97.54576,91.67062146892656,9.181694915254237,17.353898305084744,2222.215909090909
605400,"Nola, Aaron",SI,2024,226,97.78363,97.78363,91.41548672566373,8.640530973451327,17.12070796460177,2227.6946902654868
605447,"Romano, Jordan",FF,2022,165,103.77393,103.77393,97.00484848484848,18.184727272727272,5.606545454545455,2284.9451219512193
605447,"Romano, Jordan",FF,2023,129,106.02015,106.02015,96.68759689922481,17.506976744186048,3.816744186046512,2326.6201550387595
605447,"Romano, Jordan",SL,2022,162,98.69136,98.69136,87.51851851851852,-1.2281481481481482,-4.427407407407408,2082.41975308642
605447,"Romano, Jordan",SL,2023,165,102.26546,102.26546,86.91757575757576,-2.5367272727272727,-4.459636363636363,2178.660606060606
605447,"Romano, Jordan",SL,2025,132,98.125755,98.125755,86.03560606060607,-0.045454545454545456,-2.3009090909090912,1985.6515151515152
605452,"Ross, Joe",FF,2025,125,97.621605,97.621605,94.30409836065574,11.42655737704918,3.662950819672131,2211.7131147540986
605452,"Ross, Joe",SI,2024,170,97.17176,97.17176,94.83588235294118,9.261882352941177,13.66870588235294,2163.387878787879
605452,"Ross, Joe",SL,2024,215,101.36698,101.36698,86.4860465116279,2.6667906976744185,-2.7962790697674422,1969.5821596244132
605463,"Scott, Tayler",FF,2024,196,106.067345,106.067345,92.7719387755102,10.510408163265305,15.87734693877551,2136.6326530612246
605463,"Scott, Tayler",FS,2024,103,97.921364,97.921364,85.52135922330098,-3.922718446601942,10.244271844660195,1562.1359223300972
605483,"Snell, Blake",CH,2023,274,106.26825,106.26825,86.5934306569343,11.13065693430657,-12.641605839416059,1796.1204379562043
605483,"Snell, Blake",CH,2024,126,108.19682,108.19682,85.47936507936508,10.260952380952382,-13.804761904761905,1809.2777777777778
605483,"Snell, Blake",CU,2022,124,106.75242,106.75242,81.8508064516129,-8.94,12.365806451612903,2302.8629032258063
605483,"Snell, Blake",CU,2023,243,111.333336,111.333336,81.10493827160494,-10.632098765432099,12.351111111111111,2402.314049586777
605483,"Snell, Blake",CU,2024,154,106.49935,106.49935,81.22792207792207,-8.606493506493507,12.226753246753248,2521.0324675324673
605483,"Snell, Blake",FF,2022,515,102.90718,102.90718,95.95922330097088,18.824388349514564,-5.190291262135922,2438.4757281553398
605483,"Snell, Blake",FF,2023,532,100.05188,100.05188,95.59887218045112,18.846992481203007,-4.469774436090225,2428.411320754717
605483,"Snell, Blake",FF,2024,265,103.80755,103.80755,95.98981132075471,18.81011320754717,-6.092830188679245,2431.950943396226
605483,"Snell, Blake",FF,2025,139,99.161156,99.161156,95.23021582733813,18.010359712230215,-4.616978417266187,2463.5827338129498
605483,"Snell, Blake",SL,2022,264,105.77727,105.77727,88.82954545454545,4.274545454545454,4.13409090909091,2387.969696969697
605483,"Snell, Blake",SL,2023,146,106.93014,106.93014,88.17534246575343,6.915616438356164,2.9194520547945206,2331.431506849315
605488,"Springs, Jeffrey",CH,2022,289,103.947754,103.947754,81.04359861591695,7.358615916955017,-13.510173010380623,1401.4409722222222
605488,"Springs, Jeffrey",CH,2025,309,102.61198,102.61198,79.2831715210356,6.715339805825242,-12.86640776699029,1395.8058252427184
605488,"Springs, Jeffrey",FF,2022,249,101.76747,101.76747,91.5293172690763,17.46843373493976,-11.636144578313253,2260.570281124498
605488,"Springs, Jeffrey",FF,2025,385,95.50286,95.50286,90.75792207792209,15.88238961038961,-11.679584415584417,2179.9766233766236
605488,"Springs, Jeffrey",SL,2022,177,94.806786,94.806786,85.46440677966102,5.0,4.147118644067796,2189.491525423729
605488,"Springs, Jeffrey",SL,2025,185,94.27514,94.27514,83.51297297297297,2.616,4.058594594594595,2228.8756756756757
605507,"Thompson, Zach",CU,2022,155,102.96129,102.96129,76.74645161290323,-9.771096774193548,-5.26141935483871,2245.2709677419357
605507,"Thompson, Zach",FC,2022,283,101.36042,101.36042,86.91802120141342,3.994468085106383,-3.637446808510638,2581.798586572438
605507,"Thompson, Zach",FF,2022,121,96.25124,96.25124,92.45619834710745,13.779173553719009,1.9735537190082646,2387.198347107438
605507,"Thompson, Zach",SI,2022,193,96.84041,96.84041,92.17772020725388,7.5805181347150254,9.580103626943005,2229.6943005181347
605513,"Turnbull, Spencer",FF,2024,121,97.68761,97.68761,91.8809917355372,9.46809917355372,0.050578512396694204,2498.818181818182
605521,"Warren, Art",SL,2022,143,96.1007,96.1007,85.61398601398601,1.5012587412587413,-8.107972027972028,2500.6293706293704
605538,"Wisler, Matt",SL,2022,176,94.13636,94.13636,79.76590909090909,-0.04704545454545453,-8.256136363636363,2491.8352272727275
605540,"Woodruff, Brandon",CH,2022,139,105.025894,105.025894,86.15467625899281,8.876546762589927,15.953093525179856,2022.5107913669065
605540,"Woodruff, Brandon",FF,2022,377,100.80451,100.80451,96.36153846153847,17.63554376657825,6.064615384615385,2351.36
605540,"Woodruff, Brandon",FF,2023,176,102.910225,102.910225,96.06590909090909,17.754545454545454,5.544545454545455,2398.653409090909
605540,"Woodruff, Brandon",FF,2025,155,97.185165,97.185165,93.13548387096775,17.618322580645163,3.411870967741936,2343.0451612903225
605540,"Woodruff, Brandon",SI,2022,198,102.29091,102.29091,95.89040404040404,14.044242424242425,14.273333333333333,2297.6395939086296
605540,"Woodruff, Brandon",SI,2025,122,97.841805,97.841805,93.13688524590165,13.51672131147541,12.999344262295082,2290.6393442622953
606149,"Gallegos, Giovanny",FF,2022,154,98.70844,98.70844,94.37272727272727,18.77376623376623,7.343376623376624,2383.7012987012986
606149,"Gallegos, Giovanny",FF,2023,147,95.65782,95.65782,93.67414965986394,17.001632653061222,8.264489795918369,2330.5374149659865
606149,"Gallegos, Giovanny",SL,2022,163,103.86074,103.86074,85.47239263803681,0.8665030674846627,-0.3040490797546012,2467.5460122699387
606149,"Gallegos, Giovanny",SL,2023,178,106.24888,106.24888,84.8741573033708,1.7447191011235956,-0.33707865168539325,2399.135593220339
606160,"Montero, Rafael",FF,2022,179,106.79274,106.79274,96.52905027932961,15.734078212290504,9.42100558659218,2340.2022471910113
606160,"Montero, Rafael",FF,2023,206,106.73349,106.73349,96.14611650485436,15.496310679611652,9.012815533980582,2353.4854368932038
606160,"Montero, Rafael",FF,2024,106,105.613205,105.613205,95.42924528301887,15.427924528301887,11.019622641509434,2417.5283018867926
606160,"Montero, Rafael",FF,2025,128,102.73672,102.73672,95.25859375,15.047812500000001,10.100625,2400.3671875
606160,"Montero, Rafael",FS,2025,153,98.96601,98.96601,87.95294117647059,1.1513725490196078,11.979607843137256,1619.0915032679738
606160,"Montero, Rafael",SI,2022,100,105.342,105.342,95.869,8.624400000000001,16.1772,2243.82
606303,"Payamps, Joel",FF,2022,117,101.140175,101.140175,94.9846153846154,15.511794871794871,9.03794871794872,2415.5555555555557
606303,"Payamps, Joel",SI,2022,110,98.94818,98.94818,94.37181818181818,8.96509090909091,15.262909090909092,2277.0366972477063
606303,"Payamps, Joel",SI,2023,101,100.241585,100.241585,95.18613861386137,8.005544554455446,15.343366336633665,2299.6633663366338
606303,"Payamps, Joel",SL,2022,125,97.5696,97.5696,82.2168,-3.93024,-9.9408,2715.096
606303,"Payamps, Joel",SL,2023,117,99.26068,99.26068,84.16410256410256,-0.9035897435897435,-12.577435897435898,2744.25
606303,"Payamps, Joel",SL,2024,104,99.68654,99.68654,83.72403846153846,-0.0426923076923077,-11.254615384615384,2660.4615384615386
606424,"García, Jarlín",CH,2022,142,100.30563,100.30563,85.28098591549295,9.779154929577466,-16.054647887323945,2124.0141843971633
606424,"García, Jarlín",FF,2022,205,96.61415,96.61415,93.88682926829269,12.96409756097561,-14.654634146341463,2202.4656862745096
606424,"García, Jarlín",SL,2022,108,97.09259,97.09259,82.61666666666667,0.5644444444444445,6.197777777777778,2248.1666666666665
606625,"Moronta, Reyes",FF,2022,142,96.895775,96.895775,95.16408450704225,16.44507042253521,5.975492957746479,2349.3591549295775
606930,"Barnes, Jacob",FC,2024,188,104.411705,104.411705,89.72340425531915,7.3551063829787235,-4.9825531914893615,2369.936170212766
606930,"Barnes, Jacob",FF,2024,191,100.659164,100.659164,95.43769633507853,16.609005235602094,2.2831413612565443,2468.806282722513
606965,"Devenski, Chris",CH,2023,137,107.147446,107.147446,83.34160583941605,5.611094890510949,15.838248175182482,1639.2740740740742
607067,"Rea, Colin",FC,2023,215,100.56046,100.56046,86.6906976744186,5.633860465116279,-3.3069767441860467,2177.306976744186
607067,"Rea, Colin",FC,2024,166,97.0753,97.0753,87.77831325301206,7.3344578313253015,-1.907710843373494,2202.475903614458
607067,"Rea, Colin",FF,2023,171,98.43684,98.43684,93.20818713450292,14.641403508771928,6.560701754385964,2156.1176470588234
607067,"Rea, Colin",FF,2024,179,97.21564,97.21564,93.02625698324023,13.596201117318435,6.441117318435754,2178.664804469274
607067,"Rea, Colin",FF,2025,373,97.010994,97.010994,93.89651474530831,14.01265415549598,8.432171581769436,2198.6729222520107
607067,"Rea, Colin",FS,2025,109,98.16881,98.16881,87.34678899082569,0.11999999999999998,12.726605504587157,1409.3577981651376
607067,"Rea, Colin",SI,2023,223,95.902695,95.902695,92.62421524663678,9.329865470852019,15.198026905829595,2140.420814479638
607067,"Rea, Colin",SI,2024,237,95.50886,95.50886,92.21561181434599,8.777215189873417,13.700253164556962,2146.0928270042195
607067,"Rea, Colin",ST,2024,121,99.58595,99.58595,81.97272727272728,-1.057190082644628,-12.73586776859504,2214.9586776859505
607067,"Rea, Colin",ST,2025,100,97.299,97.299,82.991,1.5084,-13.1724,2408.26
607074,"Rodón, Carlos",CH,2024,173,105.63526,105.63526,85.53583815028902,2.719075144508671,-12.480693641618496,1666.5606936416184
607074,"Rodón, Carlos",CH,2025,207,104.13672,104.13672,85.15970873786408,3.533009708737864,-12.604077669902912,1661.7087378640776
607074,"Rodón, Carlos",FF,2022,884,104.57749,104.57749,95.78099547511312,18.095294117647057,-5.979095022624435,2357.58371040724
607074,"Rodón, Carlos",FF,2023,389,102.37944,102.37944,95.38791773778921,17.60082262210797,-6.324215938303341,2343.8380462724936
607074,"Rodón, Carlos",FF,2024,653,101.982544,101.982544,95.60336906584992,17.890658499234302,-8.78719754977029,2387.4900459418072
607074,"Rodón, Carlos",FF,2025,480,99.74021,99.74021,94.35021367521368,17.516923076923078,-10.814615384615385,2350.2478632478633
607074,"Rodón, Carlos",SI,2025,121,108.39008,108.39008,91.98833333333333,6.046,-14.785,2259.1512605042017
607074,"Rodón, Carlos",SL,2022,389,102.29332,102.29332,85.70308483290488,-1.2595372750642673,8.111568123393317,2458.1886304909563
607074,"Rodón, Carlos",SL,2023,150,101.970665,101.970665,85.52866666666667,-0.7856000000000001,7.816000000000001,2513.496644295302
607074,"Rodón, Carlos",SL,2024,305,103.19344,103.19344,87.01770491803279,-1.3207868852459015,6.675934426229508,2640.3147540983605
607074,"Rodón, Carlos",SL,2025,342,103.00497,103.00497,86.12861445783133,-1.1981927710843374,5.5279518072289155,2641.266666666667
607179,"Weems, Jordan",FF,2022,240,102.29625,102.29625,96.84125,18.117,6.9479999999999995,2129.3458333333333
607179,"Weems, Jordan",FF,2023,126,98.98095,98.98095,96.24603174603175,17.099999999999998,7.276190476190476,2120.1746031746034
607179,"Weems, Jordan",FF,2024,188,98.453186,98.453186,96.02234042553192,16.701702127659576,8.44659574468085,2104.994680851064
607179,"Weems, Jordan",SL,2023,103,97.80097,97.80097,87.37281553398059,1.0205825242718447,-5.651650485436893,2298.660194174757
607192,"Glasnow, Tyler",CU,2023,146,108.333565,108.333565,83.91712328767123,-13.198356164383561,-1.176986301369863,2705.595890410959
607192,"Glasnow, Tyler",CU,2024,130,104.715385,104.715385,83.61,-12.204,-3.240923076923077,2750.2615384615383
607192,"Glasnow, Tyler",CU,2025,128,105.47656,105.47656,82.0130081300813,-16.29073170731707,-4.521951219512196,2830.918699186992
607192,"Glasnow, Tyler",FF,2023,309,102.84336,102.84336,96.43656957928803,16.683106796116505,0.8186407766990291,2481.9126213592235
607192,"Glasnow, Tyler",FF,2024,339,102.41268,102.41268,96.39026548672567,16.26867256637168,0.008495575221238946,2559.424778761062
607192,"Glasnow, Tyler",FF,2025,228,104.932014,104.932014,95.64202898550725,16.11304347826087,0.9078260869565217,2519.8840579710145
607192,"Glasnow, Tyler",SL,2023,272,99.66287,99.66287,90.17683823529411,1.3619117647058823,-2.1816176470588236,2656.2536764705883
607192,"Glasnow, Tyler",SL,2024,200,101.89,101.89,90.12950000000001,0.5075999999999999,-2.7552,2720.35
607192,"Glasnow, Tyler",SL,2025,130,104.14616,104.14616,89.09421487603305,-0.6396694214876032,-2.825454545454545,2666.504132231405
607200,"Fedde, Erick",CH,2024,162,96.08951,96.08951,87.79876543209876,3.6740740740740745,10.646666666666667,1734.3148148148148
607200,"Fedde, Erick",CU,2022,261,97.93219,97.93219,78.75057471264368,-1.8593103448275863,-14.7416091954023,2398.854406130268
607200,"Fedde, Erick",FC,2022,281,98.55409,98.55409,89.42491103202848,7.623202846975088,-1.8862633451957294,2124.437722419929
607200,"Fedde, Erick",FC,2024,359,96.78746,96.78746,90.12701949860724,7.065626740947075,-2.796434540389972,2161.713091922006
607200,"Fedde, Erick",FC,2025,260,95.64962,95.64962,90.43807692307693,8.730461538461538,-1.7067692307692308,2156.6576923076923
607200,"Fedde, Erick",SI,2022,311,97.21447,97.21447,92.66816720257235,9.697620578778135,8.496077170418006,1879.6398713826366
607200,"Fedde, Erick",SI,2024,308,98.093834,98.093834,93.04415584415584,9.188961038961038,8.849610389610389,1989.0324675324675
607200,"Fedde, Erick",SI,2025,276,97.059425,97.059425,93.31304347826088,9.413478260869566,11.414782608695653,1976.7536231884058
607200,"Fedde, Erick",ST,2024,207,100.253624,100.253624,83.55652173913043,4.540289855072464,-11.678840579710144,2366.0917874396137
607200,"Fedde, Erick",ST,2025,227,98.62027,98.62027,82.69955947136563,3.729515418502203,-13.009691629955947,2457.5022026431716
607216,"Krehbiel, Joey",CH,2022,107,98.72523,98.72523,84.56448598130841,2.9271028037383178,14.114018691588786,1477.6915887850466
607216,"Krehbiel, Joey",FF,2022,120,96.25667,96.25667,94.36083333333333,15.875,9.6,2174.9583333333335
607237,"Garrett, Amir",SL,2022,146,101.54658,101.54658,84.8568493150685,5.431232876712329,1.7572602739726026,1846.1849315068494
607259,"Martinez, Nick",CH,2022,165,103.84909,103.84909,79.90848484848485,5.042909090909091,13.763636363636364,1729.6969696969697
607259,"Martinez, Nick",CH,2023,195,105.71744,105.71744,80.79282051282051,5.246153846153846,12.45476923076923,1987.2205128205128
607259,"Martinez, Nick",CH,2024,196,106.96429,106.96429,80.08775510204082,6.655102040816327,12.604285714285714,2091.3897435897434
607259,"Martinez, Nick",CH,2025,177,101.56497,101.56497,78.55988700564971,5.067118644067796,10.98508474576271,2012.0564971751412
607259,"Martinez, Nick",FC,2024,172,95.87093,95.87093,88.91453488372093,11.583488372093024,-2.1313953488372093,2380.8081395348836
607259,"Martinez, Nick",FC,2025,199,95.45075,95.45075,89.31055276381909,11.456683417085427,-1.7692462311557788,2375.929648241206
607259,"Martinez, Nick",FF,2022,155,98.76581,98.76581,93.54774193548387,17.05858064516129,7.818580645161291,2334.516129032258
607259,"Martinez, Nick",FF,2024,182,99.56759,99.56759,92.62692307692306,17.764615384615382,4.753186813186813,2347.296703296703
607259,"Martinez, Nick",FF,2025,191,96.528275,96.528275,92.69528795811517,17.345340314136127,5.430157068062828,2313.780104712042
607259,"Martinez, Nick",SI,2023,146,100.928764,100.928764,92.94109589041096,14.893972602739726,14.238082191780823,2371.931506849315
607259,"Martinez, Nick",SI,2024,139,97.83741,97.83741,91.86762589928058,14.4431654676259,13.176690647482014,2308.0071942446043
607259,"Martinez, Nick",SI,2025,150,97.73133,97.73133,92.638,14.095200000000002,12.86,2296.1
607455,"Banda, Anthony",FF,2024,109,102.87431,102.87431,96.21100917431193,14.091743119266056,-9.776146788990825,2179.6422018348626
607455,"Banda, Anthony",FF,2025,111,104.945045,104.945045,95.85420560747663,14.609719626168225,-10.017196261682242,2186.877358490566
607455,"Banda, Anthony",SL,2025,174,102.96782,102.96782,86.17212121212121,-1.2341818181818183,6.024,2341.604938271605
607481,"Bummer, Aaron",CU,2025,126,101.05159,101.05159,80.81721311475411,-8.707868852459015,12.801639344262295,2358.5737704918033
607481,"Bummer, Aaron",SI,2023,151,100.032455,100.032455,94.32119205298014,1.9319205298013247,-14.427019867549669,1961.9801324503312
607481,"Bummer, Aaron",SI,2024,132,98.634094,98.634094,93.0590909090909,0.6781818181818182,-15.262727272727274,2189.659090909091
607481,"Bummer, Aaron",SI,2025,102,99.12647,99.12647,90.62100000000001,1.7556,-14.5056,2167.77
607481,"Bummer, Aaron",ST,2023,142,103.93873,103.93873,82.55704225352113,-2.7430985915492956,16.515211267605633,2571.9225352112676
607481,"Bummer, Aaron",ST,2024,140,103.81643,103.81643,82.38357142857143,-1.1700000000000002,14.382,2503.4357142857143
607536,"Freeland, Kyle",CH,2022,120,93.54084,93.54084,85.03833333333334,6.965999999999999,-10.568000000000001,1485.8083333333334
607536,"Freeland, Kyle",FC,2025,172,98.00872,98.00872,87.20714285714286,6.236428571428571,-0.515,2363.0299401197603
607536,"Freeland, Kyle",FF,2022,229,97.1227,97.1227,90.32620087336245,12.723668122270741,-5.512663755458516,2399.637554585153
607536,"Freeland, Kyle",FF,2023,146,94.729454,94.729454,88.78082191780823,13.90931506849315,-5.7336986301369866,2331.698630136986
607536,"Freeland, Kyle",FF,2024,138,94.67246,94.67246,91.8913043478261,14.10608695652174,-7.40695652173913,2369.3260869565215
607536,"Freeland, Kyle",FF,2025,354,97.69576,97.69576,91.5508875739645,15.113254437869822,-7.83905325443787,2402.923076923077
607536,"Freeland, Kyle",KC,2022,179,98.65028,98.65028,81.2217877094972,-6.579888268156425,4.118212290502793,2453.3240223463686
607536,"Freeland, Kyle",KC,2023,141,100.53121,100.53121,80.68014184397163,-5.559148936170213,2.5727659574468085,2398.517730496454
607536,"Freeland, Kyle",KC,2024,134,103.73657,103.73657,83.63955223880598,-5.2611940298507465,1.4373134328358208,2453.0671641791046
607536,"Freeland, Kyle",KC,2025,269,101.39889,101.39889,82.49610894941634,-6.569182879377432,1.8392217898832686,2387.90234375
607536,"Freeland, Kyle",SI,2022,168,99.261314,99.261314,89.9327380952381,6.531428571428571,-12.522142857142857,2345.5476190476193
607536,"Freeland, Kyle",SI,2023,230,98.72869,98.72869,88.70086956521739,6.889565217391304,-12.957913043478262,2298.907894736842
607536,"Freeland, Kyle",SI,2024,151,96.02252,96.02252,91.5615894039735,7.630728476821192,-14.322119205298012,2279.0132450331125
607536,"Freeland, Kyle",SL,2022,200,95.3395,95.3395,85.82350000000001,4.2066,1.6218000000000001,2395.62
607536,"Freeland, Kyle",SL,2023,178,94.56741,94.56741,84.28988764044944,4.865393258426966,1.8107865168539325,2268.084745762712
607536,"Freeland, Kyle",SL,2024,154,94.14935,94.14935,87.00714285714285,5.897922077922078,-0.18779220779220776,2335.188311688312
607536,"Freeland, Kyle",ST,2025,154,99.18117,99.18117,83.54444444444444,-2.96,9.567843137254902,2321.7880794701987
607625,"Lugo, Seth",CH,2024,103,97.217476,97.217476,87.26407766990292,4.196504854368932,15.03611650485437,1826.485436893204
607625,"Lugo, Seth",CU,2022,115,100.40086,100.40086,79.86521739130434,-17.14330434782609,-10.932521739130435,3258.4347826086955
607625,"Lugo, Seth",CU,2023,185,99.25729,99.25729,79.74486486486487,-16.53145945945946,-12.310054054054055,3239.9725274725274
607625,"Lugo, Seth",CU,2024,251,100.41912,100.41912,80.13346613545816,-14.621354581673307,-14.585019920318725,3301.0836653386455
607625,"Lugo, Seth",CU,2025,137,98.2562,98.2562,79.07299270072993,-13.578394160583942,-14.61109489051095,3233.5401459854015
607625,"Lugo, Seth",FC,2024,126,98.82222,98.82222,90.1484126984127,11.473333333333334,-0.7333333333333334,2446.0
607625,"Lugo, Seth",FF,2022,100,100.755,100.755,94.42,17.4516,8.3268,2242.71
607625,"Lugo, Seth",FF,2023,215,99.855354,99.855354,93.40976744186045,17.23479069767442,6.727255813953488,2267.417840375587
607625,"Lugo, Seth",FF,2024,307,98.60749,98.60749,92.4016286644951,15.254853420195438,6.4393485342019545,2375.768729641694
607625,"Lugo, Seth",FF,2025,153,97.4536,97.4536,92.10261437908497,15.2,7.3184313725490195,2357.8039215686276
607625,"Lugo, Seth",SI,2023,127,99.82913,99.82913,93.28503937007875,10.032755905511811,16.135748031496064,2326.936
607625,"Lugo, Seth",SI,2024,279,98.83477,98.83477,92.36594982078853,8.361720430107527,15.318279569892473,2413.043010752688
607625,"Lugo, Seth",SI,2025,117,98.34188,98.34188,91.41111111111111,8.647179487179487,15.675897435897435,2384.5470085470088
607625,"Lugo, Seth",SL,2024,145,97.76897,97.76897,86.5951724137931,4.608827586206896,-4.512827586206897,2659.248275862069
607625,"Lugo, Seth",SV,2024,158,99.377846,99.377846,78.94303797468355,-7.326835443037975,-17.7273417721519,3137.76582278481
607755,"Vasquez, Andrew",SL,2023,266,96.137215,96.137215,80.71203007518798,-3.9563909774436095,18.501203007518797,2668.0563909774437
608032,"Estévez, Carlos",FF,2022,294,98.92449,98.92449,97.37993197278912,14.439591836734692,9.962040816326532,2240.1292517006805
608032,"Estévez, Carlos",FF,2023,280,101.555,101.555,97.02214285714285,17.261142857142858,8.391857142857143,2182.2086330935253
608032,"Estévez, Carlos",FF,2024,161,99.71801,99.71801,96.67453416149068,17.247950310559006,7.5749068322981365,2122.950310559006
608032,"Estévez, Carlos",FF,2025,157,98.76752,98.76752,96.10000000000001,17.1171974522293,7.29859872611465,2174.9108280254777
608328,"De Jong, Chase",FF,2022,215,99.778145,99.778145,92.83488372093024,18.65246511627907,1.5633488372093023,2409.5116279069766
608328,"De Jong, Chase",SL,2022,147,99.67143,99.67143,83.53537414965987,-1.7387755102040816,-4.28734693877551,2423.7891156462583
608331,"Fried, Max",CH,2022,175,101.99257,101.99257,86.44857142857143,3.9106285714285716,-12.748114285714285,1402.1028571428571
608331,"Fried, Max",CH,2024,157,96.9293,96.9293,85.59426751592356,4.170191082802548,-12.238471337579618,1424.1337579617834
608331,"Fried, Max",CH,2025,127,96.90394,96.90394,85.00629921259842,3.527244094488189,-13.18771653543307,1683.8267716535433
608331,"Fried, Max",CU,2022,180,103.10889,103.10889,74.88666666666667,-16.772,9.330666666666666,2783.5666666666666
608331,"Fried, Max",CU,2024,184,103.22065,103.22065,75.11630434782609,-17.083695652173912,10.433478260869565,2860.7771739130435
608331,"Fried, Max",CU,2025,162,103.025925,103.025925,75.6104938271605,-16.837037037037035,10.752592592592594,2936.240740740741
608331,"Fried, Max",FC,2025,182,96.3934,96.3934,93.68626373626374,8.253626373626375,1.370769230769231,2307.6923076923076
608331,"Fried, Max",FF,2022,378,95.419044,95.419044,94.30185185185185,12.347619047619046,-1.7003174603174604,2150.5291005291006
608331,"Fried, Max",FF,2023,158,95.26076,95.26076,94.37215189873417,12.827088607594938,-0.48303797468354426,2233.751633986928
608331,"Fried, Max",FF,2024,364,95.59698,95.59698,94.07252747252748,10.888351648351648,0.01681318681318684,2228.3543956043954
608331,"Fried, Max",FF,2025,367,97.52288,97.52288,94.59046321525885,11.360108991825612,-0.3243596730245231,2273.5558583106267
608331,"Fried, Max",SI,2022,146,100.229454,100.229454,93.73561643835616,9.636164383561644,-10.83945205479452,2044.6027397260275
608331,"Fried, Max",SI,2024,145,99.99862,99.99862,93.64620689655173,8.160827586206896,-11.106206896551726,2042.6896551724137
608331,"Fried, Max",SI,2025,219,100.80365,100.80365,94.04748858447489,4.1408219178082195,-9.833972602739726,2125.3698630136987
608331,"Fried, Max",SL,2022,197,98.816246,98.816246,87.66700507614215,0.4885279187817259,3.715736040609137,2407.786802030457
608331,"Fried, Max",ST,2025,101,99.54059,99.54059,82.19108910891089,-3.506138613861386,16.962772277227725,2843.2475247524753
608334,"Fulmer, Carson",CH,2024,153,98.848366,98.848366,87.83464052287582,2.8760784313725494,14.347450980392155,1408.7581699346406
608334,"Fulmer, Carson",FF,2024,124,96.185486,96.185486,93.13145161290322,16.278387096774193,7.83,2272.5725806451615
608334,"Fulmer, Carson",SI,2024,128,96.41719,96.41719,92.8046875,9.8015625,15.0421875,2218.0625
608337,"Giolito, Lucas",CH,2022,316,104.19525,104.19525,81.00949367088607,10.901772151898735,11.524556962025317,1449.5886075949368
608337,"Giolito, Lucas",CH,2023,304,103.381905,103.381905,81.25559210526316,11.102368421052631,12.404605263157896,1546.483552631579
608337,"Giolito, Lucas",CH,2025,217,100.06774,100.06774,81.91244239631337,12.373271889400922,13.253087557603687,1681.1244239631337
608337,"Giolito, Lucas",FF,2022,495,97.03758,97.03758,92.73717171717172,18.018424242424246,5.616727272727273,2176.6848484848483
608337,"Giolito, Lucas",FF,2023,419,97.49761,97.49761,93.32696897374701,17.93670644391408,5.6815274463007155,2173.9208633093526
608337,"Giolito, Lucas",FF,2025,394,97.807365,97.807365,93.46675126903554,18.13279187817259,6.685583756345177,2244.2182741116753
608337,"Giolito, Lucas",SL,2022,262,99.770615,99.770615,84.46564885496183,1.0410687022900762,-3.289465648854962,1935.3587786259543
608337,"Giolito, Lucas",SL,2023,308,100.666885,100.666885,84.20779220779221,0.6105194805194805,-1.570909090909091,1976.1493506493507
608337,"Giolito, Lucas",SL,2025,220,98.784996,98.784996,86.18363636363637,4.689272727272728,-2.4490909090909088,1978.7636363636364
608344,"Irvin, Cole",CH,2022,206,99.77476,99.77476,83.08009708737865,7.1761165048543685,-13.480776699029127,1558.6975609756098
608344,"Irvin, Cole",CH,2024,127,98.46457,98.46457,85.07795275590551,8.077795275590551,-13.862362204724409,1566.744
608344,"Irvin, Cole",CU,2022,197,97.58426,97.58426,77.83350253807107,-3.2704568527918783,8.770355329949238,2070.933673469388
608344,"Irvin, Cole",CU,2024,159,95.39874,95.39874,77.36352201257861,-5.159245283018868,13.480754716981133,2212.4149659863947
608344,"Irvin, Cole",FF,2022,384,94.615105,94.615105,90.77369791666666,16.4490625,-9.816875,1979.6380208333333
608344,"Irvin, Cole",FF,2023,145,95.51862,95.51862,92.16758620689654,16.078344827586207,-10.534344827586207,2020.489655172414
608344,"Irvin, Cole",FF,2024,227,94.698235,94.698235,92.01541850220265,15.18819383259912,-12.283348017621146,2028.8146341463414
608344,"Irvin, Cole",SI,2022,231,98.726845,98.726845,90.5909090909091,11.898181818181818,-14.657662337662337,1945.904761904762
608344,"Irvin, Cole",SI,2024,150,98.88066,98.88066,91.86533333333333,10.4664,-15.5368,2028.0939597315437
608349,"Knebel, Corey",FF,2022,177,102.65932,102.65932,95.67457627118645,17.393898305084743,3.9200000000000004,2364.8474576271187
608371,"Sims, Lucas",FF,2023,153,104.99869,104.99869,94.24901960784314,18.258039215686274,6.87686274509804,2616.3289473684213
608371,"Sims, Lucas",FF,2024,116,103.23707,103.23707,94.30258620689655,17.400000000000002,4.93448275862069,2601.948275862069
608371,"Sims, Lucas",ST,2023,174,101.06724,101.06724,83.81954022988506,4.973793103448276,-15.791724137931036,2999.8390804597702
608371,"Sims, Lucas",ST,2024,136,100.229416,100.229416,84.15367647058824,3.8567647058823527,-17.88264705882353,3153.676470588235
608372,"Sugano, Tomoyuki",FC,2025,112,97.86875,97.86875,88.22142857142856,5.833928571428571,-1.5514285714285716,2465.2053571428573
608372,"Sugano, Tomoyuki",FF,2025,178,99.58764,99.58764,92.71011235955056,16.5161797752809,6.087640449438202,2383.9044943820227
608372,"Sugano, Tomoyuki",FS,2025,199,96.93266,96.93266,87.1854271356784,4.957989949748744,11.40542713567839,1582.3467336683418
608372,"Sugano, Tomoyuki",SI,2025,115,96.71218,96.71218,92.78521739130434,11.88208695652174,14.438608695652174,2281.886956521739
608372,"Sugano, Tomoyuki",ST,2025,177,98.12938,98.12938,83.545197740113,2.3864406779661014,-11.131525423728814,2593.858757062147
608379,"Wacha, Michael",CH,2022,331,101.21299,101.21299,84.33353474320242,12.530392749244713,12.414380664652567,1575.3262839879153
608379,"Wacha, Michael",CH,2023,313,103.621086,103.621086,81.70127795527156,9.167539936102237,14.172651757188499,1519.9233226837061
608379,"Wacha, Michael",CH,2024,437,102.716705,102.716705,81.30434782608695,5.937391304347826,12.907551487414189,1549.066361556064
608379,"Wacha, Michael",CH,2025,314,103.18344,103.18344,80.039,7.9484,12.670399999999999,1547.75
608379,"Wacha, Michael",FC,2022,143,96.483215,96.483215,88.85594405594405,11.247272727272726,-1.2923076923076924,2049.5314685314684
608379,"Wacha, Michael",FC,2024,136,94.30809,94.30809,88.98823529411764,10.331470588235293,-0.8938235294117647,2069.360294117647
608379,"Wacha, Michael",FC,2025,166,99.04458,99.04458,88.08101265822785,9.429113924050633,-1.949620253164557,2114.76582278481
608379,"Wacha, Michael",FF,2022,301,95.95681,95.95681,93.0531561461794,19.229900332225913,6.822857142857142,2112.4285714285716
608379,"Wacha, Michael",FF,2023,193,94.81244,94.81244,92.04974093264248,18.714404145077722,7.25160621761658,2051.796875
608379,"Wacha, Michael",FF,2024,283,95.75972,95.75972,93.70282685512367,18.001696113074203,6.786572438162544,2126.9187279151943
608379,"Wacha, Michael",FF,2025,281,96.82883,96.82883,93.21841155234657,17.92245487364621,6.6138628158844766,2154.7436823104695
608379,"Wacha, Michael",SI,2022,137,98.14817,98.14817,92.65255474452555,16.509197080291973,11.676788321167884,2043.2700729927008
608379,"Wacha, Michael",SI,2023,115,98.73304,98.73304,91.82347826086958,15.144,14.196521739130434,1887.1739130434783
608379,"Wacha, Michael",SI,2024,204,96.833824,96.833824,93.68333333333334,14.647647058823528,12.918235294117649,2024.6617647058824
608379,"Wacha, Michael",SI,2025,118,99.80932,99.80932,93.26194690265487,14.918230088495575,12.823008849557523,2050.433628318584
608379,"Wacha, Michael",SL,2025,132,97.63636,97.63636,84.62248062015503,4.1358139534883716,-4.0669767441860465,1960.031007751938
608566,"Márquez, Germán",FF,2022,370,94.50892,94.50892,95.68945945945946,13.160432432432431,8.748000000000001,2137.3621621621623
608566,"Márquez, Germán",FF,2025,233,93.64807,93.64807,94.88454935622318,13.61716738197425,9.352274678111588,2219.5751072961375
608566,"Márquez, Germán",KC,2022,295,104.05051,104.05051,86.5928813559322,-1.920813559322034,-1.1141694915254237,2581.6338983050846
608566,"Márquez, Germán",KC,2025,240,100.3125,100.3125,85.41958333333334,-0.706,-1.6635,2647.8708333333334
608566,"Márquez, Germán",SI,2022,311,95.86142,95.86142,95.05466237942122,8.874983922829582,14.302765273311897,2108.0739549839227
608566,"Márquez, Germán",SI,2025,172,96.325005,96.325005,94.2203488372093,10.34093023255814,14.16906976744186,2154.4127906976746
608566,"Márquez, Germán",SL,2022,265,99.885284,99.885284,87.88943396226415,4.2697358490566035,-0.10596226415094338,2387.422641509434
608638,"Chargois, JT",SI,2023,102,98.23235,98.23235,96.20686274509804,7.3,18.33411764705882,2253.421568627451
608638,"Chargois, JT",SI,2024,101,98.76139,98.76139,95.01188118811882,8.485544554455446,17.64237623762376,2289.4950495049507
608648,"Duffey, Tyler",FF,2022,118,97.27712,97.27712,92.20593220338982,15.814576271186441,4.241694915254238,2276.406779661017
608650,"Enns, Dietrich",FF,2025,117,99.948715,99.948715,93.97264957264957,17.53948717948718,-5.691282051282052,2112.2571428571428
608665,"Graveman, Kendall",SI,2022,146,100.58014,100.58014,96.52465753424657,10.457260273972603,15.399452054794521,2220.5205479452056
608665,"Graveman, Kendall",SI,2023,126,102.90158,102.90158,96.0984126984127,10.417142857142856,16.33809523809524,2262.809523809524
608665,"Graveman, Kendall",SL,2023,109,99.22202,99.22202,86.97247706422019,1.4124770642201836,-5.210642201834863,2502.0
608678,"Leone, Dominic",FC,2022,109,104.59174,104.59174,91.49174311926606,8.005871559633027,-3.6077064220183486,2392.8703703703704
608678,"Leone, Dominic",FC,2023,103,103.426216,103.426216,91.86407766990291,7.1883495145631064,-2.652815533980583,2469.5252525252527
608678,"Leone, Dominic",FF,2022,142,101.05352,101.05352,95.64859154929577,15.609295774647887,6.010985915492959,2330.673758865248
608678,"Leone, Dominic",FF,2023,130,101.55154,101.55154,95.69384615384615,15.821538461538463,6.273230769230769,2332.6356589147285
608678,"Leone, Dominic",SL,2022,137,107.20073,107.20073,85.13722627737226,-3.0665693430656935,-5.341313868613138,2469.529411764706
608678,"Leone, Dominic",SL,2023,113,105.587616,105.587616,85.23362831858407,-2.876814159292035,-5.645309734513274,2541.2589285714284
608717,"Stratton, Chris",CU,2022,112,98.88839,98.88839,80.93124999999999,-7.990714285714286,-16.032857142857143,3189.7410714285716
608717,"Stratton, Chris",FF,2022,188,100.31649,100.31649,92.92340425531914,14.77787234042553,3.51,2631.553191489362
608717,"Stratton, Chris",FF,2023,288,100.06284,100.06284,93.15520833333333,15.433333333333334,3.3683333333333336,2539.652777777778
608717,"Stratton, Chris",FF,2024,126,96.46905,96.46905,91.61587301587302,15.076190476190476,6.402857142857143,2381.2936507936506
608717,"Stratton, Chris",SL,2023,117,96.411964,96.411964,86.78547008547008,2.5661538461538465,-6.276923076923077,2860.2136752136753
608718,"Suter, Brent",CH,2022,102,104.42157,104.42157,77.08921568627451,10.894117647058824,-10.284705882352942,1498.4411764705883
608718,"Suter, Brent",CH,2023,123,103.539024,103.539024,76.4569105691057,10.140487804878049,-8.512195121951219,1600.3418803418804
608718,"Suter, Brent",FF,2022,269,97.50186,97.50186,86.5271375464684,12.84267657992565,3.8297397769516732,2143.1524163568774
608718,"Suter, Brent",FF,2023,117,98.19914,98.19914,85.88974358974359,11.549743589743589,3.631794871794872,2202.518181818182
608718,"Suter, Brent",FF,2024,179,98.5486,98.5486,85.84134078212291,12.707932960893853,4.5204469273743015,2236.40782122905
608718,"Suter, Brent",FF,2025,196,97.640816,97.640816,87.28061224489795,14.036326530612245,2.7030612244897965,2249.2051282051284
608723,"Voth, Austin",CU,2022,130,100.261536,100.261536,77.52692307692308,-11.075999999999999,-15.865846153846153,2996.869230769231
608723,"Voth, Austin",FC,2022,135,100.03777,100.03777,89.76296296296296,7.870222222222222,-2.0933333333333337,2434.1925925925925
608723,"Voth, Austin",FC,2024,123,101.64878,101.64878,88.9951219512195,5.972682926829268,-3.6078048780487806,2375.6585365853657
608723,"Voth, Austin",FF,2022,236,102.41737,102.41737,93.54152542372881,17.35779661016949,7.165932203389831,2350.25
608723,"Voth, Austin",FF,2023,120,100.314995,100.314995,93.2525,16.75,6.394,2330.7
612434,"Castro, Miguel",SI,2023,130,98.91923,98.91923,96.80615384615385,4.937538461538462,17.590153846153843,2147.107692307692
612434,"Castro, Miguel",SL,2023,136,101.78382,101.78382,83.96176470588235,1.8291176470588235,-10.016470588235293,2795.779411764706
613534,"Adams, Austin",SL,2023,119,98.32101,98.32101,88.20756302521009,-0.5969747899159663,-7.1798319327731095,2941.747899159664
613534,"Adams, Austin",SL,2024,151,100.431786,100.431786,87.94966887417219,-1.4956291390728478,-8.801324503311259,2948.82119205298
614179,"Ruiz, José",CH,2022,113,100.64425,100.64425,89.83097345132742,7.897699115044248,15.116814159292035,1810.787610619469
614179,"Ruiz, José",CU,2024,131,101.99771,101.99771,86.2503816793893,-3.8409160305343515,-1.4033587786259543,2141.824
614179,"Ruiz, José",FF,2022,233,102.494415,102.494415,96.89012875536481,17.064721030042918,7.009957081545064,2351.3004291845496
614179,"Ruiz, José",FF,2023,106,98.10284,98.10284,96.52169811320753,16.88490566037736,5.68188679245283,2277.132075471698
615698,"Quantrill, Cal",CH,2022,148,100.91081,100.91081,85.5418918918919,7.379189189189188,12.091621621621622,1544.8108108108108
615698,"Quantrill, Cal",CU,2024,105,97.93524,97.93524,79.89619047619048,-4.490285714285714,-2.7211428571428575,2436.6190476190477
615698,"Quantrill, Cal",CU,2025,104,98.401924,98.401924,80.1548076923077,-6.238846153846154,-4.291153846153846,2521.5384615384614
615698,"Quantrill, Cal",FC,2022,348,99.78247,99.78247,88.6485632183908,7.11,-2.646551724137931,2239.028818443804
615698,"Quantrill, Cal",FC,2023,139,99.26115,99.26115,88.0453237410072,6.33841726618705,-2.713381294964029,2244.9640287769785
615698,"Quantrill, Cal",FC,2024,106,99.67075,99.67075,88.02075471698114,5.112452830188679,-2.7747169811320753,2239.5283018867926
615698,"Quantrill, Cal",FC,2025,180,96.76444,96.76444,88.97722222222222,8.244,-2.3546666666666667,2309.65
615698,"Quantrill, Cal",FF,2025,139,96.682014,96.682014,93.6705035971223,16.155107913669063,10.229352517985612,2144.4028776978416
615698,"Quantrill, Cal",FS,2024,303,96.172935,96.172935,86.52574257425742,4.482376237623763,9.439603960396038,1028.4620462046205
615698,"Quantrill, Cal",FS,2025,165,97.16727,97.16727,86.49272727272727,6.096727272727273,11.745454545454546,1145.2787878787879
615698,"Quantrill, Cal",SI,2022,509,99.89057,99.89057,93.8705304518664,14.805029469548135,12.072612966601179,2107.9370078740158
615698,"Quantrill, Cal",SI,2023,249,100.30602,100.30602,93.75060240963856,15.166746987951807,12.41590361445783,2142.9437751004016
615698,"Quantrill, Cal",SI,2024,341,99.11965,99.11965,94.09296187683285,13.713431085043988,10.611730205278592,2176.222873900293
615698,"Quantrill, Cal",SI,2025,139,97.81726,97.81726,93.77338129496403,13.172374100719425,14.734964028776977,2104.338129496403
617228,"Sawamura, Hirokazu",FF,2022,156,96.940384,96.940384,96.02371794871796,15.82923076923077,8.643846153846154,2112.8141025641025
617228,"Sawamura, Hirokazu",FS,2022,132,99.99318,99.99318,92.10151515151514,3.166363636363636,7.991818181818182,1411.9848484848485
621016,"Cuas, Jose",SI,2022,143,102.01608,102.01608,92.9020979020979,0.6679720279720279,16.775664335664334,2454.888111888112
621016,"Cuas, Jose",SI,2023,214,100.59626,100.59626,92.58971962616823,0.8669158878504674,17.530093457943927,2460.846889952153
621016,"Cuas, Jose",SL,2023,110,102.79363,102.79363,82.32000000000001,-2.266909090909091,-3.7963636363636364,2603.2477064220184
621051,"Wilson, Steven",FF,2022,158,103.947464,103.947464,94.91962025316455,18.55518987341772,7.930632911392405,2357.7025316455697
621051,"Wilson, Steven",FF,2023,112,105.56161,105.56161,94.55982142857144,18.400714285714287,8.145,2386.5178571428573
621051,"Wilson, Steven",FF,2025,121,102.98843,102.98843,93.90683760683761,18.840000000000003,6.13948717948718,2480.6324786324785
621051,"Wilson, Steven",ST,2023,223,99.395966,99.395966,81.16008968609866,7.917847533632287,-12.791569506726457,2619.9686098654706
621051,"Wilson, Steven",ST,2024,102,101.68922,101.68922,82.59607843137255,7.423529411764706,-11.341176470588234,2580.3627450980393
621051,"Wilson, Steven",ST,2025,218,99.317894,99.317894,81.9509900990099,-0.5251485148514852,-15.266138613861385,2642.391089108911
621053,"Ferguson, Tyler",FF,2024,123,101.33008,101.33008,95.96910569105691,14.080975609756099,9.698536585365854,2351.121951219512
621053,"Ferguson, Tyler",FF,2025,125,97.5088,97.5088,94.73064516129033,14.388387096774194,8.588709677419354,2297.201612903226
621074,"Rucker, Michael",FF,2022,189,102.55926,102.55926,94.72592592592594,15.843174603174603,7.418412698412698,2269.0055865921786
621074,"Rucker, Michael",FF,2023,117,100.62736,100.62736,94.58803418803419,15.936410256410255,5.392820512820514,2298.5042735042734
621076,"Kaprielian, James",CH,2022,108,99.16852,99.16852,85.29537037037036,2.3966666666666665,8.549999999999999,1389.4814814814815
621076,"Kaprielian, James",FF,2022,456,95.99079,95.99079,94.00504385964913,15.40657894736842,7.622368421052632,2006.6153846153845
621076,"Kaprielian, James",FF,2023,170,96.054115,96.054115,92.39588235294117,15.439764705882354,7.995529411764706,2008.2176470588236
621076,"Kaprielian, James",SL,2022,227,100.58062,100.58062,85.35022026431719,3.6840528634361234,-3.8817621145374446,2270.208888888889
621076,"Kaprielian, James",SL,2023,119,100.75882,100.75882,80.87647058823529,3.8894117647058826,-9.583865546218487,2356.27731092437
621107,"Eflin, Zach",CU,2023,313,99.87476,99.87476,79.20351437699681,-7.138658146964857,-11.397699680511183,2496.1948881789135
621107,"Eflin, Zach",CU,2024,205,100.070244,100.070244,78.74048780487804,-6.380487804878049,-10.919414634146342,2497.110552763819
621107,"Eflin, Zach",FC,2023,264,96.515526,96.515526,88.48560606060606,8.468636363636364,-2.4786363636363635,2237.405303030303
621107,"Eflin, Zach",FC,2024,280,97.788574,97.788574,88.09071428571428,8.376857142857142,-1.455,2224.4275092936805
621107,"Eflin, Zach",FF,2024,106,97.81982,97.81982,92.47547169811321,12.331698113207548,8.747547169811321,2204.9903846153848
621107,"Eflin, Zach",SI,2022,161,97.46273,97.46273,92.54472049689441,7.310310559006211,16.678509316770185,2039.5093167701864
621107,"Eflin, Zach",SI,2023,303,98.854126,98.854126,92.24389438943895,5.88,16.6590099009901,2092.7887788778876
621107,"Eflin, Zach",SI,2024,256,99.04024,99.04024,91.4890625,4.65375,15.8221875,2086.930894308943
621111,"Buehler, Walker",FC,2022,130,99.55461,99.55461,91.51384615384615,9.077538461538461,-4.522153846153846,2400.1769230769232
621111,"Buehler, Walker",FC,2024,119,99.97816,99.97816,91.08991596638656,9.205714285714286,-4.628571428571428,2415.5546218487393
621111,"Buehler, Walker",FC,2025,138,98.16304,98.16304,90.4927536231884,10.741739130434782,-4.298260869565217,2396.1739130434785
621111,"Buehler, Walker",FF,2022,125,102.794395,102.794395,95.2048,16.92288,5.82912,2271.072
621111,"Buehler, Walker",FF,2025,140,99.57286,99.57286,94.07,16.87542857142857,5.527714285714286,2228.25
621112,"Blackburn, Paul",CH,2024,102,95.46568,95.46568,85.62450980392157,6.149411764705882,11.435294117647059,1746.171717171717
621112,"Blackburn, Paul",CU,2022,122,99.49099,99.49099,78.98852459016393,-16.634754098360656,-8.222950819672132,2612.9590163934427
621112,"Blackburn, Paul",FC,2022,163,100.50061,100.50061,87.29386503067485,5.226993865030675,-6.014723926380368,2490.296296296296
621112,"Blackburn, Paul",FC,2024,120,98.8425,98.8425,89.12333333333332,7.25,-4.728,2429.126050420168
621112,"Blackburn, Paul",SI,2022,203,96.89704,96.89704,91.61133004926107,9.86423645320197,12.785024630541873,2000.6782178217823
621112,"Blackburn, Paul",SL,2023,101,101.064354,101.064354,80.93465346534653,-6.406336633663366,-14.542574257425741,2586.920792079208
621114,"Burr, Ryan",SL,2024,173,100.10578,100.10578,85.33352601156069,-1.9477456647398843,-4.863815028901734,2544.0173410404623
621121,"McCullers Jr., Lance",SL,2025,123,96.04634,96.04634,83.0569105691057,5.32,-16.225365853658538,2868.040650406504
621237,"Alvarado, José",FC,2022,123,115.79838,115.79838,93.55934959349592,5.572682926829269,2.275121951219512,2196.5528455284552
621237,"Alvarado, José",FC,2023,122,116.62541,116.62541,92.77459016393442,5.991147540983606,1.1921311475409835,2175.6311475409834
621237,"Alvarado, José",FC,2024,139,118.138855,118.138855,92.41942446043164,5.872230215827338,0.044028776978417276,2095.09022556391
621237,"Alvarado, José",SI,2022,138,114.06232,114.06232,99.78623188405797,14.619130434782608,-12.58,2091.072463768116
621237,"Alvarado, José",SI,2023,134,110.59925,110.59925,98.63283582089552,14.931940298507463,-13.0155223880597,2124.5298507462685
621237,"Alvarado, José",SI,2024,204,106.07892,106.07892,97.82843137254902,14.861176470588234,-12.099411764705883,2065.203045685279
621242,"Díaz, Edwin",FF,2022,134,111.594025,111.594025,99.16716417910447,13.564477611940298,13.425671641791045,2352.6567164179105
621242,"Díaz, Edwin",FF,2024,144,107.295135,107.295135,97.65138888888889,12.981666666666666,13.416666666666666,2352.8541666666665
621242,"Díaz, Edwin",FF,2025,179,104.37933,104.37933,97.27206703910615,12.940558659217878,12.738770949720672,2326.424581005587
621242,"Díaz, Edwin",SL,2022,226,104.99027,104.99027,90.90575221238939,4.348672566371682,-1.515929203539823,2277.287610619469
621242,"Díaz, Edwin",SL,2024,138,102.47681,102.47681,89.82101449275362,5.10695652173913,-1.2478260869565216,2288.6014492753625
621242,"Díaz, Edwin",SL,2025,150,102.335335,102.335335,89.32,3.7935999999999996,-1.6680000000000001,2261.78
621244,"Berríos, José",CH,2022,151,99.27881,99.27881,84.5523178807947,4.583046357615894,14.738543046357616,1544.0529801324503
621244,"Berríos, José",CH,2023,214,100.02897,100.02897,84.04766355140187,4.642990654205607,14.325420560747663,1438.5327102803737
621244,"Berríos, José",CH,2024,142,99.78451,99.78451,84.66197183098592,4.725633802816901,14.289295774647886,1579.8333333333333
621244,"Berríos, José",CH,2025,192,97.49688,97.49688,85.25677083333333,4.400625,14.118125,1552.5572916666667
621244,"Berríos, José",FF,2022,233,98.5382,98.5382,94.11244635193134,14.499914163090128,10.865922746781116,2239.227467811159
621244,"Berríos, José",FF,2023,193,100.80726,100.80726,94.43005181347151,15.906528497409326,8.99440414507772,2228.321243523316
621244,"Berríos, José",FF,2024,137,99.75401,99.75401,94.38686131386861,14.703941605839416,9.497518248175183,2162.277777777778
621244,"Berríos, José",FF,2025,160,96.73312,96.73312,93.168125,15.017249999999999,9.74025,2123.48125
621244,"Berríos, José",SI,2022,232,97.28922,97.28922,93.99051724137931,10.449827586206897,16.69655172413793,2116.2586206896553
621244,"Berríos, José",SI,2023,272,97.992645,97.992645,93.76029411764705,11.853529411764706,15.682500000000001,2117.033088235294
621244,"Berríos, José",SI,2024,274,97.32555,97.32555,93.57153284671533,10.858248175182482,16.009489051094892,2059.712643678161
621244,"Berríos, José",SI,2025,280,96.81107,96.81107,92.31464285714286,10.629,15.981857142857143,2029.625
621244,"Berríos, José",SV,2022,229,102.19519,102.19519,83.12620087336245,-3.6896069868995633,-15.644541484716157,2277.4429824561403
621244,"Berríos, José",SV,2023,256,102.21797,102.21797,82.786328125,-4.93875,-15.41953125,2377.733333333333
621244,"Berríos, José",SV,2024,225,101.16178,101.16178,83.6271111111111,-5.023466666666667,-15.165866666666668,2340.81990521327
621244,"Berríos, José",SV,2025,237,100.772995,100.772995,82.63459915611816,-4.359493670886076,-14.996962025316456,2363.7299578059074
621249,"Underwood Jr., Duane",FC,2022,110,97.09273,97.09273,92.46818181818182,6.897818181818182,-0.1418181818181818,2076.109090909091
621345,"Minter, A.J.",FC,2022,140,107.318565,107.318565,90.41071428571429,4.0208571428571425,5.339142857142857,2609.3785714285714
621345,"Minter, A.J.",FC,2023,162,105.7574,105.7574,89.46851851851852,2.982222222222222,5.352592592592592,2566.248447204969
621345,"Minter, A.J.",FF,2022,208,106.84615,106.84615,96.63076923076923,17.42134615384615,-6.400384615384615,2425.168269230769
621345,"Minter, A.J.",FF,2023,216,104.13241,104.13241,95.74814814814815,16.765,-6.483888888888889,2422.3333333333335
621363,"Poche, Colin",FF,2022,249,105.36707,105.36707,93.40240963855422,20.985060240963854,-1.0202409638554217,2234.991967871486
621363,"Poche, Colin",FF,2023,205,102.1922,102.1922,92.46,19.853853658536586,1.7198048780487805,2243.960975609756
621363,"Poche, Colin",FF,2024,145,97.02552,97.02552,91.12620689655172,18.70758620689655,1.927448275862069,2213.9930555555557
621363,"Poche, Colin",SL,2023,113,100.447784,100.447784,84.29823008849559,3.9769911504424775,4.321061946902654,2432.4690265486724
621366,"Borucki, Ryan",SL,2023,111,97.446846,97.446846,87.86306306306305,5.339459459459459,0.7232432432432433,2412.873873873874
621366,"Borucki, Ryan",SL,2025,102,99.07059,99.07059,86.05392156862744,2.0258823529411765,1.143529411764706,2275.3039215686276
621368,"Hearn, Taylor",FF,2022,360,100.68,100.68,94.93638888888889,16.848333333333333,-7.757666666666667,2328.3055555555557
621368,"Hearn, Taylor",SL,2022,180,98.27611,98.27611,85.02333333333334,-0.5053333333333333,3.186,2124.4166666666665
621381,"Strahm, Matt",FF,2023,234,104.003426,104.003426,93.4482905982906,16.073333333333334,-13.534358974358975,2440.965811965812
621381,"Strahm, Matt",FF,2024,215,106.76372,106.76372,93.4093023255814,16.013581395348837,-14.243162790697676,2505.276699029126
621381,"Strahm, Matt",FF,2025,130,102.63461,102.63461,92.22846153846154,16.681846153846152,-13.415076923076924,2540.146153846154
621381,"Strahm, Matt",SI,2023,115,104.35131,104.35131,93.18260869565218,10.650782608695652,-17.891478260869565,2371.817391304348
621381,"Strahm, Matt",SL,2023,140,100.469284,100.469284,83.14857142857143,4.216285714285714,9.416571428571428,2722.0942028985505
621381,"Strahm, Matt",SL,2025,116,98.17758,98.17758,82.31551724137931,3.955862068965517,6.610344827586207,2679.0172413793102
621383,"Banks, Tanner",FF,2022,153,98.009155,98.009155,92.80065359477125,16.002352941176472,-1.6415686274509804,2292.7450980392155
621383,"Banks, Tanner",FF,2023,133,98.46466,98.46466,92.72706766917294,15.14436090225564,-1.6827067669172933,2239.5112781954886
621383,"Banks, Tanner",FF,2024,143,102.16293,102.16293,93.69090909090909,15.485874125874126,-2.5846153846153848,2264.5384615384614
621383,"Banks, Tanner",FF,2025,103,96.7699,96.7699,92.70784313725491,14.287058823529412,-1.9705882352941178,2171.0882352941176
621383,"Banks, Tanner",SL,2022,104,97.08077,97.08077,86.42115384615384,4.594615384615385,4.638461538461538,2316.048076923077
621383,"Banks, Tanner",SL,2023,123,96.64797,96.64797,86.26910569105691,4.019512195121951,5.074146341463415,2378.3658536585367
621383,"Banks, Tanner",SL,2024,157,95.0586,95.0586,87.98917197452229,5.130191082802548,4.724331210191083,2381.420382165605
621383,"Banks, Tanner",SL,2025,160,94.82562,94.82562,87.25408805031446,4.797735849056604,4.937358490566037,2363.761006289308
621389,"Blach, Ty",CH,2023,110,96.98273,96.98273,80.1,-1.1258181818181818,-15.464727272727274,1973.4128440366972
621389,"Blach, Ty",CH,2024,102,97.63529,97.63529,80.10686274509804,-1.1752941176470588,-14.144705882352941,1978.1274509803923
621389,"Blach, Ty",FF,2024,133,90.16992,90.16992,89.14511278195488,5.917894736842106,-12.777744360902256,2003.3082706766918
621389,"Blach, Ty",SI,2022,131,94.671,94.671,91.05267175572519,8.509007633587787,-13.487633587786261,2173.885496183206
621389,"Blach, Ty",SI,2023,230,96.27522,96.27522,89.5908695652174,8.044173913043478,-16.297565217391305,2139.683035714286
622065,"Young, Alex",CH,2023,142,98.2162,98.2162,85.6281690140845,1.264225352112676,-12.308450704225352,1486.3028169014085
622065,"Young, Alex",SI,2023,120,97.80417,97.80417,90.51583333333333,7.066,-16.785999999999998,2353.034188034188
622072,"Wood, Alex",CH,2022,189,94.70529,94.70529,85.55449735449736,0.153015873015873,-13.892063492063492,1665.7700534759358
622072,"Wood, Alex",CH,2023,174,93.545975,93.545975,85.22068965517241,0.10896551724137928,-15.082758620689656,1719.4476744186047
622072,"Wood, Alex",SI,2022,438,109.18881,109.18881,92.47876712328767,10.401369863013699,-15.552328767123289,2043.3890160183066
622072,"Wood, Alex",SI,2023,242,107.52355,107.52355,91.47272727272728,10.137024793388429,-16.319504132231405,1968.680497925311
622072,"Wood, Alex",SI,2024,100,103.757,103.757,90.4,9.774,-16.5672,1942.86
622072,"Wood, Alex",SL,2022,396,97.777016,97.777016,84.57878787878788,-2.5672727272727274,2.953636363636364,2061.9151670951155
622072,"Wood, Alex",SL,2023,154,96.62208,96.62208,82.60909090909091,-2.9563636363636365,6.843896103896104,2021.0198675496688
622075,"Almonte, Yency",ST,2023,127,104.18268,104.18268,82.92913385826772,3.7029921259842515,-13.351181102362204,2564.1612903225805
622098,"Smith, Drew",FF,2022,158,107.63734,107.63734,95.73101265822785,18.64025316455696,7.008607594936708,2504.46835443038
622098,"Smith, Drew",FF,2023,259,106.88224,106.88224,95.08687258687259,18.21359073359073,7.467799227799228,2496.899613899614
622098,"Smith, Drew",SL,2022,108,97.78426,97.78426,85.26944444444445,-0.1433333333333334,-7.644444444444445,2803.285714285714
622250,"Sborz, Josh",FF,2023,135,104.12814,104.12814,96.78,18.682666666666666,6.256,2319.340740740741
622250,"Sborz, Josh",SL,2023,128,102.06016,102.06016,88.52109375,2.0034375,-0.9346875,2106.9296875
622251,"Staumont, Josh",FF,2022,115,99.54434,99.54434,96.29478260869566,17.997913043478263,2.8779130434782605,2264.9304347826087
622253,"Tate, Dillon",SI,2022,195,97.917435,97.917435,93.88410256410258,5.73476923076923,17.207384615384616,1955.7230769230769
622253,"Tate, Dillon",SI,2024,140,96.92643,96.92643,92.71071428571429,4.123714285714286,15.978857142857143,1973.9571428571428
622491,"Castillo, Luis",CH,2022,153,99.43137,99.43137,88.58366013071895,2.992156862745098,16.96156862745098,1930.2091503267975
622491,"Castillo, Luis",CH,2023,202,99.672775,99.672775,88.31683168316832,1.284950495049505,17.927524752475247,1907.3465346534654
622491,"Castillo, Luis",CH,2024,161,99.89255,99.89255,88.07018633540372,-0.0894409937888199,17.134658385093168,1883.2993630573249
622491,"Castillo, Luis",CH,2025,123,100.88211,100.88211,87.21916666666667,-0.269,17.558,1980.0
622491,"Castillo, Luis",FF,2022,203,108.9399,108.9399,97.17241379310344,14.015763546798029,11.083743842364532,2372.1330049261082
622491,"Castillo, Luis",FF,2023,605,105.60083,105.60083,96.41157024793388,13.581619834710743,12.131107438016528,2282.635
622491,"Castillo, Luis",FF,2024,536,100.97388,100.97388,95.59123134328358,12.199701492537313,12.408805970149254,2153.723107569721
622491,"Castillo, Luis",FF,2025,585,102.708206,102.708206,95.03169398907104,12.120000000000001,12.991256830601092,2196.8670309653917
622491,"Castillo, Luis",SI,2022,141,98.392914,98.392914,97.04609929078015,6.06468085106383,17.49191489361702,2170.1205673758864
622491,"Castillo, Luis",SI,2023,199,99.91005,99.91005,96.01507537688443,4.760804020100502,18.542713567839197,2086.604060913706
622491,"Castillo, Luis",SI,2024,198,98.71212,98.71212,95.59949494949495,3.9375757575757575,18.44848484848485,2014.204081632653
622491,"Castillo, Luis",SI,2025,248,105.36734,105.36734,94.92262443438915,3.6255203619909504,18.557647058823527,2033.923076923077
622491,"Castillo, Luis",SL,2022,140,101.58357,101.58357,86.675,0.39685714285714285,-1.278,2440.7357142857145
622491,"Castillo, Luis",SL,2023,224,102.97321,102.97321,85.840625,-0.02464285714285713,-1.2155357142857144,2343.9636363636364
622491,"Castillo, Luis",SL,2024,219,101.937904,101.937904,85.71872146118722,0.6263013698630137,-0.9342465753424657,2292.044117647059
622491,"Castillo, Luis",SL,2025,196,104.06173,104.06173,84.62666666666667,-0.27666666666666667,-0.8466666666666667,2239.711111111111
622503,"Crismatt, Nabil",CH,2022,225,98.17555,98.17555,82.672,1.3530666666666666,12.331199999999999,1704.8933333333334
622554,"Domínguez, Seranthony",FF,2022,115,101.76087,101.76087,97.7295652173913,13.856347826086957,3.0198260869565217,2365.2
622554,"Domínguez, Seranthony",FF,2023,126,100.73572,100.73572,97.51507936507936,15.031428571428572,3.974285714285714,2352.0714285714284
622554,"Domínguez, Seranthony",FF,2024,151,102.328476,102.328476,97.71920529801325,14.29430463576159,4.105430463576159,2394.781456953642
622554,"Domínguez, Seranthony",FF,2025,140,100.49286,100.49286,97.78,15.322285714285714,4.996285714285714,2364.8285714285716
622554,"Domínguez, Seranthony",SI,2022,108,101.85185,101.85185,98.11111111111111,9.236666666666666,15.208888888888888,2313.7314814814813
622554,"Domínguez, Seranthony",SI,2023,102,100.995094,100.995094,98.18529411764706,10.474117647058822,14.712941176470588,2268.205882352941
622554,"Domínguez, Seranthony",SL,2024,163,102.19447,102.19447,88.32515337423312,5.104049079754602,-7.693251533742331,2461.543209876543
622608,"Senzatela, Antonio",CU,2025,129,99.5907,99.5907,80.36953125,-5.5340625,-5.27625,2456.0078125
622608,"Senzatela, Antonio",FF,2022,280,93.57214,93.57214,94.10285714285715,10.325142857142858,3.5468571428571427,2139.2078853046596
622608,"Senzatela, Antonio",FF,2025,535,95.86187,95.86187,95.1648288973384,11.392243346007604,4.391178707224335,2235.6349809885933
622608,"Senzatela, Antonio",SL,2022,135,97.62296,97.62296,85.72296296296297,2.193777777777778,-4.36,2092.362962962963
622608,"Senzatela, Antonio",SL,2025,192,98.95416,98.95416,87.04731182795699,3.4716129032258065,-4.450967741935484,2290.3548387096776
622663,"Severino, Luis",CH,2022,145,100.10758,100.10758,88.90965517241379,9.171310344827585,13.744551724137931,1560.9655172413793
622663,"Severino, Luis",CH,2023,123,99.84146,99.84146,86.69024390243902,8.222439024390244,13.58048780487805,1562.918699186992
622663,"Severino, Luis",FC,2025,169,98.06272,98.06272,93.33734939759036,9.222650602409638,-0.6701204819277108,2281.8493975903616
622663,"Severino, Luis",FF,2022,330,99.49545,99.49545,96.4739393939394,17.377090909090906,7.5458181818181815,2264.448484848485
622663,"Severino, Luis",FF,2023,288,98.32708,98.32708,96.4701388888889,16.019583333333333,7.422083333333333,2267.378472222222
622663,"Severino, Luis",FF,2024,415,98.6706,98.6706,96.32024096385543,15.665927710843373,6.306795180722892,2225.5590361445784
622663,"Severino, Luis",FF,2025,298,98.048325,98.048325,96.3170068027211,16.270204081632652,7.059591836734694,2281.925170068027
622663,"Severino, Luis",SI,2024,217,98.19954,98.19954,95.72903225806452,11.52774193548387,14.063225806451612,2091.7649769585255
622663,"Severino, Luis",SI,2025,246,98.88415,98.88415,95.91028806584363,12.310617283950616,14.000493827160494,2133.185950413223
622663,"Severino, Luis",SL,2022,114,101.17368,101.17368,85.30789473684212,-3.4052631578947365,-10.408421052631578,2706.780701754386
622663,"Severino, Luis",ST,2024,110,103.57727,103.57727,85.21181818181817,1.8109090909090908,-15.098181818181818,2606.909090909091
622663,"Severino, Luis",ST,2025,214,99.858406,99.858406,84.54502369668246,2.2259715639810427,-15.889478672985781,2583.33971291866
622694,"Hernández, Elieser",FF,2022,180,100.57278,100.57278,91.79055555555556,17.903333333333332,6.112666666666667,2113.3407821229052
622694,"Hernández, Elieser",SL,2022,186,100.471504,100.471504,80.41720430107527,12.293548387096774,-7.5200000000000005,2095.7741935483873
622780,"Perdomo, Angel",FF,2023,102,97.458824,97.458824,93.8656862745098,17.29294117647059,-3.2882352941176474,2438.5
623149,"Sewald, Paul",FF,2022,181,104.929276,104.929276,92.48232044198895,13.623646408839779,11.872707182320442,2501.9944751381217
623149,"Sewald, Paul",FF,2023,215,104.486046,104.486046,92.28511627906977,13.52539534883721,10.493581395348837,2522.137440758294
623149,"Sewald, Paul",FF,2024,145,103.35517,103.35517,91.40344827586208,13.431724137931035,10.828965517241379,2522.0344827586205
623149,"Sewald, Paul",ST,2022,129,99.986046,99.986046,82.84961240310078,8.953488372093023,-12.151627906976744,2425.108527131783
623149,"Sewald, Paul",ST,2023,118,99.8339,99.8339,83.98389830508475,9.293898305084745,-10.923050847457628,2485.237288135593
623167,"Flexen, Chris",CH,2022,107,99.64019,99.64019,81.01682242990654,8.699439252336449,12.510280373831774,1309.6261682242991
623167,"Flexen, Chris",CH,2023,104,100.535576,100.535576,80.93365384615385,8.861538461538462,11.141538461538461,1302.5865384615386
623167,"Flexen, Chris",CH,2024,159,102.21258,102.21258,81.42767295597484,9.855094339622642,11.656603773584907,1322.6100628930817
623167,"Flexen, Chris",CU,2024,101,100.73069,100.73069,72.24059405940594,-15.912475247524753,-7.1013861386138615,2590.5742574257424
623167,"Flexen, Chris",FC,2022,265,98.98943,98.98943,87.46603773584906,7.280603773584906,-6.542037735849057,2357.1735849056604
623167,"Flexen, Chris",FC,2023,214,99.59158,99.59158,88.09252336448598,6.651028037383178,-7.108037383177571,2341.53738317757
623167,"Flexen, Chris",FC,2024,312,99.21955,99.21955,87.59455128205128,7.62,-7.712307692307691,2401.0608974358975
623167,"Flexen, Chris",FF,2022,296,94.859795,94.859795,91.88817567567568,18.787297297297297,1.9216216216216215,2141.3716216216217
623167,"Flexen, Chris",FF,2023,288,94.466324,94.466324,91.98333333333333,16.737916666666667,0.2716666666666667,2116.305263157895
623167,"Flexen, Chris",FF,2024,350,93.76029,93.76029,91.45342857142857,18.397714285714287,1.5894857142857144,2146.977142857143
623167,"Flexen, Chris",FF,2025,117,95.5547,95.5547,92.37350427350428,17.624615384615385,1.882051282051282,2242.3162393162393
623211,"Brazobán, Huascar",CH,2023,104,106.700966,106.700966,89.26730769230768,1.5265384615384614,15.18923076923077,1814.5576923076924
623211,"Brazobán, Huascar",CH,2024,106,106.49056,106.49056,90.15943396226415,1.4728301886792454,14.995471698113207,1938.3396226415093
623211,"Brazobán, Huascar",CH,2025,146,101.2726,101.2726,90.78767123287672,1.9553424657534249,16.41780821917808,1982.7191780821918
623211,"Brazobán, Huascar",SI,2025,118,99.38983,99.38983,96.61779661016949,8.223050847457626,18.001016949152543,2255.364406779661
623352,"Hader, Josh",SI,2022,253,121.54941,121.54941,97.43359683794466,17.800316205533598,-8.441739130434783,2019.686507936508
623352,"Hader, Josh",SI,2023,283,121.47314,121.47314,96.26925795053003,18.866289752650175,-7.435335689045936,2145.8772563176894
623352,"Hader, Josh",SI,2024,322,122.64348,122.64348,96.14192546583851,19.251801242236024,-7.079254658385093,2271.867924528302
623352,"Hader, Josh",SI,2025,179,112.846924,112.846924,95.52681564245809,18.47463687150838,-9.24,2322.68156424581
623352,"Hader, Josh",SL,2022,101,106.9703,106.9703,84.03861386138614,0.807920792079208,4.019405940594059,2463.5
623352,"Hader, Josh",SL,2024,128,107.42344,107.42344,85.609375,2.3371875,1.1840625,2442.904
623352,"Hader, Josh",SL,2025,103,107.223305,107.223305,83.18737864077669,-0.18990291262135925,3.386796116504854,2568.776699029126
623433,"Anderson, Nick",FF,2023,126,96.080154,96.080154,94.22142857142858,16.726666666666667,5.525714285714286,2101.9761904761904
623437,"Topa, Justin",SI,2023,154,98.55195,98.55195,95.1538961038961,-0.18935064935064932,17.587012987012987,2091.7987012987014
623437,"Topa, Justin",SI,2025,131,99.93511,99.93511,94.11587301587302,0.16952380952380952,17.497142857142855,2185.0238095238096
623451,"Stephens, Jackson",FF,2022,129,95.76744,95.76744,94.44573643410853,14.663255813953487,5.999069767441861,2072.9765625
623465,"Phillips, Evan",FF,2024,120,103.89666,103.89666,96.27583333333334,15.419,9.518,2406.5
623465,"Phillips, Evan",ST,2022,149,101.85638,101.85638,85.31879194630872,1.349798657718121,-15.056375838926176,2531.3557046979868
623465,"Phillips, Evan",ST,2023,143,102.57832,102.57832,85.37202797202798,2.287552447552448,-14.984895104895106,2502.6496350364964
623465,"Phillips, Evan",ST,2024,124,102.284676,102.284676,85.13709677419355,0.4238709677419355,-15.759677419354839,2642.1290322580644
623474,"Herget, Jimmy",CU,2025,197,99.170555,99.170555,77.87604166666667,1.85375,-15.4,3014.8072916666665
623474,"Herget, Jimmy",SI,2025,106,100.72359,100.72359,91.79504950495048,-0.09029702970297031,15.121188118811881,2414.980198019802
623474,"Herget, Jimmy",SL,2022,112,96.0875,96.0875,82.85178571428571,3.709285714285714,-3.9235714285714285,2619.036036036036
623474,"Herget, Jimmy",SL,2025,162,98.279015,98.279015,85.49281045751634,4.003137254901961,-0.8854901960784315,2708.470588235294
624133,"Suárez, Ranger",CH,2022,208,102.653366,102.653366,84.78028846153846,5.856923076923077,-14.479038461538462,1516.5721153846155
624133,"Suárez, Ranger",CH,2023,160,100.79875,100.79875,82.298125,4.3125,-13.21875,1411.892405063291
624133,"Suárez, Ranger",CH,2024,157,100.092354,100.092354,79.63503184713376,1.892484076433121,-10.055541401273885,1239.1266666666668
624133,"Suárez, Ranger",CH,2025,193,101.78653,101.78653,79.40710382513662,3.784918032786885,-10.810491803278689,1322.4699453551912
624133,"Suárez, Ranger",CU,2023,146,104.22534,104.22534,75.81986301369864,-10.443287671232877,11.455890410958904,2179.8591549295775
624133,"Suárez, Ranger",CU,2024,205,102.49464,102.49464,74.53170731707317,-10.067121951219514,11.305170731707317,2179.3769633507854
624133,"Suárez, Ranger",CU,2025,140,100.03928,100.03928,73.97080291970804,-8.677664233576643,11.465693430656934,2113.4379562043796
624133,"Suárez, Ranger",FC,2022,105,94.46572,94.46572,89.65809523809524,7.702857142857143,0.2194285714285714,2022.304761904762
624133,"Suárez, Ranger",FC,2024,113,99.29734,99.29734,86.65840707964601,5.333097345132743,3.358938053097345,2057.2818181818184
624133,"Suárez, Ranger",FC,2025,172,98.593025,98.593025,86.59186046511627,6.084418604651162,2.7809302325581395,2115.767441860465
624133,"Suárez, Ranger",FF,2022,163,94.525154,94.525154,93.25889570552148,11.558282208588958,-6.505030674846625,1909.6134969325153
624133,"Suárez, Ranger",FF,2023,166,95.88313,95.88313,93.42650602409638,12.852289156626506,-7.009156626506024,1992.8975903614457
624133,"Suárez, Ranger",FF,2024,150,96.010666,96.010666,91.71066666666667,12.3176,-5.1824,2002.687074829932
624133,"Suárez, Ranger",FF,2025,102,96.066666,96.066666,91.40792079207921,11.565148514851485,-6.084356435643564,1974.3564356435643
624133,"Suárez, Ranger",SI,2022,352,97.99006,97.99006,92.64090909090909,6.576477272727273,-15.852954545454544,1910.079772079772
624133,"Suárez, Ranger",SI,2023,212,99.066505,99.066505,92.88867924528303,5.791132075471698,-15.778301886792454,1932.051886792453
624133,"Suárez, Ranger",SI,2024,255,99.63686,99.63686,90.61254901960784,5.394352941176471,-15.210823529411766,1879.2263374485597
624133,"Suárez, Ranger",SI,2025,176,100.12955,100.12955,90.02790697674418,5.01,-15.703255813953488,1986.1976744186047
624522,"Thompson, Keegan",CU,2022,109,99.51835,99.51835,81.37155963302752,-13.405871559633027,-8.199633027522935,2542.126213592233
624522,"Thompson, Keegan",FC,2022,148,101.03649,101.03649,89.87162162162163,8.171351351351351,-5.095945945945946,2546.5774647887324
624522,"Thompson, Keegan",FF,2022,307,103.113686,103.113686,93.4785016286645,17.092377850162865,4.221107491856678,2367.718309859155
624647,"González, Victor",SI,2023,104,99.82885,99.82885,94.54903846153846,5.245384615384615,-17.473846153846154,2157.9313725490197
625643,"López, Reynaldo",CU,2024,100,99.384,99.384,77.352,-7.6584,-6.9984,2431.96
625643,"López, Reynaldo",FF,2022,224,103.404015,103.404015,97.20089285714286,17.072678571428572,7.136785714285715,2251.910714285714
625643,"López, Reynaldo",FF,2023,324,101.829315,101.829315,98.33425925925926,16.584814814814813,8.674444444444445,2184.867283950617
625643,"López, Reynaldo",FF,2024,521,96.975815,96.975815,95.71209213051823,16.414664107485606,7.50426103646833,2079.4971209213054
625643,"López, Reynaldo",SL,2023,119,103.42605,103.42605,87.89579831932774,1.1768067226890755,-5.844705882352941,2366.831932773109
625643,"López, Reynaldo",SL,2024,247,103.47854,103.47854,84.98947368421054,-1.9535222672064776,-5.523886639676114,2354.9473684210525
628317,"Maeda, Kenta",FF,2023,185,98.00054,98.00054,91.07135135135135,14.962378378378379,6.776432432432433,2257.2594594594593
628317,"Maeda, Kenta",FF,2024,121,97.18595,97.18595,91.0702479338843,15.399669421487605,7.275371900826447,2295.1652892561983
628317,"Maeda, Kenta",FS,2023,241,99.48091,99.48091,84.0954356846473,0.09261410788381742,10.78804979253112,1405.7427385892115
628317,"Maeda, Kenta",FS,2024,192,99.65573,99.65573,84.23125,-0.610625,10.035,1357.0677083333333
628317,"Maeda, Kenta",SL,2023,173,98.438156,98.438156,82.14797687861272,3.6978034682080927,-5.000462427745665,2577.0994152046783
628317,"Maeda, Kenta",SL,2024,152,98.83224,98.83224,82.3578947368421,3.663157894736842,-4.867105263157894,2575.2697368421054
628452,"Iglesias, Raisel",CH,2022,111,103.15135,103.15135,88.86216216216216,3.388108108108108,16.876756756756755,1883.148148148148
628452,"Iglesias, Raisel",CH,2023,139,101.54028,101.54028,89.38489208633094,4.716258992805755,14.822158273381296,1929.9712230215828
628452,"Iglesias, Raisel",CH,2025,136,100.60221,100.60221,88.82910447761195,4.505373134328359,15.762089552238805,1996.8805970149253
628452,"Iglesias, Raisel",FF,2022,122,99.66229,99.66229,95.19098360655737,15.885245901639344,9.834098360655737,2331.0
628452,"Iglesias, Raisel",FF,2023,100,98.135,98.135,94.916,14.952,7.7292,2285.79
628452,"Iglesias, Raisel",FF,2025,139,100.039566,100.039566,95.02666666666667,14.724444444444444,9.09511111111111,2351.725925925926
628708,"Marte, Yunior",SI,2022,137,108.220436,108.220436,96.89781021897811,7.731678832116788,17.802919708029197,2314.5671641791046
628708,"Marte, Yunior",SI,2023,116,103.417244,103.417244,97.63362068965517,9.788275862068966,17.241724137931033,2358.4912280701756
628708,"Marte, Yunior",SL,2022,148,100.27297,100.27297,85.87702702702703,0.878918918918919,-4.507297297297297,2613.8424657534247
628708,"Marte, Yunior",SL,2023,111,100.30541,100.30541,86.83693693693694,2.732972972972973,-4.494054054054055,2616.972972972973
628711,"Urías, Julio",CH,2022,206,98.921844,98.921844,86.3257281553398,6.863883495145632,-13.709126213592233,1958.9708737864078
628711,"Urías, Julio",CH,2023,120,100.33416,100.33416,86.07583333333334,6.346,-14.325999999999999,1880.1833333333334
628711,"Urías, Julio",FF,2022,603,101.59884,101.59884,93.32470978441128,16.427064676616915,-3.044577114427861,2525.658374792703
628711,"Urías, Julio",FF,2023,261,98.635635,98.635635,92.68084291187739,16.664827586206897,-3.457471264367816,2456.3513513513512
628711,"Urías, Julio",SV,2022,335,98.19522,98.19522,81.11462686567165,-0.9005373134328358,16.10220895522388,2920.650746268657
628711,"Urías, Julio",SV,2023,157,97.06497,97.06497,79.43184713375796,-1.7396178343949045,17.60407643312102,2845.99358974359
630023,"Chirinos, Yonny",FS,2023,143,100.434265,100.434265,85.07412587412588,3.527832167832168,5.746573426573426,1316.1690140845071
630023,"Chirinos, Yonny",SI,2023,242,103.761154,103.761154,92.45330578512397,7.025454545454545,16.974545454545456,2029.8535564853557
630023,"Chirinos, Yonny",SL,2023,130,93.650764,93.650764,89.01692307692308,6.745846153846154,-0.26861538461538464,2234.6484375
640444,"Crowe, Wil",CH,2022,161,101.25652,101.25652,85.87204968944098,4.0785093167701865,9.846708074534162,1748.5217391304348
640444,"Crowe, Wil",SI,2022,102,97.13138,97.13138,94.3843137254902,13.228235294117647,11.991764705882353,2274.5
640444,"Crowe, Wil",SL,2022,146,102.00205,102.00205,87.5986301369863,0.22520547945205482,-6.180821917808219,2784.178082191781
640448,"Finnegan, Kyle",FF,2022,306,99.58235,99.58235,97.02058823529411,15.21764705882353,11.585882352941177,2052.447712418301
640448,"Finnegan, Kyle",FF,2023,268,97.66157,97.66157,97.18134328358208,14.949402985074627,10.779402985074627,2034.4776119402984
640448,"Finnegan, Kyle",FF,2024,206,99.53883,99.53883,97.10145631067962,15.831844660194175,10.733009708737864,2098.9757281553398
640448,"Finnegan, Kyle",FF,2025,145,102.286896,102.286896,96.28235294117647,17.121176470588235,10.50529411764706,2241.154411764706
640451,"Harvey, Hunter",FF,2022,218,105.02936,105.02936,98.34128440366973,17.22110091743119,9.01211009174312,2019.8623853211009
640451,"Harvey, Hunter",FF,2023,191,103.8534,103.8534,98.4979057591623,16.70324607329843,7.490890052356021,2075.240837696335
640451,"Harvey, Hunter",FF,2024,177,103.13051,103.13051,97.86045197740113,16.863728813559323,6.989830508474577,2040.0621468926554
640455,"Manaea, Sean",CH,2022,285,97.480705,97.480705,85.11929824561403,6.949473684210526,-12.975157894736842,1421.5929824561404
640455,"Manaea, Sean",CH,2023,127,95.98504,95.98504,86.57086614173228,5.095748031496063,-12.10204724409449,1454.0551181102362
640455,"Manaea, Sean",CH,2024,140,98.18,98.18,85.395,4.011428571428572,-14.171142857142858,1465.1060606060605
640455,"Manaea, Sean",FF,2022,487,101.14928,101.14928,91.41889117043121,12.932895277207392,-12.8841067761807,2005.494866529774
640455,"Manaea, Sean",FF,2023,450,98.47711,98.47711,93.53977777777779,10.761866666666666,-14.8576,2042.3959731543623
640455,"Manaea, Sean",FF,2024,149,102.90805,102.90805,92.35167785234898,12.981744966442953,-12.53234899328859,1996.6013513513512
640455,"Manaea, Sean",FF,2025,238,99.301254,99.301254,91.9,10.788403361344537,-13.570084033613444,2036.109243697479
640455,"Manaea, Sean",SI,2022,102,105.210785,105.210785,90.9656862745098,10.1,-16.703529411764706,2000.4019607843138
640455,"Manaea, Sean",SI,2024,496,106.457664,106.457664,92.4905241935484,9.681048387096775,-15.59008064516129,2031.191983122363
640455,"Manaea, Sean",SL,2022,122,98.656555,98.656555,82.02540983606558,3.014754098360656,3.1081967213114754,2023.155737704918
640455,"Manaea, Sean",SL,2023,100,96.853,96.853,84.54,1.9272,2.3076,2080.3
640455,"Manaea, Sean",ST,2024,189,99.632805,99.632805,78.11587301587302,1.5574603174603174,12.794285714285714,2165.828729281768
640462,"Puk, A.J.",FF,2022,152,103.46645,103.46645,96.78684210526316,12.367894736842105,-12.625263157894736,2284.842105263158
640462,"Puk, A.J.",FF,2023,182,105.59835,105.59835,95.92417582417583,13.076703296703297,-12.025054945054945,2192.587912087912
640462,"Puk, A.J.",FF,2024,202,105.55693,105.55693,95.7460396039604,14.24910891089109,-10.977623762376238,2260.9554455445545
640462,"Puk, A.J.",SL,2022,140,101.77571,101.77571,86.93928571428572,1.104857142857143,3.264,2233.5785714285716
640462,"Puk, A.J.",SL,2024,106,106.77924,106.77924,85.52735849056603,-0.6792452830188679,5.09433962264151,2272.5943396226417
640462,"Puk, A.J.",ST,2023,128,105.03516,105.03516,84.053125,5.259375,8.325,2340.968503937008
640470,"Alzolay, Adbert",SL,2023,166,100.07891,100.07891,87.60722891566265,3.189397590361446,-5.973975903614458,2560.1867469879517
641154,"López, Pablo",CH,2022,383,103.12324,103.12324,87.47101827676241,3.2694516971279373,17.054099216710185,1960.282722513089
641154,"López, Pablo",CH,2023,235,97.305534,97.305534,88.15914893617023,5.862638297872341,16.312851063829786,2058.209401709402
641154,"López, Pablo",CH,2024,225,97.23556,97.23556,88.45022222222222,6.56,17.006933333333333,2112.8133333333335
641154,"López, Pablo",CH,2025,117,99.14615,99.14615,87.27264957264957,3.2656410256410253,15.288205128205128,1814.4188034188035
641154,"López, Pablo",CU,2023,121,101.94876,101.94876,82.42892561983471,-9.921322314049586,-8.496198347107438,2640.223140495868
641154,"López, Pablo",FF,2022,377,97.4443,97.4443,93.42068965517241,13.159257294429707,4.409124668435013,2187.2453333333333
641154,"López, Pablo",FF,2023,390,102.521286,102.521286,94.82256410256412,14.22,4.791076923076923,2243.1153846153848
641154,"López, Pablo",FF,2024,483,100.755905,100.755905,95.00227743271222,14.767453416149069,5.776149068322981,2210.7660455486543
641154,"López, Pablo",FF,2025,234,98.2624,98.2624,94.5491452991453,14.193333333333332,6.545128205128205,2165.653846153846
641154,"López, Pablo",SI,2023,112,98.619644,98.619644,94.46071428571429,8.187857142857142,14.073214285714286,2111.0625
641154,"López, Pablo",ST,2023,198,99.92576,99.92576,84.48535353535352,-0.40303030303030307,-13.486060606060608,2499.6161616161617
641154,"López, Pablo",ST,2024,263,99.88708,99.88708,84.52091254752851,-0.32897338403041826,-12.513307984790874,2453.8098859315587
641154,"López, Pablo",ST,2025,105,100.651436,100.651436,84.85238095238095,0.0902857142857143,-12.470857142857144,2371.390476190476
641302,"Alexander, Tyler",CH,2022,152,97.7421,97.7421,82.81052631578947,8.217631578947367,-13.549736842105263,1520.828947368421
641302,"Alexander, Tyler",FC,2022,200,99.34151,99.34151,85.60549999999999,9.3714,3.8207999999999998,2358.325
641302,"Alexander, Tyler",FC,2023,102,97.82941,97.82941,86.36274509803921,9.728235294117647,1.9682352941176469,2364.823529411765
641302,"Alexander, Tyler",FC,2024,199,99.927635,99.927635,84.92010050251255,7.8253266331658295,3.7525628140703517,2365.030150753769
641302,"Alexander, Tyler",FF,2022,181,98.08342,98.08342,90.15856353591161,17.765303867403315,-7.567955801104972,2271.5635359116022
641302,"Alexander, Tyler",FF,2024,148,99.65202,99.65202,89.5891891891892,17.298648648648648,-8.825675675675676,2296.9189189189187
641302,"Alexander, Tyler",FF,2025,128,99.239845,99.239845,90.7312,15.3264,-9.22944,2189.376
641302,"Alexander, Tyler",SI,2022,151,97.12384,97.12384,90.00529801324502,12.72476821192053,-14.724238410596028,2132.046357615894
641302,"Alexander, Tyler",SI,2025,114,99.02807,99.02807,90.50701754385965,9.186315789473685,-15.934736842105263,2080.0877192982457
641302,"Alexander, Tyler",ST,2024,111,95.1018,95.1018,77.98468468468468,3.4735135135135136,15.549189189189189,2430.972972972973
641302,"Alexander, Tyler",ST,2025,114,96.56579,96.56579,80.35,4.761052631578948,12.165263157894737,2469.9736842105262
641329,"Baker, Bryan",CH,2025,103,100.097084,100.097084,84.99611650485437,7.893203883495145,14.337087378640778,1851.2135922330096
641329,"Baker, Bryan",FF,2022,238,100.77899,100.77899,96.48949579831933,18.12252100840336,2.3878991596638657,2343.40756302521
641329,"Baker, Bryan",FF,2023,204,100.145096,100.145096,95.8671568627451,18.44529411764706,2.7888235294117645,2324.279411764706
641329,"Baker, Bryan",FF,2025,196,99.86123,99.86123,96.79540816326531,18.174489795918365,4.33530612244898,2292.918367346939
641360,"Bickford, Phil",FF,2022,250,104.4392,104.4392,94.04639999999999,15.52128,4.5163199999999994,2354.572
641360,"Bickford, Phil",FF,2023,318,106.77201,106.77201,93.81320754716981,15.968301886792453,5.835094339622641,2359.8354430379745
641360,"Bickford, Phil",SL,2022,134,96.61044,96.61044,82.9731343283582,1.3782089552238805,-6.857014925373135,2291.5223880597014
641360,"Bickford, Phil",SL,2023,125,98.7128,98.7128,83.8848,1.21248,-6.69696,2297.282258064516
641401,"Brogdon, Connor",CH,2022,124,103.814514,103.814514,83.85725806451612,7.156451612903226,17.37483870967742,2065.5806451612902
641401,"Brogdon, Connor",CH,2025,136,100.45515,100.45515,84.19333333333334,7.113777777777778,16.581333333333333,1991.7185185185185
641401,"Brogdon, Connor",FF,2025,118,102.35339,102.35339,95.39999999999999,15.655135135135135,10.795675675675675,2287.4144144144143
641447,"Castano, Daniel",FC,2022,132,97.44772,97.44772,86.49545454545455,6.3509090909090915,0.03727272727272727,2383.4545454545455
641482,"Cortes, Nestor",CH,2024,100,103.104004,103.104004,83.484,4.0188,-13.4736,1408.5
641482,"Cortes, Nestor",FC,2022,248,100.98629,100.98629,86.99516129032257,8.68741935483871,4.807258064516129,2363.1935483870966
641482,"Cortes, Nestor",FC,2023,163,99.604294,99.604294,86.56073619631901,8.100368098159509,4.39361963190184,2397.0
641482,"Cortes, Nestor",FC,2024,318,100.94466,100.94466,87.50345911949685,8.654716981132076,4.504905660377358,2414.814465408805
641482,"Cortes, Nestor",FF,2022,360,102.44861,102.44861,92.11138888888888,19.671333333333333,-3.9213333333333336,2260.2916666666665
641482,"Cortes, Nestor",FF,2023,266,99.6297,99.6297,91.72706766917294,19.56766917293233,-3.8702255639097745,2269.6830188679246
641482,"Cortes, Nestor",FF,2024,472,98.90848,98.90848,92.12902542372882,19.192118644067797,-4.693220338983051,2314.1927966101694
641482,"Cortes, Nestor",ST,2022,130,96.66231,96.66231,77.30999999999999,3.781846153846154,15.144,2525.7846153846153
641482,"Cortes, Nestor",ST,2024,130,94.86615,94.86615,78.29846153846154,2.051076923076923,14.586461538461538,2567.3846153846152
641501,"Danish, Tyler",SI,2022,104,100.38366,100.38366,90.9346153846154,-1.3315384615384613,17.731153846153845,1804.5288461538462
641540,"Dunning, Dane",CH,2022,213,98.612206,98.612206,84.01643192488262,4.312676056338028,17.647323943661974,1853.5821596244132
641540,"Dunning, Dane",CH,2023,151,93.54901,93.54901,85.7251655629139,5.053509933774834,16.766622516556293,1769.58940397351
641540,"Dunning, Dane",FC,2023,171,97.28128,97.28128,88.953216374269,9.895438596491227,-1.2582456140350877,2191.9239766081873
641540,"Dunning, Dane",FC,2024,120,97.621666,97.621666,88.06916666666666,11.270000000000001,0.277,2176.3333333333335
641540,"Dunning, Dane",SI,2022,301,97.06046,97.06046,89.57940199335549,5.673089700996678,15.81607973421927,1998.1760797342192
641540,"Dunning, Dane",SI,2023,269,96.19703,96.19703,91.00706319702603,7.779479553903345,14.144832713754647,2051.9516728624535
641540,"Dunning, Dane",SI,2024,207,96.58841,96.58841,89.66763285024155,7.241159420289855,14.975072463768116,2090.6570048309177
641540,"Dunning, Dane",SL,2022,204,99.60588,99.60588,78.84313725490196,-4.261176470588235,-6.934117647058823,2068.725490196078
641540,"Dunning, Dane",SL,2023,235,101.08852,101.08852,81.89404255319148,-1.669276595744681,-2.924936170212766,2352.991489361702
641540,"Dunning, Dane",SL,2024,159,99.18931,99.18931,80.49182389937107,-0.9132075471698112,-2.6664150943396225,2265.119496855346
641582,"Foster, Matt",FF,2022,162,99.41728,99.41728,93.7746913580247,18.580000000000002,6.108888888888889,2243.425925925926
641585,"France, J.P.",CH,2023,117,97.83077,97.83077,81.79829059829059,10.055384615384616,15.008205128205129,1871.7521367521367
641585,"France, J.P.",CU,2023,114,103.52807,103.52807,76.28684210526316,-17.98526315789474,-9.96842105263158,2548.2982456140353
641585,"France, J.P.",FC,2023,181,101.0663,101.0663,86.94806629834254,4.924640883977901,-5.966850828729282,2668.3277777777776
641585,"France, J.P.",FF,2023,321,99.56013,99.56013,93.05514018691589,15.467289719626168,1.3495327102803738,2432.2523364485983
641627,"Gott, Trevor",FC,2023,150,101.15933,101.15933,89.12933333333334,8.9384,-2.4112,2216.5333333333333
641656,"Hamilton, Ian",SI,2025,118,97.67119,97.67119,94.90847457627119,8.263728813559322,16.776610169491526,2188.4576271186443
641656,"Hamilton, Ian",SL,2023,211,103.189575,103.189575,88.08815165876777,3.3690995260663508,-1.0788625592417063,1516.611650485437
641656,"Hamilton, Ian",SL,2024,147,101.66259,101.66259,88.59183673469387,3.9444897959183676,-1.113469387755102,1552.1836734693877
641656,"Hamilton, Ian",SL,2025,109,103.68349,103.68349,87.91467889908257,5.034495412844037,-0.4822018348623853,1522.5688073394494
641703,"Honeywell, Brent",CH,2023,111,96.28288,96.28288,87.31261261261263,5.570810810810811,12.88,1707.8468468468468
641703,"Honeywell, Brent",FF,2023,151,95.9596,95.9596,94.87947019867549,15.707284768211922,6.255099337748344,2151.0132450331125
641703,"Honeywell, Brent",FF,2024,121,95.094215,95.094215,94.8305785123967,16.09487603305785,5.847272727272727,2167.1322314049585
641712,"Hudson, Dakota",FF,2022,153,94.33987,94.33987,91.34509803921569,8.419607843137255,4.24,2149.424836601307
641712,"Hudson, Dakota",FF,2023,123,93.402435,93.402435,91.44227642276422,9.24,2.777560975609756,2164.121951219512
641712,"Hudson, Dakota",SI,2022,288,96.54792,96.54792,92.04652777777778,5.956250000000001,12.449583333333333,2059.121527777778
641712,"Hudson, Dakota",SI,2023,194,96.04227,96.04227,91.8582474226804,7.071340206185567,12.410721649484536,2056.355670103093
641712,"Hudson, Dakota",SI,2024,150,97.716,97.716,90.3738255033557,4.718657718120806,12.587114093959732,2051.043165467626
641712,"Hudson, Dakota",SL,2022,255,97.18863,97.18863,87.44823529411764,4.332235294117647,-0.5571764705882354,2394.364705882353
641712,"Hudson, Dakota",SL,2023,172,101.193016,101.193016,85.07209302325582,1.4009302325581396,-1.4888372093023254,2527.703488372093
641712,"Hudson, Dakota",SL,2024,132,99.69545,99.69545,83.81212121212121,1.1172727272727272,-0.5972727272727273,2535.741666666667
641729,"Jiménez, Joe",FF,2022,302,104.47582,104.47582,95.77814569536424,18.476026490066225,10.35139072847682,2456.298013245033
641729,"Jiménez, Joe",FF,2023,232,100.72456,100.72456,95.23189655172413,18.039827586206897,9.154137931034484,2437.176724137931
641729,"Jiménez, Joe",FF,2024,164,101.25061,101.25061,94.61036585365854,17.018048780487806,9.06731707317073,2398.7926829268295
641729,"Jiménez, Joe",SL,2022,128,104.40234,104.40234,85.03515625,1.558125,-2.5078125,2244.765625
641729,"Jiménez, Joe",SL,2023,110,104.37909,104.37909,84.40545454545455,-0.08945454545454548,-5.237454545454545,2168.672727272727
641729,"Jiménez, Joe",SL,2024,182,102.49945,102.49945,84.71043956043955,2.6756043956043953,-5.763296703296704,2179.587912087912
641745,"Keller, Brad",FF,2022,296,96.66926,96.66926,94.78952702702703,12.959189189189189,-2.4737837837837837,2417.4763513513512
641745,"Keller, Brad",FF,2024,100,94.506,94.506,93.79299999999999,13.475999999999999,-1.242,2246.55
641745,"Keller, Brad",FF,2025,158,98.96709,98.96709,97.27290322580644,15.136258064516129,1.3470967741935482,2383.5870967741935
641745,"Keller, Brad",SI,2022,168,98.57857,98.57857,93.53392857142858,7.750714285714286,10.447857142857142,2191.589285714286
641745,"Keller, Brad",SL,2022,277,98.993866,98.993866,86.84873646209385,-2.5672202166064984,-5.763898916967508,2546.5631768953067
641745,"Keller, Brad",SL,2024,108,97.41481,97.41481,85.9287037037037,-3.646666666666667,-6.941111111111111,2560.4074074074074
641755,"Kinley, Tyler",FF,2024,139,95.15468,95.15468,95.96690647482014,14.881726618705036,4.532374100719425,2356.8496240601503
641755,"Kinley, Tyler",SL,2024,309,101.97961,101.97961,89.45954692556634,5.11378640776699,-0.15106796116504856,2613.202614379085
641755,"Kinley, Tyler",SL,2025,347,99.64899,99.64899,87.38155619596542,2.249221902017291,-2.0828818443804034,2558.1152737752163
641771,"Kuhl, Chad",SI,2022,256,97.81172,97.81172,92.830078125,9.8728125,14.44734375,2116.609375
641771,"Kuhl, Chad",SL,2022,342,98.58948,98.58948,86.52222222222221,1.6263157894736844,-3.2873684210526317,2552.1754385964914
641771,"Kuhl, Chad",SL,2023,129,98.815506,98.815506,85.33953488372093,-0.3023255813953488,-4.446511627906977,2567.625
641771,"Kuhl, Chad",SL,2024,131,97.65038,97.65038,87.26030534351145,1.086412213740458,-4.819236641221375,2500.030534351145
641778,"Lauer, Eric",CU,2022,104,96.50192,96.50192,78.37596153846154,-7.868076923076923,6.0842307692307696,2404.4903846153848
641778,"Lauer, Eric",FC,2022,229,96.34541,96.34541,89.78951965065502,10.759650655021835,-0.30131004366812225,2267.7155555555555
641778,"Lauer, Eric",FC,2023,140,98.91929,98.91929,86.795,10.339714285714285,-0.9874285714285715,2215.3142857142857
641778,"Lauer, Eric",FC,2025,111,99.88288,99.88288,86.63873873873874,6.821621621621622,3.324324324324324,2360.9189189189187
641778,"Lauer, Eric",FF,2022,435,100.72299,100.72299,93.54114942528736,16.957793103448278,-9.712275862068966,2287.9954022988504
641778,"Lauer, Eric",FF,2023,165,96.19818,96.19818,90.83818181818181,17.24072727272727,-10.181818181818182,2179.133333333333
641778,"Lauer, Eric",FF,2025,316,95.61804,95.61804,91.71898734177215,15.821772151898735,-8.494177215189874,2250.8101265822784
641778,"Lauer, Eric",SL,2022,182,97.830215,97.830215,86.28626373626373,3.3843956043956047,3.326373626373626,2288.0824175824177
641793,"Littell, Zack",FF,2022,161,103.11242,103.11242,94.32111801242236,18.288447204968943,6.253416149068323,2126.0062111801244
641793,"Littell, Zack",FF,2023,189,98.62328,98.62328,94.06031746031746,17.368253968253967,8.26984126984127,2073.798941798942
641793,"Littell, Zack",FF,2024,208,96.55529,96.55529,92.69663461538462,16.952884615384615,6.928846153846154,2032.4663461538462
641793,"Littell, Zack",FF,2025,228,96.8364,96.8364,92.23421052631579,16.19421052631579,7.400526315789474,1995.392694063927
641793,"Littell, Zack",FS,2023,122,97.974594,97.974594,84.1639344262295,1.9022950819672133,8.691147540983605,911.0819672131148
641793,"Littell, Zack",FS,2024,267,101.711235,101.711235,83.04531835205992,1.32,8.580224719101125,838.2205323193916
641793,"Littell, Zack",FS,2025,323,98.02353,98.02353,83.49597523219815,-1.308111455108359,11.815727554179567,1105.2052117263843
641793,"Littell, Zack",SI,2024,139,99.21367,99.21367,91.73525179856115,13.515107913669064,14.709928057553958,2036.1159420289855
641793,"Littell, Zack",SI,2025,178,97.87079,97.87079,91.49719101123596,12.38359550561798,14.256404494382021,2027.942196531792
641793,"Littell, Zack",SL,2022,118,98.02034,98.02034,87.67881355932204,6.28677966101695,-2.625762711864407,2215.3813559322034
641793,"Littell, Zack",SL,2023,192,94.34479,94.34479,88.59739583333334,7.8374999999999995,-0.71125,2211.03125
641793,"Littell, Zack",SL,2024,362,95.324036,95.324036,86.75524861878453,6.996464088397789,-2.4556906077348066,2261.5263157894738
641793,"Littell, Zack",SL,2025,316,95.133865,95.133865,87.44462025316456,7.305569620253165,-1.1532911392405063,2207.8628762541807
641816,"Mahle, Tyler",FF,2022,422,102.94787,102.94787,93.3495260663507,18.079336492890995,10.192890995260663,2290.2369668246447
641816,"Mahle, Tyler",FF,2025,244,99.79632,99.79632,92.16475409836066,18.5055737704918,10.84967213114754,2336.6762295081967
641816,"Mahle, Tyler",FS,2022,220,97.009995,97.009995,85.24636363636364,9.702545454545454,14.464363636363636,1886.0319634703196
641816,"Mahle, Tyler",FS,2025,193,97.32487,97.32487,84.07305699481866,6.545284974093264,13.8920207253886,1714.2331606217617
641835,"Mayza, Tim",SI,2022,192,107.84063,107.84063,93.75052083333333,8.88875,-17.0925,2037.463157894737
641835,"Mayza, Tim",SI,2023,190,104.248955,104.248955,93.39842105263158,8.202947368421052,-16.24105263157895,2060.3155080213905
641835,"Mayza, Tim",SI,2024,175,100.69886,100.69886,92.68571428571428,8.613257142857142,-15.471771428571428,2068.3815028901736
641871,"Middleton, Keynan",CH,2023,148,99.38784,99.38784,87.71283783783784,6.726486486486486,14.36918918918919,1893.8513513513512
641927,"Ober, Bailey",CH,2023,254,97.09961,97.09961,83.7511811023622,5.729763779527558,17.54267716535433,2092.814960629921
641927,"Ober, Bailey",CH,2024,292,100.162674,100.162674,83.29006849315068,5.736986301369863,17.22123287671233,2035.9037800687286
641927,"Ober, Bailey",CH,2025,252,100.58572,100.58572,83.28373015873017,5.56904761904762,17.659523809523808,2034.1984126984128
641927,"Ober, Bailey",FC,2024,213,98.711266,98.711266,86.04037558685445,6.4,-3.663661971830986,2062.957746478873
641927,"Ober, Bailey",FF,2022,229,101.196945,101.196945,91.63056768558953,17.44873362445415,8.543056768558952,2305.2620087336245
641927,"Ober, Bailey",FF,2023,449,102.42918,102.42918,91.42249443207126,16.71207126948775,7.665300668151447,2314.6391982182627
641927,"Ober, Bailey",FF,2024,377,97.97825,97.97825,91.6289124668435,16.747480106100795,8.059416445623343,2294.770666666667
641927,"Ober, Bailey",FF,2025,292,96.17534,96.17534,90.41267123287672,16.778219178082193,8.093835616438357,2287.804794520548
641927,"Ober, Bailey",SL,2022,108,100.868515,100.868515,82.88055555555556,-0.49777777777777776,-5.443333333333333,2168.9166666666665
641927,"Ober, Bailey",SL,2023,153,98.05033,98.05033,81.20196078431373,2.403137254901961,-11.04156862745098,2113.6928104575163
641927,"Ober, Bailey",SL,2025,158,96.6481,96.6481,83.91455696202532,6.157974683544304,-4.0458227848101265,2027.6645569620252
641941,"Pagán, Emilio",FC,2023,142,102.6669,102.6669,87.61056338028169,4.903943661971831,-4.3673239436619715,2453.169014084507
641941,"Pagán, Emilio",FF,2022,240,105.314995,105.314995,95.57583333333334,18.355999999999998,5.0875,2507.3166666666666
641941,"Pagán, Emilio",FF,2023,253,102.95494,102.95494,95.76442687747036,17.81312252964427,7.2156521739130435,2555.8300395256915
641941,"Pagán, Emilio",FF,2024,129,101.75581,101.75581,94.52635658914728,18.54511627906977,7.27906976744186,2548.6666666666665
641941,"Pagán, Emilio",FF,2025,230,105.29174,105.29174,95.82420091324201,18.393424657534247,6.646027397260274,2609.7625570776254
641941,"Pagán, Emilio",FS,2022,124,98.8871,98.8871,88.29596774193548,7.688709677419355,12.629032258064516,1525.7903225806451
642048,"Saucedo, Tayler",SI,2023,116,101.618965,101.618965,92.31206896551724,3.6382758620689657,-17.774482758620692,2339.9913793103447
642100,"Speier, Gabe",FF,2025,148,104.12027,104.12027,94.90211267605635,14.992394366197184,-9.894929577464788,2227.5140845070423
642100,"Speier, Gabe",SI,2023,137,104.279564,104.279564,94.41678832116789,6.723503649635036,-17.720583941605838,2009.1313868613138
642121,"Sulser, Cole",CH,2022,105,107.17048,107.17048,83.33238095238094,5.082285714285714,14.804571428571428,1518.2952380952381
642121,"Sulser, Cole",FF,2022,137,99.32919,99.32919,91.9839416058394,17.964963503649635,7.878832116788322,2237.17037037037
642152,"Trivino, Lou",SI,2022,102,98.528435,98.528435,95.73529411764706,8.754117647058823,16.51529411764706,2027.921568627451
642207,"Williams, Devin",CH,2022,208,109.89519,109.89519,83.38942307692308,-3.0051923076923077,18.81230769230769,2734.6923076923076
642207,"Williams, Devin",CH,2023,193,109.60777,109.60777,84.01502590673574,-2.1376165803108806,19.65015544041451,2695.140625
642207,"Williams, Devin",CH,2025,214,107.81402,107.81402,83.71775700934579,-4.696822429906542,19.115327102803736,2729.7757009345796
642207,"Williams, Devin",FF,2022,125,107.752,107.752,94.036,16.6752,12.12096,2257.024
642207,"Williams, Devin",FF,2023,113,108.65841,108.65841,94.20973451327434,16.811681415929204,10.90938053097345,2327.0353982300885
642207,"Williams, Devin",FF,2025,165,105.24909,105.24909,94.09212121212121,15.743272727272727,12.555636363636363,2355.29696969697
642232,"Yarbrough, Ryan",CH,2022,119,96.21932,96.21932,78.65546218487395,4.989579831932773,-17.098487394957985,1926.764705882353
642232,"Yarbrough, Ryan",CH,2023,125,94.6176,94.6176,78.3544,5.1408000000000005,-15.489600000000001,1928.016129032258
642232,"Yarbrough, Ryan",CU,2022,150,101.60066,101.60066,71.45533333333333,5.0680000000000005,16.4936,2179.1666666666665
642232,"Yarbrough, Ryan",CU,2023,174,101.49252,101.49252,72.0051724137931,5.793103448275862,13.41241379310345,2144.0057803468208
642232,"Yarbrough, Ryan",CU,2024,142,102.04295,102.04295,71.44718309859155,6.67943661971831,14.540281690140844,2174.8732394366198
642232,"Yarbrough, Ryan",FC,2022,161,94.17826,94.17826,82.08136645962733,5.573664596273292,2.5371428571428574,2116.2111801242236
642232,"Yarbrough, Ryan",FC,2023,159,94.10315,94.10315,84.13459119496855,8.494339622641508,-1.7298113207547172,1960.062893081761
642232,"Yarbrough, Ryan",FC,2025,101,94.43168,94.43168,83.12574257425743,7.492277227722773,0.6487128712871286,2119.138613861386
642232,"Yarbrough, Ryan",FF,2023,163,94.760124,94.760124,87.16196319018405,10.885398773006134,-13.436319018404907,1864.3128834355828
642232,"Yarbrough, Ryan",SI,2024,129,97.211624,97.211624,86.3232558139535,4.251162790697674,-16.88186046511628,1824.6434108527133
642397,"Soto, Gregory",FF,2022,132,100.68257,100.68257,98.8219696969697,13.818181818181818,-10.903636363636364,2382.128787878788
642397,"Soto, Gregory",SI,2022,183,106.93388,106.93388,98.16612021857924,10.092459016393443,-16.622295081967213,2370.346153846154
642397,"Soto, Gregory",SI,2023,130,106.29462,106.29462,98.2953846153846,9.87323076923077,-17.36307692307692,2376.6377952755906
642397,"Soto, Gregory",SI,2024,146,104.23493,104.23493,97.3445205479452,8.487945205479452,-17.098356164383564,2307.6041666666665
642397,"Soto, Gregory",SI,2025,170,101.68235,101.68235,96.8629411764706,8.553176470588236,-17.70494117647059,2303.3411764705884
642397,"Soto, Gregory",SL,2023,117,105.12393,105.12393,87.77692307692307,2.807179487179487,1.5917948717948718,2419.2478632478633
642397,"Soto, Gregory",SL,2024,121,102.80496,102.80496,86.54793388429752,2.0459504132231405,2.2294214876033056,2475.4789915966385
642397,"Soto, Gregory",SL,2025,132,103.86667,103.86667,86.20454545454545,3.7254545454545456,2.9045454545454543,2449.5530303030305
642528,"Loáisiga, Jonathan",SI,2022,180,102.98111,102.98111,98.13388888888888,11.179333333333334,16.128,2308.288888888889
642545,"Barria, Jaime",FF,2023,167,96.986824,96.986824,93.20538922155689,17.85197604790419,2.3525748502994013,2278.355421686747
642545,"Barria, Jaime",SL,2022,206,95.630104,95.630104,85.30242718446601,5.324271844660194,-4.053203883495145,2196.354368932039
642545,"Barria, Jaime",SL,2023,261,96.20077,96.20077,86.22030651340997,5.30344827586207,-3.642758620689655,2161.4362934362935
642546,"Hernández, Jonathan",SI,2024,102,101.98137,101.98137,96.75980392156863,7.155294117647059,16.909411764705883,2238.607843137255
642546,"Hernández, Jonathan",SL,2024,124,102.10081,102.10081,87.61209677419355,2.0961290322580646,-5.20741935483871,2482.6209677419356
642547,"Peralta, Freddy",CH,2023,169,97.22899,97.22899,88.51952662721894,4.653727810650888,13.92284023668639,1707.8579881656806
642547,"Peralta, Freddy",CH,2024,181,99.14255,99.14255,87.82872928176796,4.500994475138122,15.114696132596686,1719.061797752809
642547,"Peralta, Freddy",CH,2025,240,97.370415,97.370415,88.98541666666667,3.4829999999999997,16.392,1921.0291666666667
642547,"Peralta, Freddy",CU,2023,144,99.79445,99.79445,76.74652777777777,-5.623333333333333,-4.5975,2173.5833333333335
642547,"Peralta, Freddy",CU,2025,184,100.46793,100.46793,78.32445652173914,-5.789999999999999,-5.506304347826087,2309.3804347826085
642547,"Peralta, Freddy",FF,2022,230,104.661736,104.661736,92.52434782608695,16.53808695652174,8.843478260869565,2346.9434782608696
642547,"Peralta, Freddy",FF,2023,627,105.73158,105.73158,94.55534290271132,15.421052631578947,6.754258373205742,2413.738437001595
642547,"Peralta, Freddy",FF,2024,596,105.29312,105.29312,94.63607382550336,16.69046979865772,6.5975838926174495,2435.829931972789
642547,"Peralta, Freddy",FF,2025,612,106.11242,106.11242,94.95114379084967,16.645686274509803,4.572745098039215,2446.9297385620916
642547,"Peralta, Freddy",SL,2023,249,102.64418,102.64418,82.49518072289156,2.444819277108434,-7.19566265060241,2342.4417670682733
642547,"Peralta, Freddy",SL,2024,210,101.33428,101.33428,81.76095238095238,2.8817142857142857,-6.876571428571428,2330.9761904761904
642547,"Peralta, Freddy",SL,2025,108,104.546295,104.546295,83.63703703703703,5.696666666666666,-5.728888888888889,2451.2685185185187
642585,"Bautista, Félix",FF,2022,234,104.84103,104.84103,99.10641025641026,19.925128205128207,7.1523076923076925,2347.9444444444443
642585,"Bautista, Félix",FF,2023,257,109.94669,109.94669,99.54708171206225,20.46863813229572,6.87875486381323,2429.531496062992
642585,"Bautista, Félix",FS,2023,105,110.72381,110.72381,88.65714285714286,7.7702857142857145,6.7451428571428576,901.1844660194175
642701,"Santana, Dennis",FF,2024,123,99.30569,99.30569,95.8520325203252,15.472195121951218,11.349268292682927,2513.4830508474574
642701,"Santana, Dennis",FF,2025,111,97.97748,97.97748,94.61869158878505,14.118504672897197,10.816822429906543,2439.5048543689322
642701,"Santana, Dennis",SI,2022,110,102.450905,102.450905,96.67909090909092,8.83309090909091,17.52,2425.681818181818
642701,"Santana, Dennis",SL,2022,124,104.534676,104.534676,86.03548387096774,-2.153225806451613,-1.5145161290322582,2671.6774193548385
642701,"Santana, Dennis",SL,2024,167,103.441315,103.441315,87.05988023952096,2.332455089820359,-2.7837125748502993,2546.65625
642701,"Santana, Dennis",SL,2025,182,103.548904,103.548904,86.99882352941177,2.659764705882353,-2.7649411764705882,2493.263473053892
642758,"Acevedo, Domingo",CH,2022,119,98.524376,98.524376,86.76722689075629,3.0836974789915965,18.23495798319328,1856.2941176470588
642758,"Acevedo, Domingo",FF,2022,144,96.114586,96.114586,92.92777777777778,13.378333333333334,13.800833333333333,2116.5
642758,"Acevedo, Domingo",SL,2022,142,98.22324,98.22324,86.38521126760564,7.08,7.192394366197184,2120.9014084507044
643256,"Cimber, Adam",FF,2022,139,96.988495,96.988495,86.42661870503596,5.243741007194244,10.875107913669066,2169.6617647058824
643256,"Cimber, Adam",SI,2022,107,99.13926,99.13926,86.66915887850467,-8.733084112149534,12.493457943925232,2152.4018691588785
643256,"Cimber, Adam",SL,2022,119,94.84705,94.84705,77.99747899159665,8.718655462184874,-7.492436974789916,2494.5546218487393
643338,"Green, Chad",FF,2024,206,100.833984,100.833984,95.47330097087378,17.951067961165048,8.097087378640778,2459.9219512195123
643338,"Green, Chad",FF,2025,148,98.937164,98.937164,95.22432432432433,18.10135135135135,6.872432432432433,2488.810810810811
643338,"Green, Chad",SL,2025,118,98.419495,98.419495,88.10508474576271,3.3233898305084746,-3.3711864406779664,2236.2542372881358
643377,"Jax, Griffin",CH,2025,101,101.37228,101.37228,92.31980198019801,2.6970297029702968,13.728712871287128,1772.2574257425742
643377,"Jax, Griffin",FF,2022,115,101.21304,101.21304,95.42086956521739,16.738434782608696,8.69008695652174,2398.269565217391
643377,"Jax, Griffin",FF,2024,127,107.70315,107.70315,97.09212598425198,16.493858267716533,6.063307086614173,2487.5238095238096
643377,"Jax, Griffin",ST,2022,185,99.87244,99.87244,86.50324324324325,-1.864864864864865,-11.081513513513514,2830.654054054054
643377,"Jax, Griffin",ST,2023,192,97.28489,97.28489,86.82968749999999,-4.590625,-13.553125,2964.9214659685863
643377,"Jax, Griffin",ST,2024,122,104.313934,104.313934,88.95245901639345,-1.5245901639344261,-12.725901639344261,3061.948717948718
643377,"Jax, Griffin",ST,2025,162,102.100624,102.100624,87.77962962962962,-3.0207407407407407,-14.311111111111112,3100.716049382716
643410,"Leiter Jr., Mark",FS,2022,130,103.70308,103.70308,84.21538461538462,4.0200000000000005,6.414461538461539,829.9612403100775
643410,"Leiter Jr., Mark",FS,2023,165,104.02606,104.02606,84.69878787878787,4.688,6.085090909090908,843.0666666666667
643410,"Leiter Jr., Mark",FS,2024,136,105.08235,105.08235,84.2720588235294,4.1135294117647065,6.367058823529412,760.2867647058823
643410,"Leiter Jr., Mark",FS,2025,111,103.39099,103.39099,85.84324324324325,4.2291891891891895,7.72108108108108,673.6936936936937
643410,"Leiter Jr., Mark",SI,2022,104,98.57019,98.57019,90.85288461538462,12.45923076923077,12.550384615384615,1912.2115384615386
643410,"Leiter Jr., Mark",SI,2024,106,98.34056,98.34056,91.46981132075472,12.080377358490566,13.815849056603774,1975.4811320754718
643410,"Leiter Jr., Mark",SI,2025,126,99.06825,99.06825,93.66666666666667,13.380952380952381,13.724761904761904,2015.5555555555557
643493,"Pruitt, Austin",SL,2022,136,95.30588,95.30588,87.69632352941177,2.9673529411764705,-5.160882352941177,2551.6838235294117
643493,"Pruitt, Austin",SL,2023,110,96.045456,96.045456,87.74090909090908,2.5625454545454547,-6.0992727272727265,2585.064814814815
643511,"Rogers, Tyler",SI,2022,243,98.94157,98.94157,83.20987654320987,-13.046913580246914,1.325925925925926,1943.025
643511,"Rogers, Tyler",SI,2023,211,99.53081,99.53081,82.79431279620853,-11.821990521327015,-0.027298578199052115,1916.5167464114832
643511,"Rogers, Tyler",SI,2024,288,100.474304,100.474304,82.35624999999999,-10.56125,1.0479166666666666,1956.60350877193
643511,"Rogers, Tyler",SI,2025,289,100.515915,100.515915,83.4709677419355,-12.963440860215055,1.4838709677419355,1971.7598566308243
643511,"Rogers, Tyler",SL,2022,174,97.17356,97.17356,72.18908045977011,14.462068965517242,-14.063448275862068,2317.64161849711
643511,"Rogers, Tyler",SL,2023,210,97.88953,97.88953,72.86142857142858,16.064,-10.11657142857143,2330.25
643511,"Rogers, Tyler",SL,2024,129,96.29302,96.29302,73.57131782945737,15.281860465116278,-8.678139534883721,2367.2421875
644364,"Arano, Víctor",SI,2022,102,96.82549,96.82549,93.96862745098038,9.469411764705882,16.703529411764706,2107.578431372549
644364,"Arano, Víctor",SL,2022,134,104.37985,104.37985,85.05074626865671,1.4319402985074627,-0.5543283582089552,2523.0522388059703
645261,"Alcantara, Sandy",CH,2022,381,102.74908,102.74908,91.88503937007873,3.7231496062992124,16.922204724409447,2063.3253968253966
645261,"Alcantara, Sandy",CH,2023,399,103.49423,103.49423,91.18270676691729,3.4757894736842103,16.34766917293233,1961.6206030150754
645261,"Alcantara, Sandy",CH,2025,309,101.5424,101.5424,90.30776699029126,4.704854368932039,17.410873786407766,2087.5533980582522
645261,"Alcantara, Sandy",CU,2025,192,102.18646,102.18646,85.60833333333333,-1.596875,-2.935,2451.0052083333335
645261,"Alcantara, Sandy",FF,2022,305,100.55541,100.55541,98.07573770491803,14.02111475409836,12.041311475409836,2196.1184210526317
645261,"Alcantara, Sandy",FF,2023,313,98.383385,98.383385,98.08562300319488,13.616357827476039,11.877316293929713,2252.727564102564
645261,"Alcantara, Sandy",FF,2025,250,95.7272,95.7272,97.7212,12.49824,14.35344,2289.096
645261,"Alcantara, Sandy",SI,2022,343,100.00816,100.00816,97.93906705539358,7.350437317784256,17.84081632653061,2292.2105263157896
645261,"Alcantara, Sandy",SI,2023,365,99.87863,99.87863,97.76356164383562,7.48931506849315,17.550246575342467,2328.8109589041096
645261,"Alcantara, Sandy",SI,2025,246,97.8439,97.8439,97.31544715447154,7.939512195121951,17.88487804878049,2318.4268292682927
645261,"Alcantara, Sandy",SL,2022,238,100.487816,100.487816,90.27731092436974,3.350924369747899,-0.10386554621848741,2354.0252100840335
645261,"Alcantara, Sandy",SL,2023,253,100.54467,100.54467,90.12450592885375,4.168221343873517,-0.5895652173913043,2374.707509881423
645261,"Alcantara, Sandy",SL,2025,145,99.41035,99.41035,89.65517241379311,4.8405517241379314,-1.056,2361.1241379310345
647315,"Pop, Zach",SI,2022,185,106.48649,106.48649,96.48648648648648,5.069189189189189,17.0627027027027,2071.697297297297
647315,"Pop, Zach",SI,2024,205,104.76781,104.76781,96.24243902439025,4.287219512195122,15.79258536585366,2246.0
647336,"Soroka, Michael",FF,2024,167,101.44551,101.44551,93.54670658682635,16.34299401197605,8.311616766467065,2528.3892215568862
647336,"Soroka, Michael",FF,2025,279,99.339424,99.339424,93.64767025089606,15.28,9.282150537634408,2527.0
647336,"Soroka, Michael",SI,2024,124,96.85645,96.85645,92.36774193548388,9.019354838709678,16.50967741935484,2297.4758064516127
647336,"Soroka, Michael",SL,2024,173,101.20694,101.20694,82.00404624277456,-3.894104046242775,-5.256416184971099,2827.508670520231
647336,"Soroka, Michael",SV,2025,152,102.38422,102.38422,80.63223684210527,-8.92578947368421,-11.582368421052632,2933.934210526316
650556,"Abreu, Bryan",FF,2022,191,103.87068,103.87068,97.33821989528795,17.127958115183247,6.214240837696336,2324.612565445026
650556,"Abreu, Bryan",FF,2023,167,107.19461,107.19461,97.77185628742515,16.3925748502994,7.450059880239522,2394.017964071856
650556,"Abreu, Bryan",FF,2024,214,103.18504,103.18504,96.7658878504673,16.72429906542056,5.895140186915888,2367.4460093896714
650556,"Abreu, Bryan",FF,2025,198,104.4803,104.4803,97.41111111111111,16.71030303030303,6.78060606060606,2329.939393939394
650556,"Abreu, Bryan",SL,2022,176,105.2858,105.2858,88.53238636363636,-3.160909090909091,-8.807045454545454,2798.9080459770116
650556,"Abreu, Bryan",SL,2023,238,101.00882,101.00882,87.4890756302521,-4.004369747899159,-9.578823529411766,2929.3276595744683
650556,"Abreu, Bryan",SL,2024,220,101.39363,101.39363,86.4509090909091,-6.043636363636363,-8.05090909090909,2932.5806451612902
650556,"Abreu, Bryan",SL,2025,201,103.36816,103.36816,86.6363184079602,-6.153432835820895,-8.602985074626865,2939.3582089552237
650633,"King, Michael",CH,2023,100,99.952995,99.952995,87.27600000000001,7.5492,17.4612,2137.31
650633,"King, Michael",CH,2024,325,99.11354,99.11354,86.83723076923077,4.754215384615384,17.498215384615385,2043.3793103448277
650633,"King, Michael",CH,2025,138,97.47173,97.47173,86.85144927536231,4.872173913043478,19.217391304347824,2022.6159420289855
650633,"King, Michael",FF,2023,137,101.38394,101.38394,94.8992700729927,15.96875912408759,6.675328467153284,2398.0367647058824
650633,"King, Michael",FF,2024,250,102.8908,102.8908,93.9464,15.163200000000002,6.21024,2285.579591836735
650633,"King, Michael",FF,2025,123,100.91057,100.91057,93.83333333333333,16.945365853658537,7.325853658536586,2379.2049180327867
650633,"King, Michael",SI,2023,147,100.4415,100.4415,93.9639455782313,5.8008163265306125,16.60326530612245,2323.027397260274
650633,"King, Michael",SI,2024,181,99.05193,99.05193,93.01988950276242,5.507403314917127,16.050165745856354,2258.623595505618
650633,"King, Michael",SI,2025,122,100.15492,100.15492,92.94344262295083,4.380983606557377,18.284262295081966,2305.7377049180327
650633,"King, Michael",ST,2023,134,104.279106,104.279106,81.96119402985074,1.604776119402985,-18.008059701492538,2794.9253731343283
650633,"King, Michael",ST,2024,149,101.286575,101.286575,82.38389261744967,3.447785234899329,-15.122416107382552,2713.0805369127515
650644,"Civale, Aaron",CU,2022,177,103.407906,103.407906,75.87853107344633,-17.6664406779661,-11.823050847457626,2977.1403508771928
650644,"Civale, Aaron",CU,2023,164,100.35854,100.35854,77.75914634146342,-16.10560975609756,-10.793414634146341,2977.2085889570553
650644,"Civale, Aaron",CU,2024,119,98.88739,98.88739,77.00084033613446,-17.34453781512605,-13.203025210084034,3128.8487394957983
650644,"Civale, Aaron",CU,2025,102,97.12353,97.12353,77.874,-15.093599999999999,-12.513600000000002,3140.8
650644,"Civale, Aaron",FC,2022,239,100.66151,100.66151,86.41924686192469,4.388786610878661,-6.447364016736402,2613.153846153846
650644,"Civale, Aaron",FC,2023,258,98.407364,98.407364,87.50232558139534,7.928372093023256,-3.5572093023255813,2593.1201550387595
650644,"Civale, Aaron",FC,2024,311,99.06849,99.06849,88.124115755627,7.650289389067525,-3.826881028938907,2613.3709677419356
650644,"Civale, Aaron",FC,2025,207,98.427055,98.427055,89.4584541062802,10.979130434782608,-4.6521739130434785,2626.4927536231885
650644,"Civale, Aaron",SI,2022,120,96.53166,96.53166,91.1275,11.764000000000001,12.174000000000001,2300.584745762712
650644,"Civale, Aaron",SI,2023,149,100.70604,100.70604,92.23758389261745,13.10255033557047,14.080268456375839,2262.1744966442952
650644,"Civale, Aaron",SI,2024,197,99.36548,99.36548,92.76497461928935,12.705380710659899,13.793908629441624,2239.959390862944
650644,"Civale, Aaron",ST,2024,166,98.06807,98.06807,80.1867469879518,-2.302409638554217,-17.341445783132528,3002.762195121951
650671,"Quijada, José",FF,2022,215,104.38139,104.38139,94.6106976744186,15.36781395348837,-5.734883720930233,2199.3271028037384
650671,"Quijada, José",FF,2024,120,105.14333,105.14333,93.97833333333332,16.197,-5.338,2232.8
650893,"Cabrera, Génesis",FC,2023,121,108.43057,108.43057,89.49669421487603,5.864132231404959,0.5256198347107438,2123.1525423728813
650893,"Cabrera, Génesis",FC,2024,145,108.1,108.1,89.0896551724138,4.602206896551724,-0.09765517241379311,2094.4896551724137
650893,"Cabrera, Génesis",FF,2022,104,99.39038,99.39038,96.06634615384615,17.671153846153846,-7.438846153846153,2239.769230769231
650893,"Cabrera, Génesis",FF,2023,136,103.02721,103.02721,96.06176470588235,17.433529411764706,-8.789117647058823,2258.919117647059
650895,"Castillo, Diego",SL,2022,191,97.70367,97.70367,88.67748691099477,5.743664921465968,-0.15204188481675393,2264.5238095238096
650911,"Sánchez, Cristopher",CH,2023,192,109.532814,109.532814,81.97083333333333,-1.819375,-17.35375,1872.5677083333333
650911,"Sánchez, Cristopher",CH,2024,345,102.53971,102.53971,85.14173913043479,0.5325217391304348,-17.934608695652173,2016.6376811594203
650911,"Sánchez, Cristopher",CH,2025,400,102.97099,102.97099,86.16475,-1.3809,-16.9302,2042.7375
650911,"Sánchez, Cristopher",SI,2022,150,103.99733,103.99733,93.03733333333334,7.946400000000001,-18.041600000000003,2046.22
650911,"Sánchez, Cristopher",SI,2023,235,98.42298,98.42298,92.28085106382979,4.247489361702128,-17.964255319148936,1984.7531914893616
650911,"Sánchez, Cristopher",SI,2024,353,99.92974,99.92974,94.49886685552407,7.321359773371105,-17.577790368271955,2104.1076487252126
650911,"Sánchez, Cristopher",SI,2025,416,99.66827,99.66827,95.32764423076924,4.2542307692307695,-18.45173076923077,2135.7403846153848
650911,"Sánchez, Cristopher",SL,2023,117,99.36837,99.36837,82.82478632478633,-4.134358974358975,0.8502564102564103,2064.940170940171
650911,"Sánchez, Cristopher",SL,2024,133,100.38571,100.38571,84.75413533834586,-3.1136842105263156,0.9130827067669173,2016.2857142857142
650911,"Sánchez, Cristopher",SL,2025,164,99.40793,99.40793,85.78841463414633,-0.8985365853658536,1.71,2095.0243902439024
655889,"Rodríguez, Manuel",SL,2024,109,98.43487,98.43487,89.15045871559633,-1.3607339449541285,-4.491743119266055,2318.330275229358
656061,"Abreu, Albert",SI,2022,122,101.437706,101.437706,98.61639344262295,13.050491803278689,14.612459016393442,2197.6475409836066
656061,"Abreu, Albert",SI,2023,193,103.524345,103.524345,97.48963730569949,14.395647668393783,13.62901554404145,2140.098445595855
656061,"Abreu, Albert",SL,2023,116,103.24914,103.24914,87.6103448275862,4.644827586206896,-3.3486206896551725,2189.1206896551726
656222,"Beeks, Jalen",CH,2022,145,103.94069,103.94069,90.32551724137932,8.450482758620689,-16.285241379310346,1924.096551724138
656222,"Beeks, Jalen",CH,2023,133,102.19474,102.19474,89.62631578947368,7.657443609022557,-17.33954887218045,1926.0827067669172
656222,"Beeks, Jalen",CH,2025,108,100.4,100.4,88.8037037037037,9.517777777777779,-15.987777777777778,2133.759259259259
656222,"Beeks, Jalen",FF,2022,159,100.24025,100.24025,94.9943396226415,17.863396226415095,-5.062641509433963,2116.6540880503144
656222,"Beeks, Jalen",FF,2023,147,95.86122,95.86122,94.41904761904762,15.638367346938777,-5.877551020408164,2067.197278911565
656222,"Beeks, Jalen",FF,2024,262,95.18282,95.18282,94.58396946564885,15.177251908396947,-5.081221374045802,2172.2038461538464
656222,"Beeks, Jalen",FF,2025,148,96.37095,96.37095,94.33197278911564,15.287346938775508,-6.665306122448979,2146.714285714286
656232,"Bielak, Brandon",CH,2023,156,96.14359,96.14359,87.13076923076923,4.874615384615385,15.013846153846153,1863.3333333333333
656232,"Bielak, Brandon",FF,2023,153,93.979744,93.979744,92.31111111111112,13.628235294117646,3.59921568627451,2418.62091503268
656232,"Bielak, Brandon",SI,2023,117,99.28975,99.28975,92.17350427350426,6.987692307692307,13.22051282051282,2206.1452991452993
656234,"Bird, Jake",SI,2022,127,99.34488,99.34488,95.11102362204724,-0.2711811023622047,11.147716535433071,1951.1338582677165
656234,"Bird, Jake",SI,2023,283,98.447,98.447,94.47243816254417,0.8204946996466431,8.656113074204946,2026.6113074204948
656234,"Bird, Jake",SI,2024,114,99.4807,99.4807,95.47105263157896,2.0873684210526315,10.661052631578947,2025.0087719298247
656234,"Bird, Jake",SI,2025,119,102.83277,102.83277,94.26666666666667,0.4594594594594595,10.962162162162162,2141.153153153153
656240,"Blewett, Scott",SL,2025,122,99.14016,99.14016,83.94262295081967,-0.8331147540983607,-2.3655737704918036,2138.2868852459014
656257,"Brigham, Jeff",ST,2023,103,99.29708,99.29708,82.4485436893204,2.360388349514563,-14.789126213592233,2858.225490196078
656271,"Burke, Brock",CH,2025,104,97.99808,97.99808,88.67961165048544,4.864077669902913,-15.145631067961165,2118.6116504854367
656271,"Burke, Brock",FF,2022,287,99.16097,99.16097,95.07177700348431,16.274425087108014,-10.106341463414633,2277.3414634146343
656271,"Burke, Brock",FF,2023,257,97.03152,97.03152,94.7194552529183,15.779766536964981,-7.406848249027237,2239.260700389105
656271,"Burke, Brock",FF,2024,144,96.645836,96.645836,95.74444444444445,16.194166666666668,-9.426666666666668,2249.5486111111113
656271,"Burke, Brock",FF,2025,187,97.85989,97.85989,96.11758241758243,15.8610989010989,-8.340659340659341,2262.8956043956046
656271,"Burke, Brock",SL,2025,116,97.77241,97.77241,88.14,5.142260869565217,-1.2010434782608697,2216.9565217391305
656288,"Canning, Griffin",CH,2023,244,94.92132,94.92132,90.19057377049181,4.338196721311475,15.989016393442624,1805.8765432098764
656288,"Canning, Griffin",CH,2024,234,96.79786,96.79786,88.68504273504273,4.593846153846154,16.644615384615385,1776.5299145299145
656288,"Canning, Griffin",CH,2025,125,96.9608,96.9608,89.5592,1.1472,15.01152,1524.448
656288,"Canning, Griffin",CU,2023,100,95.675995,95.675995,81.797,-7.3776,-12.5856,2394.949494949495
656288,"Canning, Griffin",FF,2023,293,99.80921,99.80921,94.76006825938566,15.525870307167235,7.485460750853242,2130.2568493150684
656288,"Canning, Griffin",FF,2024,262,97.28511,97.28511,93.48396946564885,16.368091603053433,7.842137404580153,2115.2748091603053
656288,"Canning, Griffin",FF,2025,105,97.51619,97.51619,94.14,15.52,9.477714285714285,2143.9142857142856
656288,"Canning, Griffin",SL,2023,268,99.63246,99.63246,88.48320895522389,-3.366716417910448,-0.04432835820895522,2719.8947368421054
656288,"Canning, Griffin",SL,2024,217,100.331795,100.331795,87.65622119815669,-1.2508755760368664,-0.06635944700460827,2668.3410138248846
656288,"Canning, Griffin",SL,2025,161,98.513664,98.513664,87.75962732919254,-4.500372670807453,-1.8156521739130433,2710.031055900621
656302,"Cease, Dylan",FF,2022,471,105.59596,105.59596,96.86008492569002,18.89707006369427,3.0491719745222934,2508.8025477707006
656302,"Cease, Dylan",FF,2023,499,101.92565,101.92565,95.68316633266534,18.67887775551102,3.075270541082164,2532.1442885771544
656302,"Cease, Dylan",FF,2024,603,103.97977,103.97977,96.93449419568823,18.38467661691542,2.441194029850746,2558.466777408638
656302,"Cease, Dylan",FF,2025,509,102.88153,102.88153,97.12888015717093,18.6150884086444,3.7416895874263263,2555.1485148514853
656302,"Cease, Dylan",KC,2022,114,99.022804,99.022804,81.6140350877193,-17.186315789473685,-3.409473684210526,2713.6052631578946
656302,"Cease, Dylan",KC,2023,139,96.85323,96.85323,80.4863309352518,-15.590503597122302,-3.645755395683453,2649.6906474820144
656302,"Cease, Dylan",SL,2022,578,104.23322,104.23322,87.49221453287197,0.7901730103806229,-3.7600692041522494,2831.7179930795846
656302,"Cease, Dylan",SL,2023,446,105.94193,105.94193,86.15762331838566,1.8115695067264574,-2.7971300448430494,2795.0829596412555
656302,"Cease, Dylan",SL,2024,616,102.92257,102.92257,87.72288961038961,1.7596753246753247,-2.0990259740259742,2780.6569105691055
656302,"Cease, Dylan",SL,2025,557,103.718315,103.718315,89.10287253141831,3.3591382405745063,-1.2234829443447037,2758.3212996389893
656353,"Davidson, Tucker",FF,2022,137,95.79489,95.79489,93.50875912408759,17.25109489051095,-3.505401459854015,2019.6569343065694
656353,"Davidson, Tucker",SL,2022,141,98.69646,98.69646,86.74255319148936,-0.4502127659574468,5.926808510638297,2282.503546099291
656353,"Davidson, Tucker",SL,2023,160,97.396255,97.396255,84.721875,-1.611,6.495749999999999,2273.19375
656354,"Davis, Austin",FF,2022,180,99.68666,99.68666,94.14166666666667,15.195333333333332,-10.165333333333333,2260.369318181818
656354,"Davis, Austin",ST,2022,142,99.3331,99.3331,80.72183098591549,1.3461971830985915,14.706760563380282,2387.7375886524824
656412,"Faedo, Alex",FF,2022,197,94.357864,94.357864,92.77258883248732,17.06741116751269,10.835329949238579,2172.395939086294
656412,"Faedo, Alex",FF,2023,177,96.405655,96.405655,92.854802259887,16.3471186440678,9.749152542372881,2422.785310734463
656412,"Faedo, Alex",FF,2024,130,96.90539,96.90539,94.0923076923077,16.434461538461537,7.99476923076923,2462.0
656412,"Faedo, Alex",SL,2022,146,101.01233,101.01233,85.03493150684932,2.7336986301369866,-2.9342465753424656,2483.801369863014
656412,"Faedo, Alex",SL,2023,113,102.354866,102.354866,82.57433628318584,-0.5628318584070796,-3.166725663716814,2613.4159292035397
656412,"Faedo, Alex",SL,2024,123,103.1813,103.1813,83.2430894308943,-1.831219512195122,-3.3853658536585365,2684.0731707317073
656427,"Flaherty, Jack",FC,2023,103,99.926216,99.926216,88.82038834951456,6.01631067961165,-4.76621359223301,2292.980582524272
656427,"Flaherty, Jack",FF,2023,435,100.29564,100.29564,93.37747126436781,13.51448275862069,2.1718620689655173,2315.285714285714
656427,"Flaherty, Jack",FF,2024,485,100.08948,100.08948,93.44577319587628,15.45896907216495,4.059711340206186,2265.49358974359
656427,"Flaherty, Jack",FF,2025,520,98.85173,98.85173,92.8265625,15.785390625,5.6821875,2258.91796875
656427,"Flaherty, Jack",KC,2023,231,102.83463,102.83463,76.65930735930736,-9.38025974025974,-14.111688311688312,2504.121212121212
656427,"Flaherty, Jack",KC,2024,245,103.11755,103.11755,77.6995918367347,-8.619428571428571,-13.19804081632653,2444.5714285714284
656427,"Flaherty, Jack",KC,2025,317,102.013245,102.013245,77.84807692307692,-8.566153846153846,-12.229615384615384,2386.8205128205127
656427,"Flaherty, Jack",SL,2023,317,97.87855,97.87855,84.15488958990535,1.2234700315457412,-7.25223974763407,2457.8611987381705
656427,"Flaherty, Jack",SL,2024,340,99.643234,99.643234,84.81382352941176,2.139882352941177,-6.835411764705882,2473.0948012232416
656427,"Flaherty, Jack",SL,2025,259,101.01506,101.01506,84.926,2.78112,-6.3288,2428.668
656457,"Gilbert, Tyler",FC,2022,108,99.03796,99.03796,86.23703703703704,10.382222222222222,2.531111111111111,2230.935185185185
656458,"Gilbreath, Lucas",FF,2022,176,99.06705,99.06705,93.67897727272727,15.338863636363635,-0.1506818181818182,2364.909090909091
656464,"Ginkel, Kevin",FF,2023,160,96.22313,96.22313,95.738125,14.853,10.02225,2409.36875
656464,"Ginkel, Kevin",FF,2024,214,96.98318,96.98318,96.0233644859813,15.218130841121495,9.978504672897197,2421.714953271028
656464,"Ginkel, Kevin",FF,2025,100,97.423,97.423,95.05051546391752,15.56659793814433,8.557113402061855,2433.7938144329896
656464,"Ginkel, Kevin",SL,2023,144,103.22014,103.22014,86.80694444444445,-2.231666666666667,-3.17,2399.652777777778
656464,"Ginkel, Kevin",SL,2024,146,104.46644,104.46644,87.42054794520547,-0.6665753424657535,-3.923013698630137,2481.0890410958905
656529,"Hentges, Sam",FF,2022,145,98.08897,98.08897,95.86551724137931,14.673931034482758,-8.394206896551724,2232.537931034483
656546,"Hoffman, Jeff",FF,2022,157,98.35669,98.35669,94.31974522292994,17.06904458598726,10.839745222929936,2464.0891719745223
656546,"Hoffman, Jeff",FF,2023,125,101.764,101.764,97.1136,16.67712,12.04512,2577.544
656546,"Hoffman, Jeff",FF,2024,144,104.313194,104.313194,96.63125,17.033333333333335,12.275833333333333,2588.5281690140846
656546,"Hoffman, Jeff",FF,2025,151,106.15497,106.15497,96.31197183098591,17.324788732394364,11.763380281690141,2556.957746478873
656546,"Hoffman, Jeff",SL,2023,171,104.929825,104.929825,87.85847953216374,-1.8856140350877193,-4.475087719298245,2778.6491228070176
656546,"Hoffman, Jeff",SL,2024,112,105.99375,105.99375,86.88125000000001,-2.175,-5.417142857142857,2833.0733944954127
656546,"Hoffman, Jeff",SL,2025,107,107.535515,107.535515,86.92616822429908,-0.84,-4.542056074766355,2765.11214953271
656550,"Holmes, Grant",CU,2024,102,103.77354,103.77354,83.93235294117648,-7.27764705882353,-3.6423529411764703,2836.205882352941
656550,"Holmes, Grant",CU,2025,130,100.14,100.14,83.63076923076923,-9.853846153846154,-4.596,2909.4846153846156
656550,"Holmes, Grant",FC,2025,127,97.53701,97.53701,92.23070866141731,10.386141732283464,-0.3137007874015748,2556.1259842519685
656550,"Holmes, Grant",FF,2024,177,97.688705,97.688705,94.6135593220339,14.871864406779663,6.570169491525424,2306.25988700565
656550,"Holmes, Grant",FF,2025,253,97.41304,97.41304,94.32885375494071,14.706403162055334,4.851225296442688,2327.7470355731225
656550,"Holmes, Grant",SL,2024,180,102.32445,102.32445,86.52166666666666,-1.0393333333333334,-1.5513333333333335,2735.266666666667
656550,"Holmes, Grant",SL,2025,348,101.80977,101.80977,85.41580459770115,-3.1420689655172414,-3.3662068965517244,2844.537356321839
656557,"Houck, Tanner",FS,2024,229,96.76724,96.76724,88.47205240174672,-3.161397379912664,13.519650655021834,1817.0960698689955
656557,"Houck, Tanner",SI,2022,123,108.09512,108.09512,94.40325203252033,-0.8273170731707318,16.44682926829268,2054.7154471544713
656557,"Houck, Tanner",SI,2023,223,105.42512,105.42512,93.33273542600897,-1.0902242152466368,15.469775784753365,2122.3440366972477
656557,"Houck, Tanner",SI,2024,259,102.83977,102.83977,93.65212355212356,0.45915057915057916,16.104092664092665,2188.8217054263564
656557,"Houck, Tanner",SL,2022,128,99.532814,99.532814,85.27578125,0.6,-10.6040625,2553.4765625
656557,"Houck, Tanner",SL,2023,280,100.70107,100.70107,83.90571428571428,-2.5770000000000004,-11.08157142857143,2600.7813620071684
656557,"Houck, Tanner",ST,2024,309,98.19256,98.19256,83.28996763754044,-1.6174757281553398,-17.122330097087378,2518.608414239482
656578,"Jackson, Andre",CH,2023,147,96.972786,96.972786,86.93741496598639,7.740408163265306,13.622857142857143,1763.0068027210884
656578,"Jackson, Andre",FF,2023,119,99.47479,99.47479,95.1310924369748,17.143865546218485,8.996974789915967,2293.731092436975
656605,"Keller, Mitch",CU,2022,130,98.566925,98.566925,78.76461538461538,-15.156923076923078,-11.149846153846154,2583.892307692308
656605,"Keller, Mitch",FC,2023,306,101.04183,101.04183,89.66633986928105,5.050588235294118,-3.6768627450980387,2463.323529411765
656605,"Keller, Mitch",FC,2024,148,98.79865,98.79865,90.47297297297297,7.558378378378379,-2.8824324324324326,2484.1824324324325
656605,"Keller, Mitch",FF,2022,348,100.64512,100.64512,95.78477011494252,14.69655172413793,7.292758620689655,2429.6017441860463
656605,"Keller, Mitch",FF,2023,310,100.27839,100.27839,95.4716129032258,14.898580645161292,8.996903225806452,2391.158064516129
656605,"Keller, Mitch",FF,2024,375,99.28347,99.28347,94.6416,14.41696,9.01824,2411.309333333333
656605,"Keller, Mitch",FF,2025,452,97.57079,97.57079,94.25376106194689,15.193805309734515,8.586902654867258,2416.2743362831857
656605,"Keller, Mitch",SI,2022,211,96.65071,96.65071,94.4824644549763,10.978578199052134,14.500663507109005,2360.4644549763034
656605,"Keller, Mitch",SI,2023,219,95.62923,95.62923,93.8675799086758,9.148493150684931,15.524383561643836,2381.3669724770643
656605,"Keller, Mitch",SI,2024,247,97.57692,97.57692,93.2825910931174,8.492793522267206,14.95821862348178,2446.3927125506075
656605,"Keller, Mitch",SI,2025,169,96.93728,96.93728,92.91065088757396,9.140591715976331,14.583905325443785,2472.1065088757396
656605,"Keller, Mitch",SL,2024,122,99.58279,99.58279,87.47704918032788,0.7563934426229508,-4.820655737704918,2497.2131147540986
656605,"Keller, Mitch",SL,2025,190,99.851585,99.851585,87.14578947368422,-0.547578947368421,-4.575157894736842,2541.684210526316
656605,"Keller, Mitch",ST,2022,154,99.539604,99.539604,83.36493506493507,-2.224675324675325,-17.3212987012987,2692.4415584415583
656605,"Keller, Mitch",ST,2023,191,99.41413,99.41413,82.78586387434555,-0.6998952879581152,-18.545340314136126,2770.2105263157896
656605,"Keller, Mitch",ST,2024,188,99.57128,99.57128,83.12340425531916,0.03638297872340427,-17.77404255319149,2787.8563829787236
656605,"Keller, Mitch",ST,2025,256,99.03516,99.03516,82.59296875,-0.05437500000000001,-17.47078125,2718.2734375
656629,"Kopech, Michael",FF,2022,453,102.818985,102.818985,95.08609271523179,18.669403973509933,9.708079470198676,2532.719646799117
656629,"Kopech, Michael",FF,2023,458,103.44913,103.44913,95.36724890829694,17.403930131004365,9.47056768558952,2507.3100436681225
656629,"Kopech, Michael",FF,2024,345,112.77159,112.77159,98.82811594202897,18.16278260869565,9.886260869565218,2609.936231884058
656629,"Kopech, Michael",SL,2022,187,98.62193,98.62193,84.55561497326202,-1.552941176470588,-4.761497326203209,2380.866310160428
656629,"Kopech, Michael",SL,2023,222,98.5946,98.5946,84.85135135135135,-0.0491891891891892,-5.6681081081081075,2350.10407239819
656638,"Lange, Alex",KC,2022,187,108.552414,108.552414,85.46042780748664,-5.592513368983957,-0.6089839572192514,2181.7914438502676
656638,"Lange, Alex",KC,2023,195,105.24052,105.24052,87.13128205128204,-3.6006153846153848,0.6756923076923076,2241.2102564102565
656641,"Latz, Jacob",FF,2024,170,103.272354,103.272354,94.97235294117647,18.640235294117648,-5.904705882352941,2333.5117647058823
656641,"Latz, Jacob",FF,2025,230,102.97478,102.97478,94.13608695652174,18.970434782608695,-9.043826086956521,2289.865217391304
656657,"Logue, Zach",FC,2022,104,97.573074,97.573074,86.04134615384615,7.879615384615385,-1.235769230769231,2249.144230769231
656657,"Logue, Zach",FF,2022,216,99.34722,99.34722,90.20879629629628,13.848333333333333,-9.81,2019.263888888889
656685,"Martin, Brett",CU,2022,104,106.38173,106.38173,82.97884615384615,-8.097692307692308,2.0711538461538463,2244.5673076923076
656730,"Megill, Trevor",FF,2022,176,97.57614,97.57614,98.01875,16.43045454545455,3.99,2438.0795454545455
656730,"Megill, Trevor",FF,2023,175,101.823425,101.823425,99.32171428571428,18.068571428571428,4.836342857142857,2542.942857142857
656730,"Megill, Trevor",FF,2024,161,99.97888,99.97888,98.87329192546584,17.982857142857146,6.017888198757764,2463.055900621118
656730,"Megill, Trevor",FF,2025,151,102.797356,102.797356,99.30268456375839,18.856107382550334,3.9430872483221475,2457.2751677852348
656730,"Megill, Trevor",KC,2025,103,105.00485,105.00485,87.68431372549018,-6.527058823529412,-3.2882352941176474,2837.3627450980393
656731,"Megill, Tylor",CH,2023,108,96.945366,96.945366,87.7425925925926,6.260000000000001,14.222222222222221,1588.0
656731,"Megill, Tylor",FF,2022,150,100.024666,100.024666,95.97133333333333,16.416,7.3184,2167.68
656731,"Megill, Tylor",FF,2023,406,94.97439,94.97439,95.13768472906405,14.490443349753694,8.052709359605911,2109.916049382716
656731,"Megill, Tylor",FF,2024,247,100.49433,100.49433,95.8004048582996,15.960971659919029,6.887611336032388,2213.838056680162
656731,"Megill, Tylor",FF,2025,200,100.0955,100.0955,95.4645,16.9398,6.528,2297.795
656731,"Megill, Tylor",SL,2023,175,100.80572,100.80572,84.26914285714285,-2.1757714285714287,-4.461942857142858,2220.2285714285713
656731,"Megill, Tylor",SL,2025,102,105.12353,105.12353,83.68235294117648,-5.915294117647059,-5.334117647058824,2534.0098039215686
656756,"Montgomery, Jordan",CH,2022,245,103.26245,103.26245,82.35306122448979,11.786938775510205,-10.899428571428572,1671.9755102040817
656756,"Montgomery, Jordan",CH,2023,230,100.49739,100.49739,83.66,12.859304347826086,-9.321913043478261,1673.3185840707965
656756,"Montgomery, Jordan",CH,2024,135,102.87852,102.87852,83.15037037037037,11.564444444444446,-10.330666666666668,1608.8074074074075
656756,"Montgomery, Jordan",CU,2022,180,105.23055,105.23055,80.24055555555555,-5.324666666666667,2.8853333333333335,2259.5222222222224
656756,"Montgomery, Jordan",CU,2023,204,105.45343,105.45343,80.68823529411766,-6.7447058823529416,2.9305882352941177,2365.156862745098
656756,"Montgomery, Jordan",CU,2024,178,103.35056,103.35056,79.32977528089889,-7.115056179775281,4.305168539325843,2317.8314606741574
656756,"Montgomery, Jordan",FF,2022,188,95.89522,95.89522,93.12021276595743,14.758723404255319,-8.779148936170213,2294.5372340425533
656756,"Montgomery, Jordan",FF,2023,116,95.97759,95.97759,93.29051724137932,15.969310344827587,-6.042413793103448,2361.0
656756,"Montgomery, Jordan",FF,2024,132,93.384094,93.384094,92.18560606060606,14.961818181818183,-5.019090909090909,2298.6666666666665
656756,"Montgomery, Jordan",SI,2022,317,103.034386,103.034386,93.09242902208202,9.602649842271294,-17.159242902208202,2202.1111111111113
656756,"Montgomery, Jordan",SI,2023,419,100.30144,100.30144,93.37494033412888,10.549976133651551,-15.55073985680191,2211.1618357487923
656756,"Montgomery, Jordan",SI,2024,209,100.05119,100.05119,91.72966507177034,10.024306220095694,-14.544688995215312,2123.5741626794256
656793,"Nelson, Nick",CH,2022,112,100.46429,100.46429,87.85892857142858,7.419642857142857,15.889285714285714,1943.1517857142858
656793,"Nelson, Nick",FF,2022,189,100.83757,100.83757,96.33650793650793,16.571428571428573,6.653333333333333,1983.3544973544974
656794,"Newcomb, Sean",FF,2022,106,100.07453,100.07453,94.19528301886793,17.06943396226415,-5.6773584905660375,2344.8924731182797
656794,"Newcomb, Sean",FF,2025,199,99.16533,99.16533,93.3721052631579,15.694736842105263,-10.169684210526317,2324.642105263158
656794,"Newcomb, Sean",SI,2025,118,102.744064,102.744064,92.28392857142856,4.975714285714285,-17.104285714285716,2321.8303571428573
656794,"Newcomb, Sean",SV,2025,122,98.53689,98.53689,81.88119658119659,-5.495384615384616,16.90871794871795,2822.230769230769
656849,"Peterson, David",CH,2023,111,98.61081,98.61081,85.23153153153154,5.869189189189189,-15.511351351351351,1600.8440366972477
656849,"Peterson, David",CH,2025,155,98.629036,98.629036,84.47032258064516,4.65058064516129,-14.612129032258066,1577.258064516129
656849,"Peterson, David",CU,2025,127,99.791336,99.791336,79.22834645669292,-8.441574803149607,6.128503937007873,2393.8897637795276
656849,"Peterson, David",FF,2022,240,95.941666,95.941666,93.84166666666667,13.3995,-8.825,2086.741666666667
656849,"Peterson, David",FF,2023,119,99.74706,99.74706,92.73865546218487,14.138823529411765,-6.638319327731093,2134.1344537815125
656849,"Peterson, David",FF,2024,160,98.77875,98.77875,93.04375,13.55625,-6.23175,2148.31875
656849,"Peterson, David",FF,2025,220,96.73909,96.73909,92.36272727272727,13.475999999999999,-4.566545454545454,2137.2136363636364
656849,"Peterson, David",SI,2023,142,100.39085,100.39085,91.6725352112676,6.535774647887324,-15.503661971830986,2144.211267605634
656849,"Peterson, David",SI,2024,159,98.39811,98.39811,91.62452830188678,7.137358490566037,-14.500377358490566,2148.5974842767296
656849,"Peterson, David",SI,2025,217,97.85944,97.85944,91.58755760368663,7.87410138248848,-14.92258064516129,2130.221198156682
656849,"Peterson, David",SL,2022,224,102.80938,102.80938,84.421875,1.1673214285714286,3.842152466367713,2330.3616071428573
656849,"Peterson, David",SL,2023,117,102.03419,102.03419,85.15726495726496,-0.15794871794871795,2.4707692307692306,2378.206896551724
656849,"Peterson, David",SL,2024,114,100.001755,100.001755,85.01842105263158,-0.12210526315789472,2.5547368421052634,2331.1929824561403
656849,"Peterson, David",SL,2025,200,101.49,101.49,84.7285,-0.053999999999999986,2.577,2329.42
656876,"Rasmussen, Drew",FC,2022,269,102.6777,102.6777,90.58141263940522,4.58185873605948,-1.357918215613383,2614.542750929368
656876,"Rasmussen, Drew",FC,2023,120,104.21,104.21,88.18249999999999,-0.627,-2.964,2727.3361344537816
656876,"Rasmussen, Drew",FC,2025,309,102.36182,102.36182,90.35210355987054,4.106407766990292,-4.401553398058252,2701.8867313915857
656876,"Rasmussen, Drew",FF,2022,256,100.82695,100.82695,95.491796875,16.06265625,2.0465625,2403.62890625
656876,"Rasmussen, Drew",FF,2023,101,102.68317,102.68317,95.84257425742575,17.565148514851483,0.18772277227722778,2513.868686868687
656876,"Rasmussen, Drew",FF,2025,323,104.09288,104.09288,95.98111455108359,17.333498452012385,3.670216718266254,2493.4458204334364
656876,"Rasmussen, Drew",SI,2025,197,99.02386,99.02386,95.33197969543149,13.184162436548224,14.321421319796956,2404.9086294416243
656876,"Rasmussen, Drew",ST,2022,188,98.70479,98.70479,84.53457446808511,-3.698936170212766,-12.153829787234043,2462.9627659574467
656945,"Scott, Tanner",FF,2022,122,107.156555,107.156555,96.85737704918033,16.438032786885245,-5.04983606557377,2555.598360655738
656945,"Scott, Tanner",FF,2023,200,108.45,108.45,97.18299999999999,15.4932,-4.0512,2598.785
656945,"Scott, Tanner",FF,2024,248,107.00645,107.00645,97.25927419354838,16.628709677419355,-4.936935483870967,2564.743902439024
656945,"Scott, Tanner",FF,2025,173,107.169945,107.169945,96.5502994011976,16.480958083832338,-6.161676646706587,2548.934131736527
656945,"Scott, Tanner",SL,2022,290,102.041725,102.041725,89.25241379310346,-0.7092413793103448,5.120689655172414,2735.38062283737
656945,"Scott, Tanner",SL,2023,236,104.44364,104.44364,89.50466101694914,-0.8186440677966101,6.58728813559322,2734.4382978723406
656945,"Scott, Tanner",SL,2024,145,103.20276,103.20276,88.67379310344828,-1.3497931034482757,7.028689655172413,2685.5602836879434
656945,"Scott, Tanner",SL,2025,120,102.87417,102.87417,88.68151260504202,0.5435294117647059,5.636974789915966,2647.016806722689
656970,"Smeltzer, Devin",CH,2022,112,94.80536,94.80536,82.21875,3.0685714285714285,-13.481785714285715,1580.9910714285713
656970,"Smeltzer, Devin",FF,2022,104,95.9548,95.9548,89.53365384615384,16.01423076923077,-10.935,2270.25
656986,"Sousa, Bennett",FF,2025,103,101.68543,101.68543,95.10106382978724,17.047659574468085,-3.541276595744681,2238.446808510638
656986,"Sousa, Bennett",SL,2025,134,103.44477,103.44477,85.75901639344262,0.21737704918032782,3.3245901639344266,2359.9590163934427
657006,"Steele, Justin",FF,2022,369,98.46395,98.46395,92.10677506775068,12.373983739837398,1.6978861788617885,2481.5733695652175
657006,"Steele, Justin",FF,2023,731,97.99712,97.99712,91.96196990424076,10.619425444596443,1.3925581395348838,2403.317528735632
657006,"Steele, Justin",FF,2024,536,95.83862,95.83862,91.70727611940298,13.265820895522387,-0.2142537313432836,2424.6417910447763
657006,"Steele, Justin",SL,2022,180,99.70445,99.70445,82.23166666666667,-1.9780000000000002,13.648666666666667,2692.0
657006,"Steele, Justin",SL,2023,388,100.22629,100.22629,83.35128865979381,-0.34453608247422685,13.789175257731959,2654.1226666666666
657006,"Steele, Justin",SL,2024,292,98.8024,98.8024,83.34178082191781,0.8490410958904109,12.343561643835617,2718.695205479452
657024,"Swanson, Erik",FF,2022,176,99.79773,99.79773,93.74261363636364,18.83590909090909,10.28590909090909,2293.0693641618495
657024,"Swanson, Erik",FF,2023,125,98.2752,98.2752,93.7968,17.47776,10.4688,2260.272
657024,"Swanson, Erik",FF,2024,114,98.40965,98.40965,94.06754385964913,17.583157894736843,10.245263157894737,2274.0526315789475
657024,"Swanson, Erik",FS,2023,231,99.27879,99.27879,85.06320346320345,5.167792207792208,12.463376623376623,1215.0389610389611
657044,"Thompson, Ryan",SI,2024,223,102.18341,102.18341,91.06726457399103,-6.241614349775785,13.994260089686097,2027.6367713004483
657044,"Thompson, Ryan",SI,2025,104,100.09135,100.09135,89.75096153846154,-7.070769230769231,12.830769230769231,1995.7692307692307
657053,"Toussaint, Touki",CU,2023,141,101.487946,101.487946,76.49007092198582,-12.986382978723404,-12.373617021276596,2453.6382978723404
657053,"Toussaint, Touki",FF,2023,119,98.01512,98.01512,93.69327731092437,13.420840336134454,9.158319327731093,2229.0336134453783
657053,"Toussaint, Touki",FS,2023,114,97.65351,97.65351,87.70701754385965,3.2315789473684213,10.790526315789474,1620.017543859649
657053,"Toussaint, Touki",SI,2023,124,98.284676,98.284676,92.8967741935484,7.661612903225806,15.666774193548388,2217.6774193548385
657093,"Watkins, Spenser",FC,2022,209,100.33062,100.33062,87.07368421052632,7.324019138755981,-6.0166507177033495,2455.8446601941746
657093,"Watkins, Spenser",FF,2022,222,95.280174,95.280174,91.30630630630631,16.315675675675674,0.8464864864864866,2254.2837837837837
657093,"Watkins, Spenser",ST,2022,126,97.720634,97.720634,78.45396825396826,-2.647619047619048,-13.522857142857143,2578.3888888888887
657097,"Webb, Jacob",CH,2023,119,99.912605,99.912605,85.83865546218487,10.30689075630252,17.509915966386554,2159.126050420168
657097,"Webb, Jacob",CH,2024,113,98.689384,98.689384,84.35398230088495,9.20495575221239,17.915044247787613,2167.424778761062
657097,"Webb, Jacob",CH,2025,135,100.02963,100.02963,84.89259259259259,11.048888888888888,17.71911111111111,2264.4222222222224
657097,"Webb, Jacob",FF,2023,196,105.74133,105.74133,94.88163265306122,17.543877551020408,8.277551020408163,2474.882051282051
657097,"Webb, Jacob",FF,2024,167,104.48922,104.48922,93.5443113772455,16.4888622754491,9.855808383233533,2469.2155688622756
657097,"Webb, Jacob",FF,2025,160,99.96875,99.96875,93.263125,17.13675,8.55525,2465.18125
657140,"Wright, Kyle",CH,2022,165,96.854546,96.854546,88.31272727272727,0.09963636363636365,15.906181818181818,1694.9515151515152
657140,"Wright, Kyle",FF,2022,177,101.42825,101.42825,95.22033898305085,12.550508474576272,11.637288135593222,2384.5170454545455
657140,"Wright, Kyle",KC,2022,315,98.83588,98.83588,84.91587301587302,-8.80495238095238,-9.296,2735.948553054662
657140,"Wright, Kyle",KC,2023,135,99.44444,99.44444,84.20962962962962,-7.898666666666666,-5.784,2547.2985074626868
657140,"Wright, Kyle",SI,2022,247,98.95749,98.95749,94.42995951417004,4.810202429149798,16.778623481781377,2256.7601626016262
657240,"Merryweather, Julian",FF,2022,109,100.46606,100.46606,97.18073394495414,16.855045871559632,6.552660550458715,2280.798165137615
657240,"Merryweather, Julian",FF,2023,192,100.48698,100.48698,98.16145833333333,16.53125,6.31125,2346.153439153439
657240,"Merryweather, Julian",SL,2023,219,104.03059,104.03059,87.08812785388128,-3.0476712328767124,-0.8093150684931507,2345.9583333333335
657248,"Otto, Glenn",FF,2022,181,97.53536,97.53536,92.24972375690608,15.109392265193371,4.146298342541437,2259.8618784530386
657248,"Otto, Glenn",KC,2022,107,97.28412,97.28412,81.35514018691589,-10.445607476635514,-6.688598130841122,2464.504672897196
657248,"Otto, Glenn",SI,2022,181,98.137024,98.137024,92.30607734806631,10.048839779005524,13.665414364640885,2233.646408839779
657248,"Otto, Glenn",ST,2022,239,99.44728,99.44728,81.1573221757322,-0.23648535564853554,-16.687029288702927,2584.8870292887027
657265,"Strzelecki, Peter",FF,2022,124,101.92742,101.92742,93.475,14.192903225806452,11.277096774193547,2408.3790322580644
657265,"Strzelecki, Peter",FF,2023,102,102.23922,102.23922,92.13627450980391,13.611764705882354,9.50235294117647,2413.039603960396
657277,"Webb, Logan",CH,2022,407,96.583786,96.583786,86.42874692874693,-5.606093366093366,7.0997542997542995,1492.0395061728395
657277,"Webb, Logan",CH,2023,714,95.19202,95.19202,87.4577030812325,-4.517310924369748,11.061344537815126,1475.1128349788435
657277,"Webb, Logan",CH,2024,542,96.562546,96.562546,87.32490774907748,-4.765018450184502,9.448118081180812,1449.0092421441775
657277,"Webb, Logan",CH,2025,331,98.24199,98.24199,86.40282131661442,-5.633981191222571,8.267210031347961,1494.2758620689656
657277,"Webb, Logan",FC,2025,123,101.76992,101.76992,91.06147540983606,7.496065573770491,2.588852459016393,2221.467213114754
657277,"Webb, Logan",SI,2022,306,98.054245,98.054245,91.82254901960785,-2.28156862745098,14.71137254901961,1879.3630363036305
657277,"Webb, Logan",SI,2023,356,97.767975,97.767975,92.32247191011237,0.6532584269662921,16.0661797752809,1868.8923512747876
657277,"Webb, Logan",SI,2024,474,97.22341,97.22341,92.78966244725738,0.9610126582278481,15.094430379746836,1937.2093023255813
657277,"Webb, Logan",SI,2025,345,98.73391,98.73391,92.45748502994012,0.06395209580838324,15.459520958083834,1948.3053892215569
657277,"Webb, Logan",ST,2022,341,98.744286,98.744286,82.39237536656891,0.5996480938416422,-10.257712609970675,2628.800586510264
657277,"Webb, Logan",ST,2023,217,99.08387,99.08387,84.3225806451613,0.6989861751152074,-12.414193548387097,2557.5727699530516
657277,"Webb, Logan",ST,2024,248,98.129036,98.129036,83.84596774193548,-0.802258064516129,-16.433709677419355,2601.8669354838707
657277,"Webb, Logan",ST,2025,285,98.217545,98.217545,84.68458781362007,-0.3810752688172043,-14.624516129032259,2529.4982078853045
657376,"Schmidt, Clarke",FC,2023,305,99.036064,99.036064,91.36131147540983,7.564327868852459,-3.069639344262295,2721.065573770492
657376,"Schmidt, Clarke",FC,2024,242,99.97438,99.97438,92.47148760330577,8.257685950413222,-2.712396694214876,2717.3553719008264
657376,"Schmidt, Clarke",FC,2025,222,97.99775,97.99775,92.3608108108108,10.344324324324324,-0.6416216216216216,2735.9684684684685
657376,"Schmidt, Clarke",KC,2023,157,99.75414,99.75414,83.78152866242038,-7.183949044585987,-15.539617834394903,2927.171974522293
657376,"Schmidt, Clarke",SI,2023,200,99.253,99.253,93.48700000000001,7.062,9.1632,2550.030150753769
657376,"Schmidt, Clarke",SI,2024,107,99.97196,99.97196,94.40560747663551,6.8388785046728975,11.241869158878506,2528.345794392523
657376,"Schmidt, Clarke",ST,2023,242,99.163635,99.163635,86.16363636363636,4.407768595041323,-8.82198347107438,2940.2
657376,"Schmidt, Clarke",ST,2024,123,101.91707,101.91707,85.48373983739837,4.33560975609756,-12.189268292682927,3029.430894308943
657508,"Baumann, Mike",FF,2022,153,99.79412,99.79412,95.70980392156864,17.829019607843136,6.026666666666667,2181.6339869281046
657508,"Baumann, Mike",FF,2023,193,101.95285,101.95285,96.40466321243522,17.551088082901554,8.07357512953368,2237.160621761658
657508,"Baumann, Mike",FF,2024,179,101.86871,101.86871,96.50111731843576,18.04022346368715,8.070837988826815,2286.972067039106
657508,"Baumann, Mike",KC,2024,151,98.97682,98.97682,87.83112582781457,-7.445562913907285,-1.1181456953642384,2344.682119205298
657508,"Baumann, Mike",SL,2024,109,96.96789,96.96789,92.11192660550459,8.174311926605505,-2.406605504587156,2392.5504587155965
657514,"Bernardino, Brennan",SI,2023,169,98.69053,98.69053,90.81775147928994,6.034792899408284,-15.136331360946745,2082.396449704142
657514,"Bernardino, Brennan",SI,2024,109,98.246796,98.246796,91.47247706422019,5.646605504587156,-15.434862385321102,2172.1203703703704
657514,"Bernardino, Brennan",SI,2025,104,97.33366,97.33366,90.57403846153846,4.638461538461538,-15.381923076923076,2178.9615384615386
657571,"Ferguson, Caleb",FC,2023,129,106.03565,106.03565,86.44806201550387,-1.224186046511628,5.314418604651164,2788.0387596899227
657571,"Ferguson, Caleb",FF,2022,161,102.96273,102.96273,94.79937888198758,15.93614906832298,-6.340621118012423,2323.7080745341614
657571,"Ferguson, Caleb",FF,2023,294,101.71905,101.71905,95.81054421768707,14.92938775510204,-6.819183673469388,2312.6279863481227
657571,"Ferguson, Caleb",FF,2024,154,97.98571,97.98571,93.78181818181818,15.585194805194805,-8.50987012987013,2224.3311258278145
657571,"Ferguson, Caleb",FF,2025,125,100.1008,100.1008,94.01803278688526,15.409180327868853,-5.066557377049181,2293.4590163934427
657612,"Hill, Tim",FF,2023,138,100.27102,100.27102,90.76811594202898,3.5565217391304347,-17.817391304347826,2203.8333333333335
657612,"Hill, Tim",SI,2022,128,93.26797,93.26797,89.5328125,-4.0303125,-15.181875,2069.9609375
657612,"Hill, Tim",SI,2023,116,94.37586,94.37586,88.55603448275862,-4.495862068965517,-15.969310344827587,2072.0434782608695
657612,"Hill, Tim",SI,2024,272,94.38971,94.38971,88.85257352941177,-5.345735294117647,-15.629999999999999,2085.422053231939
657612,"Hill, Tim",SI,2025,344,95.99244,95.99244,88.53808139534884,-6.400116279069767,-15.827441860465116,2052.218023255814
657649,"Koenig, Jared",FC,2024,111,99.70631,99.70631,90.28918918918919,9.623783783783784,0.6302702702702704,2454.234234234234
657649,"Koenig, Jared",SI,2024,188,101.085106,101.085106,95.14414893617021,11.357234042553191,-14.35276595744681,2318.154255319149
657649,"Koenig, Jared",SI,2025,183,101.02459,101.02459,95.98232044198895,11.246187845303867,-14.64,2359.795580110497
657746,"Ryan, Joe",FF,2022,569,102.12847,102.12847,92.09507908611599,14.764007029876977,10.548822495606327,2178.9279437609844
657746,"Ryan, Joe",FF,2023,762,103.29002,103.29002,92.3238845144357,14.457165354330709,10.14,2212.2763157894738
657746,"Ryan, Joe",FF,2024,412,104.43374,104.43374,94.04514563106795,13.78135922330097,11.438155339805826,2269.97157622739
657746,"Ryan, Joe",FF,2025,565,100.641594,100.641594,93.85380530973451,13.471221238938053,12.387398230088495,2290.405309734513
657746,"Ryan, Joe",FS,2023,336,95.78482,95.78482,84.06755952380952,2.4467857142857143,11.917857142857143,1438.25
657746,"Ryan, Joe",FS,2024,175,96.14743,96.14743,88.66114285714286,0.15017142857142857,14.29577142857143,2033.2163742690059
657746,"Ryan, Joe",SI,2025,101,97.95841,97.95841,93.23564356435642,8.07920792079208,16.134653465346535,2156.207920792079
657746,"Ryan, Joe",SL,2022,168,99.83274,99.83274,82.42857142857143,2.9192857142857145,-3.354285714285714,2143.75
657746,"Ryan, Joe",ST,2023,100,100.149,100.149,79.295,0.8268000000000001,-13.8408,2541.9
657746,"Ryan, Joe",ST,2024,126,101.405556,101.405556,81.48492063492064,2.454285714285714,-14.98952380952381,2729.288288288288
657746,"Ryan, Joe",ST,2025,114,99.436844,99.436844,80.53684210526316,0.22526315789473683,-15.814736842105264,2783.6140350877195
657756,"Seabold, Connor",FF,2023,368,95.15136,95.15136,92.72282608695652,13.159891304347827,9.234782608695653,2093.1689373297004
657756,"Seabold, Connor",SL,2023,207,97.564255,97.564255,85.27053140096618,3.1808695652173915,-2.506666666666667,2398.1980676328503
658648,"Avila, Pedro",CH,2023,101,103.938614,103.938614,83.93960396039604,3.0819801980198016,2.7576237623762374,1657.990099009901
658648,"Avila, Pedro",CH,2024,163,104.260124,104.260124,83.41104294478528,3.142085889570552,1.5099386503067485,1726.248447204969
658648,"Avila, Pedro",FF,2023,113,96.414154,96.414154,94.17787610619469,13.702300884955754,5.5561061946902655,2233.8672566371683
658648,"Avila, Pedro",FF,2024,215,95.16651,95.16651,93.48558139534885,12.870697674418604,2.5774883720930233,2255.799065420561
659262,"Espinoza, Anderson",FF,2022,104,98.08269,98.08269,93.85192307692309,14.080384615384615,9.571153846153846,1904.85
659275,"Lamet, Dinelson",SL,2022,123,101.10243,101.10243,86.47154471544715,4.424390243902439,-0.30146341463414633,2416.5040650406504
659275,"Lamet, Dinelson",SL,2023,106,101.36981,101.36981,86.01603773584907,2.422641509433962,-1.4060377358490566,2589.3207547169814
660261,"Fujinami, Shintaro",FF,2023,278,97.94316,97.94316,98.32589928057554,14.035251798561152,10.981294964028777,2009.9244604316548
660261,"Fujinami, Shintaro",FS,2023,124,101.42822,101.42822,92.63306451612904,2.209354838709677,10.071290322580644,1150.4262295081967
660271,"Ohtani, Shohei",FC,2023,114,102.447365,102.447365,89.23070175438596,4.57578947368421,-3.688421052631579,2369.2280701754385
660271,"Ohtani, Shohei",FF,2022,266,97.68872,97.68872,97.59436090225563,14.293984962406014,3.2909774436090227,2216.7735849056603
660271,"Ohtani, Shohei",FF,2023,226,98.47345,98.47345,97.19778761061947,14.121769911504424,4.312566371681416,2272.008888888889
660271,"Ohtani, Shohei",FF,2025,102,101.71666,101.71666,98.75686274509805,14.172941176470589,5.12235294117647,2456.5588235294117
660271,"Ohtani, Shohei",FS,2022,138,104.6471,104.6471,88.97608695652174,2.0808695652173914,5.038260869565217,1240.0434782608695
660271,"Ohtani, Shohei",ST,2022,398,102.34699,102.34699,85.48140703517588,4.826532663316583,-14.24743718592965,2511.2035175879396
660271,"Ohtani, Shohei",ST,2023,273,102.4674,102.4674,84.05421245421245,3.447912087912088,-16.221978021978025,2517.4322344322345
660730,"Rodriguez, Elvin",FF,2022,116,98.19224,98.19224,93.05431034482758,18.50172413793103,8.798275862068966,2430.8706896551726
660761,"Suarez, José",CH,2022,191,101.84712,101.84712,82.47015706806282,4.321256544502618,-13.388481675392669,1549.0209424083769
660761,"Suarez, José",FF,2022,253,101.158104,101.158104,92.80750988142292,15.67588932806324,-9.692490118577075,2224.1422924901185
660761,"Suarez, José",SL,2022,148,100.37365,100.37365,82.35743243243243,4.758648648648649,7.848648648648648,2576.0472972972975
660787,"De los Santos, Yerry",SI,2025,128,97.31563,97.31563,95.44453125,8.2865625,17.595,2147.8984375
660813,"Graterol, Brusdar",SI,2022,125,100.368,100.368,99.7032,7.49568,16.50816,2036.512
660813,"Graterol, Brusdar",SI,2023,161,96.98944,96.98944,98.66521739130435,7.568944099378881,16.75527950310559,2014.975155279503
660825,"Bazardo, Eduard",SI,2025,131,100.43282,100.43282,95.5656,11.12448,15.631680000000001,2227.512
660825,"Bazardo, Eduard",SL,2025,162,96.93827,96.93827,82.67515923566879,-3.929426751592356,-15.856050955414013,2569.8853503184714
660853,"De Los Santos, Enyel",FF,2022,200,96.4125,96.4125,95.1215,13.9794,11.941200000000002,2238.7817258883247
660853,"De Los Santos, Enyel",FF,2023,229,95.87468,95.87468,95.817903930131,13.038602620087337,11.406288209606986,2264.1353711790393
660853,"De Los Santos, Enyel",FF,2024,218,95.77936,95.77936,95.44587155963303,13.107522935779818,11.371926605504587,2203.880733944954
660853,"De Los Santos, Enyel",FF,2025,237,97.15359,97.15359,96.23333333333333,13.016708860759493,10.731645569620254,2292.1012658227846
660853,"De Los Santos, Enyel",SL,2024,153,101.75359,101.75359,86.32222222222222,5.694117647058824,-1.803921568627451,2221.8169934640523
660853,"De Los Santos, Enyel",SL,2025,168,100.34226,100.34226,88.28154761904761,6.156428571428571,-1.3314285714285714,2228.315476190476
660896,"Alcala, Jorge",FF,2024,125,103.7032,103.7032,98.24,17.70528,9.768,2469.904
660896,"Alcala, Jorge",FF,2025,175,100.851425,100.851425,97.63815028901735,17.609479768786127,8.974335260115607,2484.485549132948
660896,"Alcala, Jorge",SL,2024,105,100.127625,100.127625,90.16285714285715,4.276571428571429,-3.5988571428571428,2503.1238095238095
661309,"Martínez, Adrián",CH,2022,117,103.52308,103.52308,84.03504273504274,-3.718974358974359,13.952820512820512,2295.769230769231
661309,"Martínez, Adrián",SI,2022,156,97.375,97.375,93.85833333333333,8.102307692307692,17.283846153846156,2163.602564102564
661309,"Martínez, Adrián",SI,2023,184,99.01902,99.01902,93.82336956521739,7.404782608695652,17.028913043478262,2125.5815217391305
661383,"Ortega, Oliver",FF,2022,115,97.1887,97.1887,95.69478260869565,14.443826086956522,2.0097391304347827,2309.669565217391
661395,"Duran, Jhoan",CU,2022,106,111.51793,111.51793,87.87264150943396,-6.753962264150943,-2.790566037735849,2665.311320754717
661395,"Duran, Jhoan",FF,2022,207,106.63672,106.63672,100.81787439613527,14.024927536231884,11.782608695652174,2168.0531400966183
661395,"Duran, Jhoan",FF,2023,144,109.05069,109.05069,101.97291666666666,13.535833333333334,10.490833333333335,2105.8333333333335
661395,"Duran, Jhoan",FF,2025,133,104.01654,104.01654,100.66616541353383,12.257142857142858,13.349774436090225,2116.8947368421054
661395,"Duran, Jhoan",FS,2024,101,96.048515,96.048515,97.09306930693069,2.2443564356435646,11.634059405940594,1678.2574257425742
661395,"Duran, Jhoan",FS,2025,154,99.024025,99.024025,97.78344370860927,1.9740397350993377,13.938278145695364,1847.6953642384105
661403,"Clase, Emmanuel",FC,2022,232,100.90172,100.90172,99.42758620689655,10.464827586206898,-3.305172413793103,2657.3766233766232
661403,"Clase, Emmanuel",FC,2023,235,100.22298,100.22298,99.1991489361702,9.787914893617021,-3.7041702127659577,2642.114893617021
661403,"Clase, Emmanuel",FC,2024,260,100.51846,100.51846,99.70538461538462,11.593846153846155,-3.3110769230769233,2589.076923076923
661403,"Clase, Emmanuel",FC,2025,194,102.83814,102.83814,98.87722222222223,12.607333333333335,-4.142,2585.572222222222
661403,"Clase, Emmanuel",SL,2022,165,103.35878,103.35878,91.96909090909091,-0.2269090909090909,-7.08,2673.1757575757574
661403,"Clase, Emmanuel",SL,2023,109,101.984406,101.984406,91.1165137614679,1.2187155963302752,-7.598532110091743,2589.0560747663553
661440,"Llovera, Mauricio",SI,2023,135,96.199265,96.199265,94.42592592592592,6.7217777777777785,16.135111111111108,2074.8444444444444
661527,"Martinez, Seth",FF,2024,105,101.151436,101.151436,90.68285714285715,10.944,11.404571428571428,2096.3137254901962
661527,"Martinez, Seth",ST,2024,102,98.621574,98.621574,79.07843137254902,7.82,-12.928235294117648,2412.877551020408
661563,"Gil, Luis",CH,2024,236,97.64958,97.64958,91.73813559322035,4.971864406779661,15.218135593220339,1718.3695652173913
661563,"Gil, Luis",FF,2024,501,104.91397,104.91397,96.75129740518962,17.226826347305387,5.6043113772455095,2438.6544715447153
661563,"Gil, Luis",FF,2025,181,101.91768,101.91768,95.71160220994474,16.56596685082873,2.9310497237569058,2485.480662983425
661563,"Gil, Luis",SL,2024,265,98.98151,98.98151,87.77962264150943,7.189584905660378,-5.511849056603774,2502.699619771863
661563,"Gil, Luis",SL,2025,102,100.27354,100.27354,86.89901960784314,6.1517647058823535,-7.447058823529412,2606.6470588235293
662253,"Muñoz, Andrés",FF,2022,104,108.28942,108.28942,100.3125,13.221923076923076,12.301153846153845,2320.5673076923076
662253,"Muñoz, Andrés",SL,2022,227,103.35859,103.35859,88.80044052863437,5.0632599118942725,-4.2792951541850215,2234.6211453744495
662253,"Muñoz, Andrés",SL,2023,129,104.43721,104.43721,88.54031007751938,5.186976744186047,-3.88,2268.304
662253,"Muñoz, Andrés",SL,2024,153,104.89412,104.89412,87.76993464052288,-0.061176470588235304,-5.687058823529412,2245.7124183006536
662253,"Muñoz, Andrés",SL,2025,143,102.50909,102.50909,86.10217391304349,-1.6452173913043477,-5.986956521739131,2365.2773722627735
663158,"Suarez, Robert",FF,2022,119,98.746216,98.746216,98.09159663865546,16.89075630252101,7.416806722689076,2326.168067226891
663158,"Suarez, Robert",FF,2024,275,103.06691,103.06691,99.2069090909091,17.948072727272727,7.2061090909090915,2420.6263736263736
663158,"Suarez, Robert",FF,2025,265,102.98113,102.98113,98.81897233201582,18.00379446640316,6.595256916996047,2409.7430830039525
663362,"Waldron, Matt",FF,2024,173,98.163,98.163,90.77341040462427,13.830520231213871,8.996531791907515,2055.9537572254335
663362,"Waldron, Matt",KN,2024,306,100.33202,100.33202,77.62679738562092,-3.1521568627450978,5.254901960784314,245.02857142857144
663362,"Waldron, Matt",SI,2024,125,96.167206,96.167206,89.908,7.9852799999999995,15.674880000000002,1975.4032258064517
663362,"Waldron, Matt",ST,2024,130,96.349236,96.349236,79.37769230769231,4.638461538461539,-13.100307692307693,2188.6846153846154
663372,"Feltner, Ryan",CH,2024,187,99.22139,99.22139,85.2433155080214,4.771122994652407,5.440427807486631,1602.3582887700534
663372,"Feltner, Ryan",CU,2024,107,98.656075,98.656075,79.19439252336448,-8.238504672897196,-9.348785046728972,2656.96261682243
663372,"Feltner, Ryan",FF,2022,207,100.847824,100.847824,94.68888888888888,13.212173913043479,6.278840579710145,2347.3106796116504
663372,"Feltner, Ryan",FF,2024,382,99.22041,99.22041,94.78612565445027,12.856649214659685,4.966492146596859,2351.1020942408377
663372,"Feltner, Ryan",SI,2022,100,97.693,97.693,93.656,5.2536000000000005,12.3528,2295.96
663372,"Feltner, Ryan",SI,2024,127,97.92913,97.92913,94.29606299212598,8.3451968503937,12.805984251968503,2261.8582677165355
663372,"Feltner, Ryan",SL,2022,137,96.99708,96.99708,84.4014598540146,1.5932846715328468,-5.696058394160584,2493.3357664233577
663372,"Feltner, Ryan",SL,2023,104,95.50961,95.50961,88.78942307692309,5.765769230769231,-3.133846153846154,2366.1844660194174
663372,"Feltner, Ryan",SL,2024,209,96.30096,96.30096,88.78708133971291,4.7931100478468895,-4.16555023923445,2468.293269230769
663423,"Thornton, Trent",ST,2022,108,97.55185,97.55185,82.27870370370371,0.1211111111111111,-14.844444444444445,2919.935185185185
663423,"Thornton, Trent",ST,2024,128,99.83516,99.83516,82.05546875,2.6175,-15.1021875,2965.15625
663432,"Rainey, Tanner",FF,2022,134,100.918655,100.918655,96.75597014925373,18.15313432835821,8.869253731343283,2411.7462686567164
663432,"Rainey, Tanner",FF,2024,298,97.32987,97.32987,94.12785234899329,18.41275167785235,10.06510067114094,2402.731543624161
663432,"Rainey, Tanner",SL,2024,100,105.213,105.213,86.448,2.9424,-3.2495999999999996,2289.21
663436,"Martin, Davis",CH,2025,223,97.2166,97.2166,90.20493273542601,1.2322869955156952,14.141704035874438,2058.9551569506725
663436,"Martin, Davis",FC,2025,205,104.72927,104.72927,88.21560975609756,4.943414634146341,-1.6437073170731706,2581.2892156862745
663436,"Martin, Davis",FF,2022,148,95.54392,95.54392,94.12905405405405,16.04594594594595,6.012162162162162,2379.5472972972975
663436,"Martin, Davis",FF,2025,312,97.44263,97.44263,94.05,15.04,6.218461538461539,2414.451923076923
663436,"Martin, Davis",SL,2022,128,100.50313,100.50313,84.2359375,-0.06656249999999998,-7.8740625,2741.84375
663455,"Pilkington, Konnor",FF,2022,241,95.84522,95.84522,92.38423236514522,15.794688796680498,-9.292282157676349,2225.4190871369296
663455,"Pilkington, Konnor",FF,2025,120,96.982506,96.982506,94.57083333333334,14.489,-11.936,2361.425
663460,"Bubic, Kris",CH,2022,211,97.8455,97.8455,80.65545023696681,8.330616113744076,-14.16909952606635,1672.047393364929
663460,"Bubic, Kris",CH,2025,144,99.443756,99.443756,85.33194444444445,0.19666666666666666,-11.245,1578.6875
663460,"Bubic, Kris",CU,2022,101,95.447525,95.447525,79.4049504950495,-12.777029702970298,7.532673267326733,2609.1782178217823
663460,"Bubic, Kris",FF,2022,353,97.39235,97.39235,91.93371104815864,16.433541076487252,-7.882606232294617,2133.4929178470256
663460,"Bubic, Kris",FF,2025,228,100.25702,100.25702,92.13552631578948,18.086315789473687,-4.271578947368422,2415.1666666666665
663460,"Bubic, Kris",ST,2025,120,97.95167,97.95167,83.05166666666668,-4.846,13.001000000000001,2673.3083333333334
663465,"Allard, Kolby",FF,2025,147,98.209526,98.209526,89.98979591836735,16.34530612244898,-5.783673469387756,2030.2789115646258
663474,"McKenzie, Triston",CU,2022,234,104.21496,104.21496,79.86410256410257,-7.896410256410256,-7.725641025641026,2210.6111111111113
663474,"McKenzie, Triston",FF,2022,633,99.89384,99.89384,92.565560821485,20.316208530805685,3.120947867298578,2314.028481012658
663474,"McKenzie, Triston",FF,2024,176,94.0983,94.0983,91.01534090909091,18.979772727272728,1.6445454545454545,2205.744318181818
663474,"McKenzie, Triston",SL,2022,245,96.66939,96.66939,87.48979591836735,9.890448979591836,-5.1115102040816325,2197.9142857142856
663485,"Sands, Cole",FC,2024,139,99.21799,99.21799,90.7453237410072,8.216978417266187,-1.1188489208633094,2461.31654676259
663485,"Sands, Cole",FC,2025,106,101.77924,101.77924,89.33039215686276,7.76,-2.324705882352941,2441.5098039215686
663485,"Sands, Cole",FF,2022,115,97.36522,97.36522,91.67565217391305,12.433043478260869,8.550260869565218,2207.095652173913
663485,"Sands, Cole",FF,2024,123,99.44797,99.44797,95.63170731707318,14.00780487804878,11.468292682926828,2284.0731707317073
663485,"Sands, Cole",FF,2025,105,98.33714,98.33714,94.95436893203883,13.918834951456311,11.079611650485438,2349.252427184466
663485,"Sands, Cole",FS,2025,105,98.82762,98.82762,88.16836734693878,0.32326530612244897,14.19061224489796,1533.5510204081634
663542,"Hudson, Bryan",FF,2024,170,97.7053,97.7053,91.62588235294118,12.29435294117647,-7.2614117647058825,2295.6529411764704
663546,"Hjelle, Sean",KC,2024,133,101.74737,101.74737,85.78947368421052,-2.1338345864661656,-3.2336842105263157,1959.4285714285713
663546,"Hjelle, Sean",SI,2024,191,97.733505,97.733505,94.71465968586388,4.118952879581152,15.528376963350786,2239.137566137566
663554,"Mize, Casey",FF,2024,300,100.15033,100.15033,95.82633333333334,16.2188,7.6052,2257.713333333333
663554,"Mize, Casey",FF,2025,261,99.62414,99.62414,94.96896551724139,16.94390804597701,8.13471264367816,2256.27969348659
663554,"Mize, Casey",FS,2024,138,99.027534,99.027534,86.0913043478261,3.945217391304348,13.235652173913044,1243.355072463768
663554,"Mize, Casey",FS,2025,267,98.165924,98.165924,88.77677902621723,4.107865168539326,14.044494382022473,1452.426966292135
663554,"Mize, Casey",SI,2025,124,98.02823,98.02823,94.87983870967743,13.268709677419354,14.020645161290322,2204.733870967742
663554,"Mize, Casey",SL,2024,182,96.53681,96.53681,85.78681318681319,0.0039560439560439534,-3.532747252747253,2239.9945054945056
663554,"Mize, Casey",SL,2025,122,95.34262,95.34262,88.50655737704918,4.637704918032787,-2.4039344262295086,2198.532786885246
663554,"Mize, Casey",SV,2025,106,100.151886,100.151886,83.5867924528302,-0.7075471698113207,-7.3584905660377355,2244.235849056604
663556,"McClanahan, Shane",CH,2022,223,107.39149,107.39149,87.60986547085201,10.549237668161435,-16.01273542600897,1748.4529147982062
663556,"McClanahan, Shane",CH,2023,128,108.48047,108.48047,87.0859375,6.7096875,-16.2646875,1618.1496062992126
663556,"McClanahan, Shane",CU,2022,131,98.50306,98.50306,82.4618320610687,-10.813740458015266,6.770381679389312,2629.8473282442746
663556,"McClanahan, Shane",FF,2022,272,103.43493,103.43493,96.94595588235293,17.689852941176472,-10.936764705882354,2242.110294117647
663556,"McClanahan, Shane",FF,2023,238,103.95966,103.95966,96.89621848739496,17.878487394957983,-10.190420168067227,2243.9285714285716
663556,"McClanahan, Shane",SL,2022,139,101.13885,101.13885,89.69280575539568,4.207769784172662,3.632805755395683,2348.6187050359713
663558,"Moran, Jovani",CH,2022,125,105.4072,105.4072,83.232,7.8902399999999995,-13.8336,1782.576
663558,"Moran, Jovani",CH,2023,139,104.789925,104.789925,83.10575539568346,8.178992805755396,-13.534964028776978,1664.705035971223
663558,"Moran, Jovani",FF,2022,106,100.356606,100.356606,93.35943396226415,17.709056603773586,-2.680754716981132,2214.6509433962265
663559,"Falter, Bailey",FF,2022,207,99.91933,99.91933,91.30241545893719,19.13449275362319,-1.1971014492753624,2054.9565217391305
663559,"Falter, Bailey",FF,2023,182,98.71538,98.71538,90.75989010989011,18.047472527472525,-1.8138461538461539,2036.1153846153845
663559,"Falter, Bailey",FF,2024,425,99.402824,99.402824,92.01035294117648,17.662870588235293,-2.641976470588235,2037.9778325123152
663559,"Falter, Bailey",FF,2025,365,99.84466,99.84466,92.35479452054794,18.514520547945207,-3.397479452054794,2126.794520547945
663559,"Falter, Bailey",SI,2022,162,103.94136,103.94136,90.93703703703703,17.365185185185183,-8.002962962962963,1772.4567901234568
663559,"Falter, Bailey",SI,2024,115,106.74522,106.74522,92.04086956521739,16.85113043478261,-8.321739130434782,1928.633027522936
663559,"Falter, Bailey",SI,2025,130,104.439224,104.439224,92.22846153846154,18.133846153846154,-7.540615384615385,2075.253846153846
663559,"Falter, Bailey",SL,2023,101,96.25742,96.25742,84.44257425742575,6.984950495049505,2.73029702970297,1931.85
663559,"Falter, Bailey",SL,2024,180,95.89,95.89,86.11444444444444,6.1386666666666665,3.336666666666667,1978.2471264367816
663559,"Falter, Bailey",SL,2025,176,96.95398,96.95398,85.37954545454545,6.756818181818182,4.589318181818182,2027.0
663567,"Lambert, Peter",CH,2023,122,99.13606,99.13606,86.27786885245901,5.295737704918033,11.872131147540985,1495.9504132231405
663567,"Lambert, Peter",FF,2023,221,95.97511,95.97511,93.21447963800905,15.697194570135746,8.155656108597286,2207.6431924882627
663567,"Lambert, Peter",FF,2024,130,95.29539,95.29539,94.75307692307692,15.660923076923078,6.473538461538462,2260.723076923077
663567,"Lambert, Peter",SL,2023,130,95.26615,95.26615,88.22461538461539,5.6372307692307695,-3.313846153846154,2273.8467741935483
663568,"Kolek, Stephen",FF,2025,132,98.66742,98.66742,94.01832061068701,12.84732824427481,8.146259541984733,2171.1526717557254
663568,"Kolek, Stephen",SI,2024,134,97.445526,97.445526,95.35373134328358,5.5155223880597015,15.385074626865672,2201.5149253731342
663568,"Kolek, Stephen",SI,2025,142,99.17323,99.17323,93.43785714285714,4.734857142857143,15.837428571428573,2165.8142857142857
663568,"Kolek, Stephen",SL,2025,110,97.74181,97.74181,85.44907407407408,-0.6511111111111111,-2.8466666666666667,2518.1481481481483
663574,"Santillan, Tony",FF,2025,302,101.95629,101.95629,96.32861952861953,13.277979797979798,11.365252525252526,2342.107744107744
663623,"Irvin, Jake",CH,2025,112,95.35,95.35,85.67946428571429,4.763571428571429,15.746785714285716,2189.339285714286
663623,"Irvin, Jake",CU,2023,169,96.54734,96.54734,81.41301775147929,-5.02792899408284,-12.461538461538462,2426.8224852071007
663623,"Irvin, Jake",CU,2024,324,97.27531,97.27531,81.26141975308643,-2.874814814814815,-11.817777777777778,2535.4104938271603
663623,"Irvin, Jake",CU,2025,401,98.55561,98.55561,78.06483790523691,-3.9845386533665836,-14.489177057356608,2487.773067331671
663623,"Irvin, Jake",FF,2023,220,96.953636,96.953636,94.73045454545455,14.74090909090909,10.921090909090909,2326.689497716895
663623,"Irvin, Jake",FF,2024,380,99.1179,99.1179,93.84526315789473,14.198842105263159,10.198105263157895,2371.593667546174
663623,"Irvin, Jake",FF,2025,423,98.276596,98.276596,92.39550827423169,14.628368794326242,9.369929078014184,2335.142180094787
663623,"Irvin, Jake",SI,2023,206,97.22816,97.22816,94.14126213592232,8.026601941747574,16.63631067961165,2272.176470588235
663623,"Irvin, Jake",SI,2024,213,98.58639,98.58639,93.10469483568075,6.525633802816902,16.582535211267604,2287.586854460094
663623,"Irvin, Jake",SI,2025,294,98.305786,98.305786,91.9329931972789,6.339183673469388,16.56326530612245,2290.1156462585036
663671,"Enright, Nic",FF,2025,139,98.56187,98.56187,93.30575539568345,19.797410071942448,4.809496402877698,2503.294964028777
663687,"Harris, Hogan",FF,2023,204,96.84068,96.84068,92.60196078431372,16.204117647058823,-10.291176470588235,2268.7598039215686
663687,"Harris, Hogan",FF,2024,260,96.956924,96.956924,92.83730769230769,16.540615384615386,-10.244769230769231,2244.0846153846155
663687,"Harris, Hogan",FF,2025,234,100.24103,100.24103,93.47633928571429,17.326071428571428,-8.65232142857143,2302.1964285714284
663704,"McArthur, James",CU,2024,104,102.53173,102.53173,83.75673076923077,-10.757307692307693,-14.254615384615384,2785.990291262136
663704,"McArthur, James",SI,2024,115,98.82957,98.82957,95.11913043478262,7.203130434782609,16.94191304347826,2294.878260869565
663738,"Lynch IV, Daniel",CH,2022,224,98.26339,98.26339,84.89107142857142,10.348928571428571,-13.082678571428572,1667.6875
663738,"Lynch IV, Daniel",FF,2022,469,99.10405,99.10405,94.17100213219615,15.759914712153517,-6.800341151385928,2128.4840085287847
663738,"Lynch IV, Daniel",FF,2023,104,99.22596,99.22596,92.8173076923077,15.976153846153846,-4.827692307692308,2132.8365384615386
663738,"Lynch IV, Daniel",SL,2022,378,98.761635,98.761635,85.9973544973545,3.2587301587301587,0.5158730158730159,2027.968253968254
663738,"Lynch IV, Daniel",SL,2025,105,97.10285,97.10285,86.71634615384616,3.63,1.808076923076923,2284.2115384615386
663765,"Woodford, Jake",SI,2022,134,96.105225,96.105225,91.82313432835821,7.756119402985074,12.80955223880597,2001.2910447761194
663765,"Woodford, Jake",SI,2023,148,96.047295,96.047295,92.00675675675676,6.1597297297297295,13.166756756756758,2022.9791666666667
663765,"Woodford, Jake",SI,2024,108,97.43981,97.43981,91.425,4.5311111111111115,14.694444444444445,2175.978494623656
663773,"Hoeing, Bryan",SI,2023,184,99.166306,99.166306,94.05271739130436,6.793695652173913,17.49326086956522,2020.4207650273224
663773,"Hoeing, Bryan",SI,2024,123,97.95041,97.95041,93.78048780487805,6.995121951219512,17.289756097560975,1945.7622950819673
663773,"Hoeing, Bryan",SL,2023,142,100.71409,100.71409,83.13450704225352,-4.317464788732394,-3.1901408450704225,2265.112676056338
663776,"Sandoval, Patrick",CH,2022,228,102.98245,102.98245,83.73596491228069,8.44578947368421,-14.636842105263158,1618.408888888889
663776,"Sandoval, Patrick",CH,2023,303,103.52937,103.52937,82.87128712871286,10.337821782178219,-14.036435643564356,1768.1788079470198
663776,"Sandoval, Patrick",CH,2024,177,102.47458,102.47458,82.9135593220339,9.917966101694915,-14.109152542372883,1690.4802259887006
663776,"Sandoval, Patrick",FF,2022,200,95.1745,95.1745,93.215,16.5372,-3.8657999999999997,2044.9597989949748
663776,"Sandoval, Patrick",FF,2023,246,95.49634,95.49634,93.21788617886179,16.823414634146342,-4.3395121951219515,1995.9754098360656
663776,"Sandoval, Patrick",SI,2022,104,100.46154,100.46154,93.5673076923077,12.600000000000001,-13.986923076923079,1928.4038461538462
663776,"Sandoval, Patrick",SI,2023,109,100.97798,100.97798,93.52568807339449,13.507155963302752,-13.370642201834864,1897.5462962962963
663776,"Sandoval, Patrick",SL,2022,304,99.34737,99.34737,86.41776315789474,1.02,6.656447368421053,2567.145214521452
663776,"Sandoval, Patrick",SL,2023,285,98.005264,98.005264,86.91964912280702,3.4,6.156631578947369,2461.6702508960575
663776,"Sandoval, Patrick",SL,2024,156,97.25,97.25,87.95961538461539,4.013076923076923,7.6923076923076925,2534.4294871794873
663855,"Hicks, Jordan",FS,2024,116,105.010345,105.010345,84.22327586206896,-1.0903448275862069,5.046206896551724,905.4051724137931
663855,"Hicks, Jordan",SI,2022,244,101.43402,101.43402,99.46352459016393,8.19,15.753934426229508,2045.0
663855,"Hicks, Jordan",SI,2023,230,105.55478,105.55478,100.24478260869564,8.264347826086956,15.778434782608695,2117.1057268722466
663855,"Hicks, Jordan",SI,2024,286,104.89336,104.89336,94.6895104895105,5.517062937062938,15.887832167832167,1920.2692307692307
663855,"Hicks, Jordan",SI,2025,215,99.21674,99.21674,97.24,7.361860465116279,16.301581395348837,1909.1813953488372
663855,"Hicks, Jordan",ST,2022,107,105.9028,105.9028,84.60467289719627,-0.834392523364486,-12.11214953271028,2488.5140186915887
663855,"Hicks, Jordan",ST,2024,112,104.19108,104.19108,80.89285714285714,2.2682142857142855,-12.399642857142856,2219.018018018018
663878,"Pearson, Nate",FF,2023,198,103.192924,103.192924,97.85,17.582424242424242,7.585454545454546,2301.287878787879
663878,"Pearson, Nate",FF,2024,201,103.311935,103.311935,97.79751243781094,16.67223880597015,7.490746268656717,2261.5510204081634
663878,"Pearson, Nate",SL,2024,137,100.766426,100.766426,87.95474452554744,0.7743065693430656,-6.306569343065694,2522.222222222222
663893,"Little, Brendon",KC,2025,157,104.15923,104.15923,87.02105263157895,-7.473157894736842,2.2357894736842105,1823.6184210526317
663893,"Little, Brendon",SI,2024,132,103.818184,103.818184,94.5530303030303,-0.15454545454545454,-16.14090909090909,2084.651515151515
663893,"Little, Brendon",SI,2025,125,106.3672,106.3672,93.46747967479675,-1.961951219512195,-14.112195121951219,2024.5365853658536
663903,"Singer, Brady",FF,2025,101,102.21782,102.21782,91.55841584158415,14.757623762376237,6.388514851485149,2454.5247524752476
663903,"Singer, Brady",SI,2022,387,98.61525,98.61525,93.82248062015505,10.130542635658914,14.69798449612403,2292.423772609819
663903,"Singer, Brady",SI,2023,365,98.66603,98.66603,92.16465753424657,9.602301369863014,13.039561643835615,2276.9889807162535
663903,"Singer, Brady",SI,2024,405,97.36839,97.36839,92.26246913580248,9.314666666666668,14.017185185185186,2276.945679012346
663903,"Singer, Brady",SI,2025,267,98.39813,98.39813,92.19325842696628,10.012584269662922,15.67685393258427,2358.325842696629
663903,"Singer, Brady",SL,2022,341,98.32258,98.32258,85.59149560117302,0.5102639296187683,-3.7594134897360707,2334.8621700879767
663903,"Singer, Brady",SL,2023,418,100.343056,100.343056,83.92368421052632,1.1262200956937798,-3.4125358851674643,2375.781774580336
663903,"Singer, Brady",SL,2024,473,99.031494,99.031494,83.00253699788583,-0.9130655391120507,-4.454714587737843,2413.150105708245
663903,"Singer, Brady",SL,2025,266,99.53346,99.53346,82.703007518797,-1.0583458646616541,-4.670526315789473,2434.808270676692
663941,"Beck, Tristan",FF,2023,170,99.278824,99.278824,94.62647058823529,16.401176470588233,8.392235294117647,2090.2559523809523
663941,"Beck, Tristan",SL,2023,199,96.25277,96.25277,87.67788944723618,3.7537688442211055,-5.6484422110552766,2432.6091370558374
663941,"Beck, Tristan",ST,2023,144,100.994446,100.994446,82.22291666666666,-1.845,-16.74,2602.7062937062938
663941,"Beck, Tristan",ST,2025,112,100.324104,100.324104,83.24774774774775,-1.387027027027027,-18.55027027027027,2808.936936936937
663947,"Holton, Tyler",CH,2023,101,99.27326,99.27326,82.85841584158416,5.497425742574258,-14.78851485148515,1634.57
663947,"Holton, Tyler",CH,2024,107,98.81028,98.81028,83.5822429906542,4.761869158878505,-14.780186915887851,1652.8317757009345
663947,"Holton, Tyler",FC,2024,122,97.48606,97.48606,87.7172131147541,7.328852459016393,3.9019672131147543,2359.4918032786886
663947,"Holton, Tyler",FC,2025,128,98.0461,98.0461,88.6232,8.11488,4.0627200000000006,2354.576
663947,"Holton, Tyler",FF,2023,125,96.4864,96.4864,91.55839999999999,16.74624,-3.8707200000000004,2174.568
663969,"Phillips, Tyler",SI,2025,129,99.39458,99.39458,95.45038759689923,5.31906976744186,16.767441860465116,2050.062015503876
663978,"Paddack, Chris",CH,2024,158,99.38418,99.38418,82.79683544303798,4.540253164556962,15.470886075949368,1886.7115384615386
663978,"Paddack, Chris",CH,2025,242,103.789665,103.789665,84.4,4.411304347826087,14.820521739130434,1797.0260869565218
663978,"Paddack, Chris",FF,2022,103,98.18641,98.18641,93.14077669902913,18.457864077669903,9.97631067961165,2191.747572815534
663978,"Paddack, Chris",FF,2024,229,97.95153,97.95153,93.45021834061134,16.989170305676854,11.014323144104804,2218.6740088105726
663978,"Paddack, Chris",FF,2025,458,101.60197,101.60197,93.72651162790699,17.834790697674418,9.109953488372094,2232.6581395348835
663978,"Paddack, Chris",SL,2025,113,100.414154,100.414154,86.55904761904763,7.364571428571428,-2.4777142857142858,1979.9142857142858
663986,"Stephan, Trevor",FF,2022,151,100.665565,100.665565,96.59139072847681,14.3841059602649,10.818278145695365,2475.3716216216217
663986,"Stephan, Trevor",FF,2023,172,98.89069,98.89069,95.05813953488372,15.03767441860465,8.633720930232558,2523.4651162790697
663986,"Stephan, Trevor",FS,2023,115,104.75304,104.75304,86.5895652173913,4.759304347826087,10.137391304347826,1268.095652173913
664062,"Gonsolin, Tony",FF,2022,329,95.76109,95.76109,93.2434650455927,17.425531914893618,8.45872340425532,2325.61094224924
664062,"Gonsolin, Tony",FF,2023,250,95.964,95.964,92.758,16.01472,10.8264,2218.084
664062,"Gonsolin, Tony",FS,2022,273,98.120514,98.120514,83.47032967032968,1.9112087912087912,12.021538461538462,1385.6007326007325
664062,"Gonsolin, Tony",FS,2023,179,98.85866,98.85866,83.10558659217877,0.8312849162011173,13.555307262569833,1475.9832402234638
664062,"Gonsolin, Tony",SL,2022,178,98.990456,98.990456,87.37752808988765,4.1946067415730335,-3.26561797752809,2469.3426966292136
664062,"Gonsolin, Tony",SL,2023,131,97.08473,97.08473,86.83053435114503,6.090687022900763,-2.8635114503816794,2465.1603053435115
664076,"Cleavinger, Garrett",FC,2024,102,99.649025,99.649025,90.88725490196079,6.868235294117648,2.96,2515.5588235294117
664076,"Cleavinger, Garrett",SI,2025,106,103.817924,103.817924,96.25428571428571,9.132571428571428,-16.28457142857143,2418.866666666667
664076,"Cleavinger, Garrett",SL,2025,117,98.86325,98.86325,87.19911504424779,-0.5437168141592921,6.170973451327434,2598.6339285714284
664126,"Fairbanks, Pete",FF,2024,120,97.67166,97.67166,97.45916666666668,18.215,2.414,2366.241666666667
664126,"Fairbanks, Pete",FF,2025,177,98.93955,98.93955,97.41988636363637,17.3925,0.18204545454545454,2440.9411764705883
664126,"Fairbanks, Pete",SL,2025,111,98.02072,98.02072,85.36037735849057,-5.765660377358491,-5.180377358490566,2523.4666666666667
664139,"Gibaut, Ian",FC,2023,131,98.76565,98.76565,91.77862595419847,10.161526717557253,-3.9948091603053437,2326.8015267175574
664139,"Gibaut, Ian",FF,2023,206,102.22573,102.22573,95.2616504854369,17.204271844660195,5.061553398058253,2237.7303921568628
664139,"Gibaut, Ian",ST,2023,105,98.17905,98.17905,83.83238095238094,2.9622857142857146,-14.746285714285714,2502.961904761905
664141,"Brubaker, JT",CU,2022,144,102.78403,102.78403,79.94722222222222,-8.33,-6.758333333333333,2821.5069444444443
664141,"Brubaker, JT",SI,2022,341,95.954834,95.954834,93.15425219941349,9.988856304985337,16.301348973607038,2289.1612903225805
664141,"Brubaker, JT",SL,2022,324,103.28118,103.28118,86.63024691358025,1.9896296296296296,-0.8844444444444445,2657.3796296296296
664161,"Swarmer, Matt",SL,2022,171,100.84853,100.84853,82.02631578947368,3.2238596491228066,-7.239298245614036,2189.2105263157896
664192,"Lucchesi, Joey",SI,2023,151,99.172844,99.172844,90.02317880794702,10.320794701986756,-14.329271523178807,2177.3020134228186
664192,"Lucchesi, Joey",SI,2025,103,98.61262,98.61262,92.43300970873787,10.124271844660194,-14.433786407766991,2255.3883495145633
664199,"Clarke, Taylor",FF,2022,144,101.04236,101.04236,95.5375,17.762500000000003,5.415,2263.2430555555557
664199,"Clarke, Taylor",SL,2022,120,97.207504,97.207504,88.39583333333333,3.2950000000000004,-3.3089999999999997,2156.5798319327732
664199,"Clarke, Taylor",SL,2023,153,99.094124,99.094124,88.44444444444444,4.933333333333333,-4.330196078431372,2187.6601307189544
664199,"Clarke, Taylor",SL,2025,125,97.025604,97.025604,87.4512,2.18688,-5.06592,2328.016
664208,"Maton, Phil",CU,2022,149,102.06913,102.06913,74.36308724832215,-8.901744966442953,-19.884563758389262,3000.93288590604
664208,"Maton, Phil",CU,2023,156,103.01666,103.01666,73.60320512820513,-10.913076923076924,-18.507692307692306,3154.883870967742
664208,"Maton, Phil",CU,2024,117,101.93247,101.93247,74.77606837606837,-12.221538461538461,-18.376410256410256,3178.217391304348
664208,"Maton, Phil",CU,2025,161,100.89441,100.89441,75.95256410256411,-9.773846153846154,-18.383076923076924,3189.0833333333335
664208,"Maton, Phil",FC,2023,107,105.65795,105.65795,89.03457943925234,10.001495327102804,-4.1024299065420555,2563.6355140186915
664208,"Maton, Phil",FC,2024,142,103.77395,103.77395,88.8225352112676,11.487887323943662,-3.655774647887324,2544.9148936170213
664208,"Maton, Phil",FC,2025,114,103.24036,103.24036,90.44545454545455,13.594909090909091,-0.5847272727272728,2595.981818181818
664208,"Maton, Phil",FF,2022,191,108.12669,108.12669,91.00366492146597,16.27287958115183,1.622198952879581,2500.908108108108
664208,"Maton, Phil",ST,2023,100,98.412,98.412,79.69800000000001,3.0924,-19.0392,2681.030303030303
664285,"Valdez, Framber",CH,2022,124,98.06855,98.06855,88.98790322580645,2.291612903225807,-15.141290322580645,1643.1290322580646
664285,"Valdez, Framber",CH,2023,199,98.870346,98.870346,90.33065326633165,4.30070351758794,-15.37929648241206,1665.5179487179487
664285,"Valdez, Framber",CH,2024,196,100.21224,100.21224,90.08214285714286,0.8020408163265307,-14.604489795918367,1679.4202127659576
664285,"Valdez, Framber",CH,2025,237,98.4422,98.4422,90.06708860759494,1.1873417721518986,-14.782784810126582,1724.2067510548522
664285,"Valdez, Framber",CU,2022,350,104.40657,104.40657,79.258,-16.088228571428573,11.658171428571428,2849.5857142857144
664285,"Valdez, Framber",CU,2023,277,102.88556,102.88556,80.3350180505415,-14.40173285198556,8.913357400722022,2838.5940959409595
664285,"Valdez, Framber",CU,2024,301,104.287704,104.287704,79.79900332225914,-14.638006644518272,11.42671096345515,2906.0296296296297
664285,"Valdez, Framber",CU,2025,368,103.64592,103.64592,79.55803814713896,-14.83291553133515,13.060054495912807,2943.893732970027
664285,"Valdez, Framber",SI,2022,573,99.1555,99.1555,94.1958115183246,6.881047120418849,-14.427853403141361,2205.3979057591623
664285,"Valdez, Framber",SI,2023,509,100.74597,100.74597,95.42966601178782,9.719999999999999,-15.801335952848722,2182.3767258382645
664285,"Valdez, Framber",SI,2024,369,100.68835,100.68835,94.15203252032519,5.866341463414634,-16.363252032520325,2148.158774373259
664285,"Valdez, Framber",SI,2025,486,98.94506,98.94506,94.5921649484536,6.141773195876289,-15.982020618556701,2200.5505154639177
664285,"Valdez, Framber",SL,2022,133,99.455635,99.455635,82.90827067669173,-5.466766917293233,3.66406015037594,2673.9469696969695
664294,"Moreta, Dauri",FF,2022,131,104.81222,104.81222,96.15648854961832,17.462290076335876,10.085496183206107,2273.4885496183206
664294,"Moreta, Dauri",SL,2023,223,100.68385,100.68385,84.70403587443946,0.06188340807174886,7.829596412556054,1991.6636771300448
664299,"Javier, Cristian",FF,2022,716,105.592735,105.592735,93.89790502793295,19.10463687150838,7.298212290502794,2360.4469273743016
664299,"Javier, Cristian",FF,2023,772,103.94715,103.94715,92.85751295336787,18.69715025906736,5.623367875647668,2258.3992146596856
664299,"Javier, Cristian",FF,2025,114,102.88158,102.88158,93.02894736842104,18.543157894736844,4.961052631578947,2352.315789473684
664299,"Javier, Cristian",SL,2022,230,99.09,99.09,80.07347826086958,2.9624347826086956,-15.073043478260871,2620.0695652173913
664299,"Javier, Cristian",SL,2023,268,97.89776,97.89776,79.57947761194029,2.5222388059701495,-14.035074626865672,2565.7846153846153
664353,"Urquidy, José",CH,2022,170,98.63352,98.63352,86.07176470588236,13.393411764705883,15.698117647058822,1983.4
664353,"Urquidy, José",CH,2023,105,100.71238,100.71238,86.13142857142856,11.186285714285713,16.914285714285715,2094.809523809524
664353,"Urquidy, José",CU,2022,129,96.27519,96.27519,78.55658914728681,-14.923720930232559,-7.17860465116279,2633.3875968992247
664353,"Urquidy, José",FF,2022,623,100.135956,100.135956,93.44638844301765,19.831011235955057,7.727191011235955,2194.1332263242375
664353,"Urquidy, José",FF,2023,152,100.24342,100.24342,93.1703947368421,19.43842105263158,7.826842105263158,2267.245033112583
664353,"Urquidy, José",ST,2022,137,99.96204,99.96204,79.9948905109489,0.9985401459854015,-15.042919708029197,2609.992700729927
664747,"Díaz, Alexis",FF,2022,222,111.711266,111.711266,95.71666666666665,14.252972972972973,6.776756756756757,2666.892018779343
664747,"Díaz, Alexis",FF,2023,152,107.88356,107.88356,94.53618421052632,13.301842105263159,9.19578947368421,2563.309210526316
664747,"Díaz, Alexis",FF,2024,154,108.32857,108.32857,94.12272727272727,13.146233766233767,10.067532467532468,2621.3506493506493
664747,"Díaz, Alexis",SL,2022,134,101.922386,101.922386,86.82985074626866,0.7602985074626866,-5.767164179104477,2751.576
664747,"Díaz, Alexis",SL,2023,221,99.9457,99.9457,87.6502262443439,2.4211764705882355,-4.15710407239819,2639.7772727272727
664747,"Díaz, Alexis",SL,2024,153,98.56144,98.56144,87.6954248366013,3.3317647058823527,-3.3145098039215686,2635.078431372549
664776,"Cousins, Jake",SL,2024,133,105.2985,105.2985,82.01353383458645,-0.06045112781954885,-13.919097744360903,2627.714285714286
664849,"Young, Danny",SI,2024,109,100.63119,100.63119,91.42935779816513,3.478899082568807,-18.692477064220185,2355.509433962264
664854,"Helsley, Ryan",FF,2022,212,104.927826,104.927826,99.92028301886792,18.163018867924528,2.7464150943396226,2647.7571428571428
664854,"Helsley, Ryan",FF,2023,135,106.381485,106.381485,99.86518518518518,18.561777777777777,3.409777777777778,2657.0296296296297
664854,"Helsley, Ryan",FF,2024,175,101.53257,101.53257,99.72457142857142,17.430857142857143,3.3312000000000004,2557.1085714285714
664854,"Helsley, Ryan",FF,2025,168,99.85238,99.85238,99.6625,17.481428571428573,2.3007142857142857,2538.904761904762
664854,"Helsley, Ryan",SL,2022,128,105.9875,105.9875,89.26015625,1.970625,-4.456875,2447.047244094488
664854,"Helsley, Ryan",SL,2024,186,105.77742,105.77742,89.42580645161291,0.7445161290322582,-4.129032258064516,2418.4032258064517
664854,"Helsley, Ryan",SL,2025,167,103.935326,103.935326,88.99880239520958,0.09556886227544914,-3.7049101796407187,2409.0239520958085
664875,"Lawrence, Justin",SI,2022,140,98.82357,98.82357,95.11642857142857,0.9788571428571428,16.174285714285716,2286.1785714285716
664875,"Lawrence, Justin",SI,2023,151,100.77219,100.77219,95.34238410596026,-1.0203973509933775,15.286092715231787,2313.2837837837837
664875,"Lawrence, Justin",SI,2024,193,99.13575,99.13575,94.51450777202072,-0.20766839378238344,14.419896373056995,2344.1347150259066
664875,"Lawrence, Justin",ST,2022,121,100.73388,100.73388,82.72892561983471,3.795371900826446,-14.260165289256198,2808.5537190082646
664875,"Lawrence, Justin",ST,2023,165,101.17152,101.17152,83.87333333333333,4.617454545454545,-14.789090909090907,2985.21875
664875,"Lawrence, Justin",ST,2024,139,99.682014,99.682014,83.15107913669065,3.5153956834532374,-14.51136690647482,2951.294964028777
665001,"Kelley, Trevor",FF,2022,107,98.57102,98.57102,89.81401869158879,5.164485981308411,17.58392523364486,2215.504672897196
665152,"Kremer, Dean",CH,2023,120,99.8275,99.8275,85.2175,5.019,15.360000000000001,1717.8235294117646
665152,"Kremer, Dean",CU,2025,123,97.64797,97.64797,78.53495934959349,-11.506341463414634,-6.095609756097561,2775.560975609756
665152,"Kremer, Dean",FC,2022,245,103.83184,103.83184,88.2804081632653,8.159510204081633,-4.590857142857143,2485.5142857142855
665152,"Kremer, Dean",FC,2023,276,100.263405,100.263405,88.7768115942029,8.443478260869565,-3.983913043478261,2438.0978260869565
665152,"Kremer, Dean",FC,2024,205,100.79512,100.79512,86.99121951219513,5.59609756097561,-5.449170731707317,2397.765853658537
665152,"Kremer, Dean",FC,2025,218,104.09908,104.09908,86.92798165137614,5.7776146788990825,-4.933211009174312,2402.0963302752293
665152,"Kremer, Dean",FF,2022,228,101.09649,101.09649,93.78728070175438,16.388947368421054,8.710526315789474,2240.8377192982457
665152,"Kremer, Dean",FF,2023,444,102.312386,102.312386,94.76779279279279,16.84216216216216,9.731081081081081,2307.552036199095
665152,"Kremer, Dean",FF,2024,310,100.60581,100.60581,93.52709677419355,17.849032258064515,8.041935483870967,2269.8903225806453
665152,"Kremer, Dean",FF,2025,281,98.43808,98.43808,93.42419928825623,18.01067615658363,7.52626334519573,2267.7437722419927
665152,"Kremer, Dean",FS,2024,188,99.76224,99.76224,84.13138297872341,7.851063829787234,8.86276595744681,1013.1436170212766
665152,"Kremer, Dean",FS,2025,266,100.10601,100.10601,81.87781954887218,9.653233082706768,10.581203007518797,1115.187969924812
665152,"Kremer, Dean",SI,2023,145,96.61103,96.61103,91.85724137931034,9.327724137931034,16.038620689655172,1984.9931034482759
665152,"Kremer, Dean",SI,2024,132,96.84773,96.84773,92.25833333333334,12.400909090909092,14.500909090909092,2112.560606060606
665152,"Kremer, Dean",SI,2025,178,97.30787,97.30787,92.90674157303371,12.12202247191011,14.846966292134832,2137.174157303371
665621,"García, Rony",FF,2022,145,101.94276,101.94276,92.63655172413793,13.761103448275861,10.119724137931033,2340.5655172413794
665622,"Medina, Luis",FF,2023,317,98.01009,98.01009,96.09526813880126,16.474069400630913,5.8818927444794955,2333.5227272727275
665622,"Medina, Luis",SL,2023,177,103.620346,103.620346,85.44858757062147,-0.19932203389830508,-3.0189830508474578,2274.0361445783133
665625,"Peguero, Elvis",SI,2023,134,106.74104,106.74104,96.20298507462687,1.8188059701492538,16.567164179104477,1852.7388059701493
665625,"Peguero, Elvis",SI,2024,130,102.70154,102.70154,96.88461538461539,4.166769230769231,16.77876923076923,1873.076923076923
665625,"Peguero, Elvis",SL,2022,108,101.816666,101.816666,91.125,2.497777777777778,-1.3222222222222224,2532.2314814814813
665625,"Peguero, Elvis",SL,2023,166,103.206635,103.206635,90.63975903614458,-0.03325301204819277,-2.543855421686747,2503.253012048193
665625,"Peguero, Elvis",SL,2024,138,103.87681,103.87681,90.32971014492753,-1.8295652173913042,-3.707826086956522,2631.0797101449275
665660,"Alvarado, Elvis",FF,2025,125,108.8376,108.8376,98.5673076923077,13.277307692307694,14.307692307692308,2430.019230769231
665665,"Sanmartin, Reiver",CH,2022,116,99.30258,99.30258,85.42844827586208,-0.8255172413793104,-16.675862068965518,2020.798245614035
665665,"Sanmartin, Reiver",SL,2022,100,99.877,99.877,82.054,1.8684,5.8704,2434.5151515151515
665795,"Cabrera, Edward",CH,2022,186,99.05807,99.05807,92.47795698924732,7.863225806451613,15.871612903225806,1676.8333333333333
665795,"Cabrera, Edward",CH,2023,199,99.727135,99.727135,93.07035175879398,7.589547738693467,16.309145728643216,1698.964824120603
665795,"Cabrera, Edward",CH,2024,186,99.86721,99.86721,93.31182795698925,6.598709677419354,15.5,1635.02688172043
665795,"Cabrera, Edward",CH,2025,200,102.1655,102.1655,94.243,4.251,17.651400000000002,1746.81
665795,"Cabrera, Edward",CU,2022,101,100.29802,100.29802,84.0940594059406,-5.422574257425742,-9.262574257425742,2432.069306930693
665795,"Cabrera, Edward",CU,2023,116,100.68189,100.68189,85.07327586206897,-7.276551724137931,-10.002413793103448,2602.094827586207
665795,"Cabrera, Edward",CU,2025,176,102.3375,102.3375,84.06875000000001,-11.06590909090909,-10.868863636363637,2633.9602272727275
665795,"Cabrera, Edward",FF,2023,130,98.471535,98.471535,96.49461538461537,16.139999999999997,9.048923076923076,2311.4384615384615
665795,"Cabrera, Edward",FF,2024,174,95.812645,95.812645,96.55459770114942,15.052413793103447,9.144137931034482,2236.1494252873563
665795,"Cabrera, Edward",SI,2025,162,98.31605,98.31605,96.73641975308641,9.571111111111112,17.25037037037037,2302.598765432099
665795,"Cabrera, Edward",SL,2025,136,99.14044,99.14044,88.52279411764707,1.9429411764705884,-1.9094117647058824,2549.139705882353
665871,"Assad, Javier",FC,2023,198,96.16262,96.16262,89.15353535353536,8.038787878787879,-3.272121212121212,2060.238578680203
665871,"Assad, Javier",FC,2024,188,97.55266,97.55266,88.0,8.405106382978724,-3.6517021276595742,2056.627659574468
665871,"Assad, Javier",FF,2023,128,95.83516,95.83516,93.38515625,16.003125,5.244375,2105.2109375
665871,"Assad, Javier",FF,2024,150,96.66267,96.66267,91.79466666666667,16.7256,5.5408,2048.2933333333335
665871,"Assad, Javier",SI,2023,215,96.883255,96.883255,92.71302325581395,10.640372093023256,13.892651162790697,1929.4252336448599
665871,"Assad, Javier",SI,2024,275,96.504364,96.504364,91.48472727272727,11.253381818181818,13.952727272727273,1892.7018181818182
666120,"Anderson, Ian",CH,2022,317,99.96751,99.96751,88.18675078864354,9.89602523659306,10.282902208201893,1521.0316455696202
666120,"Anderson, Ian",CU,2022,126,102.55397,102.55397,81.5404761904762,-2.823809523809524,-0.34571428571428575,1812.8306451612902
666120,"Anderson, Ian",FF,2022,368,96.07853,96.07853,93.95298913043477,16.648043478260867,6.146413043478261,1930.3152173913043
666129,"Garrett, Braxton",FC,2023,163,99.247856,99.247856,87.62331288343559,4.114601226993865,2.1357055214723926,2384.2283950617284
666129,"Garrett, Braxton",FF,2022,115,97.98956,97.98956,91.63565217391304,16.05808695652174,-8.919652173913043,2316.3478260869565
666129,"Garrett, Braxton",SI,2023,239,96.680336,96.680336,90.46192468619248,6.940418410041841,-15.628619246861923,2061.8601694915255
666129,"Garrett, Braxton",SL,2022,185,101.03189,101.03189,83.96864864864865,-2.7483243243243245,9.476108108108107,2306.5513513513515
666129,"Garrett, Braxton",SL,2023,245,103.04979,103.04979,82.92489795918367,-2.733061224489796,10.187755102040816,2212.798353909465
666142,"Ragans, Cole",CH,2022,101,109.469315,109.469315,82.36732673267328,14.11841584158416,-16.091881188118812,2224.019801980198
666142,"Ragans, Cole",CH,2023,171,105.24269,105.24269,86.59941520467837,10.731228070175439,-15.65684210526316,2058.7953216374267
666142,"Ragans, Cole",CH,2024,324,107.00432,107.00432,84.81820987654321,12.40851851851852,-15.918148148148147,2161.962962962963
666142,"Ragans, Cole",FC,2024,124,100.72661,100.72661,90.88145161290322,9.820645161290322,-0.7374193548387097,2515.8225806451615
666142,"Ragans, Cole",FF,2022,116,96.68104,96.68104,92.15862068965517,18.468620689655175,-10.620000000000001,2403.1293103448274
666142,"Ragans, Cole",FF,2023,260,102.97231,102.97231,96.6423076923077,16.023692307692308,-12.702461538461538,2486.95
666142,"Ragans, Cole",FF,2024,486,102.037445,102.037445,95.69711934156379,17.205925925925925,-12.506913580246913,2561.7798353909466
666142,"Ragans, Cole",FF,2025,120,101.3375,101.3375,95.47416666666666,16.966,-13.792,2572.925
666142,"Ragans, Cole",SL,2024,149,103.60134,103.60134,85.96644295302013,-0.30040268456375835,0.993020134228188,2587.5838926174497
666157,"Lodolo, Nick",CH,2024,112,100.244644,100.244644,88.20714285714287,1.202142857142857,-17.702142857142857,1991.544642857143
666157,"Lodolo, Nick",CH,2025,211,98.4564,98.4564,87.75666666666667,1.7554285714285713,-16.88342857142857,1840.6809523809525
666157,"Lodolo, Nick",CU,2022,153,105.87059,105.87059,81.49019607843137,1.4298039215686273,14.158431372549018,2715.0
666157,"Lodolo, Nick",CU,2024,160,104.67937,104.67937,81.78,-0.28725,11.388,2635.05625
666157,"Lodolo, Nick",CU,2025,221,102.48733,102.48733,82.09629629629629,0.15222222222222223,8.197777777777778,2564.425925925926
666157,"Lodolo, Nick",FF,2022,114,104.07543,104.07543,94.27017543859648,10.15578947368421,-16.63157894736842,2316.387387387387
666157,"Lodolo, Nick",FF,2024,239,99.1318,99.1318,94.13138075313807,9.711464435146443,-17.270460251046025,2357.644351464435
666157,"Lodolo, Nick",FF,2025,219,99.5137,99.5137,93.5705069124424,9.158709677419354,-17.285529953917052,2285.820276497696
666157,"Lodolo, Nick",SI,2022,140,101.758575,101.758575,94.11357142857143,6.323142857142857,-18.518571428571427,2287.4202898550725
666157,"Lodolo, Nick",SI,2025,171,100.39005,100.39005,93.82619047619048,5.485714285714286,-17.91357142857143,2298.565476190476
666159,"Manning, Matt",FF,2022,163,99.23681,99.23681,93.54601226993866,16.248588957055215,2.7445398773006136,2091.5337423312885
666159,"Manning, Matt",FF,2023,210,98.53666,98.53666,93.58714285714285,16.26857142857143,3.4291428571428573,2153.8803827751194
666159,"Manning, Matt",ST,2023,147,98.605446,98.605446,82.08367346938775,7.925714285714285,-9.841632653061225,2258.374149659864
666168,"Thompson, Mason",SI,2022,107,99.14019,99.14019,95.75327102803739,10.965981308411216,16.498317757009346,2247.4766355140187
666168,"Thompson, Mason",SI,2023,158,99.648735,99.648735,94.55506329113925,7.673924050632912,17.154683544303797,2242.8104575163397
666171,"Zeferjahn, Ryan",FC,2025,151,101.058945,101.058945,90.15761589403974,3.2765562913907282,-5.175099337748344,2427.9403973509934
666171,"Zeferjahn, Ryan",FF,2025,108,99.44352,99.44352,97.44444444444444,15.95111111111111,4.144444444444445,2226.277777777778
666200,"Luzardo, Jesús",CH,2022,132,104.259094,104.259094,87.09848484848484,8.302727272727273,-15.529090909090911,1878.4318181818182
666200,"Luzardo, Jesús",CH,2023,233,100.80687,100.80687,88.51330472103004,6.673648068669528,-16.257682403433478,1971.5689655172414
666200,"Luzardo, Jesús",CH,2025,178,101.149994,101.149994,87.92752808988764,7.128539325842698,-16.62674157303371,1932.2640449438202
666200,"Luzardo, Jesús",FF,2022,135,98.09926,98.09926,96.41851851851852,14.833777777777778,-13.48,2203.4074074074074
666200,"Luzardo, Jesús",FF,2023,505,98.83426,98.83426,96.8459405940594,13.765544554455447,-14.310653465346535,2251.4254473161036
666200,"Luzardo, Jesús",FF,2024,112,97.58303,97.58303,95.78482142857142,15.272142857142857,-12.917142857142858,2218.9464285714284
666200,"Luzardo, Jesús",FF,2025,304,97.14902,97.14902,96.62269736842104,13.844605263157895,-12.130263157894737,2239.621710526316
666200,"Luzardo, Jesús",SL,2022,150,104.73533,104.73533,83.826,-0.6024,1.1312,2315.1666666666665
666200,"Luzardo, Jesús",SL,2023,261,107.08736,107.08736,85.26590038314177,1.4377011494252874,-0.1039080459770115,2317.2355212355214
666200,"Luzardo, Jesús",ST,2025,246,103.17967,103.17967,86.52073170731707,-0.061951219512195156,8.874146341463414,2306.4146341463415
666201,"Manoah, Alek",CH,2022,107,98.84112,98.84112,86.5158878504673,9.669532710280375,14.545794392523366,1970.5607476635514
666201,"Manoah, Alek",FF,2022,453,99.30751,99.30751,94.08079470198675,16.95523178807947,5.418807947019867,2378.80353200883
666201,"Manoah, Alek",FF,2023,215,98.08418,98.08418,92.95627906976743,16.07386046511628,6.12446511627907,2347.3632075471696
666201,"Manoah, Alek",SI,2022,294,98.36428,98.36428,93.43809523809523,10.337551020408162,14.974693877551022,2206.292517006803
666201,"Manoah, Alek",SI,2023,201,97.28806,97.28806,92.67512437810946,10.692537313432835,14.722388059701492,2220.005076142132
666201,"Manoah, Alek",SL,2022,315,99.68381,99.68381,81.56825396825397,0.6106666666666667,-14.459809523809524,2221.2190476190476
666201,"Manoah, Alek",SL,2023,213,99.69342,99.69342,80.77605633802817,0.6608450704225352,-12.347605633802816,2140.0943396226417
666204,"Jiménez, Dany",SL,2022,100,102.795,102.795,81.92399999999999,-0.6192,-2.1072,2365.56
666205,"Muller, Kyle",FF,2023,246,95.07358,95.07358,93.69837398373983,13.098536585365853,-5.641951219512196,2415.5528455284552
666205,"Muller, Kyle",FF,2024,171,94.125145,94.125145,92.76783625730994,15.378245614035087,-1.144561403508772,2367.438596491228
666205,"Muller, Kyle",SL,2023,131,97.683205,97.683205,87.31603053435114,3.6274809160305344,0.403969465648855,2081.7862595419847
666214,"Wentz, Joey",CH,2023,125,102.919205,102.919205,85.0544,10.9104,-16.32,2110.08
666214,"Wentz, Joey",CU,2023,105,98.4,98.4,77.80095238095238,-11.411428571428571,8.858285714285714,2499.4761904761904
666214,"Wentz, Joey",CU,2025,132,100.68409,100.68409,79.13787878787879,-7.1009090909090915,5.72,2526.628787878788
666214,"Wentz, Joey",FC,2023,181,100.83315,100.83315,85.74640883977901,5.850828729281768,1.5155801104972375,2365.5474860335194
666214,"Wentz, Joey",FC,2024,148,105.91081,105.91081,85.91013513513514,4.054864864864865,3.021081081081081,2458.5337837837837
666214,"Wentz, Joey",FC,2025,218,103.82752,103.82752,85.7270642201835,3.4970642201834865,3.7838532110091743,2501.229357798165
666214,"Wentz, Joey",FF,2022,130,96.050766,96.050766,92.62,16.476,-11.760923076923078,2276.8230769230768
666214,"Wentz, Joey",FF,2023,300,95.934,95.934,93.318,15.3392,-12.3036,2213.1466666666665
666214,"Wentz, Joey",FF,2024,161,96.5795,96.5795,93.74534161490683,17.278509316770187,-7.9341614906832305,2237.6273291925468
666214,"Wentz, Joey",FF,2025,328,97.603966,97.603966,93.60457317073171,17.92939024390244,-5.215975609756097,2311.4695121951218
666277,"Soriano, George",FF,2023,136,97.354416,97.354416,94.60441176470589,11.803235294117647,7.871470588235294,2129.8030303030305
666277,"Soriano, George",SL,2023,121,99.623146,99.623146,83.46115702479338,-0.36000000000000004,-10.9299173553719,2739.0254237288136
666374,"Brash, Matt",FF,2022,107,107.07009,107.07009,97.16635514018691,13.712523364485982,11.285607476635514,2232.1415094339623
666374,"Brash, Matt",FF,2023,138,105.42464,105.42464,98.08478260869566,12.991304347826087,9.474782608695651,2269.131386861314
666374,"Brash, Matt",SL,2022,110,103.450905,103.450905,87.18454545454544,-0.18109090909090908,-15.416727272727272,2898.3119266055046
666374,"Brash, Matt",SL,2023,217,105.304146,105.304146,88.99723502304148,3.3384331797235025,-11.360737327188941,2829.748837209302
666374,"Brash, Matt",SL,2025,104,102.64519,102.64519,86.2360824742268,-0.5121649484536083,-15.215257731958763,2931.463917525773
666619,"Santos, Gregory",SI,2023,158,105.860756,105.860756,99.09620253164557,7.143797468354431,11.65746835443038,2411.993548387097
666619,"Santos, Gregory",SL,2023,220,102.453636,102.453636,91.55590909090908,1.4034545454545455,-5.677090909090909,2532.2909090909093
666745,"Brito, Jhony",CH,2023,185,99.25568,99.25568,89.01891891891891,7.23827027027027,15.984,1677.7135135135136
666745,"Brito, Jhony",SI,2023,161,99.18633,99.18633,95.96459627329192,10.198509316770187,17.300124223602484,2124.950310559006
666808,"Doval, Camilo",FC,2022,115,104.17305,104.17305,99.42782608695653,12.694956521739131,4.954434782608695,2556.8434782608697
666808,"Doval, Camilo",FC,2023,127,104.61575,104.61575,99.70866141732283,13.0148031496063,7.265196850393702,2518.165354330709
666808,"Doval, Camilo",FC,2024,104,96.12885,96.12885,99.21057692307691,10.906153846153845,5.6111538461538455,2420.029702970297
666808,"Doval, Camilo",FC,2025,159,97.0629,97.0629,98.18867924528301,10.163018867924528,3.5049056603773585,2521.2264150943397
666808,"Doval, Camilo",SL,2022,197,103.76295,103.76295,87.81421319796955,0.47512690355329956,-6.838781725888325,2547.776649746193
666808,"Doval, Camilo",SL,2023,152,104.44473,104.44473,88.79342105263159,2.2863157894736843,-2.993684210526316,2451.326666666667
666808,"Doval, Camilo",SL,2024,219,104.64886,104.64886,88.8716894977169,-0.6942465753424657,-4.888219178082192,2491.677570093458
666808,"Doval, Camilo",SL,2025,181,104.02265,104.02265,89.0858757062147,-0.7315254237288135,-7.498305084745763,2632.4406779661017
666818,"Frías, Luis",FC,2023,106,108.583015,108.583015,90.10943396226415,5.875471698113207,-3.656603773584906,2197.830188679245
666974,"Cano, Yennier",CH,2023,117,102.98633,102.98633,90.96410256410256,1.4205128205128204,18.05128205128205,1807.8290598290598
666974,"Cano, Yennier",CH,2024,120,104.97,104.97,91.12083333333334,1.101,17.09,1743.2
666974,"Cano, Yennier",SI,2023,188,107.46596,107.46596,96.39521276595744,-2.6527659574468085,17.74468085106383,2120.345945945946
666974,"Cano, Yennier",SI,2024,212,108.853775,108.853775,96.0382075471698,-1.9216981132075472,17.025283018867924,2080.6415094339623
666974,"Cano, Yennier",SI,2025,144,105.212494,105.212494,95.2125,-1.6641666666666668,16.853333333333335,2054.215277777778
667427,"Jackson, Zach",FF,2022,149,98.83356,98.83356,94.58523489932887,19.580939597315435,5.025503355704697,2118.6308724832215
667427,"Jackson, Zach",SL,2022,122,103.71967,103.71967,85.45901639344262,-2.4078688524590164,-0.5901639344262295,2469.9754098360654
667463,"King, John",CH,2024,103,99.392235,99.392235,84.33203883495146,3.0535922330097085,-15.584854368932039,1630.621359223301
667463,"King, John",SI,2022,136,102.944855,102.944855,92.44779411764705,0.6247058823529412,-15.59029411764706,2073.1037037037036
667463,"King, John",SI,2023,119,100.9084,100.9084,93.82773109243698,2.2991596638655465,-15.741176470588236,2151.0
667463,"King, John",SI,2024,206,100.14952,100.14952,93.55388349514563,3.4706796116504854,-15.183495145631069,2191.200980392157
667463,"King, John",SI,2025,168,100.44107,100.44107,93.03170731707317,3.0870731707317076,-14.55219512195122,2237.9146341463415
667755,"Soriano, José",FF,2024,101,95.56238,95.56238,99.07029702970297,12.326732673267326,11.139801980198019,2195.4455445544554
667755,"Soriano, José",KC,2024,146,101.42329,101.42329,86.46095890410959,-7.907671232876712,-10.802465753424658,2445.6369863013697
667755,"Soriano, José",KC,2025,207,101.18261,101.18261,85.29178743961353,-9.882898550724638,-12.205217391304348,2509.8743961352657
667755,"Soriano, José",SI,2024,338,108.05651,108.05651,97.87603550295857,4.246508875739645,15.225088757396449,1891.7218934911243
667755,"Soriano, José",SI,2025,509,101.6778,101.6778,97.13143418467584,3.2656974459724952,13.19834970530452,1917.5108055009823
668338,"Miller, Tyson",FF,2024,179,99.65866,99.65866,89.60558659217877,10.30122905027933,1.8569832402234636,2174.7093023255816
668338,"Miller, Tyson",ST,2024,181,100.095024,100.095024,80.2817679558011,10.916022099447513,-13.341878453038674,2513.8555555555554
668674,"Erceg, Lucas",FF,2024,112,102.46161,102.46161,98.57946428571428,14.807142857142859,10.379999999999999,2160.339285714286
668674,"Erceg, Lucas",FF,2025,102,97.66863,97.66863,97.61764705882354,14.01764705882353,10.48,2091.1666666666665
668676,"Plesac, Zach",CH,2022,153,94.1549,94.1549,85.91307189542484,11.930196078431372,11.211764705882354,1621.5686274509803
668676,"Plesac, Zach",FF,2022,276,96.7942,96.7942,91.97608695652174,18.616086956521738,7.359565217391304,2155.2934782608695
668676,"Plesac, Zach",SL,2022,178,97.6427,97.6427,85.58483146067415,7.317303370786517,-1.4952808988764046,2119.870786516854
668678,"Gallen, Zac",CH,2022,175,97.792,97.792,86.17142857142858,4.298742857142857,11.570057142857143,1525.183908045977
668678,"Gallen, Zac",CH,2023,195,98.07077,98.07077,86.86051282051282,4.319384615384616,12.543384615384616,1515.923076923077
668678,"Gallen, Zac",CH,2024,149,97.94832,97.94832,86.7738255033557,5.294496644295302,11.375838926174497,1531.986577181208
668678,"Gallen, Zac",CH,2025,178,97.59214,97.59214,86.36949152542373,4.048813559322034,11.951864406779661,1504.7670454545455
668678,"Gallen, Zac",FC,2022,185,102.683784,102.683784,90.00486486486487,6.8121081081081085,-5.176864864864865,2417.695652173913
668678,"Gallen, Zac",FC,2023,117,101.31795,101.31795,90.3059829059829,8.994871794871795,-3.29025641025641,2337.495652173913
668678,"Gallen, Zac",FF,2022,468,103.18654,103.18654,94.14358974358974,17.35615384615385,3.186153846153846,2413.2869379014987
668678,"Gallen, Zac",FF,2023,580,100.434654,100.434654,93.59241379310345,16.9911724137931,2.762896551724138,2292.0
668678,"Gallen, Zac",FF,2024,392,99.88903,99.88903,93.77270408163265,16.84622448979592,4.34265306122449,2285.9285714285716
668678,"Gallen, Zac",FF,2025,460,98.11804,98.11804,93.59715536105033,17.07387308533917,4.151684901531729,2319.9387308533915
668678,"Gallen, Zac",KC,2022,230,100.08,100.08,81.62478260869565,-11.949391304347827,-6.617217391304348,2503.9478260869564
668678,"Gallen, Zac",KC,2023,280,101.41036,101.41036,82.345,-10.823142857142857,-3.833142857142857,2464.4244604316546
668678,"Gallen, Zac",KC,2024,305,101.355736,101.355736,80.86163934426229,-11.127344262295082,-5.110032786885245,2417.255737704918
668678,"Gallen, Zac",KC,2025,305,99.643936,99.643936,81.075,-11.358157894736843,-4.758157894736843,2435.375
668868,"Thompson, Zack",FF,2022,131,99.16336,99.16336,94.89007633587786,15.834503816793895,-7.909923664122138,1990.5190839694656
668868,"Thompson, Zack",FF,2023,247,97.8587,97.8587,93.54210526315791,14.933927125506072,-7.12080971659919,1808.9514170040486
668881,"Greene, Hunter",FF,2022,382,104.86728,104.86728,98.73350785340314,16.02848167539267,11.390261780104712,2353.78364116095
668881,"Greene, Hunter",FF,2023,457,103.9558,103.9558,98.50131291028445,15.460306345733041,12.043851203501093,2349.162222222222
668881,"Greene, Hunter",FF,2024,545,101.040184,101.040184,97.7548623853211,16.553394495412846,8.793027522935779,2389.4201834862383
668881,"Greene, Hunter",FF,2025,395,101.08658,101.08658,99.62126582278482,16.53478481012658,9.251544303797468,2441.6430379746835
668881,"Greene, Hunter",SL,2022,293,104.291466,104.291466,88.10955631399317,2.9479863481228668,-4.88518771331058,2351.3424657534247
668881,"Greene, Hunter",SL,2023,305,103.413445,103.413445,87.56163934426229,3.1573770491803277,-4.197245901639344,2332.9704918032785
668881,"Greene, Hunter",SL,2024,318,103.56195,103.56195,86.76635220125786,3.415471698113208,-6.331320754716981,2378.6761006289307
668881,"Greene, Hunter",SL,2025,207,103.42029,103.42029,89.62270531400966,3.8000000000000003,-5.506086956521739,2427.1062801932367
668909,"Williams, Gavin",CU,2024,112,101.13839,101.13839,79.79196428571429,-14.64,-10.220357142857143,2383.2589285714284
668909,"Williams, Gavin",CU,2025,169,100.6071,100.6071,82.07337278106509,-13.435029585798816,-10.331360946745562,2464.01775147929
668909,"Williams, Gavin",FC,2025,123,97.63171,97.63171,91.90487804878047,7.289756097560976,2.5931707317073167,2283.829268292683
668909,"Williams, Gavin",FF,2023,303,101.27624,101.27624,95.7016501650165,16.093465346534654,10.033267326732673,2224.059405940594
668909,"Williams, Gavin",FF,2024,386,102.4259,102.4259,96.77461139896373,15.296269430051813,11.212849740932642,2315.9274611398964
668909,"Williams, Gavin",FF,2025,345,99.973915,99.973915,96.43449275362319,15.373565217391304,11.09704347826087,2296.866666666667
668909,"Williams, Gavin",SL,2023,130,99.86693,99.86693,85.00538461538463,1.403076923076923,-3.720923076923077,2251.630769230769
668909,"Williams, Gavin",ST,2025,158,103.56266,103.56266,86.3240506329114,-0.9432911392405062,-10.14379746835443,2268.487341772152
668933,"Ashcraft, Graham",FC,2022,382,97.09738,97.09738,97.35471204188482,9.222722513089005,-0.5695287958115184,2383.0728291316527
668933,"Ashcraft, Graham",FC,2023,480,96.45334,96.45334,95.79145833333334,6.80375,-2.16625,2439.152719665272
668933,"Ashcraft, Graham",FC,2024,264,94.25985,94.25985,95.67954545454546,9.850454545454545,-1.279090909090909,2423.4810606060605
668933,"Ashcraft, Graham",FC,2025,148,98.14324,98.14324,96.90206896551723,8.970206896551725,-2.691310344827586,2601.9310344827586
668933,"Ashcraft, Graham",SI,2022,145,102.228966,102.228966,97.33586206896553,6.364965517241379,9.735724137931035,2183.3178294573645
668933,"Ashcraft, Graham",SL,2022,191,100.56964,100.56964,86.00890052356021,-2.4433507853403142,-10.740314136125654,2696.6703910614524
668933,"Ashcraft, Graham",SL,2023,285,100.092285,100.092285,88.4042105263158,-0.3077894736842105,-13.329263157894736,2833.144366197183
668933,"Ashcraft, Graham",SL,2024,167,100.291016,100.291016,88.64431137724551,1.3983233532934132,-9.635209580838323,2837.6646706586826
668933,"Ashcraft, Graham",SL,2025,145,102.44207,102.44207,89.93802816901409,-2.225070422535211,-10.12225352112676,2940.9154929577467
668941,"Romero, JoJo",SI,2024,107,99.52429,99.52429,93.93271028037383,3.2613084112149533,-17.341682242990654,2116.1401869158876
668941,"Romero, JoJo",SL,2025,115,98.99044,98.99044,83.27636363636363,-0.6992727272727273,12.457090909090908,2822.9
668948,"McCarty, Kirk",FC,2022,103,97.457275,97.457275,88.53980582524272,8.911456310679611,2.8392233009708736,2413.7087378640776
668948,"McCarty, Kirk",FF,2022,103,101.55534,101.55534,92.5368932038835,18.53359223300971,-7.11378640776699,2313.9514563106795
668964,"Myers, Tobias",FC,2024,178,96.97809,96.97809,89.34775280898876,12.541348314606742,-3.333033707865168,2219.674157303371
668964,"Myers, Tobias",FF,2024,339,100.2882,100.2882,93.1315634218289,19.369557522123895,4.80070796460177,2230.2477876106195
668964,"Myers, Tobias",FF,2025,138,99.11666,99.11666,93.87391304347827,19.32608695652174,5.259130434782609,2296.623188405797
668964,"Myers, Tobias",SL,2024,157,96.73185,96.73185,85.27643312101911,3.0137579617834396,-4.544713375796178,2109.5923566878982
668984,"Legumina, Casey",FF,2025,151,101.619865,101.619865,94.20927152317881,12.96953642384106,15.03496688741722,2395.8940397350993
669020,"Rolison, Ryan",FF,2025,103,103.51942,103.51942,92.73645833333335,11.64625,-0.55625,2331.1875
669022,"Gore, MacKenzie",CU,2023,161,104.70497,104.70497,83.40062111801242,-6.911552795031056,-1.3893167701863354,2312.867924528302
669022,"Gore, MacKenzie",CU,2024,147,100.81361,100.81361,83.10544217687075,-9.725714285714286,-0.017142857142857144,2398.3469387755104
669022,"Gore, MacKenzie",CU,2025,213,101.62488,101.62488,82.08497652582159,-12.263098591549296,3.863098591549296,2352.4647887323945
669022,"Gore, MacKenzie",FF,2022,283,98.86607,98.86607,94.81378091872791,17.559858657243815,-5.215547703180212,2235.0143369175626
669022,"Gore, MacKenzie",FF,2023,540,100.76352,100.76352,95.03796296296296,17.390444444444444,-4.269333333333334,2290.1277777777777
669022,"Gore, MacKenzie",FF,2024,540,103.21648,103.21648,96.06685185185185,17.551777777777776,-5.849111111111111,2310.194805194805
669022,"Gore, MacKenzie",FF,2025,492,101.30935,101.30935,95.33414634146342,16.812926829268296,-6.942926829268293,2265.1158536585367
669022,"Gore, MacKenzie",SL,2023,156,100.74102,100.74102,88.45705128205128,5.327692307692308,2.4492307692307693,1979.167741935484
669022,"Gore, MacKenzie",SL,2024,139,98.40288,98.40288,90.96978417266186,8.68230215827338,1.2794244604316547,2024.8920863309352
669022,"Gore, MacKenzie",SL,2025,116,99.17673,99.17673,86.73362068965517,1.9675862068965517,0.7406896551724138,2086.3189655172414
669060,"Wilson, Bryse",FC,2023,172,98.226166,98.226166,89.32093023255814,8.4,-2.5772093023255818,2143.732558139535
669060,"Wilson, Bryse",FC,2024,194,98.08402,98.08402,88.74948453608248,7.671340206185567,-3.205360824742268,2063.159574468085
669060,"Wilson, Bryse",FC,2025,100,98.998,98.998,88.132,9.2568,-1.7975999999999999,2124.49
669060,"Wilson, Bryse",FF,2022,149,98.057045,98.057045,92.91275167785236,14.491006711409394,8.651275167785235,2039.6979865771812
669060,"Wilson, Bryse",SI,2022,220,96.78364,96.78364,92.32409090909091,7.8954545454545455,16.248,1960.4727272727273
669060,"Wilson, Bryse",SI,2023,145,96.73655,96.73655,93.20689655172414,9.936,15.228413793103448,2088.6620689655174
669060,"Wilson, Bryse",SI,2024,198,96.07677,96.07677,93.14040404040404,9.783030303030303,15.041818181818183,2078.8020833333335
669062,"Miller, Erik",CH,2024,169,103.53668,103.53668,85.52307692307691,2.1237869822485207,-15.541775147928993,1779.5357142857142
669062,"Miller, Erik",FF,2024,218,99.52569,99.52569,96.86559633027524,16.023302752293578,-8.733577981651376,2274.6509433962265
669084,"Hall, DL",FF,2024,134,96.314926,96.314926,93.18507462686567,14.119701492537313,-6.354626865671642,2133.992537313433
669093,"Estrada, Jeremiah",FF,2024,270,109.659256,109.659256,97.22111111111111,19.810666666666666,1.4902222222222223,2234.685185185185
669093,"Estrada, Jeremiah",FF,2025,275,111.91746,111.91746,97.90384615384616,19.818461538461538,2.3893846153846154,2227.142307692308
669145,"Zimmermann, Bruce",CH,2022,143,96.30489,96.30489,84.8006993006993,9.78169014084507,-16.429859154929577,1951.2695035460993
669145,"Zimmermann, Bruce",FF,2022,142,97.527466,97.527466,90.64788732394366,16.67830985915493,-7.922535211267606,2336.239436619718
669160,"May, Dustin",FF,2023,107,103.37009,103.37009,97.4607476635514,15.717757009345794,9.534953271028037,2332.7830188679245
669160,"May, Dustin",FF,2025,121,101.64381,101.64381,95.6801652892562,12.873719008264462,11.711404958677685,2358.380165289256
669160,"May, Dustin",SI,2023,112,102.074104,102.074104,96.71339285714285,9.413571428571428,18.237857142857145,2375.6964285714284
669160,"May, Dustin",SI,2025,224,98.0375,98.0375,94.675,5.623392857142858,18.248035714285713,2408.714285714286
669160,"May, Dustin",ST,2025,257,98.415955,98.415955,85.29571984435798,-2.745992217898833,-17.00544747081712,3183.568093385214
669169,"Heasley, Jonathan",CH,2022,147,98.77415,98.77415,84.91496598639456,10.493061224489797,13.13795918367347,1864.0694444444443
669169,"Heasley, Jonathan",CU,2022,108,98.71667,98.71667,78.49444444444444,-15.855555555555556,-6.14,2637.537037037037
669169,"Heasley, Jonathan",FF,2022,329,99.657745,99.657745,93.59604863221884,19.100425531914894,8.196838905775076,2334.336391437309
669169,"Heasley, Jonathan",SL,2022,114,98.01755,98.01755,85.72982456140352,3.1021052631578945,-3.1789473684210523,2291.125
669194,"Nelson, Ryne",CH,2023,121,101.78925,101.78925,83.46859504132232,8.421818181818182,13.616528925619834,1707.4793388429753
669194,"Nelson, Ryne",CH,2024,109,100.36606,100.36606,83.04678899082569,10.197798165137614,15.25211009174312,1954.3853211009175
669194,"Nelson, Ryne",FC,2023,123,100.477234,100.477234,85.7479674796748,1.198048780487805,-4.061463414634146,2318.569105691057
669194,"Nelson, Ryne",FC,2024,220,98.86681,98.86681,91.29681818181818,8.417454545454545,-1.0483636363636364,2200.8954545454544
669194,"Nelson, Ryne",FF,2023,626,98.857666,98.857666,94.5402555910543,18.166773162939297,3.917444089456869,2222.287319422151
669194,"Nelson, Ryne",FF,2024,658,100.16033,100.16033,95.35759878419454,18.242553191489364,5.683951367781155,2213.563829787234
669194,"Nelson, Ryne",FF,2025,567,101.343216,101.343216,95.66991150442477,19.04283185840708,3.230230088495575,2264.7026548672566
669194,"Nelson, Ryne",SL,2023,104,96.75192,96.75192,81.71923076923076,-1.185,-12.310384615384615,2440.826923076923
669199,"Bachar, Lake",FF,2025,174,102.06609,102.06609,94.78058823529412,18.201882352941176,9.25835294117647,2719.4764705882353
669199,"Bachar, Lake",SL,2025,114,101.93421,101.93421,89.26272727272728,1.6243636363636365,-2.3814545454545453,2677.6454545454544
669199,"Bachar, Lake",ST,2025,100,98.485,98.485,86.45959595959596,-0.3224242424242425,-11.870303030303031,2874.989898989899
669203,"Burnes, Corbin",CH,2022,106,100.15566,100.15566,90.35471698113209,7.600754716981132,14.45433962264151,2026.132075471698
669203,"Burnes, Corbin",CH,2023,123,98.95285,98.95285,89.29349593495935,6.782439024390244,13.746341463414634,2064.918699186992
669203,"Burnes, Corbin",CH,2024,127,97.7874,97.7874,89.15354330708661,6.519685039370079,14.065511811023622,2031.3095238095239
669203,"Burnes, Corbin",CU,2022,197,106.24569,106.24569,82.01928934010152,-6.071878172588833,-9.601827411167513,2771.9289340101523
669203,"Burnes, Corbin",CU,2023,150,104.82533,104.82533,80.08,-11.152,-10.4408,2803.72
669203,"Burnes, Corbin",CU,2024,222,102.1455,102.1455,80.62612612612612,-12.739459459459459,-9.882162162162162,2895.175675675676
669203,"Burnes, Corbin",FC,2022,647,101.152855,101.152855,94.99876352395673,11.160741885625965,-4.391962905718701,2637.469040247678
669203,"Burnes, Corbin",FC,2023,492,99.051216,99.051216,94.50243902439024,10.969756097560975,-3.6043902439024387,2661.526422764228
669203,"Burnes, Corbin",FC,2024,622,98.55981,98.55981,95.30707395498392,12.199871382636655,-2.6803215434083603,2748.9677938808372
669203,"Burnes, Corbin",FC,2025,206,96.90582,96.90582,94.15970873786408,12.069902912621359,-2.476893203883495,2659.6553398058254
669203,"Burnes, Corbin",SI,2024,100,102.17,102.17,96.931,10.2348,11.8776,2519.09
669203,"Burnes, Corbin",SL,2022,119,104.45294,104.45294,87.78403361344537,-0.5687394957983194,-7.649747899159665,2805.4453781512607
669203,"Burnes, Corbin",SL,2024,165,106.30666,106.30666,87.32848484848485,-1.509090909090909,-8.768,2991.2909090909093
669211,"Akin, Keegan",FF,2022,251,101.64741,101.64741,93.60438247011952,17.826932270916338,-10.734501992031873,2259.1474103585656
669211,"Akin, Keegan",FF,2023,102,100.40294,100.40294,93.68627450980392,16.976470588235294,-12.709411764705882,2324.4901960784314
669211,"Akin, Keegan",FF,2024,293,104.249825,104.249825,93.95529010238909,18.34320819112628,-9.87358361774744,2420.8233215547702
669211,"Akin, Keegan",FF,2025,200,100.42,100.42,93.80850000000001,17.0046,-11.817,2367.42
669211,"Akin, Keegan",SL,2022,132,97.615906,97.615906,85.35530303030303,1.3181818181818181,5.257272727272728,2165.7651515151515
669211,"Akin, Keegan",SL,2024,141,99.2617,99.2617,85.49290780141844,3.006808510638298,3.9761702127659575,2515.863309352518
669211,"Akin, Keegan",SL,2025,100,99.863,99.863,85.728,3.1212,3.4008,2589.4
669212,"Morgan, Eli",CH,2022,114,96.39298,96.39298,75.62456140350878,3.34,15.586315789473684,2074.910714285714
669212,"Morgan, Eli",CH,2023,135,100.64593,100.64593,78.78,4.010666666666667,16.373333333333335,2045.2666666666667
669212,"Morgan, Eli",FF,2022,230,101.67609,101.67609,92.15782608695652,17.293565217391304,10.773913043478261,2271.257777777778
669212,"Morgan, Eli",FF,2023,155,102.23484,102.23484,92.68193548387097,18.217548387096773,7.4647741935483864,2276.006451612903
669212,"Morgan, Eli",SL,2023,106,97.56226,97.56226,85.50188679245284,3.791320754716981,-1.8396226415094339,2226.0754716981132
669270,"Kuhnel, Joel",FF,2022,104,96.46154,96.46154,96.11153846153846,12.234230769230768,6.5734615384615385,2227.921568627451
669270,"Kuhnel, Joel",SI,2022,110,101.50091,101.50091,95.76818181818182,8.045454545454545,15.862909090909092,2233.2038834951454
669276,"Lee, Dylan",FF,2022,145,100.17173,100.17173,92.20827586206897,19.59062068965517,-6.852413793103448,2268.462068965517
669276,"Lee, Dylan",FF,2024,104,99.70288,99.70288,92.66634615384615,19.11692307692308,-7.9096153846153845,2248.5096153846152
669276,"Lee, Dylan",FF,2025,120,102.045006,102.045006,94.26016949152543,19.336271186440676,-8.11728813559322,2359.0254237288136
669276,"Lee, Dylan",SL,2022,154,100.96558,100.96558,83.89155844155843,4.258441558441558,3.038181818181818,2082.0714285714284
669276,"Lee, Dylan",SL,2024,212,102.513214,102.513214,84.07405660377358,5.517735849056604,2.6467924528301885,2071.6556603773583
669276,"Lee, Dylan",SL,2025,249,101.98795,101.98795,85.97479674796747,6.611219512195121,0.5063414634146342,2138.369918699187
669302,"Gilbert, Logan",CU,2024,146,102.083565,102.083565,83.14863013698631,-3.798904109589041,-13.702191780821918,2292.6027397260273
669302,"Gilbert, Logan",FC,2024,136,97.81691,97.81691,92.46249999999999,11.898529411764706,-2.777647058823529,2252.595588235294
669302,"Gilbert, Logan",FF,2022,607,99.7738,99.7738,96.2011532125206,17.847182866556835,5.978253706754531,2136.797364085667
669302,"Gilbert, Logan",FF,2023,484,96.79587,96.79587,95.76570247933884,16.882561983471074,6.018347107438017,1995.9730848861284
669302,"Gilbert, Logan",FF,2024,366,97.0,97.0,96.71147540983607,16.021311475409835,7.2013114754098355,2029.6010928961748
669302,"Gilbert, Logan",FF,2025,263,101.43651,101.43651,95.38683127572017,16.507654320987655,8.25283950617284,2118.8312757201647
669302,"Gilbert, Logan",FS,2023,201,99.88956,99.88956,85.4950248756219,4.139701492537314,6.962388059701492,908.2288557213931
669302,"Gilbert, Logan",FS,2024,148,105.185814,105.185814,84.61148648648648,0.9040540540540541,6.3810810810810805,625.3783783783783
669302,"Gilbert, Logan",FS,2025,163,105.06196,105.06196,81.63612903225807,-0.41109677419354845,4.973419354838709,734.483870967742
669302,"Gilbert, Logan",KC,2022,110,97.84181,97.84181,80.92545454545454,-8.620363636363637,-4.195636363636363,2115.0555555555557
669302,"Gilbert, Logan",KC,2023,132,98.85379,98.85379,80.54772727272727,-12.388181818181819,-7.079090909090908,2324.320610687023
669302,"Gilbert, Logan",SL,2022,267,99.77154,99.77154,86.72322097378277,4.051685393258427,-6.128539325842697,2275.2330827067667
669302,"Gilbert, Logan",SL,2023,380,99.192894,99.192894,88.76289473684211,0.40642105263157896,-0.7556842105263158,2001.0210526315789
669302,"Gilbert, Logan",SL,2024,456,101.42193,101.42193,88.58464912280701,-0.1207894736842105,-0.9823684210526317,1905.3201754385964
669302,"Gilbert, Logan",SL,2025,248,101.3758,101.3758,87.50905172413792,0.7618965517241378,-0.7639655172413794,1834.3146551724137
669308,"Reynolds, Sean",FF,2025,108,98.6,98.6,96.14854368932038,16.7673786407767,9.87495145631068,2447.0485436893205
669330,"Wells, Tyler",CH,2022,109,98.09908,98.09908,86.70275229357799,13.218715596330274,15.295045871559633,2085.330275229358
669330,"Wells, Tyler",CH,2023,163,98.87976,98.87976,85.38466257668712,13.132269938650307,15.585276073619632,2254.0184049079753
669330,"Wells, Tyler",FC,2022,164,101.34817,101.34817,87.7329268292683,7.932439024390244,-4.560731707317073,2545.9756097560976
669330,"Wells, Tyler",FC,2023,140,96.00714,96.00714,88.64928571428571,12.019714285714286,-4.451142857142857,2440.345323741007
669330,"Wells, Tyler",FF,2022,245,99.72734,99.72734,93.60979591836735,19.92195918367347,5.9426938775510205,2463.2979591836734
669330,"Wells, Tyler",FF,2023,277,98.924904,98.924904,92.67400722021661,19.017617328519854,4.225126353790613,2449.870036101083
669330,"Wells, Tyler",SL,2023,104,97.22692,97.22692,83.92403846153846,1.9926923076923078,-5.608846153846154,2461.7549019607845
669358,"Baz, Shane",CH,2025,103,98.15728,98.15728,89.32600000000001,9.347999999999999,17.3244,2137.081632653061
669358,"Baz, Shane",CU,2024,116,98.793106,98.793106,83.59827586206896,-12.991034482758621,-7.772068965517241,2688.887931034483
669358,"Baz, Shane",FC,2025,136,107.103676,107.103676,90.14132231404959,7.953719008264462,-2.4862809917355375,2336.0420168067226
669358,"Baz, Shane",FF,2024,248,101.910484,101.910484,95.68306451612904,17.60225806451613,10.11241935483871,2416.891129032258
669358,"Baz, Shane",FF,2025,405,105.07086,105.07086,97.13615384615385,16.79169230769231,9.936615384615385,2459.3497409326424
669358,"Baz, Shane",KC,2025,189,97.77301,97.77301,85.5726775956284,-11.91934426229508,-7.583606557377049,2703.4945054945056
669358,"Baz, Shane",SL,2024,100,97.989006,97.989006,87.61,3.7656,-1.9452,2256.57
669371,"Henry, Cole",FF,2025,199,99.250755,99.250755,94.55879396984925,14.255879396984925,14.550150753768845,2544.0804020100504
669372,"Ginn, J.T.",SI,2025,236,101.748726,101.748726,93.33974358974359,3.2547457627118646,14.573898305084747,1887.179487179487
669372,"Ginn, J.T.",SL,2025,134,97.92463,97.92463,86.1589552238806,-1.637910447761194,-4.486567164179105,2178.8582089552237
669373,"Skubal, Tarik",CH,2022,112,110.33393,110.33393,83.73839285714287,6.383571428571429,-13.233214285714284,1597.607142857143
669373,"Skubal, Tarik",CH,2023,140,110.26357,110.26357,84.28071428571428,4.944,-12.481714285714286,1577.65
669373,"Skubal, Tarik",CH,2024,325,106.70523,106.70523,86.52830769230769,5.904369230769231,-14.556923076923077,1687.1913580246915
669373,"Skubal, Tarik",CH,2025,344,105.897095,105.897095,88.1639534883721,6.484534883720929,-15.006976744186046,1835.5668604651162
669373,"Skubal, Tarik",FF,2022,175,98.47943,98.47943,94.35771428571428,15.831771428571429,-8.422628571428572,2169.942857142857
669373,"Skubal, Tarik",FF,2023,191,98.17173,98.17173,95.92094240837697,15.881465968586388,-7.156649214659686,2198.9842931937173
669373,"Skubal, Tarik",FF,2024,377,99.841644,99.841644,97.02785145888595,16.249018567639258,-6.297294429708223,2241.8021680216802
669373,"Skubal, Tarik",FF,2025,329,101.143166,101.143166,97.690273556231,17.148328267477204,-3.387355623100304,2350.4772036474164
669373,"Skubal, Tarik",SI,2022,155,99.481285,99.481285,94.9483870967742,11.260645161290324,-15.119225806451613,2051.8246753246754
669373,"Skubal, Tarik",SI,2024,182,103.65879,103.65879,96.73681318681318,12.296703296703297,-14.582637362637362,2129.8715083798884
669373,"Skubal, Tarik",SI,2025,220,102.340454,102.340454,97.32954545454545,13.808727272727273,-13.076727272727274,2235.318181818182
669373,"Skubal, Tarik",SL,2022,224,97.758484,97.758484,89.51160714285713,8.135357142857142,1.2337500000000001,2131.390134529148
669373,"Skubal, Tarik",SL,2024,148,99.08446,99.08446,88.62837837837837,5.852432432432432,2.4381081081081084,2109.1027397260273
669373,"Skubal, Tarik",SL,2025,106,97.49339,97.49339,90.09056603773585,4.690188679245283,3.2366037735849056,2241.0283018867926
669387,"Mlodzinski, Carmen",CH,2025,111,103.67117,103.67117,87.60090090090091,-0.6572972972972974,10.328648648648649,1752.1346153846155
669387,"Mlodzinski, Carmen",FF,2023,111,101.46036,101.46036,95.82792792792793,12.248648648648647,9.849729729729729,2197.119266055046
669387,"Mlodzinski, Carmen",FF,2024,131,102.26107,102.26107,96.34809160305343,13.292519083969465,9.701679389312977,2296.8396946564885
669387,"Mlodzinski, Carmen",FF,2025,238,98.25546,98.25546,96.12731092436975,11.62487394957983,9.57126050420168,2144.9473684210525
669387,"Mlodzinski, Carmen",SL,2025,130,97.64923,97.64923,88.1423076923077,1.849846153846154,-2.974153846153846,2467.906976744186
669395,"Coleman, Dylan",FF,2022,247,98.09069,98.09069,97.5497975708502,13.26995951417004,4.313198380566802,2451.408906882591
669424,"Lambert, Jimmy",FF,2022,167,99.788025,99.788025,94.33892215568862,18.20550898203593,8.137005988023953,2223.7636363636366
669432,"Rogers, Trevor",CH,2022,229,102.11354,102.11354,85.36724890829694,1.6422707423580785,-14.143755458515285,1329.1266375545852
669432,"Rogers, Trevor",CH,2024,225,101.50222,101.50222,85.70133333333332,-0.17813333333333334,-14.242666666666667,1615.7022222222222
669432,"Rogers, Trevor",CH,2025,184,99.60218,99.60218,86.39076086956521,0.4708695652173913,-13.906304347826085,1470.6141304347825
669432,"Rogers, Trevor",FF,2022,382,97.73141,97.73141,94.64764397905759,14.225968586387435,-12.630157068062827,2417.452879581152
669432,"Rogers, Trevor",FF,2024,280,96.938576,96.938576,92.06285714285714,14.718428571428571,-12.078000000000001,2436.8357142857144
669432,"Rogers, Trevor",FF,2025,267,96.245316,96.245316,93.14831460674156,14.645393258426967,-11.36808988764045,2413.8651685393256
669432,"Rogers, Trevor",SI,2024,171,99.24327,99.24327,91.58070175438596,7.677894736842106,-17.83859649122807,2373.5555555555557
669432,"Rogers, Trevor",SL,2022,128,102.86172,102.86172,80.64375,6.7340625,7.741875,2020.3828125
669432,"Rogers, Trevor",SL,2024,116,99.73793,99.73793,82.625,5.022413793103448,3.4344827586206894,2250.4913793103447
669438,"Englert, Mason",CH,2023,109,101.20275,101.20275,83.27064220183486,-0.820183486238532,13.769174311926605,1969.2568807339449
669438,"Englert, Mason",CH,2025,115,97.74348,97.74348,87.58000000000001,0.5707826086956522,12.756521739130434,2103.1785714285716
669438,"Englert, Mason",FF,2023,107,96.75981,96.75981,91.12336448598131,15.149158878504673,11.890093457943925,2169.4205607476633
669438,"Englert, Mason",SL,2023,135,95.424446,95.424446,84.34962962962963,3.561777777777778,0.14044444444444446,2167.3259259259257
669456,"Bieber, Shane",FC,2022,164,99.65549,99.65549,86.85182926829269,8.910731707317073,-1.9660975609756097,2510.2926829268295
669456,"Bieber, Shane",FC,2023,179,99.78939,99.78939,86.34078212290503,7.062569832402235,-2.7606703910614527,2472.7175141242938
669456,"Bieber, Shane",FF,2022,324,96.89845,96.89845,91.29814814814814,17.77148148148148,8.725185185185186,2204.188271604938
669456,"Bieber, Shane",FF,2023,162,94.66111,94.66111,91.21481481481482,17.29851851851852,9.685925925925925,2237.8888888888887
669456,"Bieber, Shane",KC,2022,220,99.91454,99.91454,82.09409090909091,-11.00290909090909,-9.936545454545454,2209.0954545454547
669456,"Bieber, Shane",SL,2022,357,101.101395,101.101395,84.9610644257703,2.0211764705882356,-2.9398319327731093,2515.983193277311
669456,"Bieber, Shane",SL,2023,136,100.997055,100.997055,84.53014705882353,0.8002941176470588,-3.506470588235294,2511.5882352941176
669459,"Nelson, Kyle",FF,2023,110,99.843636,99.843636,92.06181818181817,15.879272727272728,-4.612363636363637,2202.609090909091
669459,"Nelson, Kyle",SL,2022,156,97.76474,97.76474,84.09935897435898,0.3323076923076923,6.399230769230769,2555.303225806452
669459,"Nelson, Kyle",SL,2023,205,99.04342,99.04342,85.40439024390244,1.135609756097561,5.075707317073171,2676.819512195122
669461,"Liberatore, Matthew",CH,2025,107,100.042984,100.042984,88.45196078431373,10.19764705882353,-14.622352941176471,1784.8529411764705
669461,"Liberatore, Matthew",CU,2025,111,105.200005,105.200005,77.78543689320388,-17.88233009708738,9.125825242718447,2961.9514563106795
669461,"Liberatore, Matthew",FF,2023,174,95.671844,95.671844,94.17701149425287,16.049655172413793,-6.869655172413792,2125.8333333333335
669461,"Liberatore, Matthew",FF,2024,137,96.564964,96.564964,94.62992700729926,16.11766423357664,-6.924087591240876,2120.919708029197
669461,"Liberatore, Matthew",FF,2025,254,99.40984,99.40984,94.12731092436975,16.370420168067227,-6.932268907563025,2107.1428571428573
669461,"Liberatore, Matthew",SI,2024,111,101.15585,101.15585,95.3882882882883,13.427027027027028,-12.829189189189188,2130.8558558558557
669461,"Liberatore, Matthew",SL,2024,181,100.58563,100.58563,87.55082872928178,0.5376795580110497,3.5436464088397788,2709.1436464088397
669461,"Liberatore, Matthew",SL,2025,220,101.00318,101.00318,86.47142857142858,1.072,4.053714285714285,2690.7571428571428
669467,"Pallante, Andre",FF,2022,352,94.66619,94.66619,95.21818181818183,8.851022727272728,3.651818181818182,2216.6609686609686
669467,"Pallante, Andre",FF,2023,259,95.67297,95.67297,96.17335907335908,8.723861003861003,2.796138996138996,2243.5559845559847
669467,"Pallante, Andre",FF,2024,351,95.48433,95.48433,94.60940170940171,9.106324786324787,0.11623931623931623,2247.19943019943
669467,"Pallante, Andre",FF,2025,435,97.7154,97.7154,94.62289156626505,9.758746987951808,0.3021686746987952,2302.359036144578
669467,"Pallante, Andre",SI,2024,130,102.293846,102.293846,94.93923076923078,14.531076923076922,10.519384615384615,2120.3023255813955
669467,"Pallante, Andre",SI,2025,148,100.822975,100.822975,95.06301369863014,13.813972602739726,10.369315068493151,2200.068493150685
669467,"Pallante, Andre",SL,2022,104,95.92115,95.92115,86.66153846153846,-2.030769230769231,-5.461153846153847,2336.6116504854367
669467,"Pallante, Andre",SL,2024,129,98.26512,98.26512,87.27286821705427,-1.84,-4.59906976744186,2362.5813953488373
669467,"Pallante, Andre",SL,2025,288,100.54653,100.54653,87.78722627737227,-0.412992700729927,-4.85080291970803,2402.1423357664235
669618,"Barlow, Joe",SL,2022,124,97.45806,97.45806,87.13225806451612,7.392580645161291,-3.7800000000000002,2292.6532258064517
669622,"Bender, Anthony",SI,2024,132,105.25985,105.25985,95.46136363636363,2.022727272727273,18.10181818181818,2266.007575757576
669622,"Bender, Anthony",ST,2024,137,100.48613,100.48613,85.14014598540146,3.007883211678832,-13.783357664233575,2709.1605839416056
669622,"Bender, Anthony",ST,2025,108,99.094444,99.094444,84.09711538461539,2.1865384615384618,-16.067307692307693,2782.471153846154
669674,"Long, Sam",CH,2022,120,101.20417,101.20417,84.4675,14.879999999999999,-11.055,1942.4873949579833
669674,"Long, Sam",FF,2022,156,101.81346,101.81346,94.8025641025641,18.075384615384618,-7.615384615384615,2215.9411764705883
669674,"Long, Sam",FF,2023,164,98.50122,98.50122,94.15365853658537,17.56463414634146,-4.841707317073171,2265.0853658536585
669674,"Long, Sam",FF,2024,125,99.2376,99.2376,94.3448,17.03232,-5.12256,2346.12
669674,"Long, Sam",SL,2024,103,101.29708,101.29708,85.51553398058253,1.7522330097087377,1.9351456310679611,2298.3883495145633
669684,"Murphy, Chris",FF,2023,115,102.22348,102.22348,94.04260869565218,15.385043478260869,-6.185739130434783,2294.5913043478263
669684,"Murphy, Chris",SL,2023,102,95.927444,95.927444,88.32549019607843,7.356470588235294,4.044705882352941,2257.48
669711,"Weissert, Greg",FF,2025,127,98.67559,98.67559,94.2007874015748,12.604724409448819,8.422677165354331,2371.3779527559054
669713,"Wesneski, Hayden",FF,2023,142,94.69014,94.69014,94.66690140845071,12.30169014084507,7.1467605633802815,2166.9285714285716
669713,"Wesneski, Hayden",FF,2024,144,95.12708,95.12708,94.66041666666666,12.711666666666666,4.905,2131.3194444444443
669713,"Wesneski, Hayden",ST,2023,114,100.4386,100.4386,82.6140350877193,0.7547368421052633,-17.10842105263158,2616.1061946902655
669713,"Wesneski, Hayden",ST,2024,135,104.06963,104.06963,82.68814814814814,-2.3546666666666667,-18.003555555555554,2670.088888888889
669721,"Daniel, Davis",FF,2024,109,97.10275,97.10275,91.54311926605506,16.50275229357798,7.698715596330275,2116.2201834862385
669724,"Hanifee, Brenan",SI,2024,108,98.73148,98.73148,94.81666666666668,6.108888888888889,16.113333333333333,1967.398148148148
669724,"Hanifee, Brenan",SI,2025,238,100.04495,100.04495,95.27801724137932,4.207241379310345,16.134827586206896,2037.4568965517242
669796,"Hernandez, Jose E.",FF,2023,101,96.23861,96.23861,94.77623762376237,16.037227722772275,-9.611881188118812,2048.70297029703
669796,"Hernandez, Jose E.",SL,2023,191,100.91571,100.91571,83.13193717277487,-0.7149738219895289,0.02324607329842931,2094.757894736842
669854,"Blanco, Ronel",CH,2024,256,101.97148,101.97148,85.351953125,5.33484375,13.430625000000001,1493.43359375
669854,"Blanco, Ronel",FF,2023,128,98.35781,98.35781,94.51171875,18.935625,7.0809375,2258.5
669854,"Blanco, Ronel",FF,2024,405,97.25828,97.25828,93.5437037037037,18.660740740740742,7.210962962962963,2226.1604938271603
669854,"Blanco, Ronel",SL,2023,184,98.992386,98.992386,88.08152173913044,8.391521739130434,-1.8208695652173914,2145.103260869565
669854,"Blanco, Ronel",SL,2024,383,98.90574,98.90574,86.42584856396867,7.365430809399478,-2.3003655352480417,2090.9791122715405
669854,"Blanco, Ronel",SL,2025,113,99.24779,99.24779,85.59026548672567,6.746548672566372,-2.823716814159292,2131.734513274336
669912,"Snead, Kirby",SI,2022,105,100.69142,100.69142,93.54571428571428,5.969142857142857,-18.63885714285714,2407.355769230769
669912,"Snead, Kirby",SL,2022,129,97.43954,97.43954,82.25503875968992,-0.5534883720930232,9.057674418604652,2787.736434108527
669920,"Alexander, Jason",CH,2025,207,101.14058,101.14058,80.16010638297873,1.1214893617021278,17.17276595744681,1755.2074468085107
669920,"Alexander, Jason",SI,2022,213,99.714554,99.714554,92.3431924882629,1.075492957746479,16.35380281690141,2065.0985915492956
669920,"Alexander, Jason",SI,2025,187,104.648125,104.648125,90.71607142857142,0.9028571428571429,16.365000000000002,2043.6130952380952
669923,"Kirby, George",FF,2022,465,98.41118,98.41118,95.22688172043011,14.888,8.75767741935484,2175.804301075269
669923,"Kirby, George",FF,2023,578,100.659515,100.659515,96.08961937716263,15.282560553633218,8.421384083044984,2210.006993006993
669923,"Kirby, George",FF,2024,473,103.62178,103.62178,96.0553911205074,16.134291754756873,9.511205073995772,2233.5732484076434
669923,"Kirby, George",FF,2025,239,100.14519,100.14519,96.1112970711297,13.531882845188283,9.976569037656905,2274.9916317991633
669923,"Kirby, George",FS,2024,107,98.74112,98.74112,86.05514018691588,1.3839252336448598,9.633644859813083,911.1028037383178
669923,"Kirby, George",KC,2022,104,96.19135,96.19135,80.97211538461539,-11.406923076923077,-9.29076923076923,2187.644230769231
669923,"Kirby, George",KC,2023,125,94.5512,94.5512,81.6592,-12.7008,-9.14976,2345.4193548387098
669923,"Kirby, George",KC,2025,104,98.39327,98.39327,84.33653846153847,-12.218076923076923,-9.451153846153845,2356.769230769231
669923,"Kirby, George",SI,2023,279,99.79534,99.79534,95.78781362007169,10.60774193548387,15.940645161290321,2228.609318996416
669923,"Kirby, George",SI,2024,295,99.13695,99.13695,96.03559322033898,12.02928813559322,15.829830508474577,2220.908474576271
669923,"Kirby, George",SI,2025,225,97.86266,97.86266,96.08844444444445,9.380799999999999,16.349333333333334,2241.0355555555557
669923,"Kirby, George",SL,2023,205,96.7161,96.7161,86.3458536585366,-2.529951219512195,-10.76780487804878,2334.975490196078
669923,"Kirby, George",SL,2024,221,97.80859,97.80859,87.0579185520362,-2.613936651583711,-7.670226244343891,2375.9592760180994
669923,"Kirby, George",SL,2025,176,99.667046,99.667046,87.2471590909091,-3.0879545454545454,-10.517727272727273,2354.5738636363635
669947,"Scholtens, Jesse",FF,2023,237,95.48396,95.48396,92.87848101265823,16.55392405063291,2.687594936708861,2059.168776371308
669947,"Scholtens, Jesse",SL,2023,175,97.06857,97.06857,85.38742857142857,1.5373714285714286,-5.535771428571429,2318.942857142857
669952,"White, Mitch",FF,2022,302,95.481125,95.481125,93.74966887417219,15.919470198675498,3.920264900662252,2277.5562913907283
669952,"White, Mitch",ST,2022,215,100.94837,100.94837,85.46744186046512,-0.2372093023255814,-9.10046511627907,2439.218604651163
670036,"Festa, Matt",FF,2022,142,104.23239,104.23239,92.6887323943662,14.17943661971831,4.610704225352113,2333.9014084507044
670036,"Festa, Matt",FF,2025,136,102.958824,102.958824,92.13481481481482,11.533333333333333,-0.38577777777777783,2510.822222222222
670036,"Festa, Matt",ST,2022,173,98.624275,98.624275,82.85549132947978,2.39514450867052,-16.224971098265897,2567.306358381503
670036,"Festa, Matt",ST,2025,112,98.37232,98.37232,83.13333333333333,0.5777777777777777,-15.53888888888889,2670.212962962963
670059,"Holderman, Colin",SI,2023,185,100.49676,100.49676,97.93243243243244,7.993297297297297,15.450162162162163,2223.1263736263736
670059,"Holderman, Colin",ST,2024,144,103.74236,103.74236,84.71388888888889,7.224166666666666,-9.035,2527.394366197183
670102,"Francis, Bowden",FF,2023,143,102.25455,102.25455,94.58041958041959,18.171188811188813,7.433286713286714,2469.6013986013986
670102,"Francis, Bowden",FF,2024,365,99.60657,99.60657,92.9295890410959,17.848438356164383,5.880328767123288,2359.4657534246576
670102,"Francis, Bowden",FF,2025,203,97.97635,97.97635,92.65812807881773,18.159014778325123,7.443546798029557,2263.985221674877
670102,"Francis, Bowden",FS,2024,110,98.865456,98.865456,83.95636363636365,4.016727272727272,8.013818181818182,1064.6636363636364
670124,"Oller, Adam",FC,2022,127,97.96772,97.96772,89.49055118110236,9.768188976377953,1.474015748031496,2188.6535433070867
670124,"Oller, Adam",FF,2022,179,100.09386,100.09386,93.42793296089384,17.21832402234637,11.456983240223465,2243.0614525139663
670167,"Schreiber, John",FF,2022,118,110.61187,110.61187,94.52627118644068,9.327457627118646,10.10542372881356,2231.4322033898306
670167,"Schreiber, John",FF,2025,111,104.075676,104.075676,93.75135135135135,10.834594594594595,11.037837837837838,2264.1171171171172
670167,"Schreiber, John",SI,2024,104,99.48365,99.48365,91.90865384615384,-2.1461538461538465,16.125,2101.3076923076924
670167,"Schreiber, John",ST,2022,125,101.403206,101.403206,82.24239999999999,4.05312,-13.03776,2617.672
670174,"Winckowski, Josh",FC,2023,176,102.724434,102.724434,88.94545454545454,0.47659090909090907,-4.554545454545455,2195.2386363636365
670174,"Winckowski, Josh",FC,2024,143,100.26224,100.26224,90.31958041958042,3.46993006993007,-4.10937062937063,2200.27972027972
670174,"Winckowski, Josh",SI,2022,175,95.28914,95.28914,93.99428571428571,9.192,14.6736,2039.5428571428572
670174,"Winckowski, Josh",SI,2023,193,97.68135,97.68135,96.21761658031087,10.176994818652851,14.089740932642489,2053.7461139896373
670174,"Winckowski, Josh",SI,2024,141,98.16879,98.16879,95.10567375886525,8.897021276595744,15.812765957446809,2000.5390070921985
670174,"Winckowski, Josh",SL,2022,141,96.98227,96.98227,84.84964539007092,-2.9846808510638296,-5.521702127659574,2323.2695035460993
670280,"Bednar, David",FF,2022,197,106.228424,106.228424,96.47309644670051,17.266598984771573,10.37543147208122,2300.3908629441626
670280,"Bednar, David",FF,2023,268,107.364174,107.364174,96.64514925373135,17.88089552238806,8.267910447761194,2456.5842696629215
670280,"Bednar, David",FF,2024,250,107.4924,107.4924,97.34519999999999,18.29568,7.673760000000001,2472.128
670280,"Bednar, David",FF,2025,183,105.854645,105.854645,97.19028571428571,18.140571428571427,8.269714285714286,2447.2057142857143
670280,"Bednar, David",FS,2024,114,97.844734,97.844734,91.84210526315789,4.725263157894736,6.712631578947368,1674.7631578947369
670912,"Oviedo, Johan",CU,2023,189,98.85026,98.85026,80.87195767195767,-1.2165079365079365,-7.405714285714286,2397.5714285714284
670912,"Oviedo, Johan",FF,2022,144,94.2625,94.2625,95.97569444444444,10.328333333333333,8.5325,2260.2291666666665
670912,"Oviedo, Johan",FF,2023,426,95.16549,95.16549,95.9492957746479,10.263661971830984,9.708169014084508,2272.6267605633802
670912,"Oviedo, Johan",SL,2022,165,100.49212,100.49212,85.56181818181818,1.488,-5.984,2582.6969696969695
670912,"Oviedo, Johan",SL,2023,466,99.20944,99.20944,88.20643776824033,3.056394849785408,-5.159227467811158,2476.931330472103
670950,"Richards, Trevor",CH,2022,177,110.17232,110.17232,84.00225988700565,5.8,16.19593220338983,2507.7988505747126
670950,"Richards, Trevor",CH,2023,296,109.176346,109.176346,82.6233108108108,3.396081081081081,15.500675675675675,2568.8716216216217
670950,"Richards, Trevor",CH,2024,209,103.39952,103.39952,79.24545454545454,-1.7110047846889953,12.37377990430622,2595.2292682926827
670950,"Richards, Trevor",FF,2022,157,103.80255,103.80255,93.46751592356688,20.229554140127387,7.493503184713376,2222.0129032258064
670950,"Richards, Trevor",FF,2023,213,102.86808,102.86808,92.8150234741784,20.227605633802813,7.713239436619719,2272.6666666666665
670950,"Richards, Trevor",FF,2024,219,99.14429,99.14429,92.23789954337899,19.669041095890414,7.293698630136986,2244.548387096774
670955,"Uceta, Edwin",CH,2025,181,95.88343,95.88343,88.4171270718232,-0.4501657458563536,15.641767955801104,2152.2872928176794
670955,"Uceta, Edwin",FF,2024,103,107.89515,107.89515,94.21262135922329,14.29864077669903,12.823689320388349,2378.631067961165
670955,"Uceta, Edwin",FF,2025,173,107.52023,107.52023,93.93121387283237,13.034219653179191,12.250404624277458,2411.208092485549
670970,"Morejon, Adrian",FF,2022,180,102.9239,102.9239,96.86611111111112,17.041333333333334,-6.801333333333333,2500.383333333333
670970,"Morejon, Adrian",FF,2024,107,104.19719,104.19719,96.87196261682243,16.414205607476635,-6.312897196261682,2492.336448598131
670970,"Morejon, Adrian",SI,2024,144,103.14861,103.14861,97.44930555555555,10.3675,-15.75,2411.6875
670970,"Morejon, Adrian",SI,2025,213,102.18169,102.18169,97.67264150943396,10.523207547169811,-15.14943396226415,2417.665071770335
670970,"Morejon, Adrian",SL,2024,106,99.666985,99.666985,85.75660377358491,-3.0883018867924528,6.364528301886792,2716.188679245283
670990,"Ramírez, Yohan",FF,2025,106,102.03113,102.03113,96.3529411764706,13.582352941176472,10.511764705882353,2335.401960784314
670990,"Ramírez, Yohan",SI,2022,121,99.51571,99.51571,95.63719008264464,5.7699173553719,17.89685950413223,2229.6363636363635
670990,"Ramírez, Yohan",SI,2023,180,99.95556,99.95556,94.98833333333334,2.9413333333333336,17.61266666666667,2161.35
671096,"Abbott, Andrew",CH,2023,123,96.955284,96.955284,86.5479674796748,10.39219512195122,-14.385365853658538,2045.8292682926829
671096,"Abbott, Andrew",CH,2024,133,99.224815,99.224815,84.67218045112782,12.434887218045112,-14.72390977443609,2102.2706766917295
671096,"Abbott, Andrew",CH,2025,233,97.43862,97.43862,84.85665236051501,10.127381974248927,-15.165321888412016,1995.1759656652362
671096,"Abbott, Andrew",CU,2023,115,97.90261,97.90261,81.04173913043478,-3.048,8.586782608695652,2801.8407079646017
671096,"Abbott, Andrew",CU,2025,163,97.1638,97.1638,81.21533742331289,-2.4419631901840493,10.831656441717792,2803.963190184049
671096,"Abbott, Andrew",FF,2023,382,100.66204,100.66204,92.7761780104712,16.340418848167538,-7.79151832460733,2209.342105263158
671096,"Abbott, Andrew",FF,2024,428,98.698364,98.698364,92.83551401869158,16.105233644859812,-8.7,2251.4182242990655
671096,"Abbott, Andrew",FF,2025,470,98.23362,98.23362,92.94319148936171,16.007744680851065,-9.23463829787234,2287.368869936034
671096,"Abbott, Andrew",ST,2023,140,100.74,100.74,82.86071428571428,5.750571428571429,12.225428571428571,2647.6258992805756
671096,"Abbott, Andrew",ST,2024,198,99.13939,99.13939,82.85050505050506,4.236363636363636,12.930909090909092,2736.6767676767677
671096,"Abbott, Andrew",ST,2025,154,99.47857,99.47857,83.0474025974026,3.561038961038961,11.145194805194805,2802.7077922077924
671106,"Allen, Logan",CH,2023,151,99.74569,99.74569,83.0112582781457,2.202119205298013,-2.1711258278145693,888.3918918918919
671106,"Allen, Logan",CH,2024,109,99.46514,99.46514,82.01009174311928,2.468256880733945,-1.5434862385321102,924.5045871559633
671106,"Allen, Logan",CH,2025,204,98.17353,98.17353,82.34705882352941,6.24,-9.578235294117647,957.4411764705883
671106,"Allen, Logan",FF,2023,374,101.20641,101.20641,91.60855614973262,16.215401069518716,-4.085133689839572,2158.9139784946237
671106,"Allen, Logan",FF,2024,253,97.2415,97.2415,91.23873517786562,15.66498023715415,-8.458814229249011,2117.490118577075
671106,"Allen, Logan",FF,2025,312,99.9609,99.9609,91.35705128205129,16.34923076923077,-5.6742307692307685,2223.483974358974
671106,"Allen, Logan",ST,2023,184,98.90543,98.90543,78.84891304347826,-0.8047826086956522,15.123260869565216,2264.3867403314916
671106,"Allen, Logan",ST,2025,169,95.91243,95.91243,78.10355029585799,1.0182248520710058,14.48094674556213,2302.7278106508875
671131,"Rutledge, Jackson",FF,2025,103,98.88932,98.88932,95.67920792079208,15.052277227722772,10.682376237623764,2376.4059405940593
671131,"Rutledge, Jackson",SI,2025,178,101.615166,101.615166,95.31369047619049,9.317142857142857,17.06142857142857,2266.7261904761904
671131,"Rutledge, Jackson",SL,2025,128,101.34609,101.34609,85.21968503937008,-0.12944881889763782,-1.5505511811023622,2047.244094488189
671212,"Boyle, Joe",FF,2024,189,99.437035,99.437035,97.74656084656084,16.467936507936507,4.222222222222222,2514.9841269841268
671212,"Boyle, Joe",FF,2025,127,100.29843,100.29843,98.85000000000001,14.713770491803277,8.41672131147541,2569.9834710743803
671212,"Boyle, Joe",SL,2024,121,100.547935,100.547935,88.1396694214876,-1.392396694214876,-3.857851239669422,2597.9834710743803
671345,"Foley, Jason",SI,2022,256,99.166794,99.166794,96.112109375,5.698125,17.17640625,2029.19921875
671345,"Foley, Jason",SI,2023,298,101.880875,101.880875,97.32751677852349,5.798657718120805,17.290872483221477,2015.2147651006712
671345,"Foley, Jason",SI,2024,163,99.435585,99.435585,96.84110429447853,6.07877300613497,16.543803680981593,2029.8333333333333
671737,"Bradley, Taj",CU,2023,100,96.935,96.935,79.084,-16.584,-6.7836,2412.02
671737,"Bradley, Taj",FC,2023,191,101.15288,101.15288,88.8151832460733,5.3597905759162305,-4.198743455497382,2357.7643979057593
671737,"Bradley, Taj",FC,2024,198,106.141914,106.141914,90.81515151515153,6.168484848484848,-4.775757575757576,2273.5858585858587
671737,"Bradley, Taj",FC,2025,191,102.641365,102.641365,89.73089005235602,5.422617801047121,-4.042931937172775,2186.6806282722514
671737,"Bradley, Taj",FF,2023,401,102.80848,102.80848,96.22892768079801,18.949526184538655,5.00857855361596,2298.857855361596
671737,"Bradley, Taj",FF,2024,430,103.72117,103.72117,96.46232558139536,18.915627906976745,5.741023255813953,2306.0093023255813
671737,"Bradley, Taj",FF,2025,422,100.52275,100.52275,96.40889423076922,18.18201923076923,6.984519230769231,2303.0721153846152
671737,"Bradley, Taj",FS,2023,102,96.85882,96.85882,89.56960784313726,7.164705882352941,9.08,1436.2058823529412
671737,"Bradley, Taj",FS,2024,259,96.915825,96.915825,90.86254826254827,5.543166023166023,10.88942084942085,1489.2355212355212
671737,"Bradley, Taj",FS,2025,152,94.123024,94.123024,91.49337748344371,8.837880794701986,13.175364238410596,1686.1059602649007
671922,"Smith, Cade",FF,2024,307,101.02411,101.02411,96.0527687296417,16.014723127035833,8.58058631921824,2278.8888888888887
671922,"Smith, Cade",FF,2025,290,102.70448,102.70448,96.41130742049471,16.560848056537104,8.746855123674912,2326.6148409893995
672282,"Detmers, Reid",CH,2022,100,100.124,100.124,84.211,8.8128,-13.7748,1436.92
672282,"Detmers, Reid",CH,2024,101,100.11783,100.11783,84.55148514851486,11.761188118811882,-11.047128712871286,1477.8217821782177
672282,"Detmers, Reid",CU,2023,150,98.888,98.888,75.07333333333334,-15.0832,11.4216,2424.4866666666667
672282,"Detmers, Reid",FF,2022,327,101.770035,101.770035,93.15259938837922,16.809908256880735,-10.519266055045872,2110.4434250764525
672282,"Detmers, Reid",FF,2023,428,99.66822,99.66822,94.48154205607476,15.790654205607476,-11.108971962616824,2107.3060747663553
672282,"Detmers, Reid",FF,2024,295,101.75118,101.75118,93.84847457627119,17.920677966101696,-8.793762711864407,2123.561224489796
672282,"Detmers, Reid",FF,2025,193,104.76063,104.76063,95.8478947368421,18.126947368421053,-7.950315789473684,2171.0158730158732
672282,"Detmers, Reid",SL,2022,256,97.55039,97.55039,86.541796875,-0.19968749999999996,1.9753125,2128.58984375
672282,"Detmers, Reid",SL,2023,381,98.58845,98.58845,89.04251968503937,2.9861417322834645,1.2551181102362206,2086.1154855643044
672282,"Detmers, Reid",SL,2024,167,99.002396,99.002396,85.91197604790419,0.7049101796407186,2.1233532934131736,2229.9101796407185
672282,"Detmers, Reid",SL,2025,136,100.41103,100.41103,88.15859375,-2.9559375,2.649375,2345.2421875
672335,"Pérez, Cionel",FF,2022,143,104.10559,104.10559,97.03986013986014,16.3393006993007,-6.2802797202797205,2203.2323943661972
672335,"Pérez, Cionel",SI,2023,128,102.55312,102.55312,96.46171875,8.1440625,-14.7928125,2197.453125
672335,"Pérez, Cionel",SI,2024,131,100.39924,100.39924,96.18625954198473,7.165190839694656,-14.761832061068702,2135.648854961832
672335,"Pérez, Cionel",SL,2022,110,99.740906,99.740906,84.00272727272727,-4.933090909090909,12.56509090909091,2604.681818181818
672335,"Pérez, Cionel",SL,2023,104,97.71635,97.71635,83.9673076923077,-5.357307692307692,12.523846153846154,2573.1485148514853
672335,"Pérez, Cionel",SL,2024,124,100.395164,100.395164,83.07822580645161,-6.518709677419356,13.560967741935483,2585.8870967741937
672391,"Ort, Kaleb",FF,2022,131,105.35343,105.35343,96.30992366412214,16.86137404580153,9.361832061068704,2175.0458015267177
672391,"Ort, Kaleb",FF,2023,117,104.80684,104.80684,95.96153846153847,17.915897435897435,9.44102564102564,2306.2241379310344
672391,"Ort, Kaleb",FF,2025,171,104.39649,104.39649,96.6874251497006,18.43760479041916,7.192095808383233,2454.934131736527
672456,"Montero, Keider",FF,2024,233,98.92103,98.92103,94.82317596566523,15.510901287553647,5.593648068669528,2159.8669527896996
672456,"Montero, Keider",FF,2025,157,97.45988,97.45988,93.95541401273886,15.725350318471339,5.558980891719745,2212.277419354839
672456,"Montero, Keider",SL,2024,176,96.99375,96.99375,83.59886363636363,-1.0056818181818181,-10.486363636363636,2737.3125
672456,"Montero, Keider",SL,2025,110,99.66091,99.66091,84.14545454545454,2.132727272727273,-10.124727272727274,2729.4495412844035
672578,"Hernández, Carlos",FF,2022,171,100.63626,100.63626,97.18538011695907,17.18175438596491,8.218947368421054,2378.354037267081
672578,"Hernández, Carlos",FF,2023,294,103.47789,103.47789,99.20442176870748,17.055102040816326,9.626938775510204,2434.598615916955
672578,"Hernández, Carlos",FF,2024,142,99.90493,99.90493,97.99647887323944,17.029859154929575,8.149859154929578,2414.6830985915494
672578,"Hernández, Carlos",FF,2025,189,100.08889,100.08889,97.77460317460319,17.281904761904762,8.572698412698413,2421.4708994708994
672578,"Hernández, Carlos",SL,2023,127,102.543304,102.543304,88.62677165354332,3.381732283464567,-1.3899212598425197,2055.528
672582,"Zerpa, Angel",SI,2024,166,98.93856,98.93856,96.60843373493977,4.44289156626506,-16.44867469879518,2090.5602409638554
672582,"Zerpa, Angel",SI,2025,159,98.20063,98.20063,96.56729559748428,3.7086792452830184,-16.32679245283019,2049.3459119496856
672582,"Zerpa, Angel",SL,2025,109,100.09817,100.09817,85.30550458715595,-6.933577981651376,6.5790825688073395,2617.467889908257
672710,"Contreras, Roansy",FF,2022,254,100.54843,100.54843,95.55629921259842,17.620157480314962,7.06251968503937,2394.8425196850394
672710,"Contreras, Roansy",FF,2023,172,97.91802,97.91802,94.325,16.314418604651163,5.014883720930233,2345.1976744186045
672710,"Contreras, Roansy",FF,2024,173,97.61561,97.61561,94.82658959537572,17.277225433526013,4.806242774566474,2322.208092485549
672710,"Contreras, Roansy",SL,2022,229,102.25896,102.25896,83.69170305676856,-1.7255895196506552,-4.57938864628821,2488.4890829694323
672710,"Contreras, Roansy",SL,2023,239,99.66569,99.66569,83.61464435146443,-0.23397489539748953,-5.772552301255231,2554.7489539748954
672710,"Contreras, Roansy",SL,2024,121,99.39008,99.39008,84.96363636363637,0.9629752066115703,-5.0062809917355375,2444.801652892562
672782,"Gómez, Yoendrys",FF,2025,143,101.35734,101.35734,93.85524475524475,16.592727272727274,7.043076923076923,2469.2657342657344
672841,"Vargas, Carlos",SI,2025,186,100.45215,100.45215,97.4983870967742,4.9793548387096775,15.234838709677419,2158.430107526882
672851,"Adon, Joan",FF,2022,293,96.08771,96.08771,95.07849829351535,14.985255972696248,10.842184300341298,2190.536332179931
672851,"Adon, Joan",FF,2023,126,95.85477,95.85477,94.76904761904761,13.416190476190476,9.222857142857142,2218.4523809523807
673380,"Núñez, Dedniel",FF,2024,102,105.583336,105.583336,96.38333333333334,16.087058823529414,2.9576470588235293,2510.978947368421
673380,"Núñez, Dedniel",SL,2024,110,104.86636,104.86636,87.52909090909091,-3.650181818181818,-1.054909090909091,2604.3823529411766
673513,"Matsui, Yuki",FF,2024,176,102.33239,102.33239,92.23352272727273,19.79659090909091,-4.283863636363637,2450.596590909091
673513,"Matsui, Yuki",FF,2025,152,100.761185,100.761185,92.07074829931973,19.416326530612242,-4.731428571428571,2420.734693877551
673513,"Matsui, Yuki",FS,2025,147,104.1551,104.1551,84.04632352941177,3.6829411764705884,-9.050294117647057,1175.4117647058824
673513,"Matsui, Yuki",SL,2024,101,100.71089,100.71089,86.16930693069307,4.335445544554456,4.287920792079208,2707.5445544554455
673540,"Senga, Kodai",FC,2023,304,97.9352,97.9352,90.99111842105263,9.95921052631579,-0.49500000000000005,2500.8190789473683
673540,"Senga, Kodai",FC,2025,142,98.18521,98.18521,89.75140845070423,8.518309859154929,1.1805633802816902,2452.3829787234044
673540,"Senga, Kodai",FF,2023,383,98.96057,98.96057,95.65665796344648,16.61451697127937,7.957911227154047,2292.396866840731
673540,"Senga, Kodai",FF,2025,210,96.47143,96.47143,94.7895238095238,16.352,7.794857142857143,2362.1857142857143
673540,"Senga, Kodai",FO,2023,248,101.249596,101.249596,83.14516129032258,2.173064516129032,7.196129032258065,1120.8704453441296
673540,"Senga, Kodai",FO,2025,245,99.99877,99.99877,82.60816326530612,0.8003265306122448,9.67934693877551,1201.6489795918367
673929,"Leasure, Jordan",FF,2024,124,101.41129,101.41129,96.03790322580646,17.74451612903226,5.259677419354839,2273.5967741935483
673929,"Leasure, Jordan",FF,2025,223,107.34305,107.34305,96.30095693779904,19.341818181818184,4.141435406698565,2390.0478468899523
673929,"Leasure, Jordan",SL,2025,179,103.705025,103.705025,87.23641975308641,3.360740740740741,-6.470370370370371,2440.543209876543
674003,"Bradford, Cody",CH,2023,117,100.67777,100.67777,82.13162393162393,12.196923076923076,-15.015384615384615,1902.5470085470085
674003,"Bradford, Cody",CH,2024,130,100.71077,100.71077,80.91538461538461,11.731384615384615,-13.488923076923076,1777.9153846153847
674003,"Bradford, Cody",FF,2023,276,96.83587,96.83587,90.48949275362318,18.877391304347825,-7.652608695652174,2124.5072463768115
674003,"Bradford, Cody",FF,2024,243,95.06214,95.06214,89.98765432098766,18.370864197530864,-5.795555555555556,2102.8271604938273
674072,"Henry, Tommy",CU,2023,114,95.55439,95.55439,79.30789473684212,-8.871578947368421,8.612631578947369,2325.1666666666665
674072,"Henry, Tommy",FF,2022,156,94.83782,94.83782,91.68397435897437,15.006923076923076,-7.109230769230769,2196.858974358974
674072,"Henry, Tommy",FF,2023,224,95.856255,95.856255,90.77857142857144,14.352321428571429,-6.079285714285715,2145.8616071428573
674370,"Bido, Osvaldo",FF,2024,146,99.353424,99.353424,95.02397260273973,16.11945205479452,10.72109589041096,2379.0890410958905
674370,"Bido, Osvaldo",FF,2025,179,97.79274,97.79274,94.7782122905028,15.789720670391063,10.806033519553072,2450.7134831460676
674370,"Bido, Osvaldo",SL,2023,132,96.344696,96.344696,84.68939393939394,2.4481818181818182,-7.220909090909091,2158.7651515151515
674370,"Bido, Osvaldo",SL,2024,118,98.25848,98.25848,85.81525423728814,4.328135593220339,-6.078305084745763,2175.7457627118642
674370,"Bido, Osvaldo",SL,2025,146,99.67671,99.67671,85.35289855072465,3.3843478260869566,-7.106086956521739,2231.963768115942
674444,"Cruz, Steven",FF,2025,114,103.040344,103.040344,98.19252336448598,14.766728971962616,9.900560747663551,2234.9439252336447
675540,"Curry, Xzavion",FF,2023,254,97.522835,97.522835,92.72125984251969,18.24755905511811,2.568661417322835,2110.9291338582675
675540,"Curry, Xzavion",FF,2024,131,96.7145,96.7145,91.96946564885496,18.195114503816793,3.9865648854961835,2092.93893129771
675540,"Curry, Xzavion",SL,2023,203,94.748276,94.748276,85.0512315270936,1.4252216748768474,-5.958620689655172,2438.743842364532
675540,"Curry, Xzavion",SL,2024,117,95.32821,95.32821,84.37692307692308,1.6594871794871795,-6.538461538461538,2418.1794871794873
675627,"Grove, Michael",FF,2023,133,95.83157,95.83157,94.73157894736842,16.818045112781956,5.6670676691729325,2249.6766917293235
675627,"Grove, Michael",SL,2023,168,102.49166,102.49166,85.51309523809525,0.14928571428571427,-3.3357142857142854,2327.1488095238096
675627,"Grove, Michael",SL,2024,139,100.244606,100.244606,86.82589928057554,0.11482014388489208,-4.236258992805755,2378.071942446043
675848,"Mejia, Juan",FF,2025,303,97.250824,97.250824,96.63762376237624,12.093861386138615,0.9263366336633664,2586.7293729372936
675848,"Mejia, Juan",SL,2025,147,100.7932,100.7932,83.20136054421769,-1.793469387755102,-13.944489795918368,2845.360544217687
675911,"Strider, Spencer",FF,2022,518,106.16236,106.16236,98.36602316602317,17.933976833976832,5.083088803088803,2350.0135135135133
675911,"Strider, Spencer",FF,2023,773,103.878525,103.878525,97.35743855109962,18.410608020698575,6.078085381630013,2362.3764553686933
675911,"Strider, Spencer",FF,2025,374,96.75187,96.75187,95.70187165775401,16.031550802139037,8.964385026737968,2298.3636363636365
675911,"Strider, Spencer",SL,2022,182,104.157684,104.157684,86.3467032967033,1.0391208791208792,-5.45010989010989,2391.9175824175823
675911,"Strider, Spencer",SL,2023,427,107.19438,107.19438,85.54215456674473,1.1482903981264636,-5.667822014051522,2340.594847775176
675911,"Strider, Spencer",SL,2025,272,105.14779,105.14779,84.14944649446494,2.336678966789668,-4.89210332103321,2289.5645756457566
675916,"Karinchak, James",FF,2022,148,108.62229,108.62229,95.32162162162163,20.649729729729728,1.7408108108108107,2354.3513513513512
675916,"Karinchak, James",FF,2023,139,103.37842,103.37842,94.85323741007194,19.29064748201439,3.5499280575539567,2257.460431654676
675921,"Howard, Spencer",FF,2022,133,95.418045,95.418045,94.32180451127819,16.706165413533835,7.310977443609023,2147.3984962406016
675921,"Howard, Spencer",FF,2024,122,95.46722,95.46722,93.85819672131149,16.345573770491804,7.788196721311476,2106.0737704918033
675921,"Howard, Spencer",SL,2022,107,97.71776,97.71776,84.76448598130841,0.7996261682242991,-5.1611214953271025,2155.532710280374
676083,"Junk, Janson",FF,2025,220,101.94773,101.94773,93.8267942583732,18.225071770334928,2.730717703349282,2285.0334928229663
676083,"Junk, Janson",SL,2025,178,98.45956,98.45956,86.84260355029586,3.8272189349112424,-5.995739644970414,2364.970238095238
676083,"Junk, Janson",ST,2025,107,98.47196,98.47196,82.03173076923076,3.7199999999999998,-13.105384615384615,2463.2115384615386
676106,"Hancock, Emerson",FF,2024,127,95.8811,95.8811,93.54488188976379,13.54771653543307,12.488503937007874,2390.299212598425
676106,"Hancock, Emerson",FF,2025,130,97.52308,97.52308,94.87923076923076,11.668615384615386,12.535384615384615,2383.5581395348836
676106,"Hancock, Emerson",SI,2025,199,98.52764,98.52764,94.75427135678392,4.963417085427136,18.754974874371857,2380.2373737373737
676130,"Buttó, José",CH,2024,124,101.73387,101.73387,87.05725806451613,3.314516129032258,8.466774193548387,1838.483870967742
676130,"Buttó, José",FF,2023,139,101.17626,101.17626,93.98776978417266,15.82705035971223,5.53726618705036,2398.820143884892
676130,"Buttó, José",FF,2024,141,102.47872,102.47872,94.20212765957447,15.180425531914894,4.941276595744681,2399.0
676130,"Buttó, José",FF,2025,100,100.693,100.693,95.303,15.0024,2.8548,2420.63
676130,"Buttó, José",SI,2024,104,99.42308,99.42308,93.41442307692309,9.951923076923077,15.250384615384615,2167.0673076923076
676130,"Buttó, José",SL,2025,127,101.151184,101.151184,86.47795275590552,-0.44314960629921263,-3.0925984251968504,2644.196850393701
676254,"Walker, Ryan",SI,2023,137,99.91606,99.91606,94.84379562043796,2.7354744525547443,14.517372262773723,2227.5367647058824
676254,"Walker, Ryan",SI,2024,177,100.15932,100.15932,95.64237288135594,3.1416949152542375,14.880677966101695,2286.7093023255816
676254,"Walker, Ryan",SI,2025,168,98.167854,98.167854,95.94821428571429,3.412857142857143,16.54642857142857,2373.3869047619046
676254,"Walker, Ryan",SL,2023,210,102.68428,102.68428,83.21619047619048,1.3822857142857141,-14.870285714285716,2537.7512195121953
676254,"Walker, Ryan",SL,2024,192,101.45104,101.45104,83.88385416666667,2.5524999999999998,-14.895625,2612.3015873015875
676254,"Walker, Ryan",SL,2025,115,100.0913,100.0913,83.99478260869564,2.358260869565217,-15.280695652173913,2685.669565217391
676263,"Dreyer, Jack",FF,2025,189,103.75027,103.75027,92.6360655737705,19.670163934426228,-6.992786885245902,2384.9180327868853
676263,"Dreyer, Jack",SL,2025,226,99.02743,99.02743,88.00947867298578,3.8940284360189574,2.5711848341232226,2343.473933649289
676265,"Abbott, Cory",FF,2022,148,101.814186,101.814186,91.23986486486487,17.47135135135135,11.624594594594594,2276.364864864865
676265,"Abbott, Cory",FF,2023,119,102.23529,102.23529,92.37731092436975,17.12470588235294,9.583865546218487,2325.731092436975
676265,"Abbott, Cory",KC,2023,132,99.02425,99.02425,84.87575757575758,-7.443636363636364,-3.47,2400.6969696969695
676272,"Miller, Bobby",CH,2023,119,105.05798,105.05798,88.06050420168067,9.040336134453781,17.025882352941174,2270.890756302521
676272,"Miller, Bobby",CU,2023,112,101.95803,101.95803,80.63303571428571,-14.01,-9.352500000000001,2802.901785714286
676272,"Miller, Bobby",FF,2023,253,100.8917,100.8917,99.24743083003952,16.538656126482213,8.653754940711464,2340.6679841897235
676272,"Miller, Bobby",FF,2024,146,97.4774,97.4774,97.64931506849315,15.881917808219177,7.690684931506849,2284.6369863013697
676272,"Miller, Bobby",SI,2023,181,105.5105,105.5105,98.78342541436464,13.900773480662982,13.747624309392267,2290.0441988950274
676272,"Miller, Bobby",SL,2023,149,99.1792,99.1792,89.98389261744967,1.3224161073825502,-4.58496644295302,2503.445945945946
676282,"Cantillo, Joey",CH,2025,128,103.40938,103.40938,77.928125,12.1584375,-10.04625,1498.5546875
676282,"Cantillo, Joey",FF,2025,171,97.54035,97.54035,91.3625730994152,16.80701754385965,-6.695438596491228,1835.4795321637428
676395,"Garcia, Robert",CH,2024,106,99.22642,99.22642,87.84811320754717,1.9935849056603774,-14.727169811320755,1689.2830188679245
676395,"Garcia, Robert",CH,2025,100,100.165,100.165,88.94375000000001,1.7787499999999998,-16.78125,1686.6770833333333
676395,"Garcia, Robert",FF,2024,180,101.81278,101.81278,94.72277777777776,13.615333333333334,-10.594000000000001,2217.9777777777776
676395,"Garcia, Robert",FF,2025,150,103.00467,103.00467,94.46666666666667,13.779574468085107,-10.605106382978724,2237.6
676428,"Hurter, Brant",SI,2024,157,96.55159,96.55159,92.31273885350319,3.8988535031847134,-15.303439490445859,2141.9745222929937
676428,"Hurter, Brant",SI,2025,179,99.11341,99.11341,92.32303370786516,3.564943820224719,-16.180449438202245,2117.4880952380954
676440,"Bibee, Tanner",CH,2023,111,99.68829,99.68829,83.73243243243243,13.17189189189189,13.24,2043.990990990991
676440,"Bibee, Tanner",CH,2024,166,98.59579,98.59579,82.51927710843374,11.639277108433737,13.57879518072289,1993.3433734939758
676440,"Bibee, Tanner",CH,2025,184,100.46032,100.46032,81.77717391304348,11.22717391304348,11.500434782608695,1977.0760869565217
676440,"Bibee, Tanner",FC,2023,198,105.247475,105.247475,85.25757575757575,-0.44060606060606056,-10.122424242424243,2809.6363636363635
676440,"Bibee, Tanner",FC,2024,230,105.98739,105.98739,86.61304347826086,4.151478260869565,-8.467304347826087,2742.9304347826087
676440,"Bibee, Tanner",FC,2025,256,103.43242,103.43242,86.180859375,2.83734375,-8.1946875,2727.390625
676440,"Bibee, Tanner",FF,2023,308,97.90487,97.90487,95.04155844155844,16.04103896103896,4.4723376623376625,2307.3387622149835
676440,"Bibee, Tanner",FF,2024,458,98.438644,98.438644,94.7122270742358,16.00113537117904,4.339126637554585,2372.6069868995633
676440,"Bibee, Tanner",FF,2025,283,94.36466,94.36466,94.46819787985866,14.847349823321556,5.619222614840989,2258.6855123674914
676440,"Bibee, Tanner",SI,2025,167,97.17785,97.17785,94.21616766467066,9.689820359281438,13.92359281437126,2229.0958083832334
676440,"Bibee, Tanner",ST,2025,163,100.319626,100.319626,82.99693251533742,-2.321226993865031,-16.46723926380368,2671.840490797546
676467,"Gordon, Colton",FF,2025,255,95.60784,95.60784,91.20627450980392,16.25035294117647,-10.150588235294117,2039.5333333333333
676467,"Gordon, Colton",ST,2025,162,100.03765,100.03765,80.79629629629629,6.277777777777778,10.342222222222222,2625.08024691358
676477,"Whitlock, Garrett",CH,2023,121,105.10661,105.10661,83.26280991735537,3.775537190082645,16.886280991735536,2118.0826446280994
676477,"Whitlock, Garrett",SI,2022,226,101.431854,101.431854,95.29557522123893,12.889380530973451,15.259646017699115,2155.651785714286
676477,"Whitlock, Garrett",SI,2023,245,99.90897,99.90897,94.04122448979591,12.793469387755103,15.518204081632653,2065.4326530612243
676477,"Whitlock, Garrett",SI,2025,184,103.266304,103.266304,95.88532608695652,14.826521739130435,13.136086956521739,2190.398907103825
676477,"Whitlock, Garrett",SL,2025,111,99.84775,99.84775,84.84864864864865,-5.914594594594594,-2.852972972972973,2124.153153153153
676477,"Whitlock, Garrett",ST,2023,101,107.22277,107.22277,79.82673267326733,-4.104950495049505,-8.70059405940594,2121.68
676508,"Casparius, Ben",FC,2025,110,99.40364,99.40364,91.94272727272728,6.650181818181818,-5.502545454545454,2753.7818181818184
676508,"Casparius, Ben",FF,2025,139,102.269066,102.269066,96.25539568345324,17.97410071942446,3.067338129496403,2437.561151079137
676534,"Faucher, Calvin",FC,2024,120,104.18833,104.18833,91.08500000000001,0.483,-4.354,2838.858333333333
676534,"Faucher, Calvin",FC,2025,123,99.321945,99.321945,92.11626016260162,2.246829268292683,-3.555121951219512,2849.2520325203254
676596,"Fleming, Josh",SI,2022,144,104.708336,104.708336,91.05486111111111,2.665,-17.193333333333335,1758.4305555555557
676596,"Fleming, Josh",SI,2023,106,105.51509,105.51509,90.21886792452831,0.9532075471698113,-17.070566037735848,1772.4554455445545
676617,"O'Brien, Riley",SI,2025,115,101.426956,101.426956,98.26818181818182,6.166909090909091,15.520363636363637,2176.109090909091
676661,"Lazar, Max",FF,2025,106,99.07453,99.07453,94.44811320754717,16.047169811320753,1.02,2481.3396226415093
676664,"Sears, JP",CH,2023,160,94.83312,94.83312,84.15187499999999,3.3877499999999996,-16.88175,1716.8050314465409
676664,"Sears, JP",CH,2024,177,94.4226,94.4226,84.02146892655367,2.4366101694915256,-16.611525423728814,1689.9943502824858
676664,"Sears, JP",CH,2025,127,99.93858,99.93858,83.2566371681416,3.689203539823009,-16.25840707964602,1504.8053097345132
676664,"Sears, JP",FF,2022,195,99.97436,99.97436,93.28615384615384,13.699692307692308,-12.298461538461538,2153.523076923077
676664,"Sears, JP",FF,2023,544,101.80055,101.80055,93.14485294117648,14.811838235294118,-11.217794117647058,2131.487084870849
676664,"Sears, JP",FF,2024,360,101.83611,101.83611,92.02916666666667,14.8,-11.669333333333334,2082.825
676664,"Sears, JP",FF,2025,371,99.881935,99.881935,92.4,14.070575342465753,-12.127561643835618,2025.641095890411
676664,"Sears, JP",SL,2023,152,97.19013,97.19013,82.0796052631579,7.3042105263157895,1.7257894736842105,2447.0394736842104
676664,"Sears, JP",SL,2025,121,99.795044,99.795044,80.3104347826087,6.122086956521739,3.6845217391304352,2303.4695652173914
676664,"Sears, JP",ST,2023,234,97.68077,97.68077,81.19017094017094,5.6984615384615385,10.11897435897436,2468.1630901287554
676664,"Sears, JP",ST,2024,225,96.11689,96.11689,78.76444444444445,4.338666666666667,13.297066666666668,2450.3644444444444
676664,"Sears, JP",ST,2025,229,96.83886,96.83886,79.3013215859031,6.574625550660794,12.626431718061673,2329.925110132159
676680,"Cosgrove, Tom",ST,2023,131,97.28626,97.28626,76.31832061068702,4.75236641221374,19.54167938931298,2669.1908396946565
676684,"Vest, Will",FF,2022,251,98.1992,98.1992,95.24302788844622,15.509641434262948,9.231872509960159,2089.7091633466134
676684,"Vest, Will",FF,2023,132,100.78788,100.78788,95.36666666666666,15.387272727272729,9.586363636363638,2142.492424242424
676684,"Vest, Will",FF,2024,230,99.954346,99.954346,96.15869565217392,15.271304347826087,9.008869565217392,2148.1397379912664
676684,"Vest, Will",FF,2025,201,100.49155,100.49155,96.80850000000001,16.5642,5.812200000000001,2244.08
676684,"Vest, Will",SL,2022,144,99.35833,99.35833,86.46944444444445,-1.69,-9.010833333333332,2394.2291666666665
676684,"Vest, Will",SL,2024,104,99.5125,99.5125,86.88557692307693,-2.5280769230769233,-6.321923076923077,2380.4901960784314
676710,"Crawford, Kutter",FC,2022,135,100.09778,100.09778,88.87333333333333,8.28,-4.703111111111111,2407.1925925925925
676710,"Crawford, Kutter",FC,2023,269,100.41413,100.41413,88.66840148698884,9.151672862453532,-4.272267657992565,2423.375464684015
676710,"Crawford, Kutter",FC,2024,410,101.27512,101.27512,87.59341463414634,8.550146341463414,-5.154731707317073,2498.2463414634144
676710,"Crawford, Kutter",FF,2022,136,103.80441,103.80441,94.89558823529411,19.188529411764705,9.838235294117647,2415.830882352941
676710,"Crawford, Kutter",FF,2023,354,102.37938,102.37938,93.82316384180791,18.939661016949152,9.51186440677966,2492.0623229461758
676710,"Crawford, Kutter",FF,2024,383,100.31358,100.31358,92.66553524804178,19.840731070496084,7.542140992167101,2504.3838120104438
676710,"Crawford, Kutter",FS,2024,112,101.74375,101.74375,82.35089285714285,9.065357142857144,7.033928571428571,1094.3035714285713
676710,"Crawford, Kutter",ST,2024,215,98.126045,98.126045,80.76186046511627,1.8708837209302327,-12.729488372093025,2270.5302325581397
676714,"Hughes, Brandon",FF,2022,158,99.99367,99.99367,93.22405063291139,14.649873417721517,-12.694936708860759,2312.59477124183
676714,"Hughes, Brandon",SL,2022,155,103.687096,103.687096,82.83870967741936,3.2206451612903226,4.0683870967741935,2370.7551020408164
676755,"Mattson, Isaac",FF,2025,208,103.74808,103.74808,93.96806282722514,18.69235602094241,8.282513089005235,2373.7055555555557
676760,"Marinaccio, Ron",CH,2022,100,102.55,102.55,84.10799999999999,1.716,16.998,1989.84
676760,"Marinaccio, Ron",CH,2023,112,101.050896,101.050896,82.90446428571428,2.186785714285714,16.698214285714286,1965.063063063063
676760,"Marinaccio, Ron",FF,2022,107,106.459816,106.459816,94.72429906542057,17.36859813084112,11.941682242990654,2320.8691588785045
676760,"Marinaccio, Ron",FF,2023,185,103.45243,103.45243,93.8681081081081,16.688432432432432,12.252324324324324,2280.049723756906
676775,"Winn, Keaton",FS,2023,132,98.68409,98.68409,88.84924242424243,-1.2863636363636364,12.884545454545455,1539.5954198473282
676775,"Winn, Keaton",FS,2024,176,98.8966,98.8966,88.92897727272727,0.1431818181818182,13.795227272727272,1589.590909090909
676879,"Ashby, Aaron",CH,2022,187,101.07701,101.07701,89.06256684491979,3.2432085561497326,-14.67144385026738,1775.7433155080214
676879,"Ashby, Aaron",SI,2022,249,103.62329,103.62329,95.64176706827308,9.940722891566264,-15.509397590361447,2093.358870967742
676879,"Ashby, Aaron",SI,2025,169,104.89231,104.89231,97.59938650306749,7.107239263803681,-15.047116564417177,2150.1901840490796
676879,"Ashby, Aaron",SL,2022,223,101.94619,101.94619,83.59058295964125,-3.192645739910314,9.64896860986547,2553.3063063063064
676962,"Brown, Ben",FF,2024,122,96.37131,96.37131,96.36803278688524,16.44688524590164,8.831803278688525,2212.4836065573772
676962,"Brown, Ben",FF,2025,323,96.89443,96.89443,95.67461300309598,17.034798761609906,7.285077399380805,2201.6934984520126
676962,"Brown, Ben",KC,2025,316,100.552216,100.552216,87.03069620253164,-2.6878481012658226,-2.54620253164557,2288.762658227848
676974,"Meyer, Max",FF,2024,180,95.02722,95.02722,94.04499999999999,15.094666666666667,4.068,2382.85
676974,"Meyer, Max",FF,2025,107,97.988785,97.988785,95.05327102803739,15.632523364485982,8.836261682242991,2511.878504672897
676974,"Meyer, Max",SL,2024,202,99.91089,99.91089,88.16485148514852,-0.5821782178217821,-2.010891089108911,2588.5247524752476
676974,"Meyer, Max",SL,2025,167,100.12035,100.12035,89.95389221556886,-1.2337724550898204,-2.2476646706586827,2614.8424242424244
676979,"Crochet, Garrett",FC,2024,291,107.11649,107.11649,91.52920962199313,5.478762886597938,3.8020618556701034,2605.318339100346
676979,"Crochet, Garrett",FC,2025,386,101.54042,101.54042,90.80984455958549,6.061554404145078,3.820103626943005,2594.8067885117493
676979,"Crochet, Garrett",FF,2024,493,102.32374,102.32374,97.38296146044625,15.546937119675457,-7.975253549695741,2506.9588477366256
676979,"Crochet, Garrett",FF,2025,422,100.6128,100.6128,96.42061611374407,15.826066350710901,-8.004739336492891,2457.8052884615386
676979,"Crochet, Garrett",SI,2025,175,101.50172,101.50172,96.06800000000001,8.027657142857143,-16.228114285714287,2400.5028901734104
676979,"Crochet, Garrett",ST,2024,108,104.66019,104.66019,84.18055555555556,-0.6755555555555556,14.644444444444444,2450.0686274509803
676979,"Crochet, Garrett",ST,2025,242,104.426445,104.426445,82.66280991735537,-3.0208264462809917,13.56793388429752,2387.305785123967
677053,"Nardi, Andrew",FF,2023,232,102.70258,102.70258,94.64741379310345,16.493793103448276,-4.491724137931034,2274.757575757576
677053,"Nardi, Andrew",FF,2024,193,103.27202,103.27202,94.26424870466322,17.180518134715026,-8.146943005181347,2302.818652849741
677053,"Nardi, Andrew",SL,2023,124,100.605644,100.605644,82.84516129032258,2.229677419354839,14.646774193548387,2403.8064516129034
677053,"Nardi, Andrew",SL,2024,122,100.934425,100.934425,82.88360655737705,3.15344262295082,12.014754098360655,2315.6393442622953
677651,"Garcia, Luis",FC,2022,238,112.87731,112.87731,85.18067226890756,5.183193277310924,-5.105546218487396,2345.1512605042017
677651,"Garcia, Luis",FF,2022,406,95.716255,95.716255,94.14876847290641,17.878522167487684,7.488177339901477,2401.766009852217
677944,"Cecconi, Slade",CU,2025,119,102.37563,102.37563,75.44736842105263,-12.868421052631579,-9.489473684210527,2394.657894736842
677944,"Cecconi, Slade",FF,2024,274,97.51569,97.51569,94.40036496350365,14.696496350364963,14.312408759124088,2359.7408759124087
677944,"Cecconi, Slade",FF,2025,327,100.717125,100.717125,94.31085526315789,15.847894736842106,10.668552631578947,2389.5460526315787
677944,"Cecconi, Slade",SL,2024,111,96.65135,96.65135,85.03243243243243,0.36972972972972973,-3.3416216216216217,2418.072072072072
677944,"Cecconi, Slade",SL,2025,147,101.4,101.4,84.30296296296297,1.2524444444444445,-5.099555555555556,2557.9925925925927
677952,"Ashcraft, Braxton",FF,2025,107,96.51589,96.51589,97.11682242990655,15.713271028037383,7.235887850467289,2451.4205607476633
677952,"Ashcraft, Braxton",SL,2025,150,98.87267,98.87267,91.90933333333334,5.4096,-1.8336000000000001,2625.62
677958,"Rocker, Kumar",FC,2025,113,106.0531,106.0531,90.00619469026549,4.656637168141593,-1.768141592920354,2229.6991150442477
677960,"Weathers, Ryan",CH,2024,183,100.81748,100.81748,86.52568306010929,3.7652459016393443,-13.01639344262295,1819.5464480874316
677960,"Weathers, Ryan",FF,2023,146,98.06096,98.06096,95.08904109589041,14.947397260273974,-11.448493150684932,2204.3698630136987
677960,"Weathers, Ryan",FF,2024,212,98.261795,98.261795,95.97783018867923,15.139811320754717,-12.28245283018868,2307.316037735849
678020,"Halvorsen, Seth",FF,2025,107,102.87009,102.87009,100.051,12.684000000000001,10.2456,2280.01
678022,"Perkins, Jack",FF,2025,101,99.922775,99.922775,95.93762376237625,14.28,11.5009900990099,2265.29702970297
678024,"Vasil, Mike",SI,2025,210,98.18715,98.18715,94.34714285714287,4.521714285714286,14.281714285714285,2182.766666666667
678226,"Hernández, Daysbel",SL,2025,131,101.73206,101.73206,88.26335877862596,0.8995419847328244,-2.820458015267176,2667.4503816793895
678368,"Bellozo, Valente",FC,2025,181,101.825966,101.825966,84.71802325581395,8.985348837209303,-5.174651162790697,2516.186046511628
678368,"Bellozo, Valente",FF,2024,118,93.94831,93.94831,89.29830508474576,15.57864406779661,4.265084745762712,2094.8813559322034
678368,"Bellozo, Valente",FF,2025,153,96.52549,96.52549,91.08266666666667,17.3896,3.3816,2154.0533333333333
678394,"Bello, Brayan",CH,2023,271,101.12767,101.12767,86.19225092250922,3.119114391143911,16.533431734317343,1764.8966789667898
678394,"Bello, Brayan",CH,2024,243,100.520164,100.520164,87.76995884773662,3.211358024691358,16.071604938271605,1800.679012345679
678394,"Bello, Brayan",CH,2025,156,99.160255,99.160255,88.82115384615385,4.492307692307692,16.736923076923077,1843.8076923076924
678394,"Bello, Brayan",FC,2025,153,101.13203,101.13203,88.37254901960785,2.6266666666666665,-1.0650980392156864,2482.4444444444443
678394,"Bello, Brayan",FF,2023,218,102.883026,102.883026,95.63256880733945,13.216513761467889,9.967706422018349,2090.3256880733943
678394,"Bello, Brayan",FF,2025,144,99.52014,99.52014,95.19930555555555,13.5425,8.274166666666666,2153.1666666666665
678394,"Bello, Brayan",SI,2022,108,100.054634,100.054634,96.1351851851852,4.766666666666667,17.16,2131.425925925926
678394,"Bello, Brayan",SI,2023,401,99.91846,99.91846,95.01670822942643,2.5606982543640897,18.157406483790524,1970.568578553616
678394,"Bello, Brayan",SI,2024,308,98.53377,98.53377,95.79967532467532,4.043766233766234,17.32792207792208,2041.1785714285713
678394,"Bello, Brayan",SI,2025,253,98.707115,98.707115,95.48893280632412,5.520948616600791,17.15715415019763,2106.99604743083
678394,"Bello, Brayan",SL,2023,137,99.40292,99.40292,85.47007299270072,-4.213138686131387,-4.46014598540146,2248.3576642335765
678394,"Bello, Brayan",SL,2024,209,99.544014,99.544014,86.85358851674641,-0.5649760765550239,-7.556555023923445,2351.7368421052633
678394,"Bello, Brayan",ST,2025,102,101.177444,101.177444,85.6421568627451,-3.125882352941176,-9.594117647058823,2440.2156862745096
678495,"Rodríguez, Randy",FF,2024,155,103.59355,103.59355,97.61870967741935,16.679225806451615,6.702193548387096,2525.490322580645
678495,"Rodríguez, Randy",FF,2025,144,110.56944,110.56944,97.43805970149255,18.394925373134328,5.355223880597015,2682.0149253731342
678495,"Rodríguez, Randy",SL,2024,118,98.388985,98.388985,84.57627118644068,-2.168135593220339,-9.006101694915255,2781.9661016949153
678495,"Rodríguez, Randy",SL,2025,142,101.36831,101.36831,86.07941176470588,1.953529411764706,-11.031176470588235,2781.323529411765
678606,"Ferrer, Jose A.",FF,2023,104,94.513466,94.513466,95.60288461538462,9.350769230769231,-15.99923076923077,2105.019417475728
678606,"Ferrer, Jose A.",SI,2025,292,99.836296,99.836296,97.79965753424658,6.7586301369863016,-18.22931506849315,2125.2842465753424
678692,"Henriquez, Ronny",FF,2025,114,108.74912,108.74912,96.83333333333333,18.636842105263156,6.030526315789474,2495.938596491228
678692,"Henriquez, Ronny",SL,2025,100,100.711,100.711,87.94200000000001,4.8036,-3.6792000000000002,2533.42
678692,"Henriquez, Ronny",ST,2025,141,104.32199,104.32199,85.60921985815602,1.6238297872340426,-12.564255319148936,2581.4397163120566
678821,"Peralta, Luis",FF,2025,102,100.47451,100.47451,94.47058823529412,13.537647058823529,-12.369411764705882,2229.5392156862745
679525,"Marsh, Alec",CU,2024,131,98.19237,98.19237,82.89847328244275,-7.61587786259542,-7.282442748091603,2510.259541984733
679525,"Marsh, Alec",FF,2023,127,100.47244,100.47244,94.21732283464567,15.193700787401575,8.406614173228347,2473.4015748031497
679525,"Marsh, Alec",FF,2024,313,99.81598,99.81598,94.33003194888178,14.998466453674123,9.715782747603834,2505.6837060702874
679525,"Marsh, Alec",SI,2024,126,96.95159,96.95159,93.65238095238095,7.046666666666667,17.04,2382.864
679525,"Marsh, Alec",SL,2024,179,100.26089,100.26089,86.62569832402235,0.37072625698324024,-3.339888268156425,2463.653631284916
679885,"Martinez, Justin",FS,2024,110,108.74273,108.74273,90.18090909090908,1.6287272727272728,7.997454545454546,865.4363636363636
679885,"Martinez, Justin",SI,2024,181,103.59558,103.59558,100.20276243093923,7.113149171270718,15.381878453038674,2086.353591160221
680570,"Rodriguez, Grayson",CH,2023,223,102.96099,102.96099,83.96995515695068,2.8530941704035877,12.37237668161435,1846.42600896861
680570,"Rodriguez, Grayson",CH,2024,176,101.12216,101.12216,83.18636363636364,1.68,12.059318181818183,1752.3920454545455
680570,"Rodriguez, Grayson",FF,2023,453,104.09779,104.09779,97.51346578366446,15.89112582781457,11.433112582781456,2276.0772626931566
680570,"Rodriguez, Grayson",FF,2024,353,104.549286,104.549286,96.171388101983,15.777450424929178,12.969178470254958,2304.7357954545455
680570,"Rodriguez, Grayson",SL,2024,124,101.83306,101.83306,86.4508064516129,1.904516129032258,-5.290645161290322,2469.9435483870966
680570,"Rodriguez, Grayson",ST,2023,124,103.96935,103.96935,82.37258064516129,4.0441935483870965,-11.491935483870968,2418.6774193548385
680573,"Woods Richardson, Simeon",CH,2024,149,100.37248,100.37248,82.9778523489933,10.073557046979866,15.36241610738255,2243.7248322147652
680573,"Woods Richardson, Simeon",FF,2024,282,96.2383,96.2383,93.3354609929078,17.51617021276596,5.609361702127659,2195.531914893617
680573,"Woods Richardson, Simeon",FF,2025,341,96.07536,96.07536,93.34017595307918,18.339237536656892,5.255366568914956,2259.8676470588234
680573,"Woods Richardson, Simeon",SL,2024,229,97.891266,97.891266,86.61353711790393,6.896593886462882,-6.409257641921397,2285.532751091703
680573,"Woods Richardson, Simeon",SL,2025,185,98.18595,98.18595,85.29027027027027,5.088648648648649,-4.807135135135136,2306.021978021978
680686,"Gray, Josiah",CU,2022,191,100.31518,100.31518,82.75549738219895,-5.864293193717277,-2.021151832460733,2490.021052631579
680686,"Gray, Josiah",CU,2023,168,101.124405,101.124405,82.42678571428571,-4.330714285714286,-1.4407142857142858,2383.7256097560976
680686,"Gray, Josiah",FC,2023,234,98.729485,98.729485,88.84401709401709,8.403076923076922,0.5928205128205128,2007.7543103448277
680686,"Gray, Josiah",FF,2022,354,104.49068,104.49068,94.48248587570622,17.848813559322032,9.755593220338984,2214.421652421652
680686,"Gray, Josiah",FF,2023,195,98.56821,98.56821,93.71435897435897,15.298461538461538,11.633230769230769,2138.276923076923
680686,"Gray, Josiah",SI,2023,181,100.67458,100.67458,93.20331491712707,12.811491712707182,14.687734806629834,2115.7722222222224
680686,"Gray, Josiah",SL,2022,265,99.76943,99.76943,85.89056603773585,5.415396226415094,-1.6084528301886793,2023.2867924528302
680686,"Gray, Josiah",SL,2023,315,99.06921,99.06921,85.86825396825397,5.838857142857143,-1.0967619047619048,1884.676282051282
680694,"Bradish, Kyle",CU,2023,211,100.84313,100.84313,84.99383886255924,-12.837156398104264,-5.52170616113744,2633.6398104265404
680694,"Bradish, Kyle",FF,2022,342,98.043564,98.043564,94.62280701754386,16.16456140350877,-1.2410526315789474,2303.62865497076
680694,"Bradish, Kyle",FF,2023,207,97.71449,97.71449,94.5888888888889,12.760000000000002,-2.674202898550725,2378.8115942028985
680694,"Bradish, Kyle",SI,2023,226,97.94292,97.94292,94.96460176991151,11.426017699115045,11.219469026548673,2220.9646017699115
680694,"Bradish, Kyle",SL,2022,258,100.41008,100.41008,86.86666666666666,-1.1148837209302325,-11.076744186046513,2477.3333333333335
680694,"Bradish, Kyle",SL,2023,362,100.35469,100.35469,88.11187845303867,0.11734806629834253,-12.479668508287293,2652.4930362116993
680704,"Sandlin, Nick",FS,2024,107,98.44953,98.44953,84.80841121495327,-1.664299065420561,12.376822429906541,1584.1869158878505
680704,"Sandlin, Nick",SL,2022,112,102.15,102.15,78.47678571428571,6.054642857142857,-12.905357142857143,2623.3035714285716
680704,"Sandlin, Nick",SL,2023,169,102.054436,102.054436,79.1301775147929,6.835029585798817,-9.866272189349113,2587.8809523809523
680704,"Sandlin, Nick",SL,2024,115,99.65478,99.65478,79.46695652173914,5.946782608695652,-12.282782608695651,2542.4434782608696
680723,"Rom, Drew",FF,2023,101,95.86237,95.86237,90.44950495049504,16.908118811881188,-4.533861386138614,2341.089108910891
680730,"Parker, Mitchell",CU,2024,123,96.107315,96.107315,80.52845528455285,-7.666341463414635,2.1014634146341464,2253.1463414634145
680730,"Parker, Mitchell",CU,2025,220,99.45545,99.45545,81.23954545454546,-7.018363636363636,0.6234545454545455,2282.497716894977
680730,"Parker, Mitchell",FF,2024,334,96.59611,96.59611,92.45958083832335,17.827185628742516,-5.232574850299401,2184.688622754491
680730,"Parker, Mitchell",FF,2025,617,97.0141,97.0141,92.9468189233279,18.063230016313213,-5.686199021207178,2170.3807189542486
680730,"Parker, Mitchell",FS,2024,147,101.08843,101.08843,85.56734693877551,8.166530612244898,-7.328163265306123,1047.6666666666667
680730,"Parker, Mitchell",FS,2025,138,99.35217,99.35217,85.3840579710145,9.04695652173913,-7.021739130434782,985.536231884058
680730,"Parker, Mitchell",SL,2025,133,97.6797,97.6797,84.86287878787878,2.748181818181818,4.58,2251.7251908396947
680732,"Burke, Sean",CU,2025,148,97.60676,97.60676,80.0141891891892,-15.207567567567565,-5.737297297297298,2563.608108108108
680732,"Burke, Sean",FF,2025,384,101.521614,101.521614,94.60182291666666,18.204375,4.7490625,2560.4322916666665
680732,"Burke, Sean",SL,2025,214,99.547195,99.547195,86.66915887850467,4.673831775700934,-5.5429906542056075,2504.6728971962616
680736,"Wrobleski, Justin",FF,2024,110,99.90727,99.90727,95.22181818181818,16.831636363636363,-8.190545454545456,2358.8
680736,"Wrobleski, Justin",FF,2025,157,106.47197,106.47197,96.31258278145695,16.024370860927153,-7.166622516556292,2427.158940397351
680736,"Wrobleski, Justin",SL,2025,132,97.344696,97.344696,87.54384615384616,-0.5418461538461539,3.4430769230769234,2435.7846153846153
680739,"Winder, Josh",FF,2022,171,97.38538,97.38538,93.94970760233917,17.608421052631577,8.329122807017544,2022.5730994152048
680739,"Winder, Josh",SL,2022,144,101.861115,101.861115,84.06527777777778,1.2025,-0.8975000000000001,2106.972222222222
680755,"Fisher, Braydon",SL,2025,115,98.666084,98.666084,88.01769911504425,2.7461946902654866,-2.0824778761061946,2272.566371681416
680767,"Vodnik, Victor",FF,2024,305,102.2082,102.2082,97.99409836065574,13.927081967213116,6.475672131147541,2273.662162162162
680767,"Vodnik, Victor",FF,2025,196,100.90051,100.90051,98.75473684210527,13.486105263157896,5.8042105263157895,2299.0526315789475
680885,"Schwellenbach, Spencer",CU,2024,117,102.33932,102.33932,80.74358974358974,-7.018461538461538,-8.911794871794873,2402.5213675213677
680885,"Schwellenbach, Spencer",FC,2024,166,98.86687,98.86687,92.93614457831325,9.688192771084337,-1.3785542168674698,2370.012048192771
680885,"Schwellenbach, Spencer",FF,2024,238,99.57605,99.57605,96.16680672268907,13.265546218487394,5.353613445378151,2265.323529411765
680885,"Schwellenbach, Spencer",FF,2025,213,100.61409,100.61409,97.33145539906103,14.951549295774647,5.461971830985916,2330.4084507042253
680885,"Schwellenbach, Spencer",FS,2024,117,100.95299,100.95299,84.65897435897436,0.8994871794871796,9.19076923076923,1368.059829059829
680885,"Schwellenbach, Spencer",SL,2024,214,101.085045,101.085045,87.27429906542056,-3.0605607476635517,-3.940373831775701,2474.051401869159
680885,"Schwellenbach, Spencer",SL,2025,105,100.56,100.56,87.13428571428572,-2.4857142857142858,-2.6857142857142855,2345.790476190476
680897,"Nastrini, Nick",FF,2024,113,99.02124,99.02124,93.81592920353982,18.759292035398232,4.078938053097345,2371.504424778761
680897,"Nastrini, Nick",SL,2024,130,99.605385,99.605385,84.44307692307693,1.4824615384615385,-1.8876923076923078,2233.9153846153845
681035,"Scott, Christian",FF,2024,174,100.23449,100.23449,94.29540229885059,15.233103448275862,9.600689655172413,2227.4655172413795
681190,"Vásquez, Randy",CU,2024,109,97.44862,97.44862,82.0651376146789,-4.344220183486239,-12.836697247706422,3144.559633027523
681190,"Vásquez, Randy",FC,2025,204,100.38823,100.38823,90.13874345549738,10.688795811518323,-1.3218848167539266,2506.6020942408377
681190,"Vásquez, Randy",FF,2024,199,99.308044,99.308044,94.35025125628141,15.823718592964825,7.342311557788945,2422.025125628141
681190,"Vásquez, Randy",FF,2025,112,99.636604,99.636604,93.41730769230769,15.34153846153846,8.736923076923077,2389.9423076923076
681190,"Vásquez, Randy",SI,2024,110,97.590004,97.590004,94.29818181818182,11.244,14.988000000000001,2401.5363636363636
681190,"Vásquez, Randy",SI,2025,171,97.40701,97.40701,93.1,11.198343195266272,15.250650887573965,2332.319526627219
681190,"Vásquez, Randy",ST,2025,116,101.35776,101.35776,82.15238095238095,3.7577142857142856,-12.061714285714286,2990.552380952381
681217,"Silseth, Chase",FF,2023,105,99.59809,99.59809,95.11809523809524,15.794285714285715,6.129142857142857,2423.339805825243
681293,"Arrighetti, Spencer",CU,2024,139,102.11295,102.11295,78.67913669064748,-8.738417266187051,-14.339568345323741,2829.755395683453
681293,"Arrighetti, Spencer",FC,2024,195,99.36462,99.36462,88.24974358974359,8.15876923076923,-2.7403076923076926,2508.1692307692306
681293,"Arrighetti, Spencer",FF,2024,379,102.19789,102.19789,94.13113456464379,15.452770448548813,11.949973614775725,2312.7150395778363
681343,"Smith, Shane",CH,2025,143,101.7028,101.7028,89.9144927536232,1.5208695652173914,14.219999999999999,1592.0075187969924
681343,"Smith, Shane",FF,2025,415,98.26361,98.26361,95.59436274509804,13.893235294117646,7.074411764705883,2267.436868686869
681347,"Burrows, Mike",CH,2025,152,100.70329,100.70329,87.1109589041096,8.35890410958904,13.765479452054795,1510.541095890411
681347,"Burrows, Mike",FF,2025,238,99.04622,99.04622,95.47173913043478,17.019652173913045,5.9071304347826095,2300.4826086956523
681517,"Leahy, Kyle",FF,2024,111,100.074776,100.074776,95.40990990990991,16.088648648648647,4.736216216216216,2253.5585585585586
681517,"Leahy, Kyle",FF,2025,125,104.972,104.972,95.61074380165289,16.265454545454546,3.159669421487603,2381.619834710744
681517,"Leahy, Kyle",SL,2025,116,95.586205,95.586205,91.07433628318584,5.04637168141593,-4.815929203539824,2391.1858407079644
681676,"Fernandez, Ryan",FF,2024,164,102.30609,102.30609,95.58658536585367,16.526341463414635,6.856829268292683,2168.165644171779
681676,"Fernandez, Ryan",SL,2024,215,102.596275,102.596275,87.16139534883722,1.7313488372093024,-3.2349767441860466,2571.657276995305
681799,"Roberts, Ethan",ST,2024,102,99.159805,99.159805,81.26960784313725,-1.76,-19.49529411764706,3057.8529411764707
681806,"Wantz, Andrew",FF,2022,145,102.30552,102.30552,93.74137931034483,17.645793103448273,2.7542068965517243,2386.0758620689653
681857,"Olson, Reese",CH,2023,104,103.17115,103.17115,87.80576923076923,0.2653846153846154,13.006153846153847,2104.8846153846152
681857,"Olson, Reese",CH,2024,129,104.289925,104.289925,86.4829457364341,0.8390697674418605,13.116279069767442,1988.3488372093022
681857,"Olson, Reese",CH,2025,140,106.86715,106.86715,87.84285714285714,0.4157142857142857,14.350285714285715,1972.7674418604652
681857,"Olson, Reese",FF,2023,155,98.83613,98.83613,94.84064516129031,14.601290322580644,9.414193548387097,2280.748387096774
681857,"Olson, Reese",FF,2024,117,95.03419,95.03419,94.17008547008547,14.434871794871796,9.79076923076923,2235.5
681857,"Olson, Reese",SI,2023,126,98.580956,98.580956,94.76984126984127,9.244761904761905,15.598095238095237,2131.15873015873
681857,"Olson, Reese",SI,2024,100,96.434006,96.434006,94.15799999999999,8.4984,16.243199999999998,2115.45
681857,"Olson, Reese",SI,2025,109,97.51651,97.51651,94.40458715596331,10.806605504587157,15.582385321100917,2171.73
681857,"Olson, Reese",SL,2023,216,102.35231,102.35231,84.70833333333333,-2.9949999999999997,-7.92,2991.2268518518517
681857,"Olson, Reese",SL,2024,151,103.37814,103.37814,84.86092715231788,-2.609006622516556,-5.65271523178808,2792.9139072847684
681857,"Olson, Reese",SL,2025,115,104.238266,104.238266,84.38608695652174,-3.6281739130434785,-5.139130434782609,2845.4504504504503
681867,"Criswell, Cooper",CH,2024,183,94.911476,94.911476,84.40601092896175,-4.788852459016393,13.565245901639345,1518.448087431694
681867,"Criswell, Cooper",SI,2024,145,94.56207,94.56207,88.99724137931035,0.7531034482758621,16.218206896551724,2033.5655172413792
681867,"Criswell, Cooper",ST,2024,136,97.328674,97.328674,76.81102941176471,5.249117647058823,-17.892352941176473,2507.698529411765
681869,"Dubin, Shawn",FF,2024,132,98.48712,98.48712,94.94469696969698,16.167272727272728,9.956363636363637,2348.968503937008
681892,"Funderburk, Kody",FC,2024,129,98.432556,98.432556,92.17596899224807,10.63906976744186,1.8046511627906978,2309.5968992248063
681911,"Vesia, Alex",FF,2022,218,106.98945,106.98945,94.28302752293578,19.32275229357798,-4.8979816513761465,2326.9449541284403
681911,"Vesia, Alex",FF,2023,242,107.07272,107.07272,94.34173553719009,19.260495867768594,-5.901322314049587,2356.336099585062
681911,"Vesia, Alex",FF,2024,259,107.78533,107.78533,93.53281853281854,20.364324324324322,-6.108416988416988,2415.5830115830117
681911,"Vesia, Alex",FF,2025,212,102.977356,102.977356,92.67594339622642,20.745283018867923,-5.5754716981132075,2464.193396226415
681911,"Vesia, Alex",SL,2024,106,98.61793,98.61793,84.88301886792453,4.029056603773585,7.099245283018868,2405.2169811320755
681911,"Vesia, Alex",SL,2025,118,97.35509,97.35509,84.88983050847457,4.266101694915254,6.382372881355932,2377.3898305084745
681982,"Anderson, Grant",FF,2025,149,107.437584,107.437584,93.42671232876712,12.185753424657536,13.093150684931507,2448.972602739726
681982,"Anderson, Grant",SL,2023,133,98.20752,98.20752,85.46992481203007,6.922105263157895,-2.2348872180451127,2402.436090225564
681982,"Anderson, Grant",ST,2025,114,100.36929,100.36929,80.77777777777777,2.4877777777777776,-14.02888888888889,2719.3425925925926
682051,"Hill, Garrett",FF,2022,151,100.22848,100.22848,92.47218543046357,15.858278145695364,9.561059602649006,2152.026490066225
682052,"Lopez, Jacob",FC,2025,104,102.24808,102.24808,87.74242424242425,9.946666666666667,-0.972121212121212,2191.2323232323233
682052,"Lopez, Jacob",FF,2025,197,105.73959,105.73959,91.02701149425287,11.53448275862069,-13.673793103448277,2137.3793103448274
682052,"Lopez, Jacob",SL,2025,198,101.08031,101.08031,77.99513513513514,1.5457297297297297,9.97491891891892,2374.951351351351
682120,"Herrin, Tim",CU,2024,120,104.81333,104.81333,81.62666666666668,-2.537,10.28,2377.5333333333333
682171,"Murfee, Penn",FF,2022,158,100.19557,100.19557,89.0493670886076,7.442278481012657,2.853417721518987,2273.1337579617834
682171,"Murfee, Penn",ST,2022,175,99.964,99.964,79.77371428571428,2.541257142857143,-16.645714285714284,2634.477011494253
682227,"Williamson, Brandon",CH,2023,115,101.695656,101.695656,84.14869565217391,4.233391304347826,-15.390260869565218,1754.1565217391305
682227,"Williamson, Brandon",FC,2023,209,95.958855,95.958855,89.58325358851675,8.161148325358852,2.5211483253588516,2360.77990430622
682227,"Williamson, Brandon",FF,2023,241,95.52697,95.52697,92.97510373443983,16.27219917012448,-9.149875518672198,2150.7
682243,"Miller, Bryce",FF,2023,566,104.64011,104.64011,95.0839222614841,18.492720848056535,3.4369611307420493,2596.1272084805655
682243,"Miller, Bryce",FF,2024,513,103.247955,103.247955,95.19239766081871,18.388304093567253,6.323508771929824,2475.5477582846006
682243,"Miller, Bryce",FF,2025,180,101.19889,101.19889,94.9888888888889,19.25,6.891333333333334,2518.9555555555557
682243,"Miller, Bryce",FS,2024,209,98.07225,98.07225,84.27607655502392,0.28708133971291866,9.938181818181818,888.0095693779904
682243,"Miller, Bryce",SI,2024,163,98.0957,98.0957,94.63496932515338,10.78085889570552,16.09914110429448,2398.325153374233
682243,"Miller, Bryce",SL,2023,155,96.62581,96.62581,86.55935483870968,1.7241290322580645,-2.040774193548387,2410.1688311688313
682254,"Montgomery, Mason",FF,2025,207,108.45604,108.45604,98.78029556650247,18.414384236453202,-6.253596059113301,2306.497536945813
682254,"Montgomery, Mason",SL,2025,118,104.55169,104.55169,89.73017241379311,1.8755172413793104,0.6910344827586207,2561.3793103448274
682610,"Muñoz, Roddery",FC,2024,118,101.83135,101.83135,89.64830508474576,7.141016949152542,0.8888135593220339,2340.864406779661
682610,"Muñoz, Roddery",FF,2024,162,99.87716,99.87716,95.58333333333333,14.79037037037037,9.982222222222223,2276.9938271604938
682610,"Muñoz, Roddery",SI,2024,116,97.71207,97.71207,94.93275862068967,7.728620689655172,17.031724137931036,2226.7155172413795
682610,"Muñoz, Roddery",SL,2024,112,100.98572,100.98572,86.14999999999999,-2.4717857142857147,-6.1414285714285715,2333.214285714286
682842,"Uribe, Abner",SI,2023,100,110.123,110.123,99.419,6.6288,13.981200000000001,2158.94
682842,"Uribe, Abner",SI,2025,194,103.49175,103.49175,98.82263157894737,6.0303157894736845,13.727368421052631,2320.7315789473682
682842,"Uribe, Abner",SL,2025,164,103.51219,103.51219,87.41111111111111,3.934814814814815,-10.208888888888888,2512.0
682847,"Ortiz, Luis L.",FC,2024,173,97.273415,97.273415,90.91734104046243,7.19306358381503,-0.6783815028901734,2395.4393063583816
682847,"Ortiz, Luis L.",FF,2023,119,97.54874,97.54874,96.20840336134454,13.198991596638656,10.952268907563024,2277.5126050420167
682847,"Ortiz, Luis L.",FF,2024,260,98.76731,98.76731,95.93461538461538,11.219076923076923,11.315076923076923,2275.673076923077
682847,"Ortiz, Luis L.",FF,2025,162,100.016045,100.016045,96.47839506172839,11.745185185185186,12.394074074074073,2275.2654320987654
682847,"Ortiz, Luis L.",SI,2023,141,99.41986,99.41986,95.67234042553191,5.988085106382979,15.803404255319151,2215.0070921985816
682847,"Ortiz, Luis L.",SI,2024,210,98.78048,98.78048,94.81380952380952,2.9211428571428573,15.300571428571429,2272.057142857143
682847,"Ortiz, Luis L.",SI,2025,129,98.48294,98.48294,95.38992248062014,2.9134883720930236,16.307906976744185,2270.5503875968993
682847,"Ortiz, Luis L.",SL,2023,146,101.11644,101.11644,85.97328767123288,-0.31561643835616443,-4.864109589041096,2423.0689655172414
682847,"Ortiz, Luis L.",SL,2024,255,99.56313,99.56313,85.88745098039216,1.9016470588235295,-6.585411764705882,2436.274509803922
682847,"Ortiz, Luis L.",SL,2025,175,98.802284,98.802284,85.48685714285715,0.8948571428571428,-6.335314285714286,2373.1428571428573
682990,"Priester, Quinn",FC,2025,181,99.32154,99.32154,92.37588235294118,11.12329411764706,-0.7658823529411765,2364.435294117647
682990,"Priester, Quinn",SI,2023,121,96.67355,96.67355,93.53140495867768,6.516694214876033,12.668429752066114,2182.0666666666666
682990,"Priester, Quinn",SI,2024,115,97.59739,97.59739,93.09913043478261,5.268521739130435,14.311304347826086,2058.6782608695653
682990,"Priester, Quinn",SI,2025,350,99.972855,99.972855,93.87189349112427,7.16094674556213,14.704260355029586,2046.7426035502958
682990,"Priester, Quinn",SL,2024,104,98.12115,98.12115,86.82115384615385,1.973076923076923,-4.758461538461538,2467.173076923077
682990,"Priester, Quinn",SL,2025,271,99.8262,99.8262,86.20038167938931,-0.312824427480916,-4.253129770992366,2468.4351145038167
683003,"Jones, Jared",FF,2024,442,105.314476,105.314476,97.49095022624434,17.508868778280544,8.412488687782806,2539.4691075514875
683003,"Jones, Jared",SL,2024,320,102.65657,102.65657,88.770625,2.246625,-3.69,2578.834394904459
683004,"Leiter, Jack",CH,2025,135,102.66148,102.66148,90.7046153846154,3.021230769230769,14.503384615384617,1532.3384615384616
683004,"Leiter, Jack",FF,2024,137,104.05037,104.05037,96.54014598540147,17.9614598540146,7.6327007299270075,2348.6350364963505
683004,"Leiter, Jack",FF,2025,339,105.16431,105.16431,97.25993690851736,17.180441640378547,8.722523659305994,2415.242902208202
683004,"Leiter, Jack",SI,2025,127,104.034645,104.034645,96.27868852459017,14.524918032786886,13.863934426229509,2335.5737704918033
683004,"Leiter, Jack",SL,2025,247,99.1915,99.1915,87.55375000000001,0.882,-4.4115,2550.3875
683155,"Estes, Joey",FF,2024,454,97.05881,97.05881,92.44118942731278,16.419383259911893,9.588898678414097,2370.4493392070485
683155,"Estes, Joey",SL,2024,133,95.1797,95.1797,81.5015037593985,0.3554887218045113,-5.642706766917294,2483.2255639097743
683155,"Estes, Joey",ST,2024,185,98.28325,98.28325,78.25837837837838,6.372972972972973,-15.070054054054054,2597.9945945945947
683232,"Mears, Nick",FF,2024,201,101.70398,101.70398,96.71990049751244,18.111641791044775,2.7355223880597017,2324.1741293532336
683232,"Mears, Nick",FF,2025,147,98.5,98.5,95.34285714285714,18.279999999999998,4.805714285714286,2283.578231292517
683232,"Mears, Nick",SL,2025,136,102.65662,102.65662,86.58088235294117,-0.2523529411764706,-2.097352941176471,2508.8970588235293
683409,"Chivilli, Angel",CH,2024,112,103.07857,103.07857,87.82142857142857,6.268928571428572,10.624285714285715,1796.955357142857
683409,"Chivilli, Angel",CH,2025,168,104.325,104.325,88.66516129032259,7.170580645161291,11.749935483870967,1844.741935483871
683409,"Chivilli, Angel",FF,2025,193,97.286,97.286,97.07729729729729,9.399567567567567,14.263783783783785,2300.162162162162
683627,"Molina, Anthony",FF,2024,211,93.56067,93.56067,94.75118483412322,15.278672985781991,7.355260663507109,2107.0197044334977
683627,"Molina, Anthony",FF,2025,117,94.433334,94.433334,95.61623931623932,14.88820512820513,7.064615384615385,2149.897435897436
683627,"Molina, Anthony",SL,2024,105,98.30095,98.30095,88.54285714285714,7.096,-3.0274285714285716,2019.1818181818182
683769,"Gaddis, Hunter",FF,2023,108,94.87778,94.87778,93.5101851851852,16.18888888888889,6.292222222222223,2185.527777777778
683769,"Gaddis, Hunter",FF,2024,147,100.0966,100.0966,95.42312925170069,16.260408163265307,7.067755102040817,2327.4353741496598
683769,"Gaddis, Hunter",FF,2025,131,99.602295,99.602295,94.69761904761904,16.836190476190477,7.200952380952382,2308.9920634920636
683769,"Gaddis, Hunter",SL,2024,164,99.07987,99.07987,89.22560975609755,4.522682926829268,-5.157804878048781,2366.8841463414633
683769,"Gaddis, Hunter",SL,2025,163,101.13743,101.13743,89.07044025157234,5.4792452830188685,-5.32,2289.698113207547
684007,"Imanaga, Shota",FF,2024,562,101.83808,101.83808,91.61387900355872,18.351032028469753,-10.43914590747331,2436.159212880143
684007,"Imanaga, Shota",FF,2025,435,99.486664,99.486664,90.89034482758622,17.730482758620692,-12.112551724137932,2484.5724137931034
684007,"Imanaga, Shota",FS,2024,417,100.765465,100.765465,82.83333333333333,6.572374100719424,-10.428201438848921,1113.2227602905568
684007,"Imanaga, Shota",FS,2025,312,98.65353,98.65353,83.07756410256411,6.637307692307693,-12.99923076923077,1289.144694533762
684007,"Imanaga, Shota",ST,2025,115,97.802605,97.802605,80.75478260869565,2.338434782608696,10.883478260869564,2545.8347826086956
684320,"Rodríguez, Yariel",FF,2024,149,97.16107,97.16107,94.04496644295303,11.58765100671141,2.0706040268456376,2391.308724832215
684320,"Rodríguez, Yariel",FF,2025,139,98.0741,98.0741,95.81897810218979,13.489051094890511,4.1360583941605835,2453.197080291971
684320,"Rodríguez, Yariel",SL,2024,126,98.99762,98.99762,84.60634920634921,2.1685714285714286,-8.773333333333333,2730.0793650793653
684320,"Rodríguez, Yariel",SL,2025,176,99.829544,99.829544,85.72209302325582,0.4102325581395349,-7.080697674418605,2775.360465116279
685126,"Eisert, Brandon",CH,2025,147,99.15306,99.15306,83.63333333333333,1.7913043478260868,-12.711304347826088,1333.2173913043478
685126,"Eisert, Brandon",FF,2025,113,108.29115,108.29115,89.82685185185184,15.194444444444445,-10.20111111111111,2042.398148148148
685126,"Eisert, Brandon",SL,2025,170,96.361176,96.361176,85.09101796407187,5.241197604790419,2.357604790419162,2125.293413173653
685299,"Gordon, Tanner",CH,2025,102,99.65196,99.65196,83.2627450980392,7.496470588235294,12.177647058823531,2098.1862745098038
685299,"Gordon, Tanner",FF,2024,115,94.40174,94.40174,92.30608695652174,14.83408695652174,11.25286956521739,2182.3739130434783
685299,"Gordon, Tanner",FF,2025,239,93.64059,93.64059,92.33891213389121,14.389958158995816,11.264435146443514,2239.5146443514645
685299,"Gordon, Tanner",SL,2025,100,96.358,96.358,84.053,2.0496,-1.6740000000000002,2095.31
685410,"Battenfield, Peyton",FC,2023,129,100.68217,100.68217,87.26124031007753,7.404651162790698,-3.050232558139535,2315.5426356589146
685410,"Battenfield, Peyton",FF,2023,116,93.909485,93.909485,90.98362068965517,18.262758620689656,3.036206896551724,2373.939655172414
686218,"Sheehan, Emmet",FF,2023,170,105.444115,105.444115,95.56294117647059,15.48070588235294,11.133882352941177,2290.1969696969695
686218,"Sheehan, Emmet",FF,2025,205,105.514145,105.514145,95.75219512195122,17.811512195121953,9.348878048780488,2450.019512195122
686218,"Sheehan, Emmet",SL,2025,158,100.480385,100.480385,87.90632911392406,3.843037974683545,-3.5422784810126586,2347.518987341772
686539,"Cronin, Declan",SI,2024,119,99.69832,99.69832,93.39075630252101,1.6457142857142857,12.34890756302521,2570.4957983193276
686539,"Cronin, Declan",SL,2024,178,97.39157,97.39157,87.23820224719101,-1.9179775280898874,-5.625842696629213,2766.0955056179773
686563,"Cannon, Jonathan",CH,2024,157,99.02229,99.02229,85.56369426751593,0.9928662420382165,13.486624203821657,1730.5796178343949
686563,"Cannon, Jonathan",CH,2025,157,98.0758,98.0758,85.38525641025642,1.3115384615384615,15.103846153846153,1843.474358974359
686563,"Cannon, Jonathan",FC,2024,149,94.44496,94.44496,90.23892617449664,8.266308724832216,1.6485906040268457,2288.6442953020132
686563,"Cannon, Jonathan",FC,2025,158,97.32848,97.32848,89.26329113924051,9.640253164556963,-0.390379746835443,2309.6075949367087
686563,"Cannon, Jonathan",FF,2025,153,98.354904,98.354904,93.81111111111112,14.888627450980392,9.223529411764707,2259.732026143791
686563,"Cannon, Jonathan",SI,2024,183,97.45628,97.45628,93.19071038251367,4.926557377049181,15.77639344262295,2089.3715846994537
686563,"Cannon, Jonathan",SI,2025,142,97.70634,97.70634,93.13829787234043,4.995744680851064,14.900425531914895,2166.7872340425533
686563,"Cannon, Jonathan",ST,2024,137,99.27883,99.27883,81.7956204379562,2.61021897810219,-12.164671532846715,2590.2627737226276
686610,"Waldichuk, Ken",CH,2023,165,99.515755,99.515755,84.27454545454545,5.698909090909091,-15.87418181818182,1630.5792682926829
686610,"Waldichuk, Ken",FF,2022,156,100.48718,100.48718,94.12179487179488,15.834615384615384,-10.244615384615384,2334.5641025641025
686610,"Waldichuk, Ken",FF,2023,513,100.070564,100.070564,93.61656920077974,15.287485380116959,-10.256140350877192,2313.1072124756333
686610,"Waldichuk, Ken",ST,2023,229,99.14672,99.14672,81.49825327510916,0.7503930131004367,12.291877729257642,2103.366812227074
686613,"Brown, Hunter",CH,2024,120,97.03833,97.03833,88.325,8.85,13.777,1465.5084745762713
686613,"Brown, Hunter",CH,2025,106,97.676414,97.676414,88.13962264150943,7.96754716981132,14.716981132075471,1508.5943396226414
686613,"Brown, Hunter",FC,2023,215,98.47442,98.47442,91.87953488372092,6.192,-3.258418604651163,2149.1906976744185
686613,"Brown, Hunter",FC,2024,194,99.96289,99.96289,92.43659793814433,9.932783505154639,-3.3321649484536087,2310.391304347826
686613,"Brown, Hunter",FF,2023,341,97.85865,97.85865,95.73196480938417,16.664868035190615,5.98733137829912,2237.589442815249
686613,"Brown, Hunter",FF,2024,405,101.252594,101.252594,96.10098765432099,17.522074074074077,4.960592592592593,2305.6675191815857
686613,"Brown, Hunter",FF,2025,304,100.3727,100.3727,96.7108552631579,17.42921052631579,6.991184210526316,2280.75
686613,"Brown, Hunter",KC,2023,221,99.25023,99.25023,83.00904977375566,-15.001628959276019,-5.409773755656109,2479.9863636363634
686613,"Brown, Hunter",KC,2024,115,99.791306,99.791306,83.10695652173912,-15.246260869565218,-5.146434782608696,2494.7454545454543
686613,"Brown, Hunter",KC,2025,160,100.328125,100.328125,83.765625,-16.151249999999997,-5.07225,2578.325
686613,"Brown, Hunter",SI,2024,206,101.00048,101.00048,95.67621359223301,13.44873786407767,13.44,2166.2842105263157
686613,"Brown, Hunter",SI,2025,249,99.66185,99.66185,95.86265060240963,13.624578313253012,13.977831325301205,2196.14859437751
686701,"Bergert, Ryan",FF,2025,229,99.27467,99.27467,93.51535087719299,18.644736842105264,7.7484210526315795,2416.3859649122805
686701,"Bergert, Ryan",SL,2025,120,98.581665,98.581665,87.4361344537815,3.4598319327731093,-3.7875630252100843,2628.8655462184875
686730,"Spiers, Carson",FC,2024,110,97.33,97.33,87.90272727272726,6.864,-1.6941818181818182,2480.1545454545453
686730,"Spiers, Carson",FF,2024,161,100.63851,100.63851,92.5888198757764,15.785590062111801,6.049937888198757,2333.7018633540374
686730,"Spiers, Carson",SI,2024,109,97.17248,97.17248,92.11100917431193,7.907889908256881,15.38091743119266,2162.880733944954
686730,"Spiers, Carson",ST,2024,118,97.91779,97.91779,81.54915254237288,0.7505084745762712,-15.149491525423729,2723.6271186440677
686747,"La Sorsa, Joe",SL,2023,117,96.48376,96.48376,75.11025641025641,3.7620512820512824,12.32,2104.709401709402
686752,"Pepiot, Ryan",CH,2023,105,102.09618,102.09618,86.21619047619048,4.676571428571429,15.273142857142858,2374.3238095238094
686752,"Pepiot, Ryan",CH,2024,230,102.87131,102.87131,85.77608695652174,2.30295652173913,15.353739130434784,2471.7869565217393
686752,"Pepiot, Ryan",CH,2025,289,98.38996,98.38996,86.80242214532872,2.0304498269896194,14.36470588235294,2506.861591695502
686752,"Pepiot, Ryan",FF,2022,102,100.87647,100.87647,93.95490196078431,17.888235294117646,10.157647058823528,2399.0098039215686
686752,"Pepiot, Ryan",FF,2023,135,98.96445,98.96445,93.92,17.976000000000003,8.215111111111112,2332.9555555555557
686752,"Pepiot, Ryan",FF,2024,461,103.12039,103.12039,94.98633405639913,19.28590021691974,8.91644251626898,2377.808695652174
686752,"Pepiot, Ryan",FF,2025,481,101.95156,101.95156,95.23783783783784,19.096465696465696,7.921995841995842,2410.3284823284826
686752,"Pepiot, Ryan",SL,2024,167,97.92395,97.92395,89.0125748502994,8.223233532934131,-6.48934131736527,2525.753012048193
686752,"Pepiot, Ryan",SL,2025,211,96.36162,96.36162,89.139336492891,8.967014218009478,-6.579526066350711,2579.5071090047395
686799,"Kochanowicz, Jack",CH,2025,124,96.68468,96.68468,89.82096774193548,2.790967741935484,8.604193548387098,2117.8790322580644
686799,"Kochanowicz, Jack",FF,2025,123,96.61138,96.61138,95.39349593495935,13.787317073170732,7.444878048780488,2247.0569105691056
686799,"Kochanowicz, Jack",SI,2024,227,101.977974,101.977974,95.9726872246696,2.3730396475770927,14.909074889867842,2037.7577092511012
686799,"Kochanowicz, Jack",SI,2025,309,101.00485,101.00485,95.32297734627832,2.905631067961165,14.020970873786407,2135.8571428571427
686826,"Jarvis, Bryce",FF,2023,100,94.897,94.897,95.37700000000001,14.0952,8.2344,2046.94
686826,"Jarvis, Bryce",FF,2024,133,96.57519,96.57519,95.65789473684211,14.196090225563909,8.69954887218045,2088.5714285714284
686826,"Jarvis, Bryce",SL,2024,100,98.910995,98.910995,86.23299999999999,-0.9684,-6.8267999999999995,2610.27
686973,"Varland, Louie",FC,2023,181,103.475136,103.475136,89.34419889502762,5.971491712707182,-3.947403314917127,2361.15
686973,"Varland, Louie",FF,2023,232,101.65345,101.65345,95.30215517241379,16.26258620689655,7.709482758620689,2217.0398230088495
686973,"Varland, Louie",FF,2024,125,103.152,103.152,96.22319999999999,15.71904,6.62976,2157.48
686973,"Varland, Louis",FF,2025,170,102.937065,102.937065,98.20843373493976,15.819036144578314,6.981686746987952,2167.512048192771
686973,"Varland, Louis",KC,2025,155,101.26,101.26,88.0251655629139,-6.023841059602649,-3.305960264900662,2395.748344370861
686993,"Sterner, Justin",FC,2025,131,107.248856,107.248856,87.4739837398374,4.86439024390244,-4.773658536585366,2688.390243902439
686993,"Sterner, Justin",FF,2025,193,104.69379,104.69379,93.55524861878453,17.276685082872927,9.87182320441989,2375.745856353591
687064,"Young, Brandon",FF,2025,145,98.23793,98.23793,93.67379310344828,18.105931034482758,2.667310344827586,2224.786206896552
687134,"Blalock, Bradley",FF,2025,213,95.449295,95.449295,94.737558685446,16.530704225352114,2.7498591549295774,2100.4647887323945
687223,"Palmquist, Carson",FF,2025,142,98.80352,98.80352,90.2764705882353,12.566470588235294,-10.096764705882354,2157.4117647058824
687330,"Kelly, Kevin",SI,2023,171,99.59591,99.59591,90.49649122807017,-0.3557894736842105,17.839298245614035,2161.2982456140353
687330,"Kelly, Kevin",SI,2024,198,99.990906,99.990906,90.8469696969697,-1.087878787878788,17.70909090909091,2185.0858585858587
687330,"Kelly, Kevin",SI,2025,120,101.910835,101.910835,91.0704347826087,-1.2052173913043478,16.86886956521739,2187.6936936936936
687330,"Kelly, Kevin",ST,2023,148,97.35608,97.35608,76.40675675675676,6.26027027027027,-20.427567567567568,2515.810810810811
687330,"Kelly, Kevin",ST,2024,103,97.86214,97.86214,77.2,7.032233009708738,-19.365436893203885,2572.0582524271845
687396,"Headrick, Brent",FF,2023,115,96.03826,96.03826,91.86260869565218,16.358608695652173,-12.368347826086955,2308.1391304347826
687396,"Headrick, Brent",FF,2025,100,105.23,105.23,94.1989247311828,18.883870967741935,-8.298064516129033,2416.021505376344
687473,"Gusto, Ryan",FF,2025,320,100.381874,100.381874,94.2396875,18.205875,5.710875,2417.284375
687765,"Spence, Mitch",FC,2024,318,98.91792,98.91792,90.72798742138365,5.616603773584905,-3.7871698113207546,2608.5345911949685
687765,"Spence, Mitch",FC,2025,212,98.90708,98.90708,91.1311320754717,4.530566037735849,-3.9571698113207545,2689.1895734597156
687765,"Spence, Mitch",SI,2024,109,100.94404,100.94404,91.9954128440367,5.26348623853211,8.14348623853211,1745.6697247706422
687765,"Spence, Mitch",SL,2024,321,99.12336,99.12336,84.29781931464174,-0.6964485981308411,-14.750280373831776,2769.5140186915887
687765,"Spence, Mitch",SL,2025,145,100.116554,100.116554,84.54827586206896,2.2046896551724138,-13.709793103448277,2759.7412587412587
687792,"Herz, DJ",CH,2024,133,100.84361,100.84361,84.00751879699249,5.868270676691729,-15.66406015037594,2273.8796992481202
687792,"Herz, DJ",FF,2024,279,102.019,102.019,93.75017921146953,16.003440860215054,-12.412903225806451,2328.1182795698924
687792,"Herz, DJ",SL,2024,104,99.11539,99.11539,86.29134615384615,2.8638461538461537,0.4730769230769231,2225.0485436893205
687863,"Hodge, Porter",FF,2024,125,100.7408,100.7408,95.44160000000001,14.0304,-0.648,2407.704
687863,"Hodge, Porter",ST,2025,114,100.07281,100.07281,84.77368421052633,1.7652631578947369,-14.787368421052632,2660.2894736842104
687911,"King, Bryan",FF,2025,253,98.33834,98.33834,92.17470355731226,14.33596837944664,-3.7645849802371543,2134.403162055336
687911,"King, Bryan",ST,2025,104,97.87596,97.87596,80.18653846153846,2.5430769230769235,17.01576923076923,2310.144230769231
687922,"Lucas, Easton",FF,2025,122,97.31066,97.31066,93.84918032786885,17.252459016393445,-5.377377049180327,2203.909836065574
687924,"Aguiar, Julian",SI,2024,105,99.507614,99.507614,94.3742857142857,12.053714285714287,13.825142857142858,2072.961904761905
688138,"Evans, Logan",FC,2025,128,100.44688,100.44688,87.80546875,2.44875,-1.75125,2592.2578125
688158,"Morgan, David",FF,2025,110,108.18455,108.18455,97.75283018867924,15.476603773584905,7.68566037735849,2437.6415094339623
688297,"Roycroft, Chris",SI,2024,116,105.288795,105.288795,96.01637931034483,1.293103448275862,17.75793103448276,2155.8260869565215
689017,"Knack, Landon",FF,2024,198,103.53081,103.53081,93.66868686868688,19.034545454545455,7.676363636363637,2458.282828282828
689017,"Knack, Landon",FF,2025,139,100.600006,100.600006,93.23812949640288,19.083453237410072,6.4869064748201435,2406.0647482014388
689017,"Knack, Landon",SL,2024,101,97.07624,97.07624,85.2009900990099,2.1920792079207922,-3.496633663366337,2638.920792079208
689147,"Kerkering, Orion",FF,2024,104,101.77885,101.77885,97.46442307692307,15.616153846153846,10.781538461538462,2346.4141414141413
689147,"Kerkering, Orion",FF,2025,116,101.48793,101.48793,97.61769911504425,15.838938053097344,11.346902654867257,2418.8407079646017
689147,"Kerkering, Orion",ST,2024,187,100.57326,100.57326,86.16737967914437,-0.5544385026737968,-15.65326203208556,2887.841530054645
689147,"Kerkering, Orion",ST,2025,131,99.88855,99.88855,86.84692307692308,1.596923076923077,-13.468615384615385,2909.5538461538463
689225,"Brieske, Beau",CH,2022,167,101.19102,101.19102,81.87844311377246,13.166946107784431,15.293892215568862,2211.1676646706587
689225,"Brieske, Beau",CH,2024,144,103.62778,103.62778,88.32986111111111,6.144166666666667,14.720833333333335,2094.409722222222
689225,"Brieske, Beau",FF,2022,306,94.973854,94.973854,94.34803921568627,17.549411764705884,7.290196078431373,2370.202614379085
689225,"Brieske, Beau",FF,2024,174,98.893105,98.893105,96.12183908045978,17.81310344827586,5.991034482758621,2500.9655172413795
689225,"Brieske, Beau",SL,2022,124,99.04516,99.04516,86.2008064516129,6.812903225806451,-0.3406451612903225,2195.298387096774
689254,"Fluharty, Mason",FC,2025,169,103.64083,103.64083,90.26602564102564,10.223846153846154,3.2384615384615385,2763.121794871795
689254,"Fluharty, Mason",ST,2025,130,101.12616,101.12616,81.77637795275591,1.966299212598425,16.40503937007874,2757.2913385826773
689266,"Dodd, Dylan",FC,2025,132,103.048485,103.048485,86.99166666666666,5.375454545454545,-1.5918181818181818,2062.257575757576
689266,"Dodd, Dylan",FF,2023,162,93.261734,93.261734,92.23333333333333,16.122962962962962,-9.643703703703704,2195.2345679012346
689672,"Thorpe, Drew",CH,2024,133,99.8188,99.8188,81.63684210526317,14.758195488721803,13.061052631578946,2114.7293233082705
690928,"Dobbins, Hunter",FF,2025,137,97.95693,97.95693,95.48102189781022,15.52905109489051,2.0443795620437957,2370.3576642335765
690953,"Abel, Mick",FF,2025,151,103.19139,103.19139,96.36887417218543,16.02278145695364,8.578807947019868,2543.53642384106
690986,"Harrison, Kyle",CH,2024,131,94.75878,94.75878,84.9030534351145,0.9874809160305345,-16.2,1959.1145038167938
690986,"Harrison, Kyle",FF,2024,430,101.68326,101.68326,92.69930232558139,10.530418604651162,-14.574139534883722,2211.4953488372093
690986,"Harrison, Kyle",FF,2025,151,101.77285,101.77285,94.62119205298013,12.116026490066226,-14.65748344370861,2290.582781456954
690986,"Harrison, Kyle",SV,2024,114,96.802635,96.802635,80.97368421052632,-4.705263157894737,8.43578947368421,2006.1929824561403
690990,"Horton, Cade",FF,2025,296,97.42737,97.42737,95.83141891891891,14.428783783783784,0.17635135135135135,2474.4932432432433
690990,"Horton, Cade",ST,2025,149,99.80738,99.80738,83.0986577181208,-1.1693959731543624,-12.779597315436241,2558.7449664429532
691587,"Pérez, Eury",FF,2023,316,101.120255,101.120255,97.45158227848101,18.21645569620253,8.705316455696202,2634.6392405063293
691587,"Pérez, Eury",FF,2025,327,100.89022,100.89022,98.01651376146789,17.722935779816513,10.222752293577981,2685.8501529051987
691587,"Pérez, Eury",SL,2023,200,105.0375,105.0375,86.6075,6.0624,0.11999999999999998,2383.625
691587,"Pérez, Eury",SL,2025,119,104.41008,104.41008,86.33193277310924,3.8884033613445377,-1.3139495798319327,2486.8655462184875
691799,"Taylor, Grant",FF,2025,102,104.07353,104.07353,98.67156862745098,16.66,0.8364705882352942,2410.725490196078
693312,"Nicolas, Kyle",FF,2024,207,100.49517,100.49517,97.32028985507246,17.024927536231882,9.224927536231883,2373.5445544554455
693312,"Nicolas, Kyle",FF,2025,144,102.588196,102.588196,97.4954887218045,17.040000000000003,6.848120300751879,2345.2105263157896
693433,"Woo, Bryan",FF,2023,235,104.91361,104.91361,95.3663829787234,14.572085106382978,7.33736170212766,2209.5811965811968
693433,"Woo, Bryan",FF,2024,403,104.00347,104.00347,94.96724565756824,15.263821339950372,9.344813895781638,2285.918114143921
693433,"Woo, Bryan",FF,2025,398,103.17437,103.17437,95.68994974874371,14.851658291457287,9.720603015075378,2282.713567839196
693433,"Woo, Bryan",SI,2023,141,100.166664,100.166664,95.24397163120567,6.502978723404255,16.400851063829787,2122.7659574468084
693433,"Woo, Bryan",SI,2024,162,98.80186,98.80186,94.89135802469136,6.7955555555555565,16.75925925925926,2218.7295597484276
693433,"Woo, Bryan",SI,2025,219,100.20639,100.20639,95.21004566210046,5.923835616438356,16.5013698630137,2296.0593607305937
693645,"Schlittler, Cam",FF,2025,204,99.9201,99.9201,98.14803921568628,16.323529411764707,5.687647058823529,2459.176470588235
693821,"Elder, Bryce",CH,2023,150,99.166664,99.166664,85.07066666666667,3.5016000000000003,11.0488,2077.9733333333334
693821,"Elder, Bryce",CH,2025,106,95.45189,95.45189,86.62358490566038,4.99811320754717,11.608301886792454,2175.1509433962265
693821,"Elder, Bryce",FF,2023,152,92.11184,92.11184,90.77960526315789,15.05921052631579,3.7160526315789477,2134.342105263158
693821,"Elder, Bryce",FF,2025,105,97.14,97.14,93.0695238095238,15.409142857142857,3.334857142857143,2247.285714285714
693821,"Elder, Bryce",SI,2022,136,99.13603,99.13603,90.41691176470589,8.081470588235293,14.396470588235294,1970.485294117647
693821,"Elder, Bryce",SI,2023,352,97.536644,97.536644,89.53551136363636,8.35909090909091,13.155681818181819,1972.888888888889
693821,"Elder, Bryce",SI,2025,339,98.11977,98.11977,91.49233038348083,8.399646017699116,14.495221238938054,2097.0206489675516
693821,"Elder, Bryce",SL,2023,423,101.11276,101.11276,82.89834515366431,-1.7424113475177303,0.0575886524822695,2410.437054631829
693821,"Elder, Bryce",SL,2025,368,99.86875,99.86875,84.31548913043478,-0.2217391304347826,-1.8873913043478259,2509.100543478261
693855,"Seymour, Ian",CH,2025,131,100.25572,100.25572,83.9376,8.76288,-15.02976,1731.44
693855,"Seymour, Ian",FF,2025,106,100.99622,100.99622,92.04752475247524,17.01623762376238,-7.068118811881188,2237.831683168317
694037,"Palencia, Daniel",FF,2023,128,106.25234,106.25234,98.4078125,16.3546875,10.0725,2344.700787401575
694037,"Palencia, Daniel",FF,2025,206,103.119415,103.119415,99.66945812807883,15.37064039408867,11.907783251231528,2343.43842364532
694297,"Pfaadt, Brandon",CH,2024,125,98.8344,98.8344,87.3656,3.56448,15.33888,2069.92
694297,"Pfaadt, Brandon",CH,2025,143,99.24056,99.24056,87.59496402877699,4.3035971223021585,16.09122302158273,2101.4748201438847
694297,"Pfaadt, Brandon",FF,2023,322,99.73696,99.73696,93.62608695652173,15.32832298136646,6.322732919254658,2468.472049689441
694297,"Pfaadt, Brandon",FF,2024,357,99.72745,99.72745,93.78571428571429,14.851428571428572,5.386218487394959,2551.5882352941176
694297,"Pfaadt, Brandon",FF,2025,250,99.1224,99.1224,93.65696721311475,15.306393442622952,5.802786885245902,2570.4732510288068
694297,"Pfaadt, Brandon",SI,2024,216,98.68379,98.68379,93.46898148148148,6.660555555555556,14.955555555555556,2384.615740740741
694297,"Pfaadt, Brandon",SI,2025,196,101.97755,101.97755,93.35597826086956,7.308260869565218,15.046304347826087,2432.5081967213114
694297,"Pfaadt, Brandon",ST,2023,236,101.41186,101.41186,83.81398305084745,6.131186440677967,-12.049830508474578,2731.75
694297,"Pfaadt, Brandon",ST,2024,333,102.25585,102.25585,84.73513513513514,6.704144144144144,-11.282882882882882,2825.3513513513512
694297,"Pfaadt, Brandon",ST,2025,205,104.81415,104.81415,84.71229946524065,5.624598930481283,-10.103101604278075,2850.8494623655915
694335,"Svanson, Matt",SI,2025,161,100.45093,100.45093,96.90576923076922,9.879999999999999,15.277692307692309,2260.3846153846152
694335,"Svanson, Matt",ST,2025,110,100.965454,100.965454,87.08396226415094,2.7815094339622646,-10.215849056603775,2232.5471698113206
694350,"Brzykcy, Zach",FF,2025,130,105.425385,105.425385,94.73170731707317,19.177560975609758,6.935609756097561,2285.5447154471544
694363,"Shuster, Jared",CH,2024,130,101.536156,101.536156,84.04461538461538,9.439384615384617,-12.559384615384616,1669.6
694363,"Shuster, Jared",FF,2023,124,94.09839,94.09839,91.44677419354838,14.88483870967742,-8.441612903225806,2135.6451612903224
694363,"Shuster, Jared",FF,2024,197,94.62082,94.62082,92.50304568527918,14.717360406091371,-10.357157360406092,2190.5939086294416
694363,"Shuster, Jared",SL,2023,101,97.7099,97.7099,84.9019801980198,5.405940594059406,2.464158415841584,2182.8514851485147
694363,"Shuster, Jared",SL,2024,154,97.21234,97.21234,85.9396103896104,5.431948051948051,1.7742857142857142,2251.9545454545455
694462,"Waldrep, Hurston",FS,2025,133,102.525566,102.525566,86.74661654135338,2.04,6.131729323308271,748.390977443609
694477,"Patrick, Chad",FC,2025,327,102.29909,102.29909,87.61987767584098,12.076697247706422,-4.29651376146789,2383.5565749235475
694477,"Patrick, Chad",FF,2025,156,99.39166,99.39166,94.21346153846153,16.607692307692307,6.841538461538462,2327.5897435897436
694477,"Patrick, Chad",SI,2025,129,98.53721,98.53721,93.73565891472867,11.29860465116279,15.04186046511628,2181.4728682170544
694738,"Roupp, Landen",CH,2025,103,105.19126,105.19126,86.9747572815534,-2.379029126213592,15.95883495145631,1846.1359223300972
694738,"Roupp, Landen",CU,2024,119,101.55798,101.55798,77.33529411764705,-8.89109243697479,-18.148235294117647,2950.4453781512607
694738,"Roupp, Landen",CU,2025,225,100.87422,100.87422,76.88488888888888,-6.401599999999999,-18.642666666666667,3031.2008928571427
694738,"Roupp, Landen",SI,2025,193,97.73472,97.73472,92.6839378238342,3.0236269430051816,18.15233160621762,2068.6891191709847
694813,"Stone, Gavin",CH,2023,111,101.98919,101.98919,85.55675675675676,5.808648648648648,14.040000000000001,1531.1531531531532
694813,"Stone, Gavin",CH,2024,274,102.17883,102.17883,87.33357664233577,5.585693430656934,13.72992700729927,1656.2408759124087
694813,"Stone, Gavin",FF,2024,212,98.03113,98.03113,94.98584905660377,16.059056603773584,8.413584905660377,2231.7028301886794
694813,"Stone, Gavin",SI,2024,219,98.69863,98.69863,95.33150684931506,12.283835616438356,14.772602739726027,2091.5753424657532
694813,"Stone, Gavin",SL,2024,146,99.47123,99.47123,88.65205479452055,1.1326027397260274,-2.237260273972603,2075.082191780822
694819,"Misiorowski, Jacob",FF,2025,218,108.203674,108.203674,99.36284403669724,15.841100917431193,9.259266055045872,2580.0825688073396
694973,"Skenes, Paul",CH,2025,115,106.92348,106.92348,88.58000000000001,5.5481739130434775,16.959652173913042,1817.0521739130436
694973,"Skenes, Paul",FF,2024,376,96.57846,96.57846,98.94308510638298,10.715744680851063,14.307127659574467,2255.9813829787236
694973,"Skenes, Paul",FF,2025,437,97.06064,97.06064,98.17116704805493,11.412356979405034,14.218764302059498,2258.228832951945
694973,"Skenes, Paul",FS,2025,128,99.15859,99.15859,93.5640625,0.2765625,13.2290625,1662.359375
694973,"Skenes, Paul",SI,2024,279,117.6681,117.6681,94.07670250896058,0.7948387096774193,14.118709677419355,1769.7706093189963
694973,"Skenes, Paul",SI,2025,112,105.425896,105.425896,96.7375,3.8785714285714286,16.455000000000002,2096.125
694973,"Skenes, Paul",ST,2025,154,100.47143,100.47143,84.5,5.646233766233766,-11.223896103896104,2323.038961038961
695243,"Miller, Mason",FF,2023,179,102.77765,102.77765,98.28938547486032,17.369832402234636,7.4762011173184355,2381.325842696629
695243,"Miller, Mason",FF,2024,240,107.31291,107.31291,100.98625,16.5085,9.518,2500.295833333333
695243,"Miller, Mason",FF,2025,183,107.412025,107.412025,101.18932584269663,16.806067415730336,8.672359550561799,2556.0955056179773
695243,"Miller, Mason",SL,2025,154,107.957794,107.957794,87.941059602649,-1.56,-8.578807947019868,2407.0533333333333
695418,"Lord, Brad",CH,2025,110,96.670906,96.670906,85.97999999999999,5.769818181818183,17.82109090909091,1965.9727272727273
695418,"Lord, Brad",FF,2025,456,96.36908,96.36908,94.95811403508772,10.48421052631579,15.729736842105263,2331.5131578947367
695418,"Lord, Brad",SI,2025,165,98.38848,98.38848,94.56363636363636,4.702545454545454,18.146181818181816,2227.7090909090907
695418,"Lord, Brad",SL,2025,142,98.88592,98.88592,85.50774647887324,-0.03718309859154929,-1.103661971830986,2535.1197183098593
695505,"Burns, Chase",FF,2025,162,101.38395,101.38395,98.64999999999999,17.955555555555556,3.402222222222222,2582.722222222222
695549,"Jobe, Jackson",FF,2025,112,101.768745,101.768745,96.63839285714286,18.14464285714286,7.553571428571429,2388.1875
696136,"Wicks, Jordan",FF,2024,188,100.42713,100.42713,92.68244680851063,17.645106382978724,-4.352553191489362,2314.0
696149,"Chandler, Bubba",FF,2025,110,106.37545,106.37545,98.96727272727273,17.525454545454544,8.797090909090908,2421.087912087912
700241,"McGreevy, Michael",FF,2025,133,97.63835,97.63835,93.0375939849624,13.091729323308272,9.47278195488722,2235.721804511278
700241,"McGreevy, Michael",SI,2025,123,96.29594,96.29594,91.92520325203252,4.435121951219512,13.613658536585366,2204.8617886178863
700249,"Povich, Cade",CU,2025,125,98.608,98.608,78.924,-14.30592,9.445440000000001,2542.144
700249,"Povich, Cade",FF,2024,206,101.52281,101.52281,92.43300970873787,16.60893203883495,-9.030873786407767,2313.6116504854367
700249,"Povich, Cade",FF,2025,226,97.64425,97.64425,92.26017699115044,17.41858407079646,-10.507433628318584,2352.0442477876104
700363,"Smith-Shawver, AJ",FF,2025,106,97.35188,97.35188,95.54150943396226,15.68943396226415,9.13811320754717,2083.688679245283
700669,"Graceffo, Gordon",FF,2025,131,97.20916,97.20916,95.74846153846153,15.913846153846155,5.201538461538462,2090.0
701542,"Warren, Will",CH,2025,104,100.32404,100.32404,87.01634615384616,0.5319230769230769,14.322692307692307,1730.0192307692307
701542,"Warren, Will",FF,2025,451,99.392235,99.392235,93.26407982261641,15.337649667405765,7.904833702882483,2562.431111111111
701542,"Warren, Will",SI,2025,208,99.32548,99.32548,93.38461538461539,4.10826923076923,15.782307692307693,2425.7740384615386
701542,"Warren, Will",ST,2025,187,101.92995,101.92995,83.03529411764706,0.531336898395722,-19.49903743315508,3027.946524064171
701581,"Festa, David",CH,2024,109,99.80825,99.80825,88.60366972477064,9.728807339449542,13.620550458715597,1832.5688073394494
701581,"Festa, David",FF,2024,150,102.89533,102.89533,94.85133333333334,18.216,1.1776000000000002,2342.133333333333
701581,"Festa, David",SL,2024,121,99.39339,99.39339,86.37438016528925,-0.24099173553719005,-2.491239669421488,2571.1735537190084
701643,"Hartwig, Grant",SI,2023,131,99.58244,99.58244,94.72290076335878,6.720000000000001,18.228091603053436,2128.992366412214
702070,"Cameron, Noah",CH,2025,139,101.42302,101.42302,81.09640287769784,11.64863309352518,-10.586762589928057,1505.0791366906474
702070,"Cameron, Noah",CU,2025,129,98.924805,98.924805,81.6124031007752,-10.314418604651163,3.4353488372093026,2394.3953488372094
702070,"Cameron, Noah",FC,2025,170,97.68058,97.68058,88.18176470588234,6.481411764705882,3.920470588235294,2462.141176470588
702070,"Cameron, Noah",FF,2025,171,97.57953,97.57953,92.49590643274854,16.819649122807018,-4.228070175438597,2305.1403508771928
702070,"Cameron, Noah",SL,2025,121,98.19835,98.19835,84.22148760330577,-1.584793388429752,2.9305785123966945,2548.1074380165287
702352,"Bivens, Spencer",FC,2025,109,97.0422,97.0422,91.09528301886793,10.12754716981132,-1.5860377358490567,2124.5
702352,"Bivens, Spencer",SI,2024,126,99.709526,99.709526,94.42301587301587,4.8933333333333335,15.581904761904761,1892.695652173913
702352,"Bivens, Spencer",SI,2025,139,99.517265,99.517265,94.84962962962963,6.483555555555555,16.272,1877.9925925925927
801403,"Dollander, Chase",CU,2025,136,101.887505,101.887505,79.0764705882353,-7.245,-14.107058823529412,2812.176470588235
801403,"Dollander, Chase",FF,2025,327,100.66239,100.66239,97.98348623853211,12.2851376146789,11.53211009174312,2437.3180428134556
805673,"Matthews, Zebby",FF,2024,152,97.35658,97.35658,95.06184210526315,16.87342105263158,9.453157894736842,2239.5197368421054
805673,"Matthews, Zebby",FF,2025,220,99.64728,99.64728,96.40954545454545,16.464,8.924727272727273,2328.5636363636363
805673,"Matthews, Zebby",SL,2024,101,100.90198,100.90198,87.15049504950495,1.8926732673267326,-3.9932673267326733,2357.4257425742576
805673,"Matthews, Zebby",SL,2025,141,102.30567,102.30567,88.42978723404255,1.5608510638297872,-2.233191489361702,2413.5106382978724
806185,"Birdsong, Hayden",FF,2024,211,99.60426,99.60426,95.89052132701423,16.343886255924172,9.422559241706162,2290.5355450236966
806185,"Birdsong, Hayden",FF,2025,181,100.63149,100.63149,95.48950276243093,17.95756906077348,5.898563535911602,2414.243093922652
806185,"Birdsong, Hayden",SL,2025,131,98.17329,98.17329,88.90839694656489,6.780458015267175,-2.1261068702290076,2370.5190839694656
806960,"Morales, Luis",FF,2025,126,106.049995,106.049995,97.24273504273503,16.15076923076923,7.502564102564103,2522.196581196581
808963,"Sasaki, Roki",FF,2025,131,94.659546,94.659546,96.23511450381679,14.487022900763359,10.256793893129771,2083.2748091603053
808967,"Yamamoto, Yoshinobu",CU,2024,101,98.89505,98.89505,78.12277227722772,-16.107326732673265,-11.71960396039604,2694.0
808967,"Yamamoto, Yoshinobu",CU,2025,151,100.72715,100.72715,76.93774834437086,-15.952052980132452,-11.99841059602649,2760.708609271523
808967,"Yamamoto, Yoshinobu",FC,2025,135,98.22074,98.22074,91.24962962962964,7.664888888888889,-3.479111111111111,2438.637037037037
808967,"Yamamoto, Yoshinobu",FF,2024,163,98.67669,98.67669,95.42147239263804,15.79361963190184,7.236809815950919,2162.1104294478528
808967,"Yamamoto, Yoshinobu",FF,2025,291,100.783844,100.783844,95.56941580756013,15.783092783505156,7.050721649484537,2208.4123711340208
808967,"Yamamoto, Yoshinobu",FS,2024,129,99.68915,99.68915,90.11317829457364,2.8046511627906976,8.113488372093023,1318.1627906976744
808967,"Yamamoto, Yoshinobu",FS,2025,262,100.14886,100.14886,90.93282442748092,2.0029007633587788,10.974503816793893,1407.0763358778627
829272,"Ogasawara, Shinnosuke",FF,2025,121,95.65703,95.65703,91.03388429752066,16.275371900826446,-6.820165289256199,2197.6611570247933
