pitcher,player_name,pitch_type,game_year,num_pitches,xgb_stuff_plus,lgb_stuff_plus,avg_release_speed,avg_hb,avg_ivb,avg_spin,avg_rv,avg_spin_efficiency,avg_ax,avg_az,avg_ay,avg_vx0,avg_vy0,avg_vz0,xgb_pred_rv,lgb_pred_rv
425794,"Wainwright, Adam",CU,2022,764,105.84241,105.99280104712042,72.8988219895288,-15.95497382198953,-14.858324607329843,2765.726439790576,-0.008447687721756468,21.871656336278846,9.862224191792576,-41.78281591081937,21.69982607932977,0.05610955693402823,-106.0259713234799,0.77002563009222,-0.011324273,-0.011582843238070918
425794,"Wainwright, Adam",CU,2023,473,103.769135,103.15306553911205,71.51120507399578,-16.606680761099366,-13.369725158562368,2641.3446088794926,-0.001895141797710937,21.52465430253137,9.850713332553308,-40.5846055228869,20.90296916319684,0.2150829282688046,-103.99017124587802,1.0206892935258405,-0.0070792856,-0.005841966399990692
425794,"Wainwright, Adam",FC,2022,632,93.00633,93.69588607594937,84.26028481012658,-6.2193037974683545,6.1051898734177215,2406.5601265822784,0.0016680946066417535,9.257648767257578,4.703318804905346,-26.39649538903669,22.363579181182455,3.045110754162597,-122.72997397715858,-4.078947230432736,0.010552038,0.009129493268589708
425794,"Wainwright, Adam",SI,2022,705,93.90695,94.95205673758865,88.54780141843972,13.079829787234043,12.164425531914894,2196.4297872340426,-0.0001077286268919838,17.99805909965481,-13.122552036497382,-19.918160802555597,26.546852697396695,4.786471814594671,-128.79507599045476,-5.52731516310418,0.011540015,0.009133305161767242
425794,"Wainwright, Adam",SI,2023,493,91.06207,91.55456389452333,86.8523326572008,13.338742393509127,11.215010141987829,2165.815415821501,0.0356060530326387,17.61890050148106,-12.9468438577336,-21.350591125282403,25.478689566072294,5.138049502672051,-126.32723835782963,-4.901608145653845,0.01685492,0.015308250971894949
425844,"Greinke, Zack",FF,2022,542,92.11476,91.99557195571956,89.0309963099631,1.6605166051660516,15.771365313653137,2289.752767527675,0.00112208363549082,16.12622276574239,-2.4594314685140257,-16.350055099766454,25.123004923821167,4.500941199440475,-129.5592446476243,-5.768203312161504,0.01471619,0.014516719499062953
434378,"Verlander, Justin",FF,2022,950,103.24811,103.52042105263158,95.08726315789472,9.378694736842105,18.97882105263158,2422.8547368421055,-0.01639118562088317,21.2657276756791,-11.294919381662657,-10.325438829455893,32.35318332162505,5.684600925038554,-138.13090556031915,-7.988124030260403,-0.006652432,-0.006985139192026614
434378,"Verlander, Justin",FF,2023,947,98.21426,98.89039070749736,94.25744456177402,7.930644139387539,18.859640971488915,2427.193241816262,-0.006560623564231087,20.568602753481034,-9.46863389398104,-10.77415565714214,31.42963807005587,5.147290621189465,-136.9380926463563,-8.195717129705988,0.0029053446,0.0015738125491565286
434378,"Verlander, Justin",FF,2024,664,95.009186,96.05,93.44397590361446,8.581626506024095,19.21210843373494,2390.7213855421687,0.024679550979699018,21.1503979301994,-10.02792640084376,-10.716421271068373,31.02876572198095,5.350216378296132,-135.7234472697512,-8.432520548663692,0.008936749,0.006791521426838701
434378,"Verlander, Justin",FF,2025,780,96.85346,97.98794871794873,94.11,8.738307692307693,18.632615384615384,2438.1717948717946,0.005664832102515395,20.685277178301426,-10.456888566017632,-11.035612011110063,31.21297418152885,5.952446326400672,-136.68100274761295,-8.34209026683103,0.005541807,0.0033164820405841575
434378,"Verlander, Justin",SL,2022,525,105.90933,105.95580952380953,87.47904761904762,-4.032228571428572,4.760457142857143,2470.4209523809523,-0.023935357408130246,6.6934690536574,2.6616730699911897,-26.69491902601631,25.891524490146885,4.865657444449114,-127.22381071177793,-6.555500419157856,-0.011831723,-0.011552278057563483
434378,"Verlander, Justin",SL,2023,476,105.80294,105.69348739495798,86.88823529411765,-4.840084033613445,3.6605042016806726,2507.6071428571427,-0.014828444267958337,6.685481392360509,3.497121555151585,-27.780723324408644,24.91610425898074,4.1843887203985926,-126.41723260637814,-6.431125927862608,-0.011578089,-0.010990184631849465
445276,"Jansen, Kenley",FC,2022,437,99.89016,99.96956521739129,92.2183066361556,-8.33299771167048,16.457848970251717,2563.471395881007,-0.015030845694641618,18.58840082282254,8.021532791011037,-14.221389715256377,28.749495615057466,1.6678033213571601,-134.15720728170953,-7.308066026673539,-0.00030348534,-0.0004084895377213242
445276,"Jansen, Kenley",FC,2023,426,104.46385,103.98239436619718,94.28403755868544,-1.6707042253521127,18.072957746478874,2626.5586854460093,-0.005080516331188028,18.368295410243658,0.43846630746770016,-11.837675182891324,30.229319474704603,5.96414873835515,-137.0573300195511,-6.871577521894261,-0.0077173044,-0.006665533906829444
445276,"Jansen, Kenley",FC,2025,467,97.80021,98.78608137044968,92.5882226980728,-2.5241113490364024,18.757259100642397,2588.9164882226983,-0.020141454631376444,19.081048337022647,1.4275417114524205,-11.839762494175584,30.401866375670043,4.8910073060776185,-134.5848392096743,-7.0151816739206385,0.0031110742,0.0015116829985129905
445926,"Chavez, Jesse",FC,2022,489,92.26462,91.52883435582822,89.00490797546013,1.9742331288343558,12.782085889570551,2219.564417177914,-0.0062325163980609145,13.158666273576005,-2.8970830433408254,-19.852967873000164,25.503123212937645,5.1808885067169035,-129.59005801102188,-2.3324736860458204,0.0117225405,0.012422444026158197
445926,"Chavez, Jesse",FC,2024,440,91.55045,91.17977272727272,88.81886363636364,1.7615454545454547,12.360818181818182,2203.3886363636366,-0.005585942265775233,12.753654202004121,-2.642315416824684,-20.21510398110446,25.21997508018078,4.9400047628650565,-129.32506796128177,-2.7037561999772306,0.013265656,0.013350053951866973
446372,"Kluber, Corey",CU,2022,437,102.46041,102.58535469107552,80.84393592677347,-16.12146453089245,1.362013729977117,2519.2883295194506,-0.004297204982109253,16.546596874089172,11.807159529079257,-31.084246414464925,23.97426329337864,2.8755371132320513,-117.68157506404806,-1.1784626702466154,-0.004500787,-0.004741590116878596
446372,"Kluber, Corey",FC,2022,559,95.88569,96.00769230769231,86.35581395348838,-2.8128085867620753,8.330447227191414,2455.901610017889,-0.004634230713040492,9.145376608509226,1.442199335781454,-24.625426802007148,24.255459146623007,5.3827067423576365,-125.72307531189654,-1.718940431853416,0.0060127107,0.005610647837462001
446372,"Kluber, Corey",SI,2022,433,95.55497,96.35842956120092,88.82448036951502,16.17782909930716,8.65690531177829,2070.8706697459584,0.013063761521454118,18.503781178520462,-16.56661559542106,-23.912653312250995,27.44046814164676,7.072956095129543,-129.14641104217,-1.9128774490932472,0.008256712,0.006429641960584895
448179,"Hill, Rich",CU,2022,585,99.184616,100.00717948717949,71.96615384615384,17.71302564102564,-13.30974358974359,2639.1042735042734,-0.008039547460499747,22.275874253740806,-10.481260355319243,-41.03726436599878,21.46456448321535,-0.8075015670525763,-104.58436244503412,2.9269963981395515,0.0021087076,0.0004361491882061872
448179,"Hill, Rich",CU,2023,686,98.62916,99.66005830903791,71.93717201166181,16.75626822157434,-12.630787172011662,2619.0714285714284,0.010428603047409677,21.15542114480784,-9.995748187432051,-40.60927005076269,20.155474049639412,-0.7260282008111926,-104.59207531076787,2.88625300539939,0.0033568984,0.0012356948323690713
448179,"Hill, Rich",FF,2022,580,97.05293,97.61293103448276,88.5003448275862,-8.28103448275862,18.545793103448275,2256.3172413793104,0.0071589409138896045,20.419303070145144,8.770425441064283,-14.355701708555205,27.689365583784227,-5.212971044799082,-128.72305700833,-4.130088860661073,0.0052330135,0.004031791628610624
448179,"Hill, Rich",FF,2023,697,95.12841,95.81793400286945,88.36470588235294,-6.258077474892396,17.38880918220947,2205.6657101865135,4.80633099455606e-05,18.637381700178903,6.73008680172572,-15.474906186997439,26.148767869775924,-4.63150434396906,-128.60153329694873,-3.9048487056547385,0.008724008,0.007174483434119141
450203,"Morton, Charlie",CU,2022,829,106.46912,106.24909529553679,81.16248492159228,-15.601158021712909,-9.452062726176116,3060.1411338962607,-0.016496267776483338,18.3944112166213,11.37043015736382,-39.7561519273246,24.30009988592049,3.4344021802059364,-118.10837742612554,0.17621568989063438,-0.01258387,-0.012098614702238396
450203,"Morton, Charlie",CU,2023,858,109.34732,109.61841491841493,82.39102564102564,-13.58811188811189,-7.843076923076922,3081.2762237762236,-0.024357181938641274,15.88868821275099,10.051179583955175,-38.569093859867635,23.730178291200165,4.261837904974054,-119.93010032987925,-0.57771904763654,-0.018406935,-0.01894089632071995
450203,"Morton, Charlie",CU,2024,755,106.48516,106.94953642384105,81.55470198675498,-13.807470198675496,-8.797033112582781,3070.8582781456953,-0.012413643731316681,16.558762151443915,9.954569972507208,-39.21491830972153,23.973140188289705,4.235972685143621,-118.68506654075772,-0.38261131854889463,-0.012613343,-0.013531939538632274
450203,"Morton, Charlie",CU,2025,711,108.8512,108.43305203938114,81.41462728551336,-15.482025316455696,-9.015358649789029,3169.7355836849506,-0.003152523991814032,18.05732436792448,11.233233670924948,-39.46194111611273,24.45318470171313,4.014796363815843,-118.46590904767012,0.1389081823137548,-0.017926855,-0.016773461425445925
450203,"Morton, Charlie",FF,2022,722,95.834076,95.94362880886428,94.8253462603878,10.662548476454294,12.478337950138505,2366.981994459834,0.005326695161274315,16.57650265637966,-13.041921989237789,-18.211121509836293,29.694185298592785,7.83961936582541,-137.87496660768227,-3.919364417691916,0.0075782235,0.0071519255080915115
450203,"Morton, Charlie",FF,2023,654,96.15,96.25626911314984,94.9414373088685,13.188073394495413,10.894862385321101,2304.455657492355,0.024253135506792638,17.21313103991288,-15.908217241729707,-19.912610988940493,29.265179464164305,8.583921333256667,-138.01276797972415,-3.69586450356321,0.0068012485,0.006374458738227775
450203,"Morton, Charlie",FF,2024,489,95.74438,95.8635991820041,94.2723926380368,13.613742331288343,10.424049079754601,2249.8732106339467,0.019458606504693703,17.276875774229264,-16.305529182355464,-20.632200914073525,29.642006534164523,9.272213726191334,-136.9649982120214,-3.477701883363073,0.0075553744,0.0071274753927030015
450203,"Morton, Charlie",FF,2025,544,95.86213,95.9827205882353,94.25551470588235,11.907573529411765,12.486838235294117,2324.7242647058824,0.015365168259984381,17.384955938557262,-14.36098373607888,-18.67380204941466,30.545512691662765,8.355216385246466,-136.99326096309508,-2.673466906553381,0.0073988945,0.006986187312871476
453178,"Kennedy, Ian",FF,2022,593,99.501015,99.18465430016863,93.39510961214165,10.393659359190556,17.477301854974705,2450.107925801012,-0.0002747110956377339,20.39702367979412,-12.117656062545949,-13.457210509831237,31.34763352646989,6.29722440486372,-135.78493269872453,-4.251550027798201,0.00053691975,0.0011035169057480078
453286,"Scherzer, Max",FF,2022,744,100.40242,99.65887096774193,94.12043010752689,11.116451612903225,16.11951612903226,2388.0564516129034,-0.011631325270725966,19.69011694406605,-13.914544115558298,-14.410439419331219,30.44208147933527,10.465453145670118,-136.59243375721996,-4.973400025227627,-0.0011910762,0.0002176173735393033
453286,"Scherzer, Max",FF,2023,929,98.14155,97.50473627556512,93.79806243272336,10.735543595263724,15.714445640473627,2357.8353067814855,0.006612972251415103,19.135133203453925,-13.291328145136989,-15.057491889722092,29.98897667954381,9.872195381551162,-136.19419003382058,-4.41145635848173,0.003045043,0.004102007509724755
453286,"Scherzer, Max",FF,2025,515,98.509125,98.26194174757282,93.61650485436893,8.990446601941747,16.05833009708738,2392.9941747572816,0.01750907025223429,18.526770214309327,-11.358735254946751,-14.768464647469816,30.882214800773536,9.296780388707466,-135.94322884764594,-4.550570012835831,0.0024324863,0.002816713092683412
453343,"Melancon, Mark",FC,2022,419,96.11122,95.72601431980907,90.81217183770883,-1.027016706443914,9.64782816229117,2258.766109785203,0.01680846339189343,10.06382181530972,-0.530356131834638,-21.83137083603631,28.50521388709861,7.076415073661019,-132.00676476253503,-5.233807801080071,0.0056557115,0.006039244383022853
456501,"Cueto, Johnny",FC,2022,410,92.38683,92.41268292682926,86.95926829268294,3.3640975609756096,9.895024390243902,2179.2829268292685,0.0022720806462039047,10.90686763437252,-4.561758880901095,-22.892033396411396,23.389402310738863,8.161414966679839,-126.46234532145878,-2.837273886123894,0.011531544,0.011082362536694835
456501,"Cueto, Johnny",SI,2022,444,97.75045,97.90337837837838,91.44391891891891,16.846216216216217,9.231081081081081,2115.554054054054,0.0029026945273995294,19.291645259617347,-18.353481242125792,-22.46112824467877,27.697742340586185,8.068872733667275,-132.93046356941878,-3.5827468902848354,0.0038812864,0.0034449188324313096
458681,"Lynn, Lance",FC,2023,560,97.23107,98.77267857142857,88.61642857142857,-2.623285714285714,5.862857142857142,2571.0410714285713,0.014414175822231968,6.967872190421322,0.8054531449428897,-26.392496807195716,25.289960369161353,8.221258588897996,-128.8636416373522,-2.312775109369295,0.004167949,0.0015859249270062574
458681,"Lynn, Lance",FF,2022,736,100.00897,99.42649456521738,92.94646739130435,3.7821195652173913,13.405760869565217,2442.297554347826,-0.013657393755157088,14.149533740836969,-5.720833900799509,-17.918513827416245,27.95374367146779,8.932917643221074,-135.10938769078052,-3.301330038657115,-0.00043804376,0.0006498754159781171
458681,"Lynn, Lance",FF,2023,1068,97.99738,97.86919475655431,92.41058052434457,3.2744943820224717,13.472921348314607,2424.6479400749063,0.01453169317280943,14.039743799027802,-5.063743257504011,-17.980479921288786,27.689394320435273,8.432197306122783,-134.35342691679247,-3.401708682745508,0.0033187484,0.0034367090405327738
458681,"Lynn, Lance",FF,2024,652,97.44693,97.18098159509202,92.23834355828221,4.051288343558283,12.934049079754601,2436.254601226994,-0.01640739278411898,13.783583259661105,-5.891558936728547,-18.59473869490976,27.50387752519927,8.851194875783753,-134.07801410517678,-3.385160842669332,0.004360622,0.00472025701054442
459429,"McGee, Jake",FF,2022,429,94.67062,95.21655011655012,94.26666666666667,-11.767272727272728,15.11048951048951,2075.39627039627,0.014368409374216578,19.23613649979122,13.937968855793818,-15.337648164653736,30.966305791515257,-7.062343976882228,-137.01471291938878,-5.248318285032373,0.009809993,0.008506303078051475
471911,"Carrasco, Carlos",CH,2022,474,108.21899,108.48227848101266,87.20759493670886,8.204810126582279,1.0994936708860759,1315.6835443037974,-0.027910188967188006,8.685621834523033,-8.240864586913938,-30.582880037712645,24.783005597524944,4.226765220184937,-126.95992308931976,-4.051236227255767,-0.015642278,-0.01509014196528636
471911,"Carrasco, Carlos",CH,2023,405,107.76494,108.07382716049383,87.31777777777776,8.123555555555555,0.7208888888888888,1366.6246913580246,-0.00791928842616608,8.525692312057398,-8.200030773929965,-30.885330660937576,24.058138452683977,4.306620013890688,-127.13454174154717,-4.339931597001468,-0.014914596,-0.014589755799839347
471911,"Carrasco, Carlos",FF,2022,687,96.33072,96.88049490538573,93.082096069869,7.620786026200874,13.987947598253275,2284.6637554585154,0.008141217748757703,16.089314729958236,-8.946989332355573,-17.01704619298375,29.607029284613933,5.222096187336023,-135.4169627926692,-4.603996899310311,0.0066248,0.005402416398161552
471911,"Carrasco, Carlos",FF,2023,422,95.32963,95.31042654028435,92.84478672985782,5.320094786729857,11.810616113744075,2216.2203791469196,0.016419229663438614,13.166431800759451,-6.353888594051363,-19.38215433585625,28.340631819603562,4.292083903997907,-135.14885041429238,-4.244638402727067,0.008342091,0.008100430072363232
471911,"Carrasco, Carlos",SL,2022,440,100.73091,100.98340909090908,84.5140909090909,-2.2524545454545457,2.014090909090909,2466.2136363636364,-0.02237632035690562,3.973297697475838,1.0670629813407355,-30.03347899624065,23.614427166741148,4.323599648154043,-123.04326425795543,-3.0753605038355345,-0.0010168056,-0.0014774937931075728
476595,"Luetge, Lucas",FC,2022,416,95.53293,96.46682692307692,87.5923076923077,5.148750000000001,6.279230769230769,2589.5625,-0.0005418612946508211,8.504842544867593,-4.45108881227662,-25.816740153296458,24.733417834634608,-1.262981986128237,-127.59451918278263,-4.05681781344099,0.0065697953,0.00491583796420585
477132,"Kershaw, Clayton",FF,2022,590,98.30152,97.44593220338983,90.7264406779661,0.5123389830508475,18.69722033898305,2405.330508474576,-0.01002746009267874,18.81395537624245,0.23807884469511492,-12.81766853308393,27.902536285618464,-3.4915332739209233,-131.99044111283922,-6.335944533277237,0.0028479365,0.0043454101129894035
477132,"Kershaw, Clayton",FF,2023,608,97.28586,96.47828947368421,90.77944078947368,0.02269736842105263,18.021315789473682,2323.940789473684,0.006233775641308953,18.15829204268022,0.7572117073059187,-13.481816826354196,28.025437032298818,-3.7699422132142906,-132.06134799020197,-6.206537498852804,0.0046590874,0.005971834905538597
477132,"Kershaw, Clayton",SL,2022,637,102.30267,102.20282574568289,86.47095761381476,5.554097331240189,6.480376766091052,2575.480376766091,-0.01751076642717987,9.014192699801551,-4.23496267134177,-25.48565034038181,24.700767428002212,-3.508665190036867,-125.85748029870881,-5.632545494845885,-0.0043022814,-0.003947612247487987
477132,"Kershaw, Clayton",SL,2023,736,100.92812,100.56046195652173,86.66114130434782,5.230923913043478,6.870978260869565,2471.648097826087,-0.01964172294590021,9.231322455098097,-3.903207025716332,-25.167023239318322,25.282208209976208,-3.762512830136526,-126.11763655855034,-5.397866438243706,-0.0013775601,-0.0005821890877011863
489119,"Miley, Wade",FC,2023,706,98.28314,97.24305949008499,86.9915014164306,2.95070821529745,7.996657223796034,2223.3781869688387,-0.005119337950220957,8.767749524816663,-1.7364932529062993,-24.203820467033417,24.218029346919216,-4.761139070300138,-126.61979557126352,-4.936005260798721,0.0024400495,0.004009993419048628
489446,"Yates, Kirby",FF,2023,431,98.39583,98.1062645011601,93.56728538283063,13.6507656612529,13.792204176334106,2314.236658932715,-0.015657481458534895,19.471789844764505,-16.169334740624024,-17.244206024043933,28.915397693995974,9.57388701939734,-135.9136504253685,-3.8367558686951906,0.0025650675,0.003003065203436245
489446,"Yates, Kirby",FF,2024,403,98.97742,98.56997518610422,93.16699751861043,13.71394540942928,14.852903225806452,2347.9305210918114,-0.019061443947135243,20.32239829857021,-16.053248747885323,-16.32039066950954,30.718921283997712,9.098658029433599,-135.30844466296023,-3.84953086547833,0.0014875067,0.0021859042429068264
500779,"Quintana, Jose",CH,2024,476,105.67458,105.78319327731093,85.67247899159663,-14.33470588235294,4.181596638655463,1324.9327731092437,-0.007551139760389752,15.182383460379915,13.687782766565691,-27.79909876447391,25.703379981878005,-6.228367330117038,-124.5461889391962,-4.554539376126216,-0.010775581,-0.010322589055426924
500779,"Quintana, Jose",CU,2022,435,104.33402,104.24298850574712,78.29678160919539,7.250758620689655,-8.192551724137932,2261.174712643678,-0.014298648071447284,11.136089639359573,-4.6411960076173155,-38.16982880107255,21.006781864890648,-3.31453330991404,-114.0075461694126,-0.891256544606074,-0.008279072,-0.008069029312076067
500779,"Quintana, Jose",CU,2024,549,102.724594,102.89289617486338,77.57049180327868,6.83191256830601,-8.064699453551913,2225.617486338798,-0.002815588658395221,10.705591849628966,-4.287625070089097,-37.97811605075415,20.76114211886075,-3.068220915479225,-112.9486189960674,-0.8100985074492961,-0.004971277,-0.005306598933474538
500779,"Quintana, Jose",FF,2022,679,98.70073,97.88453608247424,91.20603829160531,-2.5051546391752577,15.301678939617084,2073.5949926362296,-0.014102494443001939,15.62008950661709,3.860541397823302,-16.544507069254053,27.905992933216947,-6.564689946506281,-132.67602905967559,-3.4794701733706352,0.002070992,0.003528493492049835
500779,"Quintana, Jose",FF,2024,574,95.67004,95.35383275261324,90.68885017421603,-3.898327526132404,16.190383275261325,2074.8710801393727,-0.0022119469023651763,16.782718572537952,5.355432410642453,-15.954379435771697,28.638388540661925,-7.176355793123757,-131.85695708582818,-3.2326546941470466,0.007695817,0.008055833836553443
500779,"Quintana, Jose",SI,2024,743,95.19757,95.08196500672946,90.74804845222073,-13.967806191117093,12.733889636608346,2063.965006729475,-0.0033926268825145,19.007348515046235,15.168912817525458,-18.913383857387934,28.809067742253973,-7.386398625285812,-131.86501250889035,-4.96809922031178,0.008732844,0.008614547322123262
500779,"Quintana, Jose",SI,2025,740,93.6196,93.54851351351351,90.51527027027028,-13.921945945945946,12.070864864864866,2089.1486486486488,0.015920278071647052,18.524800675578216,15.063447790826563,-19.66740236608865,28.476467533848428,-7.483824997624325,-131.53697395762327,-4.746276657977577,0.0118940715,0.01158412213148614
501985,"Minor, Mike",FF,2022,642,97.01978,97.20467289719626,90.3303738317757,-3.8373831775700933,14.164485981308411,2469.778816199377,0.013065451757242868,14.895426818596153,4.404667186020175,-17.82463665840615,26.903718659547874,-3.385957689588258,-131.51881439067492,-3.9761751283218816,0.005304079,0.004794151265274807
502042,"Archer, Chris",SL,2022,433,102.321014,101.93140877598154,88.72702078521941,-5.292748267898384,3.9963048498845266,2458.6674364896076,-0.008642127743825256,7.033298117806448,4.347141922805886,-27.628416191834766,25.141215031823325,3.131494366707445,-129.19519837132822,-5.029622259272882,-0.004339366,-0.003395373093916442
502043,"Gibson, Kyle",FC,2022,480,93.48062,93.811875,89.434375,-0.7755,9.605250000000002,2357.460416666667,0.000363671992465977,9.868411126015594,-0.7019337694810731,-22.2105458760143,26.57157351234678,6.930697710301341,-130.04561872978022,-4.947767623831217,0.00979978,0.00894666310650793
502043,"Gibson, Kyle",FC,2024,495,93.87596,94.18424242424241,88.62686868686869,-2.699151515151515,8.80969696969697,2335.549494949495,0.016889449485321655,9.480751732828502,1.3335010279983144,-23.16056721000945,25.14402416624033,6.007802540405453,-128.95889388763572,-4.720083863836176,0.00951254,0.00868850805605631
502043,"Gibson, Kyle",SI,2022,588,96.7869,97.08826530612245,91.70204081632653,14.263469387755102,7.097551020408162,2130.0442176870747,0.0015463357678312238,16.08161322305048,-15.774174603319544,-24.019830898269998,27.14312967092428,7.617365401858485,-133.2827803187769,-5.918367698272303,0.0058024456,0.005017445326536293
502043,"Gibson, Kyle",SI,2023,634,96.287224,96.31766561514196,91.89432176656152,14.456403785488959,8.22794952681388,2115.5173501577287,0.005104060483026607,16.776588178267993,-16.157999188425052,-22.815410057104682,27.577062181971662,8.276065391154514,-133.50153555123228,-6.118607570838317,0.0066401754,0.006328889629188666
502043,"Gibson, Kyle",SI,2024,604,95.86241,96.21605960264901,90.73129139072847,13.156490066225166,7.4231125827814575,2024.478476821192,-0.003499261033819672,15.244737549140076,-14.367333585967822,-23.943027045484847,26.11336564185568,7.619542296867483,-131.89176725461877,-5.632617689456356,0.0074386043,0.006485318252781271
502043,"Gibson, Kyle",ST,2023,436,104.446335,104.3038990825688,81.62110091743119,-10.342018348623853,1.1631192660550458,2461.327981651376,-0.03241935806519353,10.815748408015953,7.010341959372903,-30.682301622181114,23.390941444416747,5.50212683909193,-118.72175890466609,-3.982252277826394,-0.008516253,-0.008112124289559645
502043,"Gibson, Kyle",ST,2024,491,104.017715,103.96945010183299,80.77739307535641,-12.49002036659878,-0.34460285132382895,2403.3197556008145,-0.01609828974272798,12.871141843993259,8.720467765051183,-31.966621335708524,22.97179972675095,4.589483008534656,-117.5379690890109,-3.4175367799838545,-0.0075476146,-0.007331318982513138
502085,"Robertson, David",FC,2023,427,99.72014,99.21451990632318,93.24941451990632,-1.6853395784543326,16.336018735362998,2668.192037470726,-0.014124477561006427,16.620759989822666,0.3065957601326616,-14.21729000698293,28.913420954335916,6.63385930656718,-135.57854407496492,-6.118987800431195,8.372961e-05,0.0008861329842295894
502085,"Robertson, David",FC,2024,469,101.08422,100.34243070362473,93.29275053304904,-1.314626865671642,16.788742004264392,2609.3539445629,-0.01853579974720177,17.076883018682235,-0.11727303535261867,-13.809166480609388,29.7682740781721,6.581559251237382,-135.63446005402972,-5.777958797703473,-0.002108729,-0.0008749790438629103
502171,"Cobb, Alex",FS,2022,853,101.93892,102.75509964830012,89.69929660023446,13.194654161781948,2.005392731535756,1591.7467760844079,-0.003908147999668279,13.733012483999184,-13.834720424285374,-29.497762381076843,27.47590294496344,5.927117243345999,-130.46404803527273,-4.420267805416022,-0.0035152466,-0.005211486548352139
502171,"Cobb, Alex",FS,2023,754,101.4691,102.24018567639258,89.63607427055703,13.247267904509284,2.106206896551724,1581.026525198939,-0.01141657508014552,13.812012796427783,-13.9308136151036,-29.418528895381343,26.865982318382436,6.438558416532542,-130.35012809092441,-4.3688474996239535,-0.0024551456,-0.00411013400493438
502171,"Cobb, Alex",SI,2022,823,97.425026,97.16938031591737,94.81956257594167,16.00068043742406,9.07363304981774,2094.3025516403404,0.003956452811545616,18.518485362299355,-18.82634277661382,-21.73339177047616,29.64691071264199,8.344660576090098,-137.81913854673837,-4.404481249543375,0.0045239003,0.004858176340505837
502171,"Cobb, Alex",SI,2023,766,97.452614,97.2845953002611,94.58185378590078,15.979425587467363,6.951070496083552,2091.8772845953004,-0.0060836610546615225,17.568577232039214,-18.67720246507746,-24.189610390715202,29.34911187578635,8.404212664320905,-137.47279213779905,-3.6910982600053774,0.0043618814,0.004505346638695044
502179,"Espino, Paolo",FF,2022,697,94.94003,95.03041606886657,88.47733142037302,2.797187948350072,19.10668579626973,2226.682926829268,0.006374696270469964,19.44646918004977,-3.4397449268960574,-13.64523393371895,27.074212921816507,4.077910534642473,-128.71799606256536,-5.005718463561884,0.009294642,0.008848126567498173
502202,"Boxberger, Brad",FF,2022,450,95.356224,94.92177777777779,92.80311111111111,5.9744,17.318666666666665,2383.9977777777776,-0.0010487048969744478,18.453906095874377,-7.069141471025601,-13.472308723223938,29.40564515902787,4.509192013047901,-135.00018125731407,-5.750233206779964,0.008498194,0.009058853494555472
506433,"Darvish, Yu",FF,2022,609,99.47636,99.21477832512316,94.87635467980294,6.989556650246306,16.922758620689653,2412.7487684729062,-0.010853328258788479,18.461934499856344,-9.009548856563411,-13.226345472390987,31.011804708805556,7.031639381463928,-137.9140857740727,-5.077445727871526,0.00058553915,0.0010461928020430553
506433,"Darvish, Yu",SL,2022,730,101.773285,101.78150684931506,85.92561643835616,-5.724,-0.22438356164383563,2775.7164383561644,0.0031403781806399853,6.390453653961912,4.167218370045529,-32.19444869677746,23.287111272282974,4.648439776580416,-125.14486949675697,-1.789302029545563,-0.0031967068,-0.0030945212974234117
517008,"Colomé, Alex",FC,2022,523,95.992355,96.49043977055449,90.6263862332696,-2.0140726577437857,6.541491395793499,2155.0420650095602,0.012069680705404175,7.371129856397663,1.259307192167208,-24.654241308578243,26.516707286205726,3.442608522307206,-131.8882833600803,-6.51136286271194,0.0058420473,0.004875061260881042
518516,"Bumgarner, Madison",FC,2022,761,95.442184,94.98278580814717,87.45413929040737,2.8137713534822604,8.123574244415243,2295.471747700394,0.006125618267051064,8.871310527210582,-1.1430960125649379,-24.400204244007035,26.29429867305097,-6.680160842596637,-127.19906629167775,-2.9297569957414766,0.00670794,0.007169590464746124
518516,"Bumgarner, Madison",FF,2022,619,94.83716,95.16155088852989,91.1718901453958,-7.775573505654281,15.539709208400646,2205.2423263327946,0.029404400897291065,17.476358271404788,9.583846923115871,-16.259586450413575,29.983682435786793,-8.796381142269267,-132.39216608277823,-4.129761519432775,0.009490652,0.008609854979568916
518617,"Diekman, Jake",FF,2023,423,98.53499,97.5111111111111,95.44113475177305,-17.354326241134753,10.930780141843972,2236.8297872340427,0.001327046610064351,20.598373179132892,21.536586906766647,-19.644364075892927,31.455523155907866,-13.261520682883235,-138.26848179645947,-4.328365477211279,0.0023021305,0.004085901826766752
518876,"Kelly, Merrill",CH,2022,599,105.198166,105.63188647746244,88.59015025041737,16.541569282136894,2.6726544240400667,2157.32387312187,-0.01281398067435177,16.875700070847397,-16.629237263373348,-29.016557866398077,27.570659689631174,6.153456695633948,-128.8174754321994,-4.07282449346772,-0.009761157,-0.009883727122245937
518876,"Kelly, Merrill",CH,2023,521,108.103455,108.45201535508637,88.60729366602688,15.738656429942418,0.9931669865642996,2138.305182341651,-0.029496419772653756,15.925142413616063,-15.860080862154511,-30.602556752674182,26.288844104639498,5.9428412995729305,-128.90100435576315,-4.075370652579885,-0.015582407,-0.015291101263441999
518876,"Kelly, Merrill",CH,2025,491,108.05641,108.52016293279023,88.2317718940937,14.967494908350305,0.0036659877800407263,2155.358452138493,0.0012866169774878545,15.106447160775685,-15.079690383882083,-31.607475245358287,26.802368108133614,6.232315780663251,-128.326052643426,-3.646744914529047,-0.015931802,-0.015875724260267603
518876,"Kelly, Merrill",FC,2022,455,92.89626,92.48483516483516,90.79692307692308,1.5365274725274725,12.810197802197804,2329.531868131868,-0.00650089216621825,13.057541527564842,-2.7439577086404974,-19.023941720328693,27.330177150916295,5.95424306384873,-132.11580212713187,-3.8728492006399793,0.010723582,0.010966280359160755
518876,"Kelly, Merrill",FC,2025,420,92.59333,92.32714285714286,90.57642857142856,3.1402857142857146,11.706857142857142,2356.5238095238096,-0.005903933243420807,12.314437553437537,-4.291038719686371,-20.247633943218116,27.45964172161662,5.8799017044606625,-131.79857021366504,-3.484534472704673,0.011362372,0.011442291913978228
518876,"Kelly, Merrill",FF,2022,845,94.62569,94.67976331360946,92.54461538461538,7.887195266272189,15.326201183431952,2358.3041420118343,-0.01323255297277718,17.338982383915997,-9.349976720733272,-15.813792364456557,30.28251549426668,6.118165300058475,-134.56187636517575,-4.77845354235033,0.009893149,0.009509561073590887
518876,"Kelly, Merrill",FF,2023,602,93.796844,93.88089700996679,92.17242524916944,7.388571428571429,14.754219269102991,2349.102990033223,0.005737804831701773,16.590345069140103,-8.680920668700153,-16.580052679293082,28.48805154864975,5.827117128962917,-134.09246936407663,-4.333254438125283,0.011230188,0.010707650390616386
518876,"Kelly, Merrill",FF,2025,408,93.27157,93.4610294117647,91.7421568627451,9.428529411764707,14.759705882352941,2361.549019607843,-0.00020512648262059374,17.603852951351225,-10.800821461930484,-16.86945494169953,29.876270115394735,6.469589612773435,-133.39177334605614,-3.851205669615298,0.01226412,0.01159814397377859
518876,"Kelly, Merrill",SI,2022,482,97.50125,97.60435684647304,92.54398340248962,16.04365145228216,7.5301244813278005,2204.3153526970955,-0.014505732156841795,17.877918258075855,-17.749536892931754,-23.84406835127629,31.00363079938961,6.898460483606328,-134.51408632624333,-4.054254044546305,0.0043724105,0.004017467050320523
518886,"Kimbrel, Craig",FF,2022,545,100.74257,99.62788990825688,95.78935779816513,10.512880733944955,14.35640366972477,2266.537614678899,-0.0034193626916617587,17.892209482459766,-13.661669853473223,-16.266450773492508,30.29471754241822,10.362798048419046,-139.1371039206627,-2.332599790807987,-0.0018457262,0.0002724570393819519
518886,"Kimbrel, Craig",FF,2023,523,101.777054,100.88661567877628,95.78279158699809,10.391816443594646,15.171166347992353,2356.3843212237093,-0.014933970135317982,18.47796659009579,-13.495680833244581,-15.297429560096596,31.06626569982174,10.029977040414563,-139.12658086053452,-2.817178582890801,-0.003803134,-0.002065130503140343
518886,"Kimbrel, Craig",FF,2024,503,98.446526,97.13638170974154,93.82942345924452,9.550139165009941,15.599522862823063,2316.238568588469,0.001284493771494339,18.38702174721623,-12.002443529575824,-15.757113329569258,30.211026024710836,9.311891218281849,-136.32602840109533,-1.8448979422326175,0.0024807113,0.004804341615076493
519141,"Pomeranz, Drew",FF,2025,448,99.58996,99.01919642857142,92.69933035714287,-1.2425892857142855,16.98857142857143,2637.3816964285716,-0.01494924327674057,17.169491960167868,2.519043427654164,-13.836665928670731,28.10682467726601,-5.953657122096051,-134.84082260212259,-5.628432123126676,0.00040059283,0.001432247331034637
519242,"Sale, Chris",FF,2023,546,95.53077,95.56794871794871,93.96630036630036,-14.616703296703298,11.01978021978022,2215.9065934065934,0.0011230566485721316,18.42329907927412,17.512643458841154,-20.36021313726207,30.372128282688827,-10.40355763448789,-136.42610494153257,-2.402847497841536,0.007967082,0.00763060239472285
519242,"Sale, Chris",FF,2024,675,99.842224,99.27600000000001,94.93288888888888,-15.033955555555556,10.313600000000001,2252.825185185185,0.009935316796575078,18.353649130572688,18.396775892321372,-20.972388679254944,31.176859561944763,-10.792406260473546,-137.80778956185753,-2.0305812724264083,-0.00013673214,0.0008920938352456528
519242,"Sale, Chris",FF,2025,647,100.280525,98.94636785162288,94.82287480680063,-14.861267387944359,9.333848531684698,2262.097372488408,-0.0001829208741490285,17.66200544955241,18.162495485288197,-22.19821930602894,30.965200830339533,-10.722846827311322,-137.6631589330543,-1.3462149432752475,-0.0008951161,0.001566453095236179
519242,"Sale, Chris",SL,2023,447,103.92326,102.97785234899328,77.80805369127516,11.183087248322147,-4.444832214765101,2249.4317673378077,-0.01338319171203092,12.236989517535307,-6.8664091112988475,-35.5946656049218,22.01759322409284,-5.546175580779674,-113.15080750932671,0.25384455899679154,-0.0076435306,-0.0054809308219312056
519242,"Sale, Chris",SL,2024,714,105.02437,103.98487394957982,78.62478991596639,10.89798319327731,-4.7154621848739495,2349.6694677871146,-0.031257444146407264,12.042819347305127,-6.833132142396586,-35.935524581767005,22.388215403048445,-5.48916371704212,-114.34444970034143,0.5491381156512437,-0.00981335,-0.007419549782439268
519242,"Sale, Chris",SL,2025,732,105.45711,104.251912568306,79.09603825136612,10.531967213114754,-2.9195081967213112,2352.5150273224044,-0.02486665221087116,11.153064952252288,-6.68324509405317,-34.66635385758512,22.281006212255658,-5.515948665551261,-115.04668759826228,0.624445730632361,-0.010965466,-0.008154027137179717
519326,"Strickland, Hunter",FF,2022,429,97.586945,96.77039627039628,95.03193473193473,4.853426573426574,13.645594405594405,2367.8391608391607,0.021529034688308208,14.68363538012122,-7.009158798994032,-16.70236317491857,30.09873417870645,8.38724792991826,-138.10509221842224,-4.895962887490517,0.004211343,0.005605764982218522
521230,"Hendriks, Liam",FF,2022,418,103.58373,103.29114832535885,97.53971291866029,5.967272727272728,18.76909090909091,2392.322966507177,-0.004300062809839472,19.81550367008931,-8.06823291489128,-9.700339506858342,32.678320081595146,5.908504777150545,-141.80231909463262,-6.760715352958004,-0.007296909,-0.0065553471275538394
527048,"Pérez, Martín",CH,2022,639,105.2335,105.78169014084507,84.38826291079812,-14.0856338028169,9.044882629107981,1662.0829420970267,-0.0064014873048942765,16.91303343341428,12.538687336298471,-23.874590342606602,24.996041506961515,-3.3361451963846847,-122.80548142358403,-4.429007796232708,-0.009827656,-0.01016002121299577
527048,"Pérez, Martín",CH,2023,462,104.93853,105.81255411255411,84.1495670995671,-14.626233766233765,8.430909090909092,1679.6948051948052,0.0023957901264084285,17.008780214607576,13.057538122581601,-24.491812551178448,24.246883726708756,-3.9833344429058135,-122.46193961783831,-4.1346842400257735,-0.009315017,-0.010374261891965652
527048,"Pérez, Martín",FC,2022,578,92.25658,91.96159169550174,89.8515570934256,-0.980553633217993,12.126643598615917,2211.9602076124565,-0.02031277417698683,12.445906189125411,1.6976342686706516,-19.841595077121838,26.70087815733215,-3.559324058703245,-130.81079050625442,-4.298522717545943,0.0117352065,0.011761257792770737
527048,"Pérez, Martín",SI,2022,818,100.55942,100.04144254278728,92.70195599022004,-16.407286063569682,10.21921760391198,2002.1088019559902,-0.013317221682732704,19.438712737455695,17.777815017994996,-20.996995820525573,30.08882768305303,-5.034680580375555,-134.84632454603937,-4.539703439598379,-0.0017189669,-0.0006776972502504425
527048,"Pérez, Martín",SI,2023,704,97.264915,97.1377840909091,91.61832386363636,-16.39994318181818,9.711136363636363,1964.3579545454545,-0.012742668782697397,19.212061568977514,17.525589575177374,-21.873543602356936,28.684825310914118,-5.73286167553221,-133.27313564185624,-4.018738823724991,0.0047250073,0.004783987657815954
527048,"Pérez, Martín",SI,2024,482,96.01763,96.10809128630706,90.59688796680497,-16.279917012448134,10.039668049792532,1970.8630705394191,-0.005983144311482323,19.233479656351463,16.919688856905857,-21.793633132474124,28.554587081409693,-5.237292882086237,-131.79383746115013,-3.9085040613776556,0.0071380665,0.0066867447193029745
541640,"Ramírez, Erasmo",FC,2022,469,94.18806,94.37036247334754,89.26929637526653,-1.6797441364605543,9.101577825159916,2386.6012793176974,-0.031304959522545445,9.550692210733509,0.37013871388645386,-23.184436613305756,26.837799905660702,5.78654457459657,-129.90157006053835,-2.836856280773213,0.008684544,0.008103618479590399
542881,"Anderson, Tyler",CH,2022,694,104.66787,104.86195965417868,78.9649855907781,-13.252219020172912,8.958847262247838,1851.0259365994236,-0.027601957406525095,16.1731119148227,10.672478184209602,-25.006447235031242,20.658620871815288,-4.822031113659905,-114.88659435330062,-4.0421070271173525,-0.008725051,-0.008484062411218655
542881,"Anderson, Tyler",CH,2023,592,104.02872,104.01976351351351,79.97229729729729,-12.895337837837838,11.480472972972974,1864.1097972972973,-0.011473765229071743,17.428866113239984,10.605587424287737,-22.75009073777624,21.885602010897614,-4.49550759923911,-116.31483531284013,-5.015502396625509,-0.0075077103,-0.007035288632819903
542881,"Anderson, Tyler",CH,2024,845,103.79917,103.55668639053253,78.94319526627218,-12.440378698224853,12.41396449704142,1889.0461538461539,-0.022350494378872193,17.716380311824278,9.870700379637213,-22.214857133499212,21.690515586608065,-3.7983042595443677,-114.8088634739659,-5.403524507113478,-0.00705102,-0.006160201282698849
542881,"Anderson, Tyler",CH,2025,648,103.82299,103.62098765432098,78.5195987654321,-13.067407407407408,12.344259259259259,1914.83487654321,-0.01292007629062976,18.187114144165335,10.25683156552789,-22.477299518823006,21.899850938881606,-3.937174545653542,-114.1925942278938,-4.858514666485337,-0.007236103,-0.006407546656636293
542881,"Anderson, Tyler",FC,2022,458,99.89781,98.88406113537118,85.6410480349345,2.5283842794759823,9.528733624454148,2428.288209606987,-0.019892651089013304,10.145741520047164,-1.1382392339027194,-23.23035057552199,22.119559965609746,-5.976687270769948,-124.66569281871348,-3.997800135503134,-0.00031217656,0.0012366116061907414
542881,"Anderson, Tyler",FC,2023,413,98.50096,97.4636803874092,85.08813559322034,3.2966585956416465,10.995254237288135,2438.581113801453,0.0036242960404589465,11.78247997927803,-1.8419987392861097,-21.881828811964443,22.485868985031637,-5.351563243748626,-123.82635220612475,-4.992237484570498,0.0020846413,0.003662684187376618
542881,"Anderson, Tyler",FC,2024,433,97.660965,96.80969976905311,84.34595842956121,3.6978290993071594,11.395011547344112,2330.632794457275,0.008046337599354114,12.21272864524131,-2.3160448940080784,-21.766930618232205,22.375952268167598,-4.4021649656989545,-122.7718635554981,-4.866105295748582,0.0034157357,0.004611442205233817
542881,"Anderson, Tyler",FF,2022,793,98.32093,98.25510718789408,90.7499369482976,-7.438032786885246,17.87591424968474,2241.0,0.0011389294493453872,19.45825854502024,8.424745818767441,-13.715705077188643,27.54159956860439,-5.602991457297557,-131.97483022606917,-5.823084879273344,0.002807096,0.002838337417910559
542881,"Anderson, Tyler",FF,2023,634,95.81388,95.58548895899054,90.10236593059938,-4.863785488958991,18.65167192429022,2215.700315457413,0.015325021345961618,19.390469065554562,5.824756514565963,-13.158582220594582,28.23436872584081,-5.368845717442592,-130.9873132019596,-6.275006649108831,0.007433181,0.0076007164188055575
542881,"Anderson, Tyler",FF,2024,882,95.398186,95.12108843537415,89.51281179138323,-4.0810884353741494,19.709931972789114,2199.154195011338,0.016104918307098495,20.22377168989312,4.709033559966869,-12.423118583075091,28.23809817605508,-3.863065021858807,-130.17099053744187,-6.148504196263686,0.008210496,0.008485452156443338
542881,"Anderson, Tyler",FF,2025,726,93.36598,93.13030303030304,89.16005509641873,-6.743140495867769,19.48595041322314,2182.0812672176307,0.017453500358181915,20.72391851814972,7.3570394815136595,-12.821688817670616,28.54224194305048,-4.696329234482307,-129.6189086443083,-6.031197665188923,0.012086143,0.012203662762140105
543037,"Cole, Gerrit",FF,2022,1290,102.3555,102.04852713178295,97.78751937984495,10.258883720930234,18.36632558139535,2435.6457364341086,-0.007595540060877721,21.133600849991417,-13.13331928716,-10.082584985712398,34.10790614102896,6.634589039008228,-142.08178728868234,-6.787626104345194,-0.004937313,-0.004239471565884391
543037,"Cole, Gerrit",FF,2023,1045,99.32574,98.97531100478469,96.61885167464115,8.355444976076555,17.448,2410.931100478469,-0.011176489404728861,19.46276188140894,-10.795776597818442,-11.795305553102017,32.6994231635211,6.853195040651541,-140.42600773316988,-5.879899995482699,0.0008140716,0.001415406085453613
543037,"Cole, Gerrit",FF,2024,507,97.96608,97.20414201183432,95.98205128205129,6.847573964497041,17.686153846153843,2359.4950690335304,-0.011222886869594283,19.09005899663937,-9.079329685395606,-11.845757282427485,32.50645574925235,7.0131194716645355,-139.49533855224604,-5.663030556245405,0.0033868845,0.004677383697667394
543037,"Cole, Gerrit",SL,2022,529,106.92892,106.79943289224953,88.63572778827978,-5.280453686200378,0.26177693761814746,2578.5992438563326,-0.021504006151211758,5.927076356086294,3.8525634666019406,-31.30982634099062,25.604920271124534,5.385514129868241,-129.0116377642817,-3.878487466472978,-0.013963984,-0.013260410386517452
543101,"DeSclafani, Anthony",SL,2023,541,98.732346,99.36358595194085,87.27634011090574,-3.946691312384473,6.395711645101663,2147.4695009242146,0.0006390123678797303,7.945515917580826,2.5873044210598257,-25.984623522219184,24.080511257505382,5.148311981105471,-127.08385226118757,-2.8564994166618525,0.0032165127,0.001845057748927888
543135,"Eovaldi, Nathan",FF,2022,425,100.45718,100.22047058823529,95.5955294117647,12.353223529411764,14.634352941176472,2121.814117647059,0.008957393944636037,19.229230145509273,-15.420031667665796,-15.646418996216248,31.930251307887794,9.1894461387387,-138.85174703298392,-4.186915924668008,-0.0012995014,-0.0008267970736408353
543135,"Eovaldi, Nathan",FF,2023,797,95.96788,95.92145545796737,95.10301129234631,12.428055207026349,13.700326223337516,2166.195734002509,-0.0074103075306878995,18.6074032627497,-15.337552403182167,-16.72089658747621,30.95168934139444,9.190809076093364,-138.13895570666102,-4.483042970472714,0.007143166,0.006985788799774964
543135,"Eovaldi, Nathan",FF,2024,774,98.18502,98.04793281653747,95.33643410852713,13.753023255813954,11.73891472868217,2186.4573643410854,-0.005711888342185187,18.216993546997973,-16.77943759436133,-18.955745566658763,31.58169880626886,8.940921881794178,-138.50557902387595,-3.650215843314627,0.0029728047,0.0031393216562333693
543135,"Eovaldi, Nathan",FF,2025,406,95.5702,95.40443349753694,94.0051724137931,14.215566502463055,12.189753694581281,2200.5295566502464,-0.011958611636607464,19.00592119097235,-16.872111227523057,-18.909176434268648,31.94495306317733,9.037471405717774,-136.5300627927016,-3.4229285177160507,0.007952207,0.008043461737395223
543135,"Eovaldi, Nathan",FS,2023,593,103.9,104.6106239460371,87.8787521079258,13.396694772344013,1.5334907251264756,1640.8381112984823,-0.005291602636507877,13.62354080416569,-13.796949862658053,-30.187502613996244,24.87340375554016,7.701502856476515,-127.76975868549441,-3.8180032396551002,-0.008396892,-0.00965165651456075
543135,"Eovaldi, Nathan",FS,2024,639,104.35791,104.9511737089202,88.32222222222222,13.366572769953052,0.3004694835680751,1585.846635367762,-0.012961112707816448,13.52204790443554,-13.962741153417007,-31.424204195687523,25.67098423578948,8.012778495729878,-128.3938005797538,-3.275265333571636,-0.009112608,-0.010136823684284728
543135,"Eovaldi, Nathan",FS,2025,460,103.65521,104.10217391304347,87.6204347826087,12.243652173913043,0.12939130434782609,1510.6869565217391,-0.03667173952224102,12.442702843101335,-12.793851867825419,-31.661610148448045,25.890219995362642,8.155879890904767,-127.34196017099508,-2.835799882584468,-0.007594036,-0.008362523465520775
543243,"Gray, Sonny",FF,2022,439,96.98724,97.29886104783598,92.11480637813212,1.6283371298405467,15.274715261958999,2531.8268792710705,-0.0068119481767747025,15.515354959177133,-2.3423730640747626,-16.1231671411577,28.146905679985785,3.3236867447185214,-134.11845536227077,-4.108467091754507,0.0053612813,0.004621873106227153
543243,"Gray, Sonny",FF,2023,517,99.52302,99.83462282398453,92.90444874274661,-0.5345454545454545,12.324719535783366,2535.388781431335,0.0051401690226259384,12.512226280702924,-0.02666323137458138,-18.90142475720234,27.472585414292762,2.823414181319495,-135.3282041137088,-3.8294158117628734,0.0004413601,-0.00015363755523326774
543243,"Gray, Sonny",FF,2024,487,97.76181,98.0170431211499,92.36981519507187,-1.1521971252566736,12.084517453798767,2516.8254620123203,0.02476766687666706,12.31012802030741,0.6074418557667078,-19.300022759096162,26.866685715378985,2.805126544495775,-134.56351617951805,-3.741909198045679,0.0037676478,0.003192603570049118
543243,"Gray, Sonny",FF,2025,432,97.311104,97.56226851851852,91.675,-1.3313888888888887,10.618055555555555,2506.199074074074,0.017906920802148753,10.860204996450802,0.8256666555696123,-21.132972163733637,27.06080739646778,2.486753095863404,-133.5567298042097,-2.938901490204096,0.0046848566,0.004095396018379167
543243,"Gray, Sonny",SI,2022,410,96.09049,96.50195121951221,92.06365853658536,13.572878048780488,9.75219512195122,2432.4731707317073,-0.004667299133029769,16.87472238177562,-14.567399745953733,-21.89706636040057,29.625708101937466,4.431381724322422,-133.96944884754683,-3.2480576852090293,0.007190639,0.006143448601787862
543243,"Gray, Sonny",ST,2024,440,113.41273,112.29431818181818,84.75636363636364,-15.872727272727273,-5.727545454545455,2691.125,-0.03941200301081534,17.022010379034153,13.257374167172046,-36.704792617307334,25.394188605374204,1.0770988502685055,-123.42589251019115,-2.658996331645585,-0.027417047,-0.02461200009325444
543272,"Hand, Brad",ST,2023,406,103.88818,102.9115763546798,80.9564039408867,14.223251231527094,-0.0035467980295566543,2392.448275862069,0.005581133725799791,14.428923404519983,-10.152828094454994,-31.871136432562285,22.244999984471402,-4.590375090783807,-117.83864871229434,-2.6266472677225745,-0.007327627,-0.005201733022142548
543294,"Hendricks, Kyle",CH,2023,664,99.730576,100.59201807228916,80.6808734939759,10.268313253012048,8.379036144578313,2156.585843373494,-0.015623482866534606,14.203566709714742,-9.21827475185526,-25.084597882292726,20.694103320298623,7.034370127368098,-117.30052607175502,-4.462219562240981,0.0009969492,-0.0006489392692106044
543294,"Hendricks, Kyle",CH,2024,582,98.38952,99.65481099656357,80.87164948453609,10.411134020618556,8.198762886597939,2177.408934707904,0.013358147794575047,14.361097212134345,-9.374308179858962,-25.257951305656324,20.221369328991948,7.248524508570766,-117.59620380467543,-4.101001399639968,0.0036897939,0.001135837298181217
543294,"Hendricks, Kyle",CH,2025,778,99.08213,100.1314910025707,79.45025706940875,11.071619537275064,8.538817480719795,2074.9280205655527,-0.010492324822912022,15.09129589838453,-9.59594406986066,-25.333046301925357,21.01507257151788,7.1023230531372175,-115.49105252759662,-3.636848461523662,0.002500606,0.00034176971814270374
543294,"Hendricks, Kyle",SI,2023,566,94.41449,93.98674911660777,87.49964664310954,12.242120141342756,6.54826855123675,2027.7420494699647,0.009032252291175463,13.970633156725901,-12.57652128520956,-25.65299233883736,23.519532462192167,7.590198677960539,-127.2658893722182,-3.8536778383818096,0.010303434,0.010721986408236735
543294,"Hendricks, Kyle",SI,2024,513,94.497856,94.31949317738791,87.57894736842105,13.242573099415205,7.022690058479532,2016.7738791423003,0.02182100715603927,15.07216310423336,-13.56387617501716,-25.26329448401002,23.574477309767644,7.916614690560511,-127.35938708630252,-3.545036633648321,0.010089522,0.01003814575554748
543294,"Hendricks, Kyle",SI,2025,791,93.81024,92.84690265486725,86.22730720606828,14.030290771175729,7.271453855878635,1978.1883691529708,0.004543612756665529,15.887577422252932,-13.952033412237999,-25.283935312383942,24.27114097714102,8.210692426674298,-125.32535299250596,-3.409416560273283,0.011522048,0.012902958406719811
543475,"Lyles, Jordan",FF,2022,693,95.605194,96.21789321789322,91.7088023088023,5.839134199134199,17.057835497835498,2205.689754689755,0.0115899029038574,18.144879284815115,-6.865454376201481,-14.276363380550332,28.80211124039797,4.896360901754135,-133.40072957877834,-5.2189567133839185,0.008020307,0.006633793367674933
543475,"Lyles, Jordan",FF,2023,713,94.295235,94.70350631136046,91.21921458625526,6.293183730715287,16.344403927068722,2248.5652173913045,0.011914724478394968,17.622393471590325,-7.322983731067264,-15.191401987261992,27.463321869041327,5.3833823428556915,-132.71586371922194,-5.0066036555863835,0.010293804,0.009205260725617382
543475,"Lyles, Jordan",ST,2022,494,106.05931,106.39271255060729,79.85404858299596,-16.934574898785424,-1.440242914979757,2640.864372469636,-0.014102917440693197,17.3315851569178,12.22380354007984,-33.08751225192933,23.156586841966824,2.4702872247480157,-116.24850819138456,-1.8478683056885368,-0.0118039865,-0.012384541639941309
543475,"Lyles, Jordan",ST,2023,537,104.082306,104.12104283054003,80.31396648044692,-13.973854748603353,1.3313966480446928,2522.5270018621973,0.015587375331367665,14.386144074023006,10.114028090931043,-30.948900987503855,22.30266849210307,2.853607276718669,-116.94223795012269,-2.1057246461774732,-0.007744086,-0.007729927126313205
543518,"McGough, Scott",FF,2023,447,97.28725,96.48702460850112,93.53355704697987,8.593288590604027,18.164563758389264,2332.6241610738257,-0.00046108511440341347,20.18093597759655,-10.166007757832574,-12.188599039606101,30.22566410046103,5.811548858810725,-135.96525524539354,-6.356479404379752,0.004655125,0.005955863661952013
543521,"McHugh, Collin",ST,2023,415,104.74121,105.55397590361446,79.95734939759036,-15.826120481927711,-0.4773975903614458,2756.15421686747,-0.000607602670901909,16.082189095499242,11.264428688009025,-32.55592036830358,22.314821735808337,3.5582978722182674,-116.40589844362124,-0.9391776396672626,-0.009140018,-0.01072453159556072
543606,"Odorizzi, Jake",FF,2022,780,97.14987,97.25871794871796,92.04628205128206,9.737692307692308,17.33353846153846,2152.3064102564103,0.008179868600231722,20.01243722723497,-10.71295150049161,-14.025029176064951,29.58332066186742,4.351887540980995,-133.92057156466126,-4.545028642333019,0.0050573517,0.004693493945476417
543766,"Shaw, Bryan",FC,2022,585,95.81333,95.5702564102564,93.03008547008547,-4.431384615384616,8.704205128205128,2413.4444444444443,0.01757147718808527,10.079870334090213,3.2578341182009654,-22.289114483522,26.96972566011576,6.452104949055036,-135.37551702050908,-4.943077272355887,0.0061239614,0.006278448705214079
543859,"Tonkin, Michael",FF,2023,623,97.711716,97.55842696629213,93.48571428571428,12.40776886035313,10.878780096308187,2298.5441412520063,0.003767248489831683,16.623657624519726,-15.218858893401995,-20.55746745620185,28.395920607285056,11.501457262395318,-135.69093408981956,-2.611208634083549,0.0038573612,0.0040012081461557915
544150,"Suárez, Albert",FC,2024,405,98.37482,98.59382716049383,86.29037037037037,-2.6533333333333333,7.923555555555556,2198.0296296296297,-0.003630218244710801,8.815851842989819,1.4116019841992475,-24.453149546155036,24.42204101619136,4.674865106246824,-125.58080603450847,-4.539560176428838,0.0022631425,0.001840775788992425
544150,"Suárez, Albert",FF,2024,1067,98.85361,99.34358013120901,94.7987816307404,6.9858669165885665,16.407947516401123,2385.187441424555,-0.0035661239158891354,18.0529541026126,-8.575264228757888,-13.679332258988337,31.074204264005342,5.067758387402845,-137.87778683764515,-5.605317871851729,0.0017165742,0.0007683027005445917
547179,"Lorenzen, Michael",FF,2023,604,97.39421,97.03377483443708,94.21274834437087,11.838079470198675,15.985827814569538,2449.114238410596,-0.009808856811545502,19.975282985293482,-13.798849735893114,-14.46652718488195,30.85399822790726,6.194425997793448,-136.98267908148193,-5.106989543290704,0.0044535976,0.004956545254241245
548389,"Stripling, Ross",CH,2022,457,104.55624,104.01269146608315,82.56367614879649,10.902669584245075,10.483063457330417,1681.8927789934355,-0.027726845676459153,15.313932478397165,-9.392711522128554,-22.568809718835176,23.19823290920865,3.069311086257218,-120.06879773223159,-6.934014376131763,-0.008505707,-0.0069385790999448695
548389,"Stripling, Ross",FF,2022,529,97.22458,97.33856332703213,92.06767485822307,5.370510396975425,19.040756143667295,2133.289224952741,-0.0015869896608838245,19.887545185705328,-6.095709929114084,-11.674623918396861,29.807880219464145,3.2443018688438654,-133.8560006109306,-7.509848813794654,0.004908811,0.004545139110124103
554430,"Wheeler, Zack",FC,2022,477,101.90335,102.07882599580712,90.66310272536688,-2.3871698113207547,6.342138364779874,2455.3752620545074,-0.01155446957043078,7.510877978270168,1.1888309213352022,-25.39914825364872,26.633725793337977,5.502852581860102,-131.97437583016878,-3.5810121010649554,-0.0034766628,-0.003615977293352304
554430,"Wheeler, Zack",FF,2022,756,101.19392,101.4308201058201,95.87857142857142,9.103968253968254,16.186349206349206,2393.0820105820108,-0.006616588840099285,18.692403568021845,-11.26688379053104,-13.650684967330445,31.407034485841997,6.081724595297183,-139.4479714719162,-4.948233736454923,-0.0027094083,-0.0030899582385477044
554430,"Wheeler, Zack",FF,2023,1021,101.700584,101.83780607247796,95.76523016650343,6.267619980411361,15.237179236043096,2485.9069539666993,-0.0023824890169200624,16.6529366141678,-8.304922448036557,-14.89067112436188,30.60839510523441,6.807643090928316,-139.29437086413105,-4.101227398172003,-0.0036594514,-0.003805707749422049
554430,"Wheeler, Zack",FF,2024,1068,100.74579,100.70458801498127,95.26067415730337,9.655842696629215,14.669101123595507,2429.025280898876,-0.006989842004108888,17.68615403908948,-12.011641544501492,-15.895570535132205,30.6086446298615,7.44607513368152,-138.53412542074852,-3.2086193558566247,-0.0018311457,-0.0017195076330975803
554430,"Wheeler, Zack",FF,2025,810,104.132965,104.41962962962963,96.04135802469136,10.128592592592593,14.671407407407408,2469.832098765432,-0.009073618167272254,17.964386962224378,-12.815642202006524,-15.743833851739511,32.72045542861439,7.6588376489170535,-139.61857283040388,-2.9411654397193425,-0.008128292,-0.008440658390158914
554430,"Wheeler, Zack",SI,2024,483,99.500824,99.37660455486542,94.62422360248448,17.231801242236024,6.728198757763975,2271.7308488612834,-0.01778679023093498,18.600006569226426,-19.91506633530543,-24.636657924155852,30.656077812652768,7.562316180722883,-137.5788471402005,-2.757900267572377,0.00037104773,0.0005670009092278497
554431,"Matzek, Tyler",FF,2022,439,97.03804,96.58268792710707,94.02141230068338,-3.7312072892938497,17.380592255125286,2444.004555808656,-0.009509135942878905,17.89199335829791,5.065166490096192,-12.784354495933046,29.477645591300572,-5.356309055574467,-136.73197757197863,-6.362100894730415,0.0052624596,0.005957269441526014
570632,"Ureña, José",SI,2022,713,97.57685,97.45077138849929,95.63422159887797,14.229340813464237,7.167012622720898,2194.2145862552593,0.01652901754698114,16.024828558648977,-16.83357524004463,-23.406703601078473,28.50652410711086,6.489714333783847,-139.1353253587403,-5.476358416335757,0.004226067,0.004313860199314072
570632,"Ureña, José",SI,2024,492,99.05407,98.4479674796748,96.04878048780488,16.724878048780486,8.173658536585366,2141.308943089431,-0.01020748974043504,18.776137680328514,-20.563211345066602,-22.38081265537867,30.922674662495087,10.654856694110892,-139.42247114620756,-4.720220890595029,0.0012426275,0.002307824172387774
570632,"Ureña, José",SL,2024,446,99.23206,98.74215246636771,86.99887892376681,2.49067264573991,8.44304932735426,2288.3699551569507,-0.006434130520467284,9.698701759922088,-3.967636149864362,-23.998043262404938,24.33738793763144,8.755943762383156,-126.42511922190967,-3.953826064670314,0.0022238859,0.003143312843821701
570666,"Cessa, Luis",SL,2022,426,104.32817,104.49882629107981,82.83098591549296,-5.483380281690141,-4.523943661971831,2528.950704225352,-0.007553488159909007,7.417996460143994,4.049171422444632,-35.57374033219729,22.08585921128878,2.393117992000909,-120.67163410185105,-2.705289929461953,-0.008528185,-0.008601763640737973
571510,"Boyd, Matthew",FF,2023,425,97.34282,97.51835294117647,91.38117647058823,-11.055247058823529,14.885364705882353,2506.348235294118,0.011241771965143229,18.680088351944317,12.475360700975353,-17.099817929399684,28.08835499435611,-7.310595725758713,-132.89504230420906,-2.6255015984605294,0.00454788,0.004074769171314049
571510,"Boyd, Matthew",FF,2025,677,100.568535,100.11033973412111,93.38109305760709,-13.436100443131462,13.110310192023634,2325.0576070901034,0.0012996519013990086,18.860809698576112,15.61754157907895,-18.123845246215023,30.091820136839686,-8.040730985655442,-135.72800258440128,-3.369501260308534,-0.0014333131,-0.0005593801915914423
571578,"Corbin, Patrick",FC,2024,424,97.58702,97.77924528301887,85.80117924528301,2.124056603773585,4.688207547169811,2294.872641509434,-0.004100868795737088,5.751688907263345,-0.5635047774883388,-27.466475793358843,23.749887012048436,-6.607478906998897,-124.82646273341074,-3.7620571520983743,0.0035283563,0.003104815476464717
571578,"Corbin, Patrick",FC,2025,447,97.01208,96.87807606263982,87.24921700223715,1.072751677852349,6.401610738255034,2316.6174496644294,-0.007018043931745712,6.694264235728369,0.5722185353782604,-25.81683085772426,25.812109943638678,-7.483196023454581,-126.85011168790612,-3.7734552599585123,0.0043590376,0.004443382582482583
571578,"Corbin, Patrick",SI,2022,747,98.73561,98.52061579651941,92.76291834002677,-13.866666666666665,11.94281124497992,2067.182061579652,0.020345055300239893,18.438220875820846,15.710502943625894,-18.851939839135387,29.450200883259146,-7.420552665718551,-134.7761235650826,-6.266742143082904,0.0019162898,0.0022533504958490687
571578,"Corbin, Patrick",SI,2023,612,97.67222,97.14820261437907,92.02630718954248,-14.732745098039217,10.506862745098038,2037.812091503268,0.019086838040844375,18.201596646298484,16.479625514985184,-20.551131778604727,28.567839828606886,-8.199597716586982,-133.67656799529667,-6.007485918390659,0.0039262427,0.004762411341231398
571578,"Corbin, Patrick",SI,2024,681,94.94156,94.57312775330396,91.39647577092511,-14.145022026431718,10.844405286343612,2088.458149779736,0.01680287629534218,17.95952217656103,15.609930523183884,-20.35970739551727,28.24547359854854,-7.813312337823489,-132.78101631445975,-5.995044879320829,0.009231896,0.009561977820886379
571578,"Corbin, Patrick",SI,2025,571,95.50719,95.2183887915937,91.37810858143608,-15.045814360770578,11.09001751313485,2083.6690017513133,-0.005895380834993578,18.820170898736958,16.816085121979565,-20.275061101808216,30.21442695345654,-9.14346667876678,-132.62552157993053,-5.329279787417579,0.00822909,0.008450382499044392
571578,"Corbin, Patrick",SL,2022,520,102.71615,103.86788461538463,81.94403846153847,3.0724615384615386,1.3756153846153847,2188.525,0.026400410453286845,3.8498950565745216,-1.3568053044847497,-30.362963044637183,22.005192434479532,-5.863820366388963,-119.19835446456679,-4.77538001537705,-0.005165928,-0.00732265675516524
571578,"Corbin, Patrick",SL,2023,547,101.686104,102.98153564899452,80.38994515539306,2.4982815356489945,0.12307129798903109,2139.2303473491775,0.00732188176764378,3.15266885609349,-0.9049135028454784,-31.50260004258116,21.042778217447104,-5.60441703704497,-116.96682263440228,-4.062859748648447,-0.0029699276,-0.005492201860958937
571578,"Corbin, Patrick",SL,2024,694,101.89971,103.12593659942362,79.98775216138328,2.6887608069164264,0.35878962536023057,2197.8184438040344,0.0024937073191905364,3.2906670519833834,-0.9962584589683936,-31.360795269321102,21.03566790077391,-5.811153338643407,-116.36896300956303,-3.882905357913003,-0.0033205322,-0.005689568138607356
571578,"Corbin, Patrick",SL,2025,628,101.57023,103.33869426751592,80.08805732484078,2.4886624203821657,0.30878980891719743,2223.415605095541,0.0012367301663138454,3.102349754498896,-0.7423701346926702,-31.36694668590127,22.183487180596998,-5.946770369077124,-116.46621058778526,-3.897272261197354,-0.002722694,-0.006278486080440273
571760,"Heaney, Andrew",CH,2023,424,100.22335,100.7933962264151,84.03938679245282,-17.584811320754717,6.006792452830189,2117.068396226415,0.004788361353400515,18.684345590306783,16.26863009534108,-27.111030369566606,24.996560337875977,-8.097867795848229,-122.08350830591569,-1.4037329818282918,2.1257749e-05,-0.001023874491254422
571760,"Heaney, Andrew",CH,2024,410,100.81293,101.36219512195122,83.69414634146341,-17.36692682926829,5.726634146341463,2101.039024390244,-0.017007880499988665,18.357469257794783,15.984541803201163,-27.356744036279583,24.724224467567392,-8.222921654162391,-121.57483027979004,-1.528544212887958,-0.0011169829,-0.0020578243607169006
571760,"Heaney, Andrew",FF,2022,727,101.471664,101.39270976616231,92.93562585969738,-14.731774415405777,14.329023383768915,2441.9724896836315,0.006604652484447861,20.610709949021878,17.21219896074326,-17.265108350139887,29.854179776372984,-10.049792990348514,-134.94362389460392,-2.370625856252024,-0.0032486396,-0.0030148326208642847
571760,"Heaney, Andrew",FF,2023,1420,101.63225,100.50471830985916,92.54697183098592,-15.742225352112676,13.875971830985916,2414.785915492958,0.0005637647064121134,21.06133859007448,18.165709124778083,-18.054552834532757,30.44122147046143,-10.28846042137329,-134.33756565566088,-1.6507174897569463,-0.0035297484,-0.0013751167721948196
571760,"Heaney, Andrew",FF,2024,1247,96.881714,96.1598235765838,91.5364073777065,-15.619919807538093,13.904603047313554,2401.207698476343,0.005477064738454129,20.983621433737568,17.699756628723357,-18.268381730687995,29.87045173768943,-10.386461438823922,-132.848713280157,-1.9492242187676825,0.005418873,0.00658459722987957
571760,"Heaney, Andrew",FF,2025,695,94.736694,94.32604316546764,90.06705035971223,-16.293410071942446,12.722762589928058,2377.125179856115,0.01804822615944704,20.763418176726777,17.775915972053657,-20.03978409716208,29.016667448983103,-10.244843635024187,-130.71683549016242,-1.0963863295832945,0.009514177,0.010014033356180127
571760,"Heaney, Andrew",SL,2023,606,101.099174,101.43432343234323,81.99026402640264,5.8120792079207915,0.022772277227722775,2530.9521452145214,0.005179517993513132,6.805363813312608,-3.1429934054491357,-32.17567988429735,23.8182461735551,-6.890786432079853,-119.20657398073543,-0.7563546480568929,-0.0017360327,-0.0023577426221621203
571760,"Heaney, Andrew",SL,2024,694,101.29827,101.78703170028818,82.40158501440922,2.453083573487032,0.9414985590778098,2515.1772334293946,-0.00039706288093632107,4.181954181548696,-0.5164534913351849,-31.31302946051511,23.05053477242318,-7.4320074040559,-119.8094711164746,-1.3465800172502556,-0.0020665382,-0.0029902265490349017
571800,"Hutchison, Drew",FF,2022,628,94.84347,94.04028662420383,92.41178343949045,3.7807643312101913,16.75356687898089,2249.816878980892,0.025823477202457017,17.345482999228405,-5.230196606203267,-14.183140570276695,28.139919326891647,6.715480309148693,-134.35554612390138,-5.7908873600987345,0.009478088,0.010698020231595266
571800,"Hutchison, Drew",SL,2022,580,102.32069,103.29862068965517,86.03344827586207,-4.565379310344828,-0.0953793103448276,2577.634482758621,-0.009146420954807489,5.203203226771994,2.7801284875131898,-31.709167319212455,23.46764675838467,6.6369222555365415,-125.18686373923448,-3.7373007432077925,-0.0043334146,-0.006166948110308456
571927,"Matz, Steven",SI,2023,746,97.558846,97.07828418230562,94.14973190348525,-14.73828418230563,11.450348525469169,2223.3123324396784,-0.0030758633412065364,18.781712306204934,17.072724737194065,-19.610792282234733,29.314428247899134,-7.460615777601073,-136.91687214564874,-3.351989767794222,0.0041546226,0.004893097678931754
571927,"Matz, Steven",SI,2025,539,100.18386,99.50909090909092,94.47569573283859,-15.044526901669759,11.245936920222634,2247.6753246753246,-0.005267543955843988,18.90508394287945,17.59419663475666,-19.62451265385314,30.54587884954563,-7.7725916545329685,-137.33537040712287,-3.9507972872788386,-0.0008577925,0.0004046728664266212
571945,"Mikolas, Miles",CU,2022,510,102.81098,102.32058823529412,76.14490196078431,-8.72329411764706,-15.264470588235294,2553.943137254902,-0.013111439777501907,17.74190898120555,5.2535347870993805,-42.73566948805277,22.048967974698456,3.403135173490743,-110.76871938155193,-0.29724784416832617,-0.005208081,-0.004209741813904421
571945,"Mikolas, Miles",CU,2023,497,102.29638,101.70543259557344,75.87243460764587,-7.868329979879276,-14.911146881287726,2496.3460764587526,-0.007459837667435676,16.973050296657487,4.677825768500289,-42.39759558047175,21.28276826849448,3.3737967755669476,-110.39911222541315,-0.5202784513272629,-0.004091142,-0.0029133344887949855
571945,"Mikolas, Miles",FF,2022,662,95.87673,95.74169184290031,93.5595166163142,4.845679758308157,15.07105740181269,2293.143504531722,-0.0050398917305775415,15.945824868841187,-6.383700425281595,-15.255651478435533,29.00260826894871,6.411914354847657,-136.00151749506074,-6.923864879444142,0.007495166,0.007528753508280729
571945,"Mikolas, Miles",FF,2023,644,94.97453,94.76552795031056,93.27903726708074,5.569937888198758,14.990310559006211,2275.3167701863354,0.01833188502991462,16.113431594640762,-7.134046073856182,-15.463008396765934,28.246772942855944,6.6314038367218755,-135.60953264399694,-6.753772199057623,0.009010748,0.009092458896227382
571945,"Mikolas, Miles",FF,2024,607,95.9486,95.34629324546951,93.16260296540362,6.306029654036244,13.854761120263591,2248.6210873146624,0.0007066319391964498,15.396859465401954,-8.165704291090565,-16.827754852262856,28.168632927387435,8.079906972520243,-135.38327135891086,-6.016544728228777,0.0071707517,0.008074396281847293
571945,"Mikolas, Miles",FF,2025,486,94.11831,94.1954732510288,92.85967078189302,8.063703703703704,14.764691358024692,2221.4218106995886,0.024377776066348278,16.982994230381387,-9.796109210893194,-15.892782329616628,29.0381880673886,7.270962666640864,-134.93745495968938,-6.528046947827566,0.010674243,0.010255896503947771
571945,"Mikolas, Miles",SI,2022,536,95.33732,95.32779850746267,92.94328358208955,13.38358208955224,12.402985074626866,2233.8619402985073,-0.008161206975618283,18.424414485831402,-15.301779265083873,-18.273589372822226,29.416850926329154,7.64436935866154,-135.0141087931571,-6.540531284406964,0.008690526,0.008414943523548
571945,"Mikolas, Miles",SI,2023,592,94.416214,94.27128378378379,92.70760135135136,13.93722972972973,11.077905405405405,2196.0489864864867,0.01680192208660073,17.955121795701835,-15.806220259778257,-19.745505134503095,28.49688852803632,7.773948786422727,-134.70797714417375,-6.2323847148169005,0.010297742,0.010187580827718385
571945,"Mikolas, Miles",SI,2024,494,95.65324,95.0408906882591,92.45121457489878,14.17919028340081,9.581538461538461,2148.7591093117408,-0.006749129900055853,17.33873986447572,-16.21932086587165,-21.522192356400414,28.640002933799472,8.973999788116611,-134.27459353753125,-5.3093748882416065,0.007845041,0.008687899884647642
571945,"Mikolas, Miles",SL,2022,637,102.8212,102.71459968602825,87.71742543171115,-3.8675039246467815,4.3746310832025115,2381.8697017268446,-0.006214441186962761,6.273152024822543,2.3274334158217096,-27.261588604004473,24.466912076226905,6.317263913003609,-127.6084830089501,-5.487424119738213,-0.005376192,-0.00498352362336528
571945,"Mikolas, Miles",SL,2023,622,102.70691,102.60659163987138,86.40562700964631,-3.7433440514469454,2.9982636655948554,2338.088424437299,-0.0061372185837275115,5.574596676306838,2.2211796375546813,-28.649941916333066,23.65012564066592,5.865212768900479,-125.72934955770465,-5.104296989980994,-0.005103153,-0.004733984464471252
571945,"Mikolas, Miles",SL,2024,495,101.65737,101.26989898989899,86.55818181818182,-3.244848484848485,3.3093333333333335,2320.9555555555557,0.01128038403895657,5.173000152231498,1.5720762969358748,-28.4161569861731,24.059463738205164,6.873721166093242,-125.8896919796916,-4.913250701014438,-0.0028207095,-0.0019455904104247362
572020,"Paxton, James",FF,2023,839,99.261375,99.21787842669845,95.30870083432657,-11.879141835518475,14.83280095351609,2212.9463647199045,0.009926896981080053,19.114815247940452,14.450130578905247,-15.083820758043707,30.37038120233028,-7.660371144918165,-138.50984451405853,-5.993946698886881,0.00093859533,0.000974171860437178
572020,"Paxton, James",FF,2024,711,93.21927,93.36652601969058,93.23206751054852,-10.423291139240506,13.779578059071731,2090.496483825598,-0.006394529233947869,17.40940679967166,12.402426873406641,-17.239469791404957,27.92927991857221,-7.951141501908033,-135.56181184607632,-4.290651970004721,0.0122986715,0.011692631310883812
572955,"Johnson, Pierce",CU,2023,461,104.85966,104.1934924078091,85.31366594360087,-9.227505422993493,-4.2793926247288505,2953.4577006507593,-0.003795089619788775,10.392504552171108,7.403567166774776,-35.5584050381967,23.286264457495918,2.986789080632732,-124.27875532320314,-2.8043748140497504,-0.009297239,-0.007945399317908258
572955,"Johnson, Pierce",CU,2024,546,106.32948,105.7478021978022,85.37490842490843,-9.747472527472528,-4.41912087912088,2978.186813186813,-0.005133096099445678,10.927543535692696,7.67309290508265,-35.618416914327284,24.243670369186855,3.8145662901333792,-124.3200718375322,-2.9581133976778218,-0.012300657,-0.01109030609763091
572955,"Johnson, Pierce",CU,2025,484,105.94153,104.99380165289256,85.87830578512397,-7.170000000000001,-4.455123966942149,2916.96694214876,-0.013325595046594812,8.768266927621795,5.630643992211564,-35.70669403303733,24.26114617459178,3.2435298481874666,-125.07003707542235,-2.9415895902514615,-0.01183397,-0.009692392691409025
572971,"Keuchel, Dallas",SI,2022,467,96.35889,95.92655246252676,87.20899357601712,-15.570449678800856,6.046766595289079,1948.4282655246252,0.03158662627810016,16.810359690816483,15.075905504146842,-25.954225101955576,25.801760745298687,-5.247579672593544,-126.85649077054032,-4.776942563034572,0.0066561094,0.007255385162817423
573186,"Stroman, Marcus",FC,2024,415,96.2,96.3055421686747,88.11084337349398,-0.971855421686747,5.642602409638553,2531.103614457831,0.0002479192164053002,6.36201175567957,0.18964169171169204,-26.859790297838924,25.170063908000504,3.519625958751906,-128.34050926536537,-1.3648830844295805,0.005767488,0.005391488362449203
573186,"Stroman, Marcus",SI,2022,614,97.934685,97.23045602605863,92.0184039087948,9.12840390879479,3.25700325732899,2266.85342019544,-0.009475120881527915,10.084159854350675,-10.047897180520463,-28.59745782645179,26.94907002711526,4.083125926617105,-134.03179984923122,-2.419374652931559,0.0035112537,0.004740325632908637
573186,"Stroman, Marcus",SI,2023,894,97.463646,97.05324384787473,91.43803131991052,10.846442953020134,2.6859060402684563,2284.2136465324384,0.006528446456543034,11.433065991125506,-11.57226959694967,-29.089324467363923,26.09386811693619,3.76879436792019,-133.19950731591766,-3.0012652641115642,0.004338203,0.004940785608353053
573186,"Stroman, Marcus",SI,2024,776,95.00296,95.14871134020618,90.01752577319589,9.921030927835051,3.0685051546391753,2241.2654639175257,0.008459241903807512,10.687052779149713,-10.479394500005826,-28.948386088817102,26.513309304216556,4.488531723697291,-131.07297365779752,-2.2864756389556518,0.0091100205,0.008485747940430896
573186,"Stroman, Marcus",SV,2023,449,107.034966,107.29710467706013,84.56815144766146,-13.333630289532294,0.41238307349665926,2766.902004454343,-0.008711821991785362,13.79149613362656,11.07647298919297,-31.63448334835032,24.10918706694619,1.1123067465424046,-123.19566758913,-1.896712563369725,-0.013734459,-0.01404398525780495
579328,"Kikuchi, Yusei",CU,2024,472,102.92331,102.6582627118644,82.40550847457628,4.717627118644067,-4.666525423728813,2467.601694915254,-0.00709149972792349,6.954209112348551,-3.0205993015951322,-35.84416633554432,23.087825456361735,-3.884037605288261,-119.97479217023232,-1.2877658379734787,-0.0053758253,-0.004832077837613511
579328,"Kikuchi, Yusei",FF,2022,795,95.69723,95.72477987421384,94.93207547169811,-11.399849056603772,17.199698113207546,2271.613836477987,0.008191710606870024,20.828205687316466,13.703824432430864,-12.929476518033029,32.817021216585346,-6.860523397392198,-137.9384179746376,-5.224587498569974,0.00783651,0.007553890549742251
579328,"Kikuchi, Yusei",FF,2023,771,98.25797,98.09520103761348,95.10337224383916,-9.844513618677043,16.441400778210117,2336.2101167315177,0.00031238919989804863,19.287232209940377,12.301472610724305,-13.822077146762242,31.79956552691073,-7.8943588364798245,-138.20005817945147,-4.403537202362396,0.0028275433,0.0030208721574416816
579328,"Kikuchi, Yusei",FF,2024,1215,100.62757,100.40683127572017,95.51703703703703,-7.858962962962963,16.874864197530865,2293.4477366255146,0.0027169815021302257,18.716590629733478,10.307804375858913,-13.188414908862876,32.0403027132726,-8.038235199896006,-138.80440308207713,-4.4699178854453,-0.0016118404,-0.0011762252392483595
579328,"Kikuchi, Yusei",FF,2025,925,94.902054,95.26962162162161,94.80054054054054,-9.442248648648649,15.41176216216216,2180.0291891891893,-0.0012249261345220498,18.20279780647049,11.82687396256187,-15.088062556443505,31.752502943689848,-7.965109029321422,-137.7584622844472,-4.170241019463086,0.009201143,0.008293877882502517
579328,"Kikuchi, Yusei",SL,2022,502,103.460365,103.21235059760956,86.86633466135459,3.1140239043824702,2.5991235059760958,2350.703187250996,0.01769565127445125,5.38502203971448,-1.896973575722171,-29.31654821841528,25.936188944238307,-4.301380594534949,-126.43488290087073,-3.0859231107864753,-0.0067197112,-0.005993244196749274
579328,"Kikuchi, Yusei",SL,2023,481,104.63805,104.2112266112266,88.63409563409563,2.605821205821206,3.184864864864865,2426.4220374220376,-0.031081268080606007,5.256382437131406,-1.191006852996433,-28.682215844748296,26.70565280686396,-5.798029872026605,-128.96786312316303,-3.207973609285817,-0.009137829,-0.007980715851674139
579328,"Kikuchi, Yusei",SL,2024,606,103.45479,103.34554455445544,88.31138613861386,2.7071287128712873,3.2841584158415844,2396.7128712871286,-0.0014335551906575086,4.8829510084468115,-1.2093598377837051,-28.63629047320771,26.68536387825076,-6.142409135531422,-128.4715396171998,-3.229366227060954,-0.0065491297,-0.0061350568447206795
579328,"Kikuchi, Yusei",SL,2025,885,101.666214,101.64926553672316,87.0658757062147,2.9537627118644068,3.985627118644068,2282.517514124294,0.012013678542311265,5.998342999213839,-1.4304727393585088,-28.302118185280204,26.012609880279026,-5.824447658628192,-126.68083996587521,-2.1310607929264864,-0.0029273068,-0.0028077746486384614
592332,"Gausman, Kevin",FF,2022,898,98.80067,98.37728285077951,94.86347438752783,10.518307349665925,17.395055679287307,2256.969933184855,0.0076271331272368,20.441252840950696,-12.874472549195344,-12.422164114800744,31.895221435543252,7.465210396990743,-137.79926921139327,-6.557413052677048,0.0018867955,0.002606897455928704
592332,"Gausman, Kevin",FF,2023,1305,97.003525,96.81249042145595,94.52957854406131,10.47687356321839,16.795954022988507,2270.7977011494254,0.0013030674311437815,19.883633516861515,-12.76292683394639,-13.210334273451085,31.081487789183555,7.581227221040866,-137.32730179023469,-6.4142874807241235,0.0051906756,0.005360778516170519
592332,"Gausman, Kevin",FF,2024,1100,96.777084,96.48263636363636,93.87890909090909,10.731163636363638,17.069563636363636,2278.620909090909,0.005513795894404958,20.279660883691054,-12.936384271494815,-13.326133835029916,30.798346285969913,7.865488991656573,-136.38075790614744,-5.783917462103865,0.0056191697,0.005998446865417821
592332,"Gausman, Kevin",FF,2025,1118,97.50438,97.41457960644007,94.51189624329159,11.083899821109123,16.840143112701252,2265.824686940966,-0.0011941539496545949,20.263406415912705,-13.501035141121559,-13.234210787009204,32.03911589426996,8.011238628851043,-137.25602583153403,-6.2293014060119685,0.0043190443,0.004369429084417688
592332,"Gausman, Kevin",FS,2022,692,106.56127,106.91026011560693,85.14884393063583,15.272427745664741,4.73271676300578,1573.4797687861271,-0.027736083664544286,16.319762046820735,-14.556703779172713,-27.322527065662513,25.740216714213044,7.358414760637009,-123.69770584019243,-4.780212133836486,-0.01460458,-0.014765277852380269
592332,"Gausman, Kevin",FS,2023,955,106.217804,106.9413612565445,86.27654450261781,16.27551832460733,4.8654659685863875,1783.6240837696334,-0.009040740780243322,17.145189518836176,-15.918209695570473,-27.104467156560325,25.00333516575431,7.994153993457644,-125.34431492302375,-4.834472911988427,-0.014051441,-0.015100115616632772
592332,"Gausman, Kevin",FS,2024,698,105.41189,106.03280802292262,85.8253581661891,16.110945558739257,6.17054441260745,1778.8381088825215,-0.011870502548641504,17.561444965842455,-15.600410449096888,-26.061525778042746,25.108299949676304,7.859575281768802,-124.6889976986488,-4.660445610221133,-0.01162264,-0.012628898816016657
592332,"Gausman, Kevin",FS,2025,736,104.28926,104.83016304347827,85.1047554347826,15.72163043478261,4.868967391304348,1725.3070652173913,-0.018320472710692287,16.83616531724741,-15.12664140313751,-27.302091248140428,25.2901111236124,8.33035013534356,-123.58934478705036,-4.287179895550858,-0.009113672,-0.010043722158993115
592351,"Gray, Jon",FF,2022,669,96.83588,97.0103139013453,95.91808669656203,10.909417040358743,12.80591928251121,2008.5710014947683,0.007436606080264309,17.07204847192174,-13.561726525614676,-17.471079620108135,31.838248866149158,7.5244933753923755,-139.43509086460534,-4.271967648471701,0.0056523746,0.005161013341703789
592351,"Gray, Jon",FF,2023,841,95.487755,95.87158145065398,95.72390011890607,9.995814506539833,13.153769322235433,2018.4042806183115,0.03063121278851276,16.7186415009258,-12.43440907531502,-17.138762233867,31.21929879881555,7.132678161260321,-139.19058853185166,-4.32189517123865,0.008043322,0.007078658432813812
592351,"Gray, Jon",FF,2024,505,92.48296,92.94336633663367,94.83326732673268,10.281029702970297,13.415524752475248,2040.1524752475248,0.005442021902608974,17.100149417569405,-12.359666667528556,-17.09851329673532,30.93202410980396,6.419134242413282,-137.91362879157106,-4.466119713616995,0.013680242,0.01246276861586716
592351,"Gray, Jon",SL,2023,654,103.102295,103.0922018348624,88.06819571865444,-3.3944954128440368,3.255779816513762,2383.4250764525996,-0.02909088365474638,5.367238270737701,2.057933368375184,-28.605518121628904,25.428355056278615,5.310924267463155,-128.1809096460703,-3.6684050787466274,-0.0059292377,-0.005712853259186158
592351,"Gray, Jon",SL,2024,494,103.3755,103.50445344129554,88.52692307692308,-1.8468825910931175,5.287530364372469,2305.1012145748987,-0.00941226186097362,6.1339571298058,0.7588023072879624,-26.51097588116616,25.768408309976255,4.753532473730147,-128.846256092516,-4.612803816881929,-0.006390727,-0.006447853173851591
592351,"Gray, Jon",ST,2022,461,104.403694,104.36832971800435,84.77722342733189,-10.60815618221258,5.1613015184381785,2472.2516268980476,0.006475344160332691,12.43802007385623,8.214115927695891,-27.264786909710367,25.31470043140903,3.7509348103769145,-123.38582902994881,-3.5148920557501255,-0.008321387,-0.0081767333706382
592454,"Kahnle, Tommy",CH,2025,643,100.62519,101.29393468118197,86.68398133748056,11.667433903576983,0.9823950233281494,1276.3670295489892,-0.008997717789438829,11.937989236732857,-11.785113968000543,-30.99780376370056,24.868673462323823,7.076079346581091,-126.06703726828077,-2.4662299141547366,-0.0006703362,-0.0019085642005856175
592662,"Ray, Robbie",FF,2022,1021,97.44397,97.21390793339862,93.41018609206661,-6.6666405484818805,18.156199804113612,2283.3457394711068,-0.0067098457939916405,19.44684113252245,8.692132628697832,-12.402309395905807,29.87563493809343,-8.248789165016888,-135.7039595188017,-5.666006880773483,0.004487474,0.0047801105087733236
592662,"Ray, Robbie",FF,2025,1033,98.28102,98.91461761858665,93.65217812197483,-8.216805421103581,17.96515004840271,2364.377541142304,-0.006774632132969887,19.85833058324309,10.227927358829266,-12.544523225738438,29.98024457223973,-7.833188345275503,-136.08908825247207,-5.467824285004082,0.002861815,0.0016254511198477146
592662,"Ray, Robbie",SI,2022,538,96.00967,96.05055762081784,93.37862453531598,-15.379405204460967,12.713531598513011,2195.146840148699,0.012537410466021713,20.031624008901705,17.502538064544247,-18.002145381572223,29.33166835347621,-7.626434167294115,-135.70104347323564,-5.688379206557089,0.007350898,0.0070157132560961
592662,"Ray, Robbie",SL,2022,927,101.22384,101.25922330097087,87.18673139158577,1.560906148867314,7.673398058252427,2192.457389428263,-0.009858728031308758,8.18108038188628,-0.08036696612056171,-24.237223853041677,23.90506910622568,-6.95885514282055,-126.76905981572521,-5.993477548924085,-0.0020452912,-0.0020337778150144523
592662,"Ray, Robbie",SL,2025,444,99.80811,99.27815315315316,88.03265765765765,-0.49648648648648647,9.245135135135136,2274.6666666666665,-0.0009909858921667756,9.523618185592381,1.8580380837780859,-22.706035725328757,23.83359521813707,-7.4936119724309345,-127.99364412007341,-5.818823989042712,0.0010151708,0.002069418707053757
592716,"Sampson, Adrian",FF,2022,479,98.54405,98.08225469728602,92.42004175365344,10.205260960334028,14.677077244258872,2074.5511482254697,-0.0026390229148506293,18.04854544956664,-12.20904243589252,-16.68454293429751,28.71947713666426,8.940175739405278,-134.27806481121723,-3.9834490839548473,0.0023796037,0.0031576124695105283
592716,"Sampson, Adrian",SI,2022,478,96.12217,95.79435146443514,91.91778242677823,14.338995815899581,11.086443514644351,2004.4811715481171,-0.014060673213078035,18.269575718935393,-16.13788226038534,-20.240871975420287,28.380634296400817,8.577421542769155,-133.54258914464015,-4.835152235324185,0.0071278443,0.007513104721976014
592761,"Smith, Caleb",FF,2022,450,98.27289,98.64333333333333,91.89444444444445,-10.973066666666666,18.733600000000003,2426.5777777777776,0.01396194720024285,21.818459217111354,12.249056545438227,-12.441925531107785,31.19173110370177,-5.926078719613338,-133.52837450599762,-5.903532290809687,0.0029000547,0.0021100762613027657
592767,"Smyly, Drew",KC,2022,711,102.52743,102.88959212376933,78.69057665260198,-2.6351054852320672,-0.02413502109704642,2118.1786216596342,-0.016378899051225432,3.4072615734888907,2.8019313957667524,-31.771968771365106,20.85090870676512,-4.710677397115265,-114.51049282548486,-3.4284347556228334,-0.0045054653,-0.005151600810742512
592767,"Smyly, Drew",KC,2023,1011,101.884865,102.46132542037586,78.58090999010881,-3.1532344213649854,-2.1362611275964394,2117.5865479723047,0.0029885407254775682,4.305800956710977,3.08323202047266,-33.42194029716399,20.58452851554502,-4.2853856314877214,-114.3862578248774,-2.9195226971397275,-0.0031809635,-0.004242412766405419
592767,"Smyly, Drew",SI,2022,592,96.18936,95.92820945945945,92.54679054054054,-7.934594594594595,17.153513513513513,2156.7179054054054,0.006684733171611852,18.99741962160913,9.376609790560758,-13.651318309921763,28.469881528021823,-6.260698848667536,-134.56177571411078,-6.127299994001149,0.006991681,0.00725400762163046
592767,"Smyly, Drew",SI,2023,784,93.07117,93.05280612244897,91.87780612244897,-8.322091836734694,16.34755102040816,2054.5727040816328,0.01733562531927868,18.489555849560663,9.663151623364758,-14.78469577512461,28.25469120768909,-6.380291088967214,-133.57725127374692,-5.870295676080001,0.012929858,0.012480187148336059
592773,"Stanek, Ryne",FF,2022,402,103.01119,102.89203980099502,98.35522388059702,10.262388059701491,17.61074626865672,2303.228855721393,-0.027842382485628713,20.50600921777648,-12.569370605414322,-10.483202783561701,34.64500474667742,3.6907823978628076,-142.98329538419313,-7.569779214522589,-0.006192509,-0.005812511617633035
592773,"Stanek, Ryne",FF,2024,443,99.46478,99.33611738148984,97.7668171557562,9.332099322799097,17.89056433408578,2327.23927765237,0.012275297743930045,20.313198852724994,-11.444276544833912,-10.416253106526147,33.23962733233315,4.023705955210485,-142.1423616007153,-7.522872583029459,0.0005676072,0.000784716595066752
592773,"Stanek, Ryne",FF,2025,457,105.32123,104.89124726477024,98.50109409190372,8.610065645514224,18.4655579868709,2354.0831509846826,0.007168634772980155,20.477920895703896,-10.560839066841197,-9.340882286049567,34.85528231541855,3.01355774454831,-143.18488592959864,-8.072107414876905,-0.010348731,-0.009304338938087069
592789,"Syndergaard, Noah",SI,2022,457,97.78709,97.47221006564553,93.60240700218819,13.87457330415755,10.68183807439825,2131.124726477024,-0.010581624926625705,17.64254425990292,-15.294218541153713,-19.923252523712414,30.550467925268592,4.202451238260465,-136.143279584739,-6.156458838224214,0.0038048425,0.004271928231802258
592791,"Taillon, Jameson",FC,2023,429,96.50163,96.73100233100233,88.61958041958043,-4.109090909090909,11.500419580419582,2544.7599067599067,0.013878067642389889,12.569290915936401,3.1466031157651995,-20.60006627599947,24.707739851923535,3.513364054186637,-129.0504727185945,-4.921788970883855,0.0053697703,0.004822303365132666
592791,"Taillon, Jameson",FC,2024,524,97.12042,97.65248091603054,86.52080152671756,-5.585038167938931,7.99236641221374,2527.9847328244273,-0.014012552192962517,10.124401529184537,4.480929146847154,-24.349906354567835,23.39137748739618,2.707412598009502,-126.0320129309284,-4.603240776799235,0.0042867437,0.0032995353773372055
592791,"Taillon, Jameson",FF,2022,810,100.61926,100.85037037037037,94.0558024691358,5.774074074074074,17.742962962962963,2368.641975308642,0.0004966853439323275,18.766387813652738,-7.083966956323734,-12.517989513595964,30.603955753232782,4.691991944928931,-136.8000210313593,-5.8597333489849195,-0.0016070231,-0.002000686023040221
592791,"Taillon, Jameson",FF,2023,586,97.98157,98.28071672354949,93.66092150170648,7.665870307167236,16.94047781569966,2324.0341296928327,0.012809153344431182,18.694901457266212,-8.913688013474804,-13.618863801132468,29.538541034618344,4.355737919048472,-136.28130854222337,-5.285087298086892,0.0033510413,0.0026857470767531035
592791,"Taillon, Jameson",FF,2024,626,92.050316,92.40447284345048,92.34185303514377,6.7817252396166126,16.19079872204473,2282.156549520767,0.003075945479341471,17.655501795073583,-7.720746195398435,-14.82331372229712,28.318466248747693,4.1004791116731205,-134.37418684028444,-5.545027561760206,0.014496283,0.013452632673789402
592791,"Taillon, Jameson",FF,2025,627,93.6807,94.35948963317385,92.25007974481659,7.283253588516747,18.145071770334926,2320.6092503987243,-0.007179418206114513,19.672406984871984,-8.256188409098376,-12.931333636389397,30.214150196016682,4.189343379373544,-134.18031515664646,-5.509373150408037,0.011495197,0.009956101315174219
592791,"Taillon, Jameson",SL,2022,432,104.46134,104.73055555555555,86.14166666666667,-6.265833333333334,4.065555555555555,2556.8703703703704,-0.011764794773978359,7.922333099051209,4.844567648752604,-27.849114367005818,24.109050086415557,3.535213489683866,-125.42327200221837,-4.713776033172606,-0.008809383,-0.009067413062393954
592826,"Velasquez, Vince",FF,2022,524,96.746376,96.77213740458015,93.15343511450382,5.225954198473283,18.45480916030534,2413.456106870229,-0.003763050611129846,19.323132724440924,-6.278006761773055,-12.190321067803774,29.709729436220425,4.152379051865848,-135.52098230882834,-5.62029417269491,0.0058256933,0.005607132893781033
592836,"Walker, Taijuan",FC,2025,491,92.360695,93.14949083503055,87.06313645621181,-3.239755600814664,12.433808553971486,2431.568228105906,0.003925554084487505,13.038411911075976,2.058084615780879,-20.107746109909105,23.76943662794936,4.549029085835189,-126.73239145147477,-5.228928667788622,0.0117320735,0.010179382118917658
592836,"Walker, Taijuan",FF,2022,520,99.36903,99.57365384615385,93.78461538461538,10.044461538461539,17.320846153846155,2146.8423076923077,0.001563588495062699,20.113349077557153,-12.062578980824409,-12.918841435701895,30.916814685709916,7.377584464189522,-136.22541464629447,-6.62108351437542,0.00079025264,0.0003754736478102195
592836,"Walker, Taijuan",FS,2022,476,107.39706,107.02773109243697,88.68193277310924,10.523949579831932,1.8156302521008403,1438.0357142857142,-0.0270086421182611,10.936467126394287,-11.222194932533323,-29.52937217078397,25.334350882244205,7.010267499557716,-128.93383778095566,-5.595241296270299,-0.016606327,-0.015037138496011657
592836,"Walker, Taijuan",FS,2023,749,107.08651,106.86889185580775,88.02710280373832,12.032042723631509,2.3593057409879843,1428.283044058745,-0.011242326293294929,12.540807782050528,-12.269952291817331,-29.05262326125086,25.344273950684645,5.982912470449092,-128.01830688080292,-5.653253227664364,-0.016173135,-0.014932567553043202
592836,"Walker, Taijuan",SI,2023,555,95.49369,95.48666666666666,92.48450450450451,15.47783783783784,11.525621621621623,1966.091891891892,0.0012497096152289566,19.380865171602153,-17.13061913198789,-19.332130087983636,28.56818211430445,6.946194654818793,-134.4155682687783,-6.295515286381061,0.008189903,0.007897157443834462
592858,"Wick, Rowan",FF,2022,490,98.18898,97.82061224489796,94.85183673469388,2.904734693877551,17.762448979591838,2253.1020408163267,-0.018176918464071965,18.092940888381,-4.136217545244755,-12.22109554237385,31.67892395942796,4.583948914104139,-137.95866150599068,-5.649478848889761,0.003058063,0.0036448745258873374
592866,"Williams, Trevor",FF,2022,605,99.60826,98.51223140495868,91.30842975206612,7.007603305785125,12.936396694214876,2251.909090909091,-0.009085737163588905,14.940301177208477,-8.48077740582975,-19.07833187947727,27.462896096766535,7.421685393014053,-132.81258442664225,-2.362605444231451,0.00033356508,0.002356009964075656
592866,"Williams, Trevor",FF,2023,908,95.69835,95.62533039647577,89.77411894273128,6.511718061674009,11.364977973568282,2211.0539647577093,0.022190465844588794,13.350724958837093,-7.701722091990915,-21.102397771724384,25.578022471255284,7.281215599329222,-130.61519324616253,-1.76434864419048,0.0076480284,0.007523440918076421
592866,"Williams, Trevor",FF,2025,491,93.30346,93.33421588594705,87.68350305498981,2.2035030549898167,10.15478615071283,2218.600814663951,0.019682614158476996,10.713942056668794,-3.2003396770375168,-22.777768713092044,24.5914682416965,6.051227217903866,-127.63963273888287,-1.4585908500816536,0.012199193,0.011831727844945019
593334,"Germán, Domingo",CU,2023,640,101.1425,101.1334375,82.8809375,-0.6864375,1.9132500000000001,2672.5953125,-0.004585178995148896,2.505091690090337,-0.1889283540600251,-30.35018953272142,22.292973513305988,4.063330450112003,-120.69341999990282,-2.426429896860914,-0.0017479889,-0.0017464845272047852
593334,"Germán, Domingo",FF,2023,428,97.35514,97.2841121495327,92.28434579439252,10.248785046728973,16.225233644859813,2512.9906542056074,0.017352794488879806,19.287673551832103,-11.625957422589709,-15.169919287638201,29.879516920699402,5.977199385888423,-134.20664702969643,-4.017654709551753,0.0045262133,0.004504994762642403
593423,"Montas, Frankie",FF,2022,621,97.705956,98.15201288244766,96.08083735909823,6.330821256038647,16.852753623188406,2357.8582930756843,0.0054944524176874085,18.119963348305504,-7.938890476892641,-12.54379687881604,31.394244655772166,4.566599856891488,-139.75538640483768,-6.307838815993647,0.0039852583,0.0030301237275260832
593423,"Montas, Frankie",FF,2024,677,96.419945,96.75288035450517,95.66838995568685,4.899615952732644,15.280236336779911,2394.488921713442,0.002193888384478065,16.198133510756126,-6.1317418261562695,-14.544188469232939,30.033264215124937,3.81684182670688,-139.23693537071213,-5.608468133056004,0.0062866677,0.005501230134837024
593423,"Montas, Frankie",FS,2022,531,105.67796,106.28003766478342,86.3090395480226,12.180338983050849,3.3412429378531074,1467.0470809792844,-0.014940678272354383,12.90924706294296,-11.582774599837508,-28.37209912925846,24.280099066716286,4.1315736821133076,-125.59918398834641,-5.290167933741493,-0.012482782,-0.013313866797960603
593423,"Montas, Frankie",SI,2022,461,97.05683,96.77874186550976,95.57310195227765,15.5341431670282,11.632711496746204,2244.80694143167,-0.002388530261458844,19.506955229685843,-17.773961020159597,-18.26845984735152,31.532047566754603,4.454246760343522,-138.98805582768492,-6.807996218484954,0.0052613905,0.0056132003007360685
593576,"Neris, Héctor",FF,2023,449,96.08931,96.228285077951,93.11403118040089,8.365256124721604,17.56837416481069,2430.1781737193764,-0.01701827385040313,19.558576477977006,-9.759506718283669,-13.193848230798764,31.559787392188092,5.293026181558766,-135.37081123171777,-5.4818861960739165,0.006910593,0.006424671811010529
593958,"Rodriguez, Eduardo",FF,2022,442,93.07783,93.09638009049773,91.81085972850678,-6.845701357466064,14.458371040723982,2172.547511312217,-0.01843829122357674,16.15152997737506,8.085513366177244,-16.89779645681399,27.41065987803475,-6.034264619697583,-133.56471756836365,-4.7690209762906814,0.0128611,0.012462579058362015
593958,"Rodriguez, Eduardo",FF,2023,753,94.37079,94.2660026560425,92.16095617529881,-5.84605577689243,14.592828685258963,2162.249667994688,0.006817569765015932,15.870327191481767,6.929733956427177,-16.589645571419524,27.33229462426184,-4.952336082417757,-134.1189460441134,-5.086352548956896,0.010149077,0.010004656123726283
593958,"Rodriguez, Eduardo",FF,2025,861,94.976074,94.91010452961673,91.96399535423926,-5.483344947735191,14.817003484320558,2302.588850174216,0.010734851249765706,15.949546867680334,6.393749094839955,-16.45775936595592,27.50782414202163,-4.271250822909919,-133.84879777833055,-4.942967103717383,0.009068434,0.008950994422680719
594798,"deGrom, Jacob",FF,2025,1018,99.087524,99.71001964636542,97.50186640471512,8.933045186640472,16.512141453831042,2519.5933202357564,-0.009705514125190249,18.85629861271888,-11.441757635044883,-12.708536649445737,34.87768134433546,5.9622648652405195,-141.75065401774975,-4.975688380608007,0.0013418219,0.0001717637955350299
594798,"deGrom, Jacob",SL,2025,833,109.9623,109.49711884753903,90.36446578631454,-4.7046338535414165,2.414405762304922,2698.0060024009604,-0.007066942270691313,5.777705543848517,3.7076232501828383,-29.072009902263815,27.116723838827685,4.0573770093484605,-131.55449518827882,-4.453565622043927,-0.020527204,-0.01893223638549368
594835,"Gonzales, Marco",CH,2022,706,102.02295,102.53243626062321,79.39050991501416,-17.391501416430593,6.903229461756374,2109.2662889518415,-0.0008748444081842212,18.863328659939025,14.261849036980259,-26.89765574250646,21.962465495029733,-7.000633651289726,-115.38821606583348,-1.8622908344016467,-0.0035718433,-0.004233230838039113
594835,"Gonzales, Marco",FC,2022,454,91.19647,90.55947136563877,86.14052863436125,-2.255418502202643,11.45180616740088,2032.0154185022027,0.006652988393922518,11.879642409657963,3.303363659196236,-21.832951161770815,23.11735807776298,-7.033481386111073,-125.34704052782789,-2.0989951220562437,0.013403104,0.013890533677427677
594835,"Gonzales, Marco",FF,2022,856,95.7187,96.0642523364486,88.43551401869159,-12.196682242990654,14.699859813084112,1985.5105140186915,0.00482873278347416,19.33642040791252,12.733353018789305,-18.083233966820615,26.17426994054198,-7.141799989106938,-128.59489676895882,-3.197707415005975,0.0077996654,0.006921862361626694
594902,"Lively, Ben",FF,2024,523,92.17763,92.62600382409178,89.917017208413,8.572543021032503,15.216367112810707,1998.3747609942639,0.0031407386530064047,17.55752328192971,-9.155051852030143,-17.216070060182407,27.107573977926645,4.508559327285867,-130.88967737017956,-2.7384116115545476,0.014254192,0.013045365437594823
594902,"Lively, Ben",SI,2024,453,94.54702,95.03995584988962,90.55275938189845,13.444238410596027,11.528476821192053,1960.905077262693,0.0046439133943377816,17.79344929601876,-14.329776066843975,-20.65483895572952,26.991294095798267,6.072300486855601,-131.7689044077318,-2.4273256674225583,0.00999399,0.008690420065011034
595345,"Okert, Steven",SL,2022,464,105.22112,104.46681034482758,81.97737068965517,10.319741379310344,5.121206896551724,2481.2780172413795,-0.0034751343845662373,11.95378506270781,-6.936714329690384,-27.77429226397978,23.690444703861484,-6.085879789350105,-119.23047047393247,-2.68457743803624,-0.01039557,-0.008535428552173822
595345,"Okert, Steven",SL,2023,497,103.69537,102.73118712273642,81.87565392354124,10.299718309859156,5.160724346076459,2535.35814889336,-0.012944876590435118,12.099429868895239,-7.060044129258723,-27.815214090715195,23.21846992982754,-5.518209573090756,-119.12829018623209,-2.3942821536223797,-0.0071655484,-0.0049828788061007274
595345,"Okert, Steven",SL,2025,423,102.39598,101.80851063829788,80.77470449172576,8.133617021276596,7.110354609929078,2476.917257683215,-0.026070529958965746,11.505399207159037,-5.0063408329245425,-26.371835280103415,23.119537785774735,-6.258858112895605,-117.45773339471678,-2.690605739183797,-0.0044765957,-0.0031296969457822984
596001,"Junis, Jakob",SL,2022,671,102.081375,102.3387481371088,83.16691505216096,-13.475767511177347,0.7743666169895679,2470.6706408345754,-0.017521815463784,13.822544896994446,10.385815139664036,-31.24870580901954,24.103678019104226,3.000397186422,-121.09065903956731,-2.429983774122993,-0.0038410572,-0.00422373735756472
596001,"Junis, Jakob",SL,2023,667,102.69671,102.91574212893553,84.21364317841079,-13.101589205397302,0.2585307346326837,2464.4197901049474,-0.002698708479378013,13.474253642461495,10.258896306736535,-31.610760392596898,23.906194378687143,3.5827884378538397,-122.60848154062245,-2.6443825462562875,-0.005078718,-0.005362952839383314
596133,"Weaver, Luke",FF,2023,659,94.69757,94.77966616084977,93.93141122913505,7.64412746585736,16.007708649468892,2392.597875569044,0.010746894592756526,17.97267508765807,-9.058867606467786,-14.61301165106315,30.32857813127933,4.93054370380043,-136.6590451655276,-4.747180032993526,0.009534214,0.009072880135979539
596133,"Weaver, Luke",FF,2024,527,101.48919,101.088614800759,95.63130929791271,6.438330170777989,18.484098671726755,2456.111954459203,-0.006523059977369561,19.683509873821475,-8.303011293722488,-11.232248984702267,33.1831038062612,5.772479865037915,-139.02413075011907,-5.2574997059665325,-0.0032257498,-0.0024210502540150214
596133,"Weaver, Luke",FF,2025,458,100.23712,100.1382096069869,95.14890829694322,6.880349344978166,18.958165938864628,2438.6593886462883,0.008880595775553415,20.278118022437585,-8.67289899407919,-10.96167621405656,33.65750402223042,5.571157431234589,-138.31624862294203,-5.26249318551666,-0.0008145099,-0.0006121607503420406
596295,"Gomber, Austin",CH,2024,435,99.92965,100.19954022988506,81.09793103448276,-9.973793103448276,10.398344827586206,1662.193103448276,0.0012550290664438747,14.550221518033267,8.789567820412202,-23.336680259836015,20.516390239402554,-5.695796981657063,-117.97135766890024,-4.956986507146326,0.0006330865,0.00011968887006888683
596295,"Gomber, Austin",FF,2022,699,92.93577,93.34191702432045,90.88969957081545,-6.342145922746781,17.192103004291848,2154.5565092989987,0.037293663142727966,18.429282299922477,7.370914991323006,-14.026242082706297,25.441299228425382,-5.910090473659706,-132.1653050347321,-7.289031416080089,0.013139393,0.01200055349969985
596295,"Gomber, Austin",FF,2023,695,92.57007,93.17122302158273,90.67194244604316,-7.192748201438849,17.03948201438849,2163.274820143885,0.027705255770371636,18.584871631429326,8.097008647159003,-14.319051987406406,25.669580775869083,-5.446290974541813,-131.87279488558923,-6.94561860041255,0.013542454,0.012003811419615155
596295,"Gomber, Austin",FF,2024,845,92.14107,92.52520710059171,90.42828402366864,-7.496804733727811,16.91389349112426,2183.123076923077,0.012813706106737046,18.6197433831825,8.624796485275066,-14.53435218376515,25.764046350536603,-6.853902926330188,-131.42872455319116,-7.002580737079525,0.014323599,0.013227299861025117
596295,"Gomber, Austin",KC,2024,457,106.14814,105.63960612691467,77.58971553610503,7.701269146608315,-11.051816192560176,2553.8118161925604,-0.025420033848587483,13.71173990774866,-4.875569329907292,-39.89715767939959,20.22068446412099,-3.4395705982612306,-112.98269881790354,-1.800353426849392,-0.011751576,-0.01051856360692432
596295,"Gomber, Austin",SL,2022,421,103.88908,103.8125890736342,84.26603325415677,4.918004750593824,3.4346793349168645,2384.1092636579574,-0.013890198263047297,6.35585827931552,-3.3432637769138243,-28.51362987642092,20.868518344053648,-4.855275778936181,-122.70201434412746,-5.115077176442306,-0.0076084877,-0.007210142875891546
601713,"Pivetta, Nick",CU,2023,489,107.76442,107.35828220858895,79.29406952965236,-8.124907975460122,-17.322944785276075,2788.0327198364007,0.0006888806652114941,19.2590245970581,5.558539193230571,-44.95601672100667,24.755905839945324,1.8779424568786325,-115.3620157005537,-0.7997929346652457,-0.015196724,-0.014358630572691038
601713,"Pivetta, Nick",CU,2025,405,107.926414,106.43530864197531,78.99555555555555,-7.202962962962962,-16.416592592592593,2807.4246913580246,-0.00508419198998261,18.09920456131949,5.07120925502349,-44.240143307947996,24.16082049153436,0.8890752640555074,-114.96059691738422,-0.7784801276769118,-0.015992397,-0.012661079538150143
601713,"Pivetta, Nick",FF,2022,1154,98.33821,98.07487001733102,93.44341421143847,5.163015597920277,20.593934142114385,2314.360485268631,0.0037273685513662907,21.347629948256266,-6.374813960799262,-9.519122895747099,30.589198252225383,4.730875101134533,-135.80598292145578,-7.432676996901833,0.0027718565,0.0031751334780966704
601713,"Pivetta, Nick",FF,2023,1044,103.219154,102.82088122605364,94.56532567049808,4.100229885057471,20.11287356321839,2347.9291187739464,-0.0053566755291934555,20.63333788162438,-5.200005544668489,-9.433020437852273,31.40018719525942,3.8550233142775086,-137.47085049793972,-7.618783156857455,-0.0065197092,-0.005595561871765472
601713,"Pivetta, Nick",FF,2024,856,100.4521,100.27605140186917,93.96156542056076,4.061495327102803,19.78359813084112,2308.032710280374,0.00450725146363874,20.285299994325126,-5.187751728423213,-9.980406260713723,30.033075386121684,4.331591191784016,-136.59591184398593,-7.8933529548610855,-0.0012815241,-0.0009343126570645833
601713,"Pivetta, Nick",FF,2025,889,99.754105,99.43914510686163,93.78368953880765,2.3481664791901014,19.265601799775027,2326.9853768278963,-0.012604353485335798,19.56614546133941,-3.172326415407597,-10.719326237522381,31.236445230653356,3.195790675152733,-136.3562574176664,-7.368063667431477,9.341818e-05,0.0006665447226188162
601713,"Pivetta, Nick",KC,2022,610,102.12082,101.6495081967213,77.18245901639345,-7.863344262295082,-18.574229508196723,2714.0295081967215,0.004294779280067515,20.284527400612262,4.95244385984134,-45.3581694089221,24.158932658538156,2.2624938853946324,-112.22527997188779,0.548568213991624,-0.0036838523,-0.00268854564307917
601713,"Pivetta, Nick",ST,2024,495,107.81191,107.22565656565656,82.54525252525252,-13.478787878787879,4.133333333333334,2475.311111111111,-0.008441989153398437,14.720825283536763,10.181475719260547,-28.053386164461447,23.448220117242837,3.253814699538919,-120.13766627089406,-4.71822351454127,-0.015575462,-0.014085066761190994
605135,"Bassitt, Chris",FC,2022,416,94.1077,93.83677884615385,89.1329326923077,-2.4848076923076925,8.793173076923077,2262.391826923077,-0.006404167467344152,9.432785984444292,1.6774390951144347,-23.579796509172745,25.412005148551906,3.372555526194536,-129.8448541621711,-2.2333092268798485,0.008813792,0.008909477132929637
605135,"Bassitt, Chris",FC,2024,490,94.26633,93.85877551020408,89.65224489795918,0.17265306122448978,9.285551020408164,2237.420408163265,-0.016961264787483124,9.693256605892516,-1.1072896899261602,-23.197478365718847,26.34186846259077,4.432478017944402,-130.5500220205503,-1.394433934310774,0.00888887,0.009195003774195309
605135,"Bassitt, Chris",SI,2022,847,96.61676,96.45182998819362,92.81345926800472,16.02658795749705,9.33634002361275,2120.7355371900826,-0.00019174764997872571,18.721457379529028,-17.553621271801227,-21.96985482596483,29.96947630072349,5.61580497665431,-135.00595113567377,-4.056837574467229,0.006140805,0.006238985747252305
605135,"Bassitt, Chris",SI,2023,825,94.40775,94.40630303030302,91.77963636363636,15.92378181818182,8.6464,2090.2484848484846,-0.00943530469944891,18.32326486657042,-17.252427412272635,-22.95277397204724,29.217754985133894,6.435326037459707,-133.46267660285,-3.752457432407642,0.010313397,0.009931392888838587
605135,"Bassitt, Chris",SI,2024,1038,95.93044,95.86830443159923,92.481021194605,16.500115606936415,8.115953757225434,2101.8516377649325,0.008141047052032944,18.547178594994925,-18.20941199997671,-23.433071716062294,29.46993223648853,7.067716627016342,-134.46180238435986,-3.3706038050845564,0.0073097292,0.007138172465091905
605135,"Bassitt, Chris",SI,2025,780,96.020256,96.03807692307691,91.56833333333334,16.057846153846153,4.389384615384615,2094.0858974358976,0.0049601997748500585,16.831703254456173,-17.445548071481365,-27.49419350434124,30.472973656156842,7.0804975666100685,-133.09941611350297,-2.4570494452983316,0.0072302246,0.006909223387869721
605154,"Brebbia, John",FF,2024,404,96.98737,96.76361386138613,93.79950495049505,9.60861386138614,17.54227722772277,2284.2945544554455,-0.005980120166670809,20.10935129083129,-11.42169306747449,-13.046379428334623,30.3254710523006,6.427988946579847,-136.3913169293721,-4.880397022131278,0.0052221813,0.0054843405586574865
605154,"Brebbia, John",SL,2022,473,100.155815,100.79492600422833,83.99238900634249,-6.053530655391121,3.144608879492601,2549.2410147991545,-0.004993868349369334,7.259949041482389,4.304232877246801,-29.15370508724089,22.58099339513475,4.141101039902477,-122.32156837705874,-2.9115891656380097,0.00017785204,-0.0010939792518078915
605154,"Brebbia, John",SL,2024,421,102.105225,102.7522565320665,83.041567695962,-9.060142517814727,0.36342042755344417,2649.391923990499,0.03848095588275221,9.601101598048535,6.774288761251603,-31.453509049456507,21.897141692714744,3.6463441707481516,-120.95569503818221,-3.0620507349997124,-0.0037467605,-0.00494257524905128
605164,"Bundy, Dylan",FF,2022,647,95.58176,95.43261205564143,89.02349304482225,4.4778361669242654,19.19406491499227,2356.578052550232,0.00439687999090101,19.825403351258426,-5.218157485523413,-13.259557315716325,27.5452656409492,4.828535391731612,-129.478320248222,-5.379902165014897,0.008061135,0.008101928042537622
605182,"Clevinger, Mike",FF,2022,503,95.90279,96.1117296222664,93.56083499005963,8.468469184890656,16.976779324055666,2307.0954274353876,-0.008328716955920823,19.06943356014017,-9.987794982174114,-13.817821457652258,30.105163988777775,5.524412720277849,-136.09811459894215,-4.426374339321742,0.007447467,0.006836603234949471
605182,"Clevinger, Mike",FF,2023,856,97.05631,97.18142523364486,94.29976635514019,7.1593457943925225,17.485654205607474,2272.5093457943926,0.006484234973834456,19.014617323299262,-8.731447208902479,-12.716836447079963,30.69588266225486,5.419660251661153,-137.13646710635453,-5.663863513753143,0.0050927605,0.004691524437772249
605182,"Clevinger, Mike",SL,2023,488,102.390366,102.70983606557377,79.48975409836065,-15.389016393442624,-2.876803278688525,2361.157786885246,-0.006571835785475847,15.817331799807613,11.091772680634115,-34.28096019670652,22.416741150469264,1.9781429712129446,-115.74073985436007,-1.2401676093519864,-0.0044374936,-0.004935715080363926
605200,"Davies, Zach",CH,2022,602,102.17641,103.23073089700996,79.63737541528239,13.953887043189368,8.55249169435216,1674.7774086378738,-0.01635207114406429,16.524259621074844,-11.506811730202244,-25.317673937316865,22.26008435775733,5.542480952926362,-115.81077040552559,-3.424686331589371,-0.0038693454,-0.005509300753152327
605200,"Davies, Zach",SI,2022,848,94.90826,95.16297169811321,89.39587264150943,14.894009433962266,12.180283018867923,2079.3396226415093,0.015561671573643807,19.450662929403794,-15.46504047595434,-20.009369666121096,27.373456087996644,6.583490477974005,-129.9819727380851,-4.038400188470717,0.009549309,0.00873008046961888
605218,"Edwards Jr., Carl",FF,2022,485,99.64103,99.7098969072165,94.68659793814433,-1.8170721649484536,16.062680412371133,2520.7072164948454,-0.005472517188565978,16.31152749306048,0.821361168387746,-13.908111409012884,29.040244678448058,5.218348160015974,-137.75267927336438,-6.274363680448083,0.000267095,0.00012083717536037205
605242,"Fulmer, Michael",FC,2022,479,96.76242,97.20605427974947,90.3008350730689,-4.262881002087683,6.9519832985386225,2406.874739039666,-0.015675356415330025,8.574245520900028,2.81435281163326,-24.715487614948422,26.39293153284025,6.462612441958987,-131.38525041540314,-4.2774059762569285,0.004626362,0.0037906107433695506
605280,"Holmes, Clay",SI,2022,465,97.899574,97.08537634408601,97.0178494623656,17.038451612903227,5.146322580645161,2212.309677419355,-0.005503099156779746,17.964382609517006,-20.047139921950663,-25.092525473380817,33.733801870632796,4.858746833542677,-141.0448145743775,-6.574458137734409,0.0035850399,0.005022109953204285
605280,"Holmes, Clay",SI,2023,534,98.47528,97.61498127340825,96.10842696629214,15.181348314606742,3.1732584269662922,2136.7546816479403,0.011123294663652843,15.692441424407528,-17.768994115558908,-27.423269521759558,32.348765279619734,5.312398716128399,-139.73930215639643,-6.383366896970145,0.0023629172,0.00388655832420418
605280,"Holmes, Clay",SI,2024,460,98.971085,97.72021739130436,96.50130434782608,14.57504347826087,4.279304347826087,2193.513043478261,0.004115301587498367,15.380136192377439,-17.00383076932273,-26.07154753265245,33.16072530545266,4.349893061337152,-140.31860512910902,-6.787095638147277,0.0014075835,0.0036689013622929804
605280,"Holmes, Clay",SI,2025,988,97.01356,96.65506072874494,93.67682186234818,14.828137651821864,2.9763157894736842,2173.173076923077,0.0017715852999140684,15.303932117832908,-16.272117469048748,-28.077914469166437,31.616930064538078,4.108751000846121,-136.25723614085783,-5.3047051202691655,0.005304226,0.005757067061041902
605280,"Holmes, Clay",ST,2025,454,106.64714,106.90925110132159,81.8931718061674,-16.46669603524229,-6.056035242290749,2805.9603524229074,0.0003578324223628831,17.689045585615272,12.929538659092085,-36.78202450024941,24.994780154256546,0.22843945618050246,-119.20938385861922,-1.915487892486506,-0.013149001,-0.013415142167855026
605288,"Houser, Adrian",SI,2022,767,96.75502,96.11447196870927,93.78005215123859,16.23488917861799,8.488552803129075,2074.06258148631,0.0121205557921342,18.43264979055735,-18.01272448480109,-22.234292707698344,29.6055380849845,5.089867233503237,-136.4128915944094,-5.865020444134268,0.0058642863,0.006891029307295412
605288,"Houser, Adrian",SI,2023,748,95.654274,95.5197860962567,92.14451871657755,16.867058823529412,6.832139037433155,2058.0641711229946,-0.0031899345660940616,18.273494642376424,-18.368601039483348,-24.504474565978363,28.09732045467686,6.644810020724991,-134.00667383350967,-4.630867107515176,0.00787706,0.007831829487711422
605288,"Houser, Adrian",SI,2025,607,98.28912,98.21103789126853,94.45700164744646,16.91189456342669,7.046787479406919,2206.0576606260297,0.00025426583161870765,18.40998374418437,-19.302021648034955,-23.926147004098265,29.51364326940495,6.623146939627094,-137.3862130326307,-4.5090351529996555,0.0028253698,0.0028369893510318367
605397,"Musgrove, Joe",FC,2022,429,93.81376,94.89207459207458,90.16456876456876,-1.586013986013986,9.091748251748252,2576.13986013986,-0.010300931225958841,9.421275079507854,0.6214015734638954,-22.481562282268992,26.742232302823048,4.400171874052375,-131.22065914005023,-5.3868250509173565,0.009278855,0.00730496212510095
605397,"Musgrove, Joe",FF,2022,470,96.02957,97.21404255319149,92.91148936170212,4.226297872340425,13.210212765957447,2553.804255319149,-0.010194046122733637,14.031766520233406,-5.35258219012102,-17.624123159096605,28.719498010400148,4.831601257354926,-135.17850978292486,-5.695755608213164,0.0072011887,0.004778376996520575
605397,"Musgrove, Joe",SL,2022,489,105.82761,106.0159509202454,82.95705521472392,-12.561717791411043,-1.7985276073619632,2704.997955010225,-0.006942302375377283,13.033912013158467,9.639804804112392,-33.06344618320108,24.997903248150926,2.600659333761978,-120.7390922399876,-3.7620837507457674,-0.011658861,-0.01167416266583455
605400,"Nola, Aaron",FF,2022,802,99.81047,99.34800498753118,92.84239401496261,13.01925187032419,15.357605985037406,2308.9576059850374,-0.004782219238367378,20.22052149494314,-14.888653970314767,-16.082733613739627,31.12392860466,7.318439067087051,-134.9446231269522,-3.145279181431598,-5.755753e-05,0.0007967314066083882
605400,"Nola, Aaron",FF,2023,577,98.53674,98.3046793760832,92.6892547660312,12.275355285961872,15.07466204506066,2303.996533795494,0.008208579169810567,19.517193786009663,-14.121053793107611,-16.38465066805328,29.735986912612063,7.573977437411341,-134.7478184715852,-3.136642855539754,0.002304084,0.0026373797568203725
605400,"Nola, Aaron",FF,2024,727,98.608665,98.11375515818432,92.39092159559834,11.91878954607978,14.546740027510316,2296.244841815681,-0.011602586245945406,18.908575942399516,-13.599557546440458,-17.215549731405996,29.317428173248405,7.226856439865098,-134.3542337610685,-2.2045965652871966,0.0021824555,0.0030167359139738666
605400,"Nola, Aaron",KC,2022,637,105.38445,105.7844583987441,78.65792778649922,-14.42656200941915,-10.833343799058085,2597.747252747253,-0.005669697798797706,18.12070114048356,9.912236382673127,-40.42476211408261,24.10221377154689,2.5012963658731397,-114.43228878930807,0.7834136976795476,-0.010255164,-0.01089750091328229
605400,"Nola, Aaron",KC,2023,627,104.354225,104.73046251993621,79.2194577352472,-12.621435406698565,-11.178947368421053,2593.0701754385964,-0.007585984432427565,16.97220315743508,8.688451385361912,-40.78934869644631,23.215842133886213,3.048542238021802,-115.28225929786963,0.6418849312394045,-0.008228013,-0.008771928082773378
605400,"Nola, Aaron",KC,2024,884,105.750336,106.10588235294118,79.06877828054299,-13.85660633484163,-9.871085972850679,2596.462669683258,-0.015130311587321827,17.139450535683945,9.733408301691936,-39.82394390147541,22.933672618078308,2.338867869929078,-115.09080172314792,0.745385731708695,-0.01094041,-0.011454990900866647
605400,"Nola, Aaron",SI,2022,446,97.92466,98.09170403587444,92.21233183856502,16.996143497757846,9.808520179372199,2196.663677130045,-0.019446021160485775,19.709603076763397,-18.95866801412262,-22.03081388416963,29.58129141813965,8.720293627920093,-133.98482425494905,-2.2813900571218797,0.003535205,0.0030832673243123263
605400,"Nola, Aaron",SI,2023,411,95.61167,95.96374695863747,91.78004866180048,17.377226277372262,9.159124087591241,2226.8783454987833,0.00915316808582699,19.718111118106176,-19.03383264655577,-22.57402206827628,28.542739680607106,8.127722896469377,-133.39877284623603,-3.0853711148259606,0.007957734,0.006995563023810081
605400,"Nola, Aaron",SI,2024,524,95.85172,95.95209923664122,91.40839694656489,16.993740458015267,8.569236641221373,2229.9255725190837,0.00240906769245547,19.09975688401496,-18.40707933326524,-23.40658279558204,28.385895733414163,7.617933644501437,-132.89976165023705,-2.3217988354222565,0.0074640955,0.006984937693430137
605463,"Scott, Tayler",FF,2024,445,102.250336,101.51505617977527,92.66808988764046,15.949752808988764,10.512269662921348,2136.238202247191,-0.015515017735335259,19.185099288168775,-18.70014779448053,-21.779775712647346,30.37009857284328,11.756308627149805,-134.3934747963571,-0.1746949895913122,-0.0046582823,-0.0031950871530406705
605483,"Snell, Blake",CH,2023,491,104.11732,103.64969450101833,86.70244399185336,-12.76276985743381,10.972057026476579,1799.4643584521384,-0.01617213466000298,16.97446783573818,12.596358313914642,-21.190734828085517,25.679662462724245,-6.259735984456972,-125.975581919832,-6.897670967561153,-0.0076845335,-0.006347653296479369
605483,"Snell, Blake",CU,2023,542,112.5369,110.41623616236163,81.00387453874538,12.545977859778597,-10.3239852398524,2393.348708487085,-0.04945011865723102,16.384227259285232,-9.02355759615829,-39.43109600387587,25.005838421272454,-3.0068837423252566,-117.82701247302818,-4.236128809101367,-0.024885487,-0.0205534940498282
605483,"Snell, Blake",FF,2022,1079,102.42901,102.0566265060241,95.8224281742354,-5.223280815569972,18.70876737720111,2434.847080630213,0.0029126737219575547,19.513383328557705,7.0470316099292045,-10.27273343999615,31.79323453721717,-6.113880045978124,-139.21503452930676,-8.031837853826142,-0.005073669,-0.004253109195610096
605483,"Snell, Blake",FF,2023,1345,99.732414,99.45375464684014,95.41055762081784,-4.551167286245353,18.824921933085502,2425.1776951672864,0.006163933029430874,19.46591353406427,6.349486362380031,-10.254436360376362,31.979049418499784,-6.426013063720178,-138.55854120142197,-8.398541762425582,4.8650174e-05,0.0005452129527080556
605483,"Snell, Blake",FF,2024,600,104.3385,104.15333333333334,95.85483333333333,-5.9266,18.826,2431.278333333333,0.0010744256245336327,19.821909284310994,7.875028223533971,-10.200244013783939,31.445787054858975,-6.413233203806054,-139.2788924622963,-7.664337113761179,-0.00858312,-0.008021009797827189
605483,"Snell, Blake",SL,2022,491,107.03789,106.43910386965376,88.92525458248473,4.031853360488799,4.773360488798371,2387.458248472505,-0.020715207214245746,6.814573629172477,-2.5886663044084544,-26.415038366436047,25.765214900995847,-5.926545122325396,-129.2829720135547,-7.122149865115471,-0.014189386,-0.012526649017587314
605488,"Springs, Jeffrey",CH,2022,495,105.69475,105.63959595959595,81.07272727272728,-13.66521212121212,7.5704242424242425,1415.6080808080808,-0.02405848878519977,15.82214810966991,11.73205139525501,-25.623119057508525,22.37559001041108,-5.8189778989563195,-117.88416697148581,-4.469774142485715,-0.010724848,-0.009902761667959534
605488,"Springs, Jeffrey",CH,2025,521,105.741264,105.53090211132438,79.27447216890594,-12.776429942418424,6.6985796545105565,1393.767754318618,-0.000367663166815869,14.735981513534472,10.530221679590708,-26.67745596529498,22.02126481902314,-5.48015146554905,-115.27902011078623,-3.8094589890976644,-0.011173286,-0.010096272093312516
605488,"Springs, Jeffrey",FF,2022,569,100.65255,100.18031634446398,91.41476274165203,-11.446818980667837,17.592970123022848,2263.202108963093,0.000877748624376503,21.117216698717833,12.917331743382212,-14.03204380215462,29.522290958707963,-7.503854036359761,-132.83194040378655,-4.574688170794699,-0.001671906,-0.0007595704547684574
605488,"Springs, Jeffrey",FF,2025,895,95.53028,95.31631284916202,90.71977653631285,-11.593743016759776,15.974614525139666,2175.7564245810054,0.00381030046354075,19.883433148135722,12.870876790668111,-15.903421066199291,29.608355434105217,-7.35919330233475,-131.815195573922,-4.4875126542627015,0.008023367,0.00820717526966729
605488,"Springs, Jeffrey",SL,2025,424,100.32594,100.1872641509434,83.5808962264151,4.000471698113207,2.614811320754717,2221.254716981132,0.013259136663175573,5.303423536971259,-2.3394967661626533,-29.74293562981385,23.559421254520437,-4.984290382913064,-121.65944250778193,-2.2211534612485098,-7.740081e-05,0.00019400907268085946
605507,"Thompson, Zach",FC,2022,576,99.181946,99.99427083333333,86.86024305555556,-3.5843749999999996,4.084791666666667,2583.222222222222,0.0016966570282178543,5.77967562249561,2.593413971199147,-27.764791160361312,23.979812976008745,3.2712394669604463,-126.48904342975,-4.785320397660399,0.0008132218,-0.00044513938854666153
605540,"Woodruff, Brandon",FF,2022,679,101.389984,101.32415316642121,96.32091310751105,6.0505449189985265,17.688247422680412,2351.7466863033874,-0.018945152466435775,18.799790116723486,-7.710309696678108,-11.58768033443775,32.40549552976744,4.661979441066447,-140.09184545531136,-6.090024962536149,-0.0030872712,-0.0028884747593749443
606160,"Montero, Rafael",FF,2023,434,99.97857,100.30253456221199,96.07880184331796,8.89741935483871,15.570967741935485,2348.13133640553,0.00897552891117508,18.03874064740353,-10.976952910844185,-14.793686324991507,32.83632062987529,5.489711632494793,-139.77979576743692,-2.6947346462061343,-0.0004121249,-0.001006147871207659
606424,"García, Jarlín",FF,2022,404,97.893814,97.50965346534653,93.80594059405941,-14.804554455445544,12.988514851485148,2200.4950495049507,0.010216273885587735,19.79143168597812,16.97143874921761,-17.727948293801877,29.378752357252303,-7.264125485048697,-136.36962339285728,-5.024544681400552,0.0036260576,0.004229224535794689
607067,"Rea, Colin",FC,2023,434,96.07811,96.93202764976958,86.63986175115207,-3.257142857142857,5.722396313364055,2180.6405529953918,0.026557898686001735,6.969191096667669,1.881558481630079,-26.5551377635248,24.59941199056496,5.1695817855638335,-126.10973183029232,-3.4634764211940157,0.0060609435,0.00449980424022577
607067,"Rea, Colin",FF,2025,788,95.958496,96.82296954314721,93.83819796954315,8.434111675126903,14.018071065989847,2192.895939086294,0.0018897605323830436,16.467707202302154,-10.085965621864457,-16.87108978779536,29.747456473470184,5.904504578372745,-136.5206106208765,-3.995531859603439,0.0072175968,0.00544720851888531
607067,"Rea, Colin",SI,2023,493,95.12008,95.0762677484787,92.6237322515213,15.229290060851927,9.276267748478702,2137.421906693712,-0.02094193537265794,17.948105020088562,-17.178419473258568,-21.902016693705864,28.841738329402364,8.080242531436403,-134.60293867316116,-4.80265096966375,0.008922199,0.008669403155009692
607067,"Rea, Colin",SI,2024,560,94.30018,94.4125,92.27053571428571,13.819285714285714,9.012857142857143,2144.1625,-0.0010903268617005817,16.643620303142693,-15.569467444985023,-22.41269389159537,28.607195535879036,7.790678952218028,-134.12463618925173,-4.0117107330536,0.01047685,0.009865779118380314
607074,"Rodón, Carlos",FF,2022,1653,101.315186,101.40617059891106,95.53841500302481,-6.009437386569873,18.12399274047187,2347.8451300665456,-0.007042615280257504,19.199638486411732,7.6939452337629834,-11.24714679533017,31.205628151597914,-5.447960345000525,-138.8980875429265,-6.947887109220934,-0.0029419414,-0.0030407415165575233
607074,"Rodón, Carlos",FF,2023,645,98.37178,98.44341085271317,95.28015503875969,-6.391441860465117,17.52446511627907,2341.3255813953488,0.01946777158107567,18.74472775795096,8.071876158787568,-12.081714822214646,30.969293524037415,-5.390729997939321,-138.54481813009141,-6.623825260982025,0.0026172502,0.002387366525433862
607074,"Rodón, Carlos",FF,2024,1231,98.988625,99.11145410235581,95.47896019496345,-8.841202274573519,17.91548334687246,2382.9715678310317,0.005662903351333969,20.069868550532945,10.928906311004596,-11.506581113159003,32.42309524702121,-6.182334054199089,-138.73369816892315,-7.019522775040837,0.0014649286,0.0011922149854927705
607074,"Rodón, Carlos",FF,2025,1055,93.471466,93.96037914691942,94.19251184834124,-10.736303317535544,17.606218009478674,2350.3630331753557,0.00673192944104665,20.730543547296623,12.856223356099381,-12.255053582514035,31.954754906703656,-7.187925903027477,-136.7612943262103,-7.576272883522039,0.011887244,0.010682664810531418
607074,"Rodón, Carlos",SL,2022,827,107.63893,107.05574365175333,85.39431680773882,8.03390568319226,-1.1702539298669892,2449.3325272067714,-0.024404417982239874,8.572932235504625,-6.0400615731785186,-32.50744953278982,24.19227043946379,-4.644571972856554,-124.28097176010222,-4.44489289390941,-0.015438064,-0.013780089544298716
607074,"Rodón, Carlos",SL,2024,649,109.12496,108.31679506933745,86.81294298921418,6.6911556240369805,-1.3094607087827428,2627.9476117103236,-0.013379268691390101,7.510436704646112,-4.870036545414662,-32.674955489738906,25.303675796941686,-5.437091923579634,-126.31601502767427,-4.168792590622671,-0.018331083,-0.01614797309668629
607074,"Rodón, Carlos",SL,2025,696,107.18951,106.6867816091954,85.90431034482759,5.5808620689655175,-1.1258620689655172,2639.5316091954023,-0.018707630876276256,6.576503557733708,-3.6651256261566374,-32.49005115108541,25.13446521512754,-5.872148107287713,-124.9598330253637,-4.17589259614339,-0.01464509,-0.013158307341266577
607179,"Weems, Jordan",FF,2022,421,100.47578,100.44299287410927,96.84038004750595,6.812066508313539,18.094631828978624,2135.2375296912114,0.01600405465625277,19.46090969681213,-8.927987213767125,-10.850797213593966,32.16140850764022,6.0513974706698725,-140.7937239513644,-6.380569160410471,-0.0013327305,-0.00124137352610186
607192,"Glasnow, Tyler",FF,2023,665,99.9188,101.03037593984962,96.38812030075188,1.0141353383458647,16.914586466165414,2483.8766917293233,0.003082407925084681,17.084669240615284,-2.2372727026230836,-12.187756827385087,31.62880774428912,5.014337663873973,-140.15828296641322,-7.036296474976871,-0.00030119254,-0.002329567707377775
607192,"Glasnow, Tyler",FF,2024,670,101.03463,101.9623880597015,96.3589552238806,0.14453731343283582,16.448955223880596,2561.586567164179,0.0004713278456648963,16.641364409366588,-1.1308923843918521,-12.741314849936172,30.335576389136268,4.470554877301475,-140.184467644679,-6.755527442757693,-0.0023765885,-0.004017615060570368
607192,"Glasnow, Tyler",FF,2025,454,97.53987,98.52334801762115,95.51431718061674,1.2340969162995594,16.345638766519823,2526.944933920705,-0.000524795981413731,16.56287854173684,-2.4055967590592475,-13.285065186726747,29.675118320802362,5.0143414783265845,-138.9557971182731,-6.3636228408384685,0.004250261,0.002343922277711766
607192,"Glasnow, Tyler",SL,2023,525,104.88571,104.98914285714287,90.15980952380953,-2.2784,1.5378285714285715,2652.809523809524,0.002980808260137483,3.6910919754443903,1.0437403212664849,-29.98834526019895,26.934914740540957,5.686623305590027,-131.18753044224155,-4.117691119006424,-0.0096552605,-0.009561595276641532
607200,"Fedde, Erick",CU,2022,601,99.66755,99.7603993344426,78.47254575707154,-14.777371048252913,-2.135840266222962,2389.494176372712,0.01885041569255614,15.26092855213687,10.31113685380562,-33.79484685016366,22.52595589720701,1.9684436357694772,-114.24072775290425,-0.655952688973566,0.0011286454,0.0009333123545521014
607200,"Fedde, Erick",FC,2022,569,94.21494,94.37644991212653,89.29384885764499,-1.8274165202108963,7.652794376098417,2122.1599297012303,0.002742544014485146,8.352112631201365,0.7747252292083078,-24.692984107092453,25.958109092704046,4.721568408059238,-130.01862929233747,-2.0138855599663117,0.00864415,0.008089329126105112
607200,"Fedde, Erick",FC,2024,718,95.939415,95.74470752089137,89.99944289693593,-2.8134818941504176,7.007298050139275,2153.1573816155988,-0.0040765302891421365,7.755315330396589,2.0318284803517033,-25.045592580057967,25.71591120317565,3.473763591958354,-131.10390614757208,-2.779796149568805,0.006190236,0.0062670223765999514
607200,"Fedde, Erick",FC,2025,521,94.381,94.11324376199616,90.31343570057582,-1.625873320537428,8.702648752399233,2150.877159309021,0.018190107655197022,9.148757038596814,0.8774383957619447,-23.28148782142349,25.84674605090616,3.5002574094408456,-131.55166623593968,-3.082616543145093,0.008534084,0.00869428916071245
607200,"Fedde, Erick",SI,2022,797,95.11267,94.98255959849436,92.499121706399,8.858469259723964,9.771794228356336,1877.2208281053952,0.004896717125487223,13.49721347129256,-10.081161750662003,-21.50245882837941,28.52790634147538,5.271540432193504,-134.5925923372008,-4.460627435946393,0.009143971,0.009076242402682398
607200,"Fedde, Erick",SI,2024,695,97.33582,96.91496402877696,93.01683453237409,8.988604316546763,9.306129496402878,1987.801438848921,-0.01482200292477887,13.19954302273876,-10.232248273010823,-21.83891433183344,28.441238850077934,4.741509488931503,-135.38075391290354,-4.55266382546128,0.0045755175,0.005176988211881507
607200,"Fedde, Erick",SI,2025,650,97.89554,97.39153846153846,93.2536923076923,11.581107692307693,9.326584615384615,1978.8061538461538,0.026053380050484333,15.130272363919456,-13.05688791471509,-21.67201365228438,29.702393621029376,5.222376940450631,-135.65554534448623,-5.0197268099596535,0.0035921736,0.004373525787561601
607200,"Fedde, Erick",ST,2024,459,103.48693,103.56448801742918,83.55054466230936,-11.592156862745098,4.623267973856209,2358.474945533769,-0.01913668135820007,12.918928664973938,8.895516640153588,-27.965556569220674,23.45716771917136,3.578209878475245,-121.65552998212296,-2.9419334014421183,-0.0064284415,-0.006489316315707764
607200,"Fedde, Erick",ST,2025,493,102.92373,103.24198782961462,82.63630831643002,-12.929087221095335,3.9300608519269775,2454.0162271805275,-0.004998216782735133,13.835706187866931,9.854532931876928,-28.663115662074457,23.685930879317997,2.8326383259677548,-120.31646075482323,-2.6364111098219,-0.005207189,-0.0057744903916142655
607536,"Freeland, Kyle",FF,2022,460,95.389565,95.65021739130434,90.19217391304348,-5.527826086956522,12.978,2396.8195652173913,0.0008411972699902321,14.31482400972133,6.404281288602462,-19.040310582271836,25.167938066046933,-5.325074866587494,-131.31601732532306,-3.694518676707251,0.008427514,0.0076954983273607854
607536,"Freeland, Kyle",FF,2025,642,96.80825,97.04610591900311,91.4272585669782,-7.953644859813084,15.134953271028037,2407.171339563863,0.026966518072851144,17.17590311898213,9.442436905292606,-16.23455263090448,27.092725240824482,-7.648071212340866,-132.90573045475782,-5.398813231195457,0.0056241844,0.005042248396188226
607536,"Freeland, Kyle",KC,2025,517,104.99516,105.29574468085107,82.47021276595744,2.078762088974855,-6.594661508704062,2392.1025145067697,-0.0125287333692982,7.276837810944965,-0.6928854113801901,-37.36559435446739,21.27853249220138,-5.571460040715838,-120.0563633953306,-1.8785157099559222,-0.0094673205,-0.009904768664206717
607536,"Freeland, Kyle",SI,2023,472,95.48835,95.34724576271186,88.54427966101696,-13.255169491525423,6.877118644067797,2302.4449152542375,0.023892093584771273,15.10851178474659,13.397646096503836,-25.34794721000353,24.760104710805,-5.434049122675889,-128.8987314189893,-3.10593606920833,0.008206519,0.008157481807774524
607536,"Freeland, Kyle",SL,2022,411,98.767395,99.53260340632603,85.48929440389294,1.4805839416058393,4.316788321167883,2393.9245742092457,0.013166842080472476,4.99501522083221,-0.4785571520693852,-28.197062593844723,22.586098444396885,-4.438768691783175,-124.52671723470128,-2.1340208837399532,0.0030808847,0.0014610150460976357
607625,"Lugo, Seth",CU,2023,410,106.811226,107.83756097560976,79.43170731707318,-12.422341463414634,-16.365951219512194,3230.939024390244,-0.007847814390531626,20.693204440267433,8.96195618166837,-44.76293156371376,25.80430014077828,0.7185475479554756,-115.51133333673538,1.4061940031773155,-0.013251434,-0.015337629992686034
607625,"Lugo, Seth",CU,2024,502,107.61016,108.34741035856574,79.79322709163345,-14.565657370517929,-14.534581673306771,3284.7509960159364,-0.014596361475020362,20.700109496664634,10.776608489091478,-43.43148636733966,24.625015134935776,0.4165411785549535,-116.10415527924334,0.8189333275243573,-0.014901268,-0.016362393083478966
607625,"Lugo, Seth",FF,2023,446,97.09955,97.2383408071749,93.3031390134529,6.879820627802691,17.253901345291478,2263.096412556054,-0.008152632617954512,18.699227504629636,-7.933543817342518,-13.557369368846487,30.80363470386872,3.835222029974362,-135.75144167803586,-4.848226538293223,0.005008298,0.0045831665236823515
607625,"Lugo, Seth",FF,2024,746,93.04745,93.18847184986596,92.23753351206435,6.7298123324396775,15.441554959785522,2367.4383378016087,-0.004566770290437894,16.965409861541097,-7.639640953667051,-15.829292264925767,28.155232647059712,4.012310189868588,-134.26179127102233,-4.459079048411563,0.012619969,0.012017244816188231
607625,"Lugo, Seth",SI,2024,577,95.05754,94.91819757365685,92.14540727902947,15.323604852686307,8.564298093587523,2410.4471403812827,-0.0025596823978356127,17.64957332458167,-16.542842610960257,-23.059898771836053,28.751595729474072,5.249020171540762,-134.08780626895597,-3.2795247508424223,0.009004431,0.008923019919929493
607755,"Vasquez, Andrew",SL,2023,574,103.92944,103.09912891986063,80.61689895470383,18.270731707317072,-3.849616724738676,2652.4216027874563,-5.479893583669184e-05,18.77337937745967,-13.15688796022385,-35.2581030437843,24.46554332152019,-3.695660666796568,-117.30123366161521,-0.3482464828667983,-0.007662582,-0.005729714281864764
608032,"Estévez, Carlos",FF,2022,555,97.61478,97.53783783783784,97.43099099099099,9.92281081081081,14.418378378378378,2244.3063063063064,0.003515711559048134,17.63733776902871,-12.763650104400316,-14.980038709754893,30.058607936192477,7.434449733391509,-141.6974260518047,-5.173283057512738,0.004156827,0.004174458033415957
608032,"Estévez, Carlos",FF,2023,497,97.91872,97.80060362173039,96.99778672032194,8.488853118712274,17.184869215291748,2180.97384305835,-0.005264208593954311,19.299996957292134,-10.68848207950017,-11.955670364629846,33.11393363746779,5.370008227683311,-141.04588031361808,-5.733898659558929,0.0034666646,0.0035587259945251003
608328,"De Jong, Chase",FF,2022,470,97.685745,97.5127659574468,92.80297872340425,1.3113191489361704,18.511148936170212,2405.351063829787,-0.005614510483424044,18.686998247828708,-1.8533355723551317,-12.358952532385667,30.476148357812534,2.2704988941697573,-135.04034020729583,-5.3552317228742625,0.004026093,0.004222262983215384
608331,"Fried, Max",CU,2022,465,105.46344,105.03118279569892,74.2047311827957,9.68,-16.465548387096774,2750.2043010752686,-0.020697186545244873,19.206059937887957,-5.996320055492854,-43.25191229016305,21.2998637828233,-1.2009980085246221,-107.94514861808962,1.0565149646264025,-0.010554955,-0.009651690806495179
608331,"Fried, Max",CU,2024,451,107.43748,106.64235033259423,74.57450110864745,10.50678492239468,-16.820221729490022,2836.79600886918,0.002074374411521747,19.962746023151364,-6.670069192787864,-43.65169161173599,21.75808373775438,-0.7870768249335037,-108.4739755560762,1.365315341268317,-0.01454694,-0.012904548176009386
608331,"Fried, Max",CU,2025,426,109.23146,107.92159624413145,75.24084507042254,10.664788732394365,-16.809859154929576,2921.1596244131456,-0.020672630847036046,20.012092390562128,-6.86296223431191,-43.70197361749207,22.609460708167312,-0.9080906594771494,-109.44211212026433,0.705422158671285,-0.018722894,-0.015722877243961923
608331,"Fried, Max",FF,2022,716,95.43841,95.14245810055866,93.97388268156425,-1.5829608938547488,12.283743016759777,2140.4203910614524,-0.008959151072565733,12.708421521151152,2.612447564896172,-18.32916322927351,28.418309674449098,-4.556256272473824,-136.7862555531557,-5.337789969764492,0.008333761,0.008643216898725464
608331,"Fried, Max",FF,2024,738,95.881165,95.3730352303523,93.85203252032521,0.10341463414634149,10.869268292682927,2222.971544715447,0.0010217734895468956,11.204976488670113,0.7341217503141195,-19.985935527405303,28.12479548316443,-4.032952185426218,-136.65739325826485,-4.570631685425008,0.0072973394,0.008023768136957357
608331,"Fried, Max",FF,2025,684,98.543564,98.3093567251462,94.48611111111111,-0.35964912280701755,11.56578947368421,2264.4868421052633,-0.022432477583838477,11.983177617132563,1.4164186555963998,-18.986995424142563,29.883972671699027,-4.533127590346688,-137.51328661869243,-4.836769962194841,0.0023685591,0.0027328156371316937
608331,"Fried, Max",SI,2025,446,98.20045,97.37286995515696,93.94192825112107,-9.881704035874439,4.308968609865471,2130.116591928251,0.015057031492348383,11.018778014333002,11.490391983395535,-26.77064614417956,28.402405591182507,-5.354756941773481,-136.71383900130166,-5.050840021833718,0.0029980557,0.004409111880643873
608331,"Fried, Max",SL,2022,412,102.330345,101.76893203883496,87.35121359223301,3.7674757281553397,0.7339805825242719,2397.9660194174758,0.0035586416352062825,4.700027231956882,-2.6049406998313756,-30.99420570878734,24.712586267626964,-4.130717312127352,-127.19917536116115,-3.3944502735107793,-0.004351505,-0.0030658360061785912
608337,"Giolito, Lucas",CH,2022,594,102.86717,102.1003367003367,81.00420875420875,11.55919191919192,11.073333333333334,1450.6919191919192,0.00888628524605796,16.335284611987564,-9.849843533002868,-22.773771855632898,21.48323754768311,4.710822978316805,-117.83277843198137,-5.232488876962109,-0.005217705,-0.0034495416490670145
608337,"Giolito, Lucas",CH,2023,590,102.97899,102.06864406779661,81.22932203389831,12.641084745762711,11.056067796610169,1548.3593220338983,-0.006469054039032723,16.974069252679758,-10.679420350064126,-22.7454902179066,21.558449756595397,4.224075920438638,-118.18269984750879,-5.183033517505113,-0.005434096,-0.0034017103339332596
608337,"Giolito, Lucas",FF,2022,1079,94.605,94.81909175162187,92.65616311399444,5.644559777571827,18.007562557924004,2170.0898980537536,0.006529843696389252,19.04957001474977,-6.759201297472621,-12.661048409778656,29.17557270539719,4.818154085728105,-134.73634198548953,-6.545222856425463,0.009932979,0.009245384891393309
608337,"Giolito, Lucas",FF,2023,926,96.693954,96.83066954643628,93.31641468682506,5.481252699784018,17.95840172786177,2173.658747300216,0.015041544291347995,18.92685110250032,-6.495392523428586,-12.470764249652662,29.547359106674516,3.8968410496263175,-135.74159789132003,-6.3875488242240435,0.0057679815,0.005326361282871838
608337,"Giolito, Lucas",FF,2025,841,98.18418,98.24137931034483,93.40249702734839,6.818311533888228,18.126848989298455,2244.5969084423305,0.00121944350216784,19.487743742048192,-8.129144110781148,-12.294966823973947,30.811682973762764,4.9215483889686675,-135.797926372941,-6.344122600749144,0.0030420264,0.0028555201388958864
608337,"Giolito, Lucas",SL,2022,565,105.28088,105.51061946902655,84.43734513274336,-3.3546902654867257,1.1496637168141595,1955.5557522123893,-0.004821031750985165,4.293197340466765,1.971218181473772,-30.468930466266027,23.708492440214695,4.510810278067803,-122.88002393471798,-4.668613419442331,-0.010515085,-0.010650291104634797
608337,"Giolito, Lucas",SL,2023,653,105.560646,105.94624808575803,84.22542113323124,-1.5803981623277181,0.7815620214395099,1976.978560490046,0.014370315094779188,2.976083906266973,0.508015616869314,-30.78702501730343,24.464390572567087,4.123609269977617,-122.56224917374765,-4.495000416457871,-0.011076292,-0.011503897991171713
608337,"Giolito, Lucas",SL,2025,466,102.82232,102.77231759656652,86.18690987124464,-2.3773390557939913,4.61381974248927,1973.8218884120172,-0.020108472579079852,5.396853940698125,1.2034235602511092,-27.37521998255999,24.477717636230253,4.60246241688686,-125.42882445278984,-4.609411733791877,-0.0053774347,-0.005111702732567687
608344,"Irvin, Cole",CU,2022,402,100.43458,100.46417910447761,77.45074626865672,8.229253731343283,-4.030746268656717,2080.5223880597014,0.020657438292686736,10.295329765917137,-5.345737919410897,-34.889832711559905,20.930486025744372,-2.907970398619885,-112.76753671125799,-1.3637717175993873,-0.00041381907,-0.00047850550208292813
608344,"Irvin, Cole",FF,2022,721,91.87781,92.31553398058253,90.58210818307906,-9.90374479889043,16.384410540915397,1974.5728155339805,-0.010863783605888336,19.266412523125958,10.738229528734946,-15.37193324613693,28.415041821251588,-5.313733709955086,-131.7393635073213,-5.136028961472227,0.015169524,0.013916828759140082
608344,"Irvin, Cole",FF,2024,408,96.53235,96.76421568627451,91.99803921568626,-11.973529411764705,15.430882352941177,2029.2083333333333,0.01132084291947618,19.652293181140212,12.973095203068345,-15.797803118279193,29.595859126709847,-4.549961768638489,-133.82476955745864,-5.218284723722645,0.006077657,0.005478639439814782
608344,"Irvin, Cole",SI,2022,447,95.00582,94.48031319910514,90.29127516778523,-14.614496644295302,11.921342281879195,1943.434004474273,0.004025011815748785,18.965966235401353,15.178505917077015,-19.796831714359506,28.014346285631483,-5.088820823429892,-131.33933325870498,-5.042157110307526,0.009354554,0.010040573005723051
608372,"Sugano, Tomoyuki",FS,2025,415,102.76988,102.92409638554217,87.25975903614459,11.74178313253012,5.224481927710843,1600.4674698795181,-0.023703439460390427,13.12767302791942,-11.948619530315971,-26.52320393116128,24.674948347288833,6.807877984186095,-126.8635544153001,-5.54604196328979,-0.0054838476,-0.0056436971999432005
608379,"Wacha, Michael",CH,2022,553,103.020615,103.02025316455696,84.36473779385172,12.51385171790235,12.51754068716094,1579.757685352622,-0.023862876141655418,18.053987604389466,-11.355836419714562,-20.514591980508513,24.829103298772452,4.204907288435326,-122.64438691450943,-6.652988624653318,-0.0055163787,-0.005127197703699049
608379,"Wacha, Michael",CH,2023,538,106.84015,106.13810408921934,81.60130111524164,13.986691449814126,9.390111524163569,1518.3903345724907,-0.013441000883726253,17.705193914196034,-11.954281684372525,-23.91394876427802,23.927234647101546,4.950927811808958,-118.61431213882318,-5.471905521932839,-0.013078498,-0.010987211817913931
608379,"Wacha, Michael",CH,2024,769,106.64278,105.46371911573473,81.24655396618985,13.080780234070222,5.458673602080625,1548.9973992197658,-0.025462267622511258,15.366819448181694,-11.176444147470713,-27.16031780659574,23.02609898655846,5.082885407955338,-118.14128057439365,-4.8100230134045985,-0.012696918,-0.009727548451628975
608379,"Wacha, Michael",CH,2025,506,106.22905,104.73498023715415,80.08221343873518,12.780711462450594,7.581818181818182,1545.6739130434783,-0.02685261927374767,15.745047849627085,-10.51885133211706,-25.70870060173007,22.481192532773193,4.431122728451766,-116.47423785829196,-4.743784065740027,-0.012175019,-0.008557752045302928
608379,"Wacha, Michael",FF,2022,625,96.99184,97.14864,93.0424,6.706944,19.268544,2120.7488,0.012797216958024216,20.489291805824436,-7.919703383699499,-10.993547952608429,29.728476842375642,4.867288170706511,-135.2365517003548,-7.639949381729246,0.0053538354,0.004896602610105511
608379,"Wacha, Michael",FF,2023,443,93.67923,93.84762979683973,91.93634311512416,7.271512415349887,18.676388261851013,2049.7720090293456,-0.013259592269701548,20.142738533322746,-8.33307415585108,-12.16027495946675,29.36068663169038,4.9563396992008055,-133.63454183608346,-7.195091279870931,0.011446264,0.010766909960754915
608379,"Wacha, Michael",FF,2024,566,97.19188,97.4446996466431,93.62826855123674,6.671660777385159,17.968409893992934,2128.666077738516,0.000632321723095948,19.245176455091272,-8.102013299378696,-12.076304899936366,28.818960622537226,5.4938460434599135,-136.10809156282832,-7.616519011963988,0.0048407335,0.004238090912208545
608379,"Wacha, Michael",FF,2025,612,94.850655,94.96421568627451,93.07875816993463,6.584705882352941,18.005294117647058,2153.2696078431372,0.011317955198672234,19.28137462179509,-7.876484254463743,-12.321250792530474,29.152887398953236,5.215891977145664,-135.30748254593368,-7.39509540262888,0.009296115,0.00884817311819912
608566,"Márquez, Germán",FF,2022,768,94.63059,94.42473958333333,95.52721354166665,8.901562499999999,13.156718750000001,2137.69921875,0.020370645320816724,16.032223984732774,-11.204997693604959,-16.86824735118866,28.739019818075434,7.464976784923862,-138.90842484316133,-5.717841598480799,0.009884912,0.00997808934865967
608566,"Márquez, Germán",FF,2025,475,92.06294,91.8101052631579,94.8117894736842,9.39461052631579,13.63781052631579,2213.825263157895,0.050805764193648795,16.652660197707462,-11.562475414393507,-16.462353490797287,28.63086174528848,7.441456607338684,-137.8302581037544,-6.266106485361274,0.01453245,0.014618553932314031
608566,"Márquez, Germán",KC,2022,565,103.26425,103.37362831858407,86.45380530973452,-1.0336991150442478,-1.9490973451327434,2575.766371681416,-0.03455445253445459,3.418852031551407,-0.1456651936805035,-33.21684500717793,23.98712678203078,5.356928966571023,-125.80652022323248,-4.387735909660793,-0.005989179,-0.006113643645843153
608566,"Márquez, Germán",KC,2025,495,100.9408,101.36060606060606,85.49151515151516,-1.483151515151515,-0.6703030303030303,2648.462626262626,0.006502918322891332,2.835788121445433,0.300609968463339,-32.03087671778371,23.7549263305969,5.014502480134283,-124.40815924259196,-4.71242170065295,-0.0009910775,-0.0018392392595091996
608566,"Márquez, Germán",SI,2022,619,93.95993,93.90710823909531,95.09693053311793,14.290274636510501,8.975767366720516,2110.9046849757674,0.0242204515651779,17.01150024569099,-16.953670419199494,-21.546579545220045,28.796376395587732,7.75441812595091,-138.25464857981677,-5.493508210803893,0.011438581,0.011155028820412765
608566,"Márquez, Germán",SL,2022,533,97.87261,97.98724202626641,87.70656660412757,-0.16142589118198875,4.228142589118199,2385.4146341463415,0.0011702731902259779,5.027847895092306,-0.9287242154621421,-27.751812024561332,22.70991183745534,5.798549960021979,-127.70370034952784,-3.698450383109249,0.0049551437,0.004599157727744803
608717,"Stratton, Chris",FF,2023,615,98.79333,99.11121951219512,93.10601626016259,3.528390243902439,15.455024390243903,2539.1853658536584,-0.003862381272262948,16.101452020450356,-4.802274220638995,-15.341152359106056,28.468551140037793,5.572813304604472,-135.46174664056366,-5.265802981217413,0.0018196815,0.001167372048985831
608718,"Suter, Brent",FF,2022,533,95.81932,94.4846153846154,86.46003752345216,3.6520075046904314,12.837748592870545,2142.622889305816,0.0214886732004852,13.547998974837025,-2.010957548880711,-20.194441992957493,23.928727900617353,-6.414776097378259,-125.79463894498143,-3.8649768783190757,0.007607825,0.00986727763738383
608723,"Voth, Austin",FF,2022,440,100.055916,99.31636363636363,93.54590909090908,7.369363636363636,17.37818181818182,2355.240909090909,0.0026658155206063226,18.99659148423808,-9.310023745371158,-13.193966851500555,30.04423659235203,7.686660327182698,-135.93482465416562,-5.441463416685895,-0.00052337936,0.0008530710695730756
614179,"Ruiz, José",FF,2022,471,98.54331,99.07346072186836,96.82590233545648,7.038980891719746,17.10624203821656,2352.208067940552,0.030301360653952822,18.639826666925355,-8.998789405955735,-11.994747427226603,31.804163598135705,5.264761743381633,-140.81922918932577,-6.202346892770426,0.0023767215,0.0013114669941758927
615698,"Quantrill, Cal",FC,2022,773,96.64359,96.51500646830532,88.66714100905563,-2.5974644243208282,6.980181112548513,2243.1901681759377,0.004335887934847429,7.895829694647727,1.7027959805874862,-24.762931989306207,25.18892712049297,3.6209953980312206,-129.0706228953524,-5.3198488413871905,0.004812331,0.004840543826398643
615698,"Quantrill, Cal",FS,2024,617,106.85413,106.65915721231767,86.5319286871961,9.351831442463533,4.653160453808752,1053.2058346839547,-0.0149487254847793,11.144929425283536,-9.127107566271103,-27.234572018623442,23.959045804874155,4.315024026125928,-125.92489126738354,-4.9050527261849926,-0.015066281,-0.01407304465131784
615698,"Quantrill, Cal",SI,2022,983,94.973145,94.75554425228891,93.80671414038657,11.99914547304171,14.778189216683622,2113.9542217700914,-0.006637090728886288,19.201769195812886,-13.425735496234608,-15.512156557866307,29.419452552690736,4.253907728183675,-136.44612808210968,-6.7063637456433485,0.009415275,0.00951433481640333
615698,"Quantrill, Cal",SI,2023,542,94.58376,94.35682656826569,93.71549815498156,12.265682656826568,15.211881918819188,2146.3653136531366,0.0080085528068737,19.73102047803585,-13.686986160071797,-15.237558118944575,30.11975153161659,4.268693758369718,-136.31518105153384,-6.09079088817342,0.009969317,0.010031543699928131
615698,"Quantrill, Cal",SI,2024,772,94.954926,95.15906735751295,93.9860103626943,10.759119170984457,13.74,2173.9248704663214,0.028706566071310093,17.682779374554496,-12.274119462344416,-16.637360502766384,27.63849706520397,4.856301564731514,-136.75946915754037,-6.203139036148081,0.009204356,0.00846799803431514
621016,"Cuas, Jose",SI,2023,459,96.67516,96.73877995642701,92.73856209150327,17.56313725490196,0.7652287581699346,2470.239651416122,0.0072553952828495845,17.76041030242201,-20.533545732013206,-31.944227530863145,28.863569295465474,12.933437655487037,-134.40476116282844,1.291373532108986,0.005881394,0.005536263965021235
621051,"Wilson, Steven",ST,2023,463,104.17927,103.92829373650109,81.08876889848811,-12.853995680345571,7.956285097192225,2609.4946004319654,-0.012901804701691695,15.594293864061667,8.874655270749704,-25.916617246824266,23.92864638332407,4.898882938645034,-117.9697875459615,-1.4376553217772714,-0.007940379,-0.007327647872994439
621051,"Wilson, Steven",ST,2025,425,107.907524,107.71058823529411,82.04,-15.320188235294118,-0.4294588235294118,2644.68,-0.018444799772004576,15.593138628202798,11.314471795071498,-32.264974333732674,24.80418601249188,3.8597402618124397,-119.38682582243223,-2.1763118647149806,-0.01583861,-0.01508351099190049
621076,"Kaprielian, James",FF,2022,968,96.00578,95.40640495867768,93.98006198347107,7.5547933884297525,15.541487603305786,2011.3626033057851,0.004905447927253151,17.424683949994954,-9.659442711598668,-14.88045036211756,30.172911691550308,8.08208465596708,-136.53850891383,-5.680619828150557,0.007247214,0.008147968087011325
621076,"Kaprielian, James",SL,2022,445,102.2773,102.59101123595505,85.17977528089888,-4.088089887640449,3.7248539325842693,2278.0112359550562,-0.012917284547519272,7.267983472261738,1.8689608473691803,-28.36675828266403,25.13357662515572,7.382165713340207,-123.82275278855788,-3.6962073960999833,-0.004251414,-0.004738755299166249
621107,"Eflin, Zach",CU,2023,578,103.029236,103.33737024221453,79.0484429065744,-11.421176470588234,-7.32560553633218,2495.7768166089963,-0.01979593091376595,13.808180136132457,7.816033816453655,-37.447997642767014,22.455190213693175,3.078381802124875,-115.07338252124678,-1.7386678889028968,-0.005581254,-0.006212738322083942
621107,"Eflin, Zach",FC,2023,553,93.207596,93.14122965641953,88.4379746835443,-2.4201808318264018,8.518264014466547,2230.998191681736,0.01859967617241327,9.200500959897093,1.0541050233125602,-23.53052138425073,25.261559322744784,5.938547820528671,-128.689355918994,-4.46693699492903,0.010784073,0.010504299032615268
621107,"Eflin, Zach",FC,2024,554,92.426895,92.65108303249097,88.11841155234657,-1.3219494584837546,8.497039711191334,2218.895306859206,-0.015504864388333869,8.916128787016431,0.14911758817107107,-23.927198282010522,24.516598218605093,5.4877772927325,-128.29212244722953,-2.876589985628883,0.011847251,0.01106669816245682
621107,"Eflin, Zach",SI,2023,680,98.055885,97.6660294117647,92.2510294117647,16.765235294117648,5.886,2096.176470588235,-0.009377551021222041,17.919770325409065,-18.561216227741046,-25.391337018387382,29.87111324478472,7.886980297382629,-134.03757257502852,-4.774789463634898,0.003183823,0.003783429075015438
621107,"Eflin, Zach",SI,2024,537,97.626816,97.31359404096834,91.67486033519553,15.8131843575419,4.593966480446928,2093.482309124767,0.0026129255898010065,16.637012265395647,-17.513551734901853,-26.98059528230252,29.52281213654442,8.448828217049957,-133.1862618950386,-3.7649160660233405,0.004010827,0.004430997340552216
621112,"Blackburn, Paul",SI,2022,523,94.14627,94.60707456978967,91.71644359464626,12.886347992351817,9.952887189292543,2000.4971319311665,0.006447541374321982,16.37922918990851,-14.160287562791977,-21.313443930106306,27.197557324552932,6.315822241831304,-133.39904214059223,-5.352278922214867,0.011066557,0.009803009486396768
621237,"Alvarado, José",SI,2024,423,97.590546,97.01631205673759,97.76430260047282,-12.057588652482268,14.823262411347518,2068.565011820331,0.0070891957045361685,19.257868047860477,14.932904345023884,-13.706394614757341,32.304221824985035,-5.798266010332988,-142.0552494310424,-8.383734301911538,0.004085461,0.004990881493934891
621244,"Berríos, José",CH,2023,402,102.705475,103.00796019900497,83.95024875621891,14.35820895522388,4.392835820895523,1437.9502487562188,0.0011829835708598293,15.229145253715144,-13.235320108460929,-28.10538428456118,24.428867111777855,6.382199479055701,-122.07353941783255,-2.8862100313330514,-0.004893825,-0.005154257640313668
621244,"Berríos, José",FF,2022,474,96.86392,96.5542194092827,93.99092827004219,10.854936708860759,14.517974683544304,2238.23417721519,0.024820384819836307,18.22851110272195,-13.344582913907521,-16.334357730520253,30.691602361952153,9.149311302036288,-136.52396873680073,-4.006477016967041,0.0056012613,0.006009840919037852
621244,"Berríos, José",FF,2023,425,97.95953,97.66376470588234,94.22776470588236,8.855435294117648,15.904094117647059,2227.6070588235293,-0.007143754067078466,18.296575826659634,-10.892321182460316,-14.725732377791543,31.118398774889535,7.157494586912769,-136.98285275038802,-4.322805853651337,0.0033918237,0.0038138931745870827
621244,"Berríos, José",SI,2022,452,96.80974,96.1075221238938,93.97123893805309,16.700973451327435,10.529469026548671,2117.3738938053098,-0.002489557502970812,19.82802801223073,-19.535353593303828,-20.401874679539397,30.13572248147313,9.785197437873068,-136.44717632947857,-4.391334972779735,0.00575377,0.006907915692403376
621244,"Berríos, José",SI,2023,651,95.73456,95.36943164362519,93.74147465437788,15.656405529953917,11.906912442396314,2119.9109062980033,0.002019825372520391,19.752511084024402,-18.055400499424202,-18.8431251266619,30.002934385438486,8.308966808864072,-136.19101297009152,-5.18386105486037,0.007717792,0.008115905585283205
621244,"Berríos, José",SI,2024,545,96.01321,95.71871559633027,93.48733944954128,15.894825688073395,10.80440366972477,2057.388990825688,-0.012019236409847919,19.325056754720332,-18.05549754764878,-20.13707315026805,30.307936946952143,7.510188504233106,-135.86925280834814,-4.815724765675664,0.0071456484,0.007422204038678246
621244,"Berríos, José",SI,2025,648,93.313576,93.1145061728395,92.22515432098766,15.995555555555557,10.677407407407408,2028.9444444444443,-0.0017189422680427109,19.321791320488913,-17.682383622213695,-20.62118781227494,29.2472894707794,7.455515345316618,-134.04091080152048,-4.60249683024964,0.012496586,0.012394758396485774
621244,"Berríos, José",SV,2022,526,105.05266,104.72927756653992,82.99904942965779,-15.55209125475285,-3.952471482889734,2279.6825095057034,-0.02059949573006531,16.1878339044352,11.515416936850668,-35.349798311078324,25.68625751670471,4.950887737890061,-120.73522282437399,-1.139167582167419,-0.009110701,-0.008202796256402634
621244,"Berríos, José",SV,2023,581,106.07814,105.83442340791738,82.6025817555938,-15.601032702237523,-5.106092943201377,2382.037865748709,-0.009740643197775133,16.56325637381951,11.77062893497944,-36.15260637040998,25.113389001854873,3.5730079455978974,-120.20934396911565,-1.5884972105678452,-0.011726272,-0.011020737692588378
621244,"Berríos, José",SV,2024,479,106.44614,105.82546972860125,83.29331941544885,-15.084425887265136,-5.159749478079332,2339.4947807933195,-0.018531792936136986,16.091563347995173,11.63897557932127,-36.29227684398667,25.25002982877153,3.269453376750987,-121.23657855602171,-1.474921332610516,-0.012757691,-0.011181595924777408
621244,"Berríos, José",SV,2025,535,104.35944,104.29626168224299,82.60579439252336,-14.876186915887851,-4.435738317757009,2361.11214953271,-0.0098566019895941,15.658664160454629,11.302018704213936,-35.59740761441272,25.04230866629004,3.1135545867088243,-120.23104439657497,-1.7322764313920436,-0.009285049,-0.009028019953391664
621345,"Minter, A.J.",FF,2022,414,103.38914,102.59565217391304,96.61497584541063,-6.569565217391305,17.37536231884058,2424.8212560386473,-0.02521516405304573,18.698062515911673,8.70392471019709,-11.922256103759311,32.00061362282104,-6.440783008994667,-140.48346836523845,-5.578665865135794,-0.0069258027,-0.005257784766649659
621345,"Minter, A.J.",FF,2023,424,99.15354,98.53938679245282,95.79811320754717,-6.614716981132075,16.71622641509434,2422.544811320755,-0.012333871365717173,18.080864277100925,8.82132601836938,-12.975585412456567,29.913758514979417,-7.544859124863772,-139.28010076451926,-5.453423140057801,0.0011384974,0.002215043883781652
621363,"Poche, Colin",FF,2022,455,104.04989,102.73054945054946,93.31406593406594,-1.0430769230769232,21.033494505494506,2233.7274725274724,-0.003196308850846561,21.169792224834048,2.016094145508776,-9.256796785957993,30.82590772516111,-4.149794517405464,-135.6693342868496,-6.740706019893339,-0.00819208,-0.005515137363216854
621363,"Poche, Colin",FF,2023,410,98.2122,97.3348780487805,92.43682926829268,1.7075121951219514,19.95219512195122,2246.029268292683,0.0006315003051529313,20.13521172072269,-0.9584790721423297,-10.809947801225203,30.231453578740485,-3.4088661737511634,-134.42314294960707,-6.581300940162962,0.0029152203,0.004406313686749837
621368,"Hearn, Taylor",FF,2022,757,95.5074,95.92311756935271,94.73461030383092,-7.622615587846763,16.82678996036988,2322.027741083223,0.0007671322634370013,18.614426684654553,10.02091562127258,-13.094909565059726,31.067254949768625,-8.655244841512106,-137.56426337451825,-6.42640656010662,0.008200005,0.007187587832714381
621381,"Strahm, Matt",FF,2023,498,100.76707,100.14859437751004,93.38915662650604,-13.56867469879518,16.043614457831325,2441.873493975904,-0.004963472829177269,21.08424352698293,15.773136827321917,-15.017956510979309,30.120126509614728,-8.179371498446866,-135.70538615911687,-3.770679618292731,-0.001902606,-0.0007224801872750158
621389,"Blach, Ty",SI,2023,486,91.726746,91.43621399176955,89.48744855967078,-16.357283950617283,8.189876543209877,2146.2633744855966,0.010772182771687846,18.390381043661115,17.53243123953002,-23.8841353806686,25.671258995922038,-10.3490138979596,-129.92937816471752,-3.479339895106428,0.015553241,0.01553555099301019
622072,"Wood, Alex",SI,2022,966,99.845024,98.5103519668737,92.39824016563146,-15.584844720496893,10.504223602484473,2042.53933747412,0.010305399735877779,18.924243540769485,17.604136804541955,-21.466577622444333,28.4639171825302,-8.80180384813708,-134.2935270111291,-1.3978138678421212,-0.0002935204,0.0022723419046723438
622072,"Wood, Alex",SI,2023,553,97.67269,96.35913200723327,91.51609403254973,-16.428933092224234,10.28853526220615,1976.00904159132,-0.00029293059192832206,19.52441969722463,18.100146601018448,-22.010214725372567,28.688874110712717,-8.631725832760319,-132.992316559289,-0.9192524286977595,0.003929052,0.0062495443692786035
622072,"Wood, Alex",SL,2022,764,100.70053,101.67107329842932,84.48782722513089,3.063769633507853,-2.642984293193717,2069.3704188481674,0.008230413912509059,4.885260652694299,-1.3293926704103,-34.61064080310882,24.90872379961428,-6.079387194402204,-122.90036789913613,-0.024242644835700353,-0.0009515283,-0.002865030886742673
622098,"Smith, Drew",FF,2023,533,100.3681,100.35947467166979,94.9765478424015,7.464090056285179,18.134409005628516,2503.3489681050655,-0.007284145491462038,19.75121307511007,-9.625208082648136,-12.139264825265055,32.08190335845834,7.304998600390534,-138.05289947548627,-4.153902129690942,-0.001147821,-0.001108235129642476
622491,"Castillo, Luis",FF,2022,417,102.176735,101.7136690647482,97.01318944844125,11.084604316546763,13.995971223021582,2369.6474820143885,-0.016436455380604183,17.958743638192892,-14.399833206891216,-16.001512892063293,32.053774326520724,9.141860172197703,-140.96009367711443,-3.4785238287278246,-0.0045955153,-0.0036151191005944303
622491,"Castillo, Luis",FF,2023,1040,99.74173,99.2975,96.3566346153846,12.129807692307692,13.537961538461538,2284.348076923077,-0.005266804165657701,18.27333437150551,-15.245766898399802,-16.861295715891035,31.673935338156852,8.612059761439175,-140.0523209998964,-2.892328917179328,2.9224077e-05,0.0008289932150777117
622491,"Castillo, Luis",FF,2024,954,97.00629,96.25995807127883,95.6038784067086,12.561509433962264,12.323899371069182,2156.1792452830186,-0.009746062411313242,17.71643964421738,-15.439866088536956,-18.53309798246096,31.06113441924973,8.34314123469961,-138.98249955636143,-2.345081179214905,0.005186438,0.006403613858004473
622491,"Castillo, Luis",FF,2025,941,96.26801,95.62486716259299,94.98597236981935,12.94750265674814,12.243825717321998,2198.692879914984,0.0008789810765666076,17.917576481032206,-15.612662091180185,-18.908550649240446,31.619532296892647,8.052400012768736,-138.07943256138853,-1.9346118461047912,0.006638878,0.007639585089065605
622491,"Castillo, Luis",SI,2023,400,98.9325,99.52375,95.98049999999999,18.5943,4.7577,2093.1575,-0.0027443358958627127,19.276417273936534,-22.275693013217452,-26.63117072266037,30.88021904951482,9.157919508498896,-139.48240519984108,-2.4826503318307633,0.0014643985,0.00028451479634220933
622491,"Castillo, Luis",SI,2025,447,99.13378,99.29261744966443,94.73914988814317,18.479194630872485,3.6260402684563755,2030.3199105145413,0.01403158834219878,18.933065958659874,-21.41222344496938,-28.106270636794804,30.71580240129895,8.13381577968893,-137.72361017534178,-1.906618647862289,0.0011838429,0.0008034254738025249
622491,"Castillo, Luis",SL,2023,491,102.13035,101.87128309572302,85.67861507128309,-1.209775967413442,-0.06574338085539713,2342.336048879837,-0.004317637400238133,2.848329237888467,-0.2230105068139803,-32.11568309764491,23.422830420794405,6.741514082938824,-124.68180221504306,-1.5093051503967188,-0.003897304,-0.0032426008787169967
622491,"Castillo, Luis",SL,2024,458,101.33297,100.99978165938865,85.64541484716158,-0.9083842794759825,0.7383406113537119,2295.4694323144104,-0.019019681141413176,3.5141422373080733,-0.4518276239499672,-31.416948229851855,23.3225884161535,6.42034689119489,-124.64506844579809,-1.2154565851194623,-0.0021474068,-0.0014081191253232787
622491,"Castillo, Luis",SL,2025,428,101.52173,101.27009345794391,84.4894859813084,-0.8414018691588785,-0.35074766355140186,2245.154205607477,-0.01074350807947229,2.3667602288287553,-0.45201136099161704,-32.42340172975724,22.85875142990447,6.190038990493717,-122.97049450070229,-1.175544809230311,-0.0026151144,-0.0020251373520166253
622608,"Senzatela, Antonio",FF,2022,585,94.062904,94.07829059829061,94.01521367521367,3.6438974358974354,10.448410256410256,2132.586324786325,0.008855514847063024,11.27826263348371,-5.092606964527067,-20.298168590481023,26.24417555605512,6.504709280174043,-136.83146950441622,-5.077018026952408,0.010977728,0.010631578572207973
622608,"Senzatela, Antonio",FF,2025,1103,95.79438,95.85911151405259,94.9608340888486,4.440326382592929,11.406745240253853,2229.9102447869445,0.019493085143564653,12.431856129953266,-6.034476840669712,-19.036444581978202,27.68595239359282,6.243846452077439,-138.1923028950019,-5.081499750089376,0.007527041,0.007213589763563291
622608,"Senzatela, Antonio",SL,2025,411,100.45085,100.7956204379562,86.95085158150852,-4.486423357664234,3.2937226277372265,2296.4963503649633,0.0182811601765867,6.118796230284405,3.060202344083526,-28.44776954174613,23.1806575739878,5.357754577261964,-126.57026501647123,-4.766716944227073,-0.0003419463,-0.0010536857575617151
622663,"Severino, Luis",FF,2022,608,98.13717,98.12269736842104,96.27187500000001,7.605592105263158,17.369013157894738,2258.2006578947367,-0.01916696385700009,19.07070474098084,-9.669105658064291,-11.844026655708838,32.27307338719037,5.806882516855171,-139.95518887723568,-6.590433643742309,0.0031568988,0.003083603806517449
622663,"Severino, Luis",FF,2023,508,97.92934,97.99192913385826,96.27716535433072,7.41259842519685,16.01976377952756,2264.7578740157483,0.0356303653237379,17.794270396238243,-9.541256526420455,-13.399871158452752,30.78206217166536,6.397775733647324,-140.0009081221964,-6.1320605026842,0.00344693,0.0032094848849677326
622663,"Severino, Luis",FF,2024,663,97.682205,97.58748114630468,96.19939668174962,6.316742081447964,15.612488687782806,2217.79939668175,-0.011577682107792246,16.962498668047747,-8.33622978931103,-14.00655425812499,31.078717358724877,6.3890681223311105,-139.89860406343124,-5.634355747556342,0.003916281,0.003979171464231875
622663,"Severino, Luis",FF,2025,579,98.29067,98.27910189982728,96.10328151986184,6.958134715025907,16.312746113989636,2281.9775474956823,0.004454851192429845,17.849552350172942,-9.159097608220168,-13.306740641863803,32.99605656777964,6.689510206431153,-139.6840657985002,-5.593376553180741,0.0028379043,0.00278781260386615
622663,"Severino, Luis",SI,2024,411,95.66545,95.13746958637469,95.63357664233577,14.274160583941606,11.562335766423358,2088.1362530413626,-0.00482484813887631,18.46683395790327,-16.85818824854764,-18.547941751753566,30.715754000702784,6.405270860118485,-139.05974081452138,-5.834980680340542,0.007819655,0.008509846093361195
622663,"Severino, Luis",SI,2025,463,96.34967,95.96522678185745,95.71123110151188,14.032224622030238,12.269287257019439,2130.8920086393086,0.02862828587833786,18.747889084593282,-16.798474632286815,-17.884175382460043,31.93102651575716,7.158579748984617,-139.11216920680394,-5.2940187662113996,0.006592442,0.007046951752122552
622663,"Severino, Luis",ST,2025,482,106.89253,106.49585062240664,84.5182572614108,-15.655767634854772,2.366887966804979,2579.792531120332,-0.006682357581080383,16.22097527029253,12.321945168135924,-29.79803343643152,26.388510933975546,3.7090202120178652,-122.98643805354644,-2.601156461030805,-0.013683107,-0.012561850747119758
623167,"Flexen, Chris",FC,2022,514,98.6498,98.7589494163424,87.47431906614787,-6.576420233463035,7.344513618677043,2357.579766536965,-0.0029759173994413873,10.093873351938502,5.513617488760105,-24.522333316926137,25.002043123951832,2.3467150039063354,-127.33599511214042,-5.8124004580393445,0.0016531154,0.0014296139262718176
623167,"Flexen, Chris",FC,2023,427,99.82085,99.80117096018735,87.86533957845434,-7.037564402810304,6.299859484777517,2339.112412177986,0.00307803327837504,9.847354247113735,6.343686344657341,-25.36217170566423,23.195889520550924,0.853974900192297,-127.97728313000768,-6.20572504866989,-8.873992e-05,-4.068918327573707e-05
623167,"Flexen, Chris",FC,2024,583,98.41441,98.52384219554031,87.39794168096054,-7.674236706689537,7.580377358490566,2400.1114922813035,0.011675243080270459,11.085731191010066,6.964583701058062,-24.259494666252163,24.405777790572863,0.06305117189172317,-127.25287207277998,-6.074121582709129,0.0021970712,0.001945330994691577
623167,"Flexen, Chris",FF,2022,627,96.07926,95.8822966507177,91.80063795853269,2.145837320574163,18.898564593301433,2137.840510366826,0.013779228086519078,19.13875185626578,-2.6938726743150303,-11.883890900665929,29.400870434122663,2.4983834605034536,-133.46958136263157,-7.779797798802883,0.0071041365,0.0072620131556615794
623167,"Flexen, Chris",FF,2023,579,94.61589,94.68221070811744,91.90172711571675,0.3749222797927461,16.633160621761657,2115.73402417962,0.036652928630187376,16.764372430229034,-0.6206774190381593,-14.193000266944187,26.868187587094255,1.2271920631036897,-133.75057668888584,-7.252031404457703,0.009687062,0.009244490971532272
623167,"Flexen, Chris",FF,2024,818,94.40795,94.03508557457212,91.32188264058681,1.5855256723716382,18.335354523227384,2144.4902200488996,0.0023835256341629804,18.5359118669646,-1.686572717785197,-12.671913724739806,28.56743276965746,0.5362058637236923,-132.81854517833693,-7.576287678573249,0.010066795,0.010469243212972117
623352,"Hader, Josh",SI,2022,523,99.874,99.85621414913959,97.39330783938814,-8.512887189292542,17.684971319311664,2006.4091778202676,0.018713502995508963,19.748454890446915,11.790728163509689,-11.367910676908396,32.02701578887414,-10.009709680443418,-141.41867294938055,-5.139100189094094,-0.0003544593,-0.0003234901302030825
623352,"Hader, Josh",SI,2023,557,98.06248,98.08258527827648,96.13877917414722,-7.472962298025134,18.77666068222621,2146.7755834829445,-0.013022733787929898,20.28792780424349,10.186855128398264,-10.765940744743792,32.150304462175306,-8.924217402689033,-139.63872454664977,-4.976738594558351,0.0031672537,0.003000972491315149
623352,"Hader, Josh",SI,2024,584,98.01987,97.88424657534247,96.05034246575343,-7.102602739726027,19.41431506849315,2266.3972602739727,0.018976057936639097,20.750976431080094,9.9395241943849,-9.898265373395045,32.577787805000725,-9.603944148149107,-139.41240472661866,-5.979610559174257,0.0032497204,0.0033627801108973305
624133,"Suárez, Ranger",CH,2022,425,103.3087,103.64094117647059,84.87788235294117,-14.761129411764704,6.002258823529412,1526.6870588235295,-0.012237725901619843,16.1485471502295,13.898755678816203,-26.352711760527956,25.16384429633516,-6.55116407816027,-123.37498902617322,-4.451311268726238,-0.0060762917,-0.006259793377797103
624133,"Suárez, Ranger",SI,2022,839,98.56281,97.89141835518474,92.57592371871274,-15.94212157330155,6.557091775923718,1907.6817640047675,-0.004946544812632593,17.416266138957422,17.9261340613959,-24.645855131390828,30.39976306759569,-8.22471750621281,-134.47699611974522,-4.80020602636313,0.0022666326,0.0034697705905340414
624133,"Suárez, Ranger",SI,2023,480,100.52292,99.77729166666667,92.75645833333333,-15.84175,5.940250000000001,1926.8479166666666,-0.0008295899196688601,17.037064960907767,17.581057315875317,-25.30379868292527,29.057544198708698,-6.78207830467479,-134.8772760479443,-4.629659513563288,-0.0016426293,-0.00019000494895119997
624133,"Suárez, Ranger",SI,2024,540,97.30426,96.76166666666667,90.72296296296297,-15.184000000000001,5.144222222222222,1892.325925925926,0.0032230276677032484,16.191439823128484,16.243831769839577,-26.51038630468053,28.701827767568716,-6.894735129997271,-131.8999805797897,-3.9350290070660505,0.0046396004,0.005467748997433097
624133,"Suárez, Ranger",SI,2025,447,96.012535,96.06331096196868,90.00178970917227,-15.815302013422817,4.789798657718121,1987.0559284116332,-0.002419058635840695,16.70899392996964,16.725404169488154,-27.07288287147025,29.633459252195355,-7.439256197535471,-130.78489911883787,-3.297260212579482,0.007246427,0.006858783806243395
624522,"Thompson, Keegan",FF,2022,602,96.45847,96.24152823920267,93.49285714285713,4.3172093023255815,17.15920265780731,2364.355481727575,0.004258868456641652,17.85194998363334,-5.470784539142844,-13.391254595297868,29.264965978957054,4.649018108528868,-136.0280557644441,-5.499854471127423,0.0063763326,0.006594668130883249
625643,"López, Reynaldo",FF,2022,400,98.17375,97.9685,97.05675,7.160399999999999,17.0565,2242.1875,-0.013938580007108039,18.63408068087053,-9.21729288470676,-12.091027437262962,32.619678208447155,5.353320946913713,-141.16312660371943,-5.623275962401002,0.0030861003,0.0033690917097500238
625643,"López, Reynaldo",FF,2023,589,100.56248,100.5,98.27962648556876,8.871850594227505,16.534940577249575,2190.623089983022,0.006007252145694637,18.887731052161858,-11.408663808498083,-12.1030576135098,33.452640039437554,5.46211419871434,-142.9262053069262,-5.985275451068702,-0.001517381,-0.0013629379619321898
625643,"López, Reynaldo",FF,2024,1022,92.62221,92.6692759295499,95.52054794520548,7.505988258317025,16.40794520547945,2075.995107632094,-0.008783263026665187,18.14669409781986,-9.335705673406114,-13.3190881513979,30.55720236024153,5.513115299448126,-138.936673281273,-5.940862653458051,0.013418164,0.012964452153767547
625643,"López, Reynaldo",SL,2024,521,105.05912,105.41036468330135,85.0383877159309,-5.523224568138196,-1.9870249520153551,2359.817658349328,-0.02926498362452718,6.275170892223808,3.8496337061698847,-33.36593002235883,23.62167777266118,4.660891654156736,-123.80305921785023,-3.47351959351699,-0.009886015,-0.010296153947009805
628317,"Maeda, Kenta",FF,2023,402,95.452484,95.17562189054726,90.89726368159204,6.734029850746269,15.033134328358209,2266.741293532338,0.0053599985051890125,16.593335638784122,-7.910245472799873,-16.790635569574164,26.69289418254055,6.501680365755764,-132.23999614889078,-4.004246546856618,0.008112454,0.008344676782528801
628317,"Maeda, Kenta",FS,2023,450,106.40378,106.62933333333332,84.04222222222222,10.8448,0.2005333333333333,1407.4822222222222,-0.024856623744381582,11.160610400122462,-10.191823712599831,-31.549291682414484,21.862537199138615,5.916324689563915,-122.31574568562145,-3.5256405347716293,-0.014508424,-0.014373903419272596
628711,"Urías, Julio",FF,2022,1097,99.31012,98.4841385597083,93.11668185961713,-3.0336918869644487,16.430920692798544,2518.8568824065633,-0.005989129928521001,16.864224504454082,4.08027376628849,-14.358148682990965,27.720153466515885,-4.590450661576696,-135.5374149722088,-5.088229218973691,0.00090530963,0.0024077483869932945
628711,"Urías, Julio",FF,2023,538,95.41914,94.92007434944237,92.55353159851302,-3.7474349442379182,16.762973977695168,2449.1617100371745,0.005484767085631809,17.292301075108828,4.733064279393999,-14.147248175465174,27.90593786999085,-4.464206921243475,-134.6922965093162,-5.545112242989026,0.008175929,0.008814247682254776
628711,"Urías, Julio",SV,2022,703,106.418495,106.8475106685633,80.8398293029872,16.19044096728307,-0.7631863442389758,2910.6415362731154,-0.010128839365551237,16.4074849518674,-12.193273541874632,-32.63044606861224,22.991363040758934,-1.5775363260831499,-117.72744076270014,-1.7446323826337777,-0.011860723,-0.012359895089663862
630023,"Chirinos, Yonny",SI,2023,492,98.54207,97.63069105691058,92.38658536585365,17.054634146341463,7.168780487804878,2029.3455284552845,0.02310505520252635,18.579384471393986,-18.24394294768956,-23.74327227290301,28.836448516069474,4.752346069550636,-134.36252073978685,-6.384194853129148,0.0022310838,0.0038576587882724715
640448,"Finnegan, Kyle",FF,2022,626,97.25383,97.48338658146965,96.99808306709265,11.577891373801917,15.402364217252394,2065.3833865814695,0.0029900426327381198,19.402167094714084,-14.393565740923357,-14.014091846634626,32.0573735535172,6.700243903751598,-141.02974707497202,-5.3025777389162325,0.0048485184,0.004276843865245892
640448,"Finnegan, Kyle",FF,2023,524,96.28435,96.46049618320612,97.21297709923664,10.951603053435115,14.890305343511452,2040.2041984732825,0.0007819382627913467,18.592978316266578,-13.69399726897637,-14.401891909055482,31.062611007717745,6.494466144527079,-141.37525165725586,-5.706707268132868,0.006542848,0.006006665272815587
640451,"Harvey, Hunter",FF,2022,427,100.85785,100.92857142857143,98.26674473067916,9.082341920374708,17.195409836065572,2021.487119437939,-0.017798479490565264,19.52681596491272,-11.907519043724248,-11.160721877222697,32.7144372345741,6.766653067310994,-142.83469348223218,-6.798987868747151,-0.0020697988,-0.002153344172243668
640455,"Manaea, Sean",CH,2022,492,97.430084,98.65711382113821,84.93414634146342,-12.994390243902439,6.860487804878049,1428.729674796748,0.01449103336370589,15.002851656662623,12.673159801969788,-25.926081154831664,24.27179358412237,-8.283492379147084,-123.40101444566534,-2.997793649584089,0.0053831087,0.0028317907390572675
640455,"Manaea, Sean",FF,2022,953,94.11333,94.78142707240293,91.22098635886674,-12.87311647429171,12.891500524658973,2002.1857292759705,0.0006218056399212176,18.38085558329466,14.62794064578722,-19.184188604263227,28.60916332082816,-9.278874480722802,-132.49757650652484,-2.478308413738604,0.010878131,0.009315387077305877
640455,"Manaea, Sean",FF,2023,883,102.041336,101.79966024915063,93.60622876557191,-14.95365798414496,10.642219705549264,2042.9546998867497,-0.0029513132799498963,18.4703280207427,17.27274991267593,-20.651906296830717,28.30493701013351,-8.372571036382439,-136.0828405578855,-3.060816944767466,-0.0042990497,-0.0037346164877911873
640455,"Manaea, Sean",FF,2025,442,95.679634,94.56651583710408,91.77239819004525,-13.617828054298643,10.828778280542986,2035.3212669683257,0.005170795941336173,17.498526698962998,15.907985885276007,-21.272970474009295,29.124683836532732,-11.083397559367143,-133.17543211582986,-1.7048369327214246,0.007741231,0.009573656069730128
640455,"Manaea, Sean",SI,2024,933,97.63891,97.0636655948553,92.3380493033226,-15.503279742765272,9.607202572347267,2024.032154340836,-0.004960991686820095,18.34663188044833,17.764365702476418,-22.288397005711598,28.518505377052872,-10.142881049246443,-134.0876735288862,-1.9086771828043347,0.003986776,0.004903965490329921
640455,"Manaea, Sean",ST,2024,412,99.56821,99.91334951456311,77.6614077669903,13.123980582524272,1.26,2159.893203883495,-0.011930957060173695,13.476188908114727,-8.43806862053371,-31.34914228476652,21.281999404747,-4.5283277771976955,-112.99984034124985,-0.5896021414065095,0.0018594515,0.0010923488262187813
641154,"López, Pablo",CH,2022,706,106.556946,106.68427762039661,87.46118980169972,17.12957507082153,3.3061189801699715,1957.8215297450424,-0.014654286715215242,17.60512219129702,-16.975393443188505,-28.61577906524978,26.568409223906844,7.271051027305476,-127.12286197935623,-3.6080315522243644,-0.0124136405,-0.011808407174514443
641154,"López, Pablo",CH,2023,429,102.98718,103.07529137529139,88.26573426573427,16.41874125874126,5.843076923076922,2065.034965034965,0.0038403863789168878,17.538662031054326,-16.54585890078425,-26.104509715798535,25.496092559664234,6.932529805125495,-128.3583882349651,-4.204506297812184,-0.00544788,-0.0052776996621165875
641154,"López, Pablo",CH,2024,433,102.97945,103.00739030023094,88.47251732101617,17.217367205542725,6.671501154734411,2111.9006928406466,0.005171344527590124,18.569062729134835,-17.191712637957817,-25.273514372139804,26.8268605820382,6.076942600792416,-128.65851527133566,-4.385983549103301,-0.0054220213,-0.005136765948813823
641154,"López, Pablo",FF,2022,753,93.94143,93.94262948207172,93.42908366533865,4.29593625498008,13.138645418326693,2187.464807436919,0.007650183858067779,14.050655342323806,-5.854261680089931,-17.87735149323747,29.078113923426862,6.40906259670281,-135.9171756954555,-3.997530011950038,0.011208774,0.010884791977878895
641154,"López, Pablo",FF,2023,711,98.720955,99.0054852320675,94.77791842475388,4.909535864978903,14.154092827004218,2246.5443037974683,-0.0025604335456461775,15.12256530800783,-6.505349574581594,-16.356317108950016,28.858600179604107,5.985598232815804,-137.93145174353793,-4.145374713803567,0.0019532978,0.0013628723590237378
641154,"López, Pablo",FF,2024,873,98.39874,98.79679266895762,94.96953035509736,5.845360824742268,14.799175257731958,2212.421534936999,-0.004313313570929827,16.037255055032656,-7.434883930251163,-15.593331718499243,30.290327784629277,5.372487791404734,-138.19037960652983,-4.3456384852734145,0.0025751272,0.0017681422224716777
641154,"López, Pablo",FF,2025,439,96.67175,96.901138952164,94.49316628701594,6.575398633257403,14.255398633257403,2160.760820045558,-0.005175905688342523,15.807955629667667,-8.300959400161304,-16.391507372828155,30.603029701474338,6.100326718065043,-137.4577197908584,-4.079613500831345,0.0058792224,0.005308203955591827
641154,"López, Pablo",ST,2023,437,106.46499,106.72425629290618,84.35377574370709,-13.538855835240273,-0.6310297482837528,2494.890160183066,-0.006498159917627617,13.905142096084761,10.533518387154777,-32.58345313166175,24.674178486934768,4.206521714478388,-122.7952784451713,-1.615259682368363,-0.012794824,-0.013168681837477074
641154,"López, Pablo",ST,2024,504,106.29246,106.22916666666667,84.46249999999999,-12.445238095238095,-0.13357142857142856,2449.7619047619046,-0.004656918063250725,12.929116124952127,9.674753656999085,-32.148122331878135,25.63642744464592,3.7883083353290816,-122.93979637311023,-1.6779810637603052,-0.012364804,-0.012018351854056806
641302,"Alexander, Tyler",FC,2022,412,94.70024,94.42184466019418,85.4861650485437,3.8298058252427185,9.239708737864078,2348.9053398058254,-1.3515214716911538e-05,10.33171675957605,-2.5402045776138684,-23.825679169067364,22.69943504216252,-4.270289459032774,-124.5179643738727,-2.4263551689939264,0.007875143,0.008024680879773122
641329,"Baker, Bryan",FF,2022,447,100.690384,99.95257270693513,96.37561521252796,2.5900671140939595,18.061476510067116,2337.536912751678,-0.007257458973822763,18.3609635297577,-3.400617831674204,-10.755779552000263,32.34422652325704,2.3272681500907986,-140.14320354878984,-7.873066419840591,-0.0017438944,-0.00033169478970425777
641360,"Bickford, Phil",FF,2022,527,99.58938,98.39791271347248,94.00170777988615,4.561593927893738,15.55787476280835,2355.187855787476,-0.003473949140376348,16.361326281481844,-6.3998894105176385,-15.367450653394817,28.956459566749924,7.630281589355335,-136.7138265904039,-3.215539676502567,0.00036811535,0.0025699141626075693
641360,"Bickford, Phil",FF,2023,651,100.13702,99.3952380952381,93.76958525345623,5.863410138248848,15.926082949308755,2360.7496159754223,-0.004154001707203127,17.119063534094707,-7.822290462593248,-15.229771486094753,29.794765158679343,7.810639851331205,-136.34511996520192,-2.515006541090626,-0.0007110638,0.0006529520123630476
641482,"Cortes, Nestor",FC,2022,441,98.3415,97.76462585034012,86.91655328798186,4.70312925170068,8.582585034013606,2361.718820861678,-0.012626790324833275,10.101054494828254,-3.5098485666287305,-24.147056009393776,23.877616883542867,-3.735024340095421,-126.60939499555326,-2.355034283094552,0.0021431416,0.0029416191080134753
641482,"Cortes, Nestor",FC,2024,588,98.241325,97.96938775510205,87.41972789115647,4.55469387755102,8.608367346938776,2417.331632653061,0.0003814695139701185,10.073739463946431,-3.5318948379584523,-24.0216928025023,24.74396467230909,-3.000781832196759,-127.34243716916846,-2.31138712738497,0.0024786696,0.002803850174994146
641482,"Cortes, Nestor",FF,2022,693,99.137085,98.20721500721501,91.94141414141414,-4.179740259740259,19.67965367965368,2263.835497835498,-0.01740511099470861,20.22523183387725,4.92151956809074,-11.541183400726782,29.400062193773994,-3.357429878331412,-133.77573211131784,-5.3555113370745415,0.0012374886,0.0029295310196332663
641482,"Cortes, Nestor",FF,2023,530,96.57453,95.78867924528302,91.53716981132075,-4.043094339622642,19.51290566037736,2269.681132075472,-0.003965266832051145,20.05095732281402,4.697489061800721,-11.8457616859016,29.874914848820254,-3.1345512515545337,-133.1575598720135,-5.6508786914436815,0.0059952196,0.007227435693556895
641482,"Cortes, Nestor",FF,2024,914,98.36586,97.5382932166302,91.98533916849016,-4.801838074398249,19.18621444201313,2310.6477024070023,0.0022491363734583637,19.893095992910048,5.462389132955669,-11.988351376204497,30.16263177274029,-2.9434757309488666,-133.8203706581317,-5.559470906717426,0.002639033,0.004071019699744597
641540,"Dunning, Dane",SI,2022,728,95.61127,95.67376373626374,89.52239010989011,15.86010989010989,5.723241758241759,1999.0796703296703,0.002365820996367234,17.058904304121906,-16.811335788847536,-26.317558040022796,28.10594137857007,8.589567651034166,-130.0441646973244,-2.9631601541081247,0.008140861,0.007739138878435127
641540,"Dunning, Dane",SI,2023,621,97.09308,97.05764895330113,91.01127214170693,14.401545893719808,7.8307246376811595,2055.0531400966183,-0.015402991046082663,16.589094808283452,-15.972446043845533,-23.995442091555226,28.117174568226723,8.832036578182038,-132.2331735136517,-3.2694552903102903,0.0050639748,0.004936199745733483
641540,"Dunning, Dane",SI,2024,500,94.7796,95.1592,89.6742,14.80608,7.12272,2088.474,0.0030159494168114837,16.577280536801982,-15.831317752678837,-25.004788574545252,27.915490237848065,8.449570420961418,-130.2860903511058,-2.8497391899568885,0.00954268,0.008467643410856361
641540,"Dunning, Dane",SL,2022,491,100.499596,101.47413441955194,78.87169042769857,-6.90989816700611,-4.303625254582484,2074.5560081466397,-0.0005407963158760577,8.642375519888569,3.9427383295594423,-35.282856799182795,22.45579533303614,5.604913709018763,-114.70727821934669,-1.3883796572164653,-0.0005311435,-0.002472753589878443
641540,"Dunning, Dane",SL,2023,448,101.58348,102.00714285714285,81.89464285714287,-2.9874107142857147,-1.6170535714285716,2358.015625,-0.010842580445836816,4.085795454976144,1.1592926957363,-33.274872587533274,22.488530993037482,6.362408749878644,-119.13822164302776,-1.8480586370582286,-0.002748031,-0.0035175816871725048
641585,"France, J.P.",FF,2023,785,97.604836,97.35643312101911,93.00522292993631,1.3858853503184714,15.465630573248408,2430.60127388535,0.0036951938517387935,15.811910633589099,-2.303459222744106,-15.602620674532181,29.207924342084503,4.115871656878684,-135.37670752121684,-4.211470169831884,0.0040575294,0.004367362123407087
641712,"Hudson, Dakota",SI,2022,682,95.93226,96.18577712609971,91.8982404692082,12.220117302052786,5.951788856304985,2057.4780058651027,0.005048923633568045,13.799425300659296,-13.517750420099016,-25.31333016248447,27.160991755494592,6.143742667940763,-133.6858350761801,-5.124303493345933,0.0075046066,0.006759282929428044
641712,"Hudson, Dakota",SI,2023,410,94.21634,94.58317073170731,91.78243902439026,12.485853658536586,7.112487804878048,2060.609756097561,0.009193900898191396,14.524445103243279,-13.88602623249029,-24.04438405134851,27.108181981683718,6.869381137263886,-133.45755716408925,-5.802489412818426,0.0106823975,0.009598694674191376
641712,"Hudson, Dakota",SL,2022,502,98.296814,98.64880478087649,87.5820717131474,-0.5230278884462152,4.565019920318725,2375.360557768924,-0.014960444000430338,5.307709696342933,-0.6687600445972018,-27.19014133904381,24.936559293526752,5.745803316491623,-127.4292440149302,-4.56670184768001,0.004067854,0.0032564110793843843
641729,"Jiménez, Joe",FF,2022,548,102.98833,102.72445255474453,95.71770072992702,10.354160583941606,18.51832116788321,2459.3120437956204,0.0076644362763045315,21.292575730003833,-12.988482133706903,-10.942017956910131,32.059549559759304,7.887530743241196,-139.03859991123076,-6.189993972886663,-0.0061542504,-0.005500773236218623
641729,"Jiménez, Joe",FF,2023,440,100.19341,99.72272727272727,95.18886363636364,9.184909090909091,18.06681818181818,2434.5977272727273,-0.0009231308866322382,20.342080033362166,-11.569755188771381,-11.5744446571463,30.740546786151924,7.837403580572771,-138.2939367108852,-6.4430220296164595,-0.0008210487,5.53144675911537e-05
641745,"Keller, Brad",FF,2022,597,93.62177,93.66733668341709,94.49798994974874,-2.405829145728643,12.985728643216081,2407.8978224455614,0.00912341739363892,13.398666201867862,1.7786824216934511,-17.302664908510113,27.640954305767984,3.943996735677509,-137.57355208220253,-5.969599869157852,0.011819935,0.011391678723650009
641745,"Keller, Brad",SL,2022,574,103.81411,103.88763066202091,86.87909407665505,-5.749337979094077,-2.5018118466898955,2541.2839721254354,0.004396147041444939,6.6469038558591444,4.606614011536723,-33.71366262566564,24.6187599898022,2.8183778032809252,-126.51207127733944,-4.506191451813606,-0.0074579194,-0.007357765191621514
641755,"Kinley, Tyler",SL,2024,566,102.35671,101.72632508833922,89.47597173144877,0.027137809187279146,5.379858657243816,2616.4982332155478,0.0005913561586391995,6.05077025333449,-0.6503342180420618,-26.01195605494946,24.112759027283555,3.3328140815585243,-130.26664224135027,-6.37478089888183,-0.0042720297,-0.0028685750867977126
641755,"Kinley, Tyler",SL,2025,643,104.011665,103.54821150855365,87.28273716951789,-2.1185692068429236,2.40149300155521,2554.363919129082,-0.004300383851253058,3.902715912761132,1.4215933609789948,-29.197239042196017,23.129378772713864,2.7890619937009107,-127.14171390266497,-5.216950667358063,-0.007895231,-0.006708519045790895
641771,"Kuhl, Chad",SI,2022,674,92.432045,92.45,92.73635014836796,14.275905044510386,9.744391691394659,2118.685459940653,0.0300068758266496,17.487883944357275,-16.295453574973504,-21.57281013607263,28.19693170794716,8.356769260539561,-134.78379690239566,-3.989562753562295,0.01448142,0.013958680725097813
641771,"Kuhl, Chad",SL,2022,601,100.157234,100.5522462562396,86.5089850249584,-3.1172046589018305,1.6486522462562396,2547.4608985024956,-0.02144873347491096,4.5671715676623545,1.678597134746103,-30.349942637732486,23.200391540648614,5.882609690282123,-125.94372658702656,-2.658775728436614,0.00017985768,-0.0005985239840403267
641778,"Lauer, Eric",FC,2022,442,94.97353,94.23868778280543,89.66990950226244,-0.3304072398190045,10.668054298642533,2257.8054298642533,0.0024703038895312625,11.09648460275902,1.3212800709153574,-21.289285407265048,25.421230349430754,-4.879505899110904,-130.54494951142536,-4.088288564825321,0.0074433023,0.008305407678739156
641778,"Lauer, Eric",FF,2022,904,98.4625,98.33019911504425,93.34535398230088,-9.795265486725663,16.985176991150443,2281.8561946902655,-0.013070927518761113,19.709717419455227,11.311193083725646,-13.676854935832685,30.277391168805153,-5.529174111671082,-135.73712154521286,-5.413735612106449,0.0025302926,0.002694710816044187
641778,"Lauer, Eric",FF,2025,580,92.09328,92.325,91.60948275862069,-8.579172413793103,15.866896551724137,2245.4758620689654,-0.012518536201596448,18.15354576117719,9.718549630906509,-15.549989693362082,28.68806058566504,-5.555546761116026,-133.24548837145508,-4.950255811579503,0.014476658,0.013670710796943684
641793,"Littell, Zack",FF,2024,431,94.86265,95.14222737819026,92.5092807424594,7.005661252900232,16.86570765661253,2027.048723897912,-0.0032034236187411845,18.36503454218061,-7.597292454486582,-14.163382850679943,29.85739421197208,2.289891029809399,-134.6344580787175,-5.2407550484766325,0.009207669,0.008444124355442034
641793,"Littell, Zack",FF,2025,458,94.25655,94.42117903930131,92.16812227074236,7.253711790393012,16.1282096069869,2004.938864628821,-0.012070088539439191,17.805379301235046,-7.906667445211158,-15.134749264445475,29.694841899324764,2.769122144903859,-134.14181710636606,-4.754253236923615,0.010418456,0.00984114072880661
641793,"Littell, Zack",FS,2024,460,110.58413,111.63717391304347,83.07695652173913,8.735478260869565,1.3492173913043477,847.604347826087,-0.008841191957709583,9.657770786854636,-7.585993590496131,-30.38989956382659,25.562265932932345,2.3103019810497853,-120.86896434709608,-4.319347734026564,-0.023964314,-0.025542116498144127
641793,"Littell, Zack",FS,2025,533,107.46004,108.23470919324578,83.44953095684802,11.680750469043153,-1.0482551594746716,1101.7317073170732,-0.015988252216933133,12.321354387948242,-10.289010187678405,-32.594934873978936,25.373600980293826,3.271198642404808,-121.43537755194531,-3.1084469322691666,-0.016682455,-0.017905367096968612
641793,"Littell, Zack",SL,2024,682,100.248535,100.38607038123168,86.68079178885631,-2.531436950146628,7.084046920821114,2256.9956011730205,0.005677875542102869,7.824584841098376,1.8511924864279632,-25.27590899323617,25.529483178013237,1.9235499299360317,-126.22090927495161,-3.8900869327335226,0.00010442655,-0.00016782259010408537
641793,"Littell, Zack",SL,2025,569,99.25624,99.31335676625659,87.27732864674869,-1.3851669595782072,7.23859402460457,2198.650263620387,0.015167475616167707,7.74818444269456,0.761406016687602,-25.09332553157865,25.372849806727924,2.356800646431528,-127.10633972848376,-3.622869432875301,0.0021891315,0.0019928345950389614
641816,"Mahle, Tyler",FF,2022,925,100.73621,100.42237837837837,93.06097297297296,10.285102702702702,18.022702702702702,2288.023783783784,-0.0009571202860231956,20.839734368563487,-12.073611800520984,-12.967584933644895,29.578778735645287,7.063917119310847,-135.3052486802813,-4.312082653709416,-0.0018294409,-0.0012084596584039094
641816,"Mahle, Tyler",FF,2025,549,98.779236,98.66994535519126,92.01020036429873,10.821857923497268,18.437158469945356,2331.781420765027,-0.005386709694110687,21.448672366953787,-12.332547602397899,-13.11332080554319,31.028805279869587,6.751116510275209,-133.73676287167783,-3.991477072991784,0.0019295546,0.002072371991815983
641816,"Mahle, Tyler",FS,2022,435,101.516785,101.99816091954023,85.30574712643678,14.354206896551723,9.807448275862068,1892.664367816092,0.0035609134387564333,17.62664498701986,-13.562290479703334,-23.073764934325187,23.92213409132008,6.091327721967824,-124.07079743712089,-4.156165287500565,-0.0025028898,-0.003470659304500757
641835,"Mayza, Tim",SI,2023,432,99.23403,98.24583333333332,93.29166666666667,-16.288055555555555,8.2075,2055.314814814815,-0.011943943875493591,18.34563793445724,18.21742738709222,-22.57763704906963,29.69739422390124,-6.73454219516911,-135.585685064112,-6.1036916798969285,0.0008753583,0.0026949955316709078
641835,"Mayza, Tim",SI,2024,401,97.07632,96.62443890274315,92.55635910224439,-15.64279301745636,8.552319201995013,2054.6733167082293,0.0009916534637062963,17.940990698777572,17.253883640578206,-22.371990492585546,29.81289450656643,-6.520916753480906,-134.51691353587202,-6.021867593989209,0.0050815465,0.005723688497736435
641927,"Ober, Bailey",CH,2023,459,100.77821,101.12592592592593,83.7599128540305,17.565751633986928,5.672941176470588,2081.4270152505446,-0.014360701401880543,18.57039776074172,-15.71370274911792,-27.036072096277547,24.116112864136724,5.783697477291116,-121.8217340991128,-3.1626688215918697,-0.0010762285,-0.0016389618141796855
641927,"Ober, Bailey",CH,2024,494,103.49433,103.69554655870445,83.27975708502024,17.145425101214574,5.698542510121458,2038.7165991902834,-0.013352991745300514,18.235078110124967,-15.13887489630926,-26.860102437711515,23.791484658130276,5.490939417763846,-121.11510320929898,-4.271571507833929,-0.0064477995,-0.006418234263727224
641927,"Ober, Bailey",CH,2025,465,103.71312,104.21225806451612,83.33569892473118,17.64,5.6242580645161295,2031.9505376344086,-0.017693217115379852,18.63617840657611,-15.590090354692471,-26.91686952050173,24.529417605782736,5.664504832440721,-121.16540343364422,-4.179665320341581,-0.0070095197,-0.0075544764302215035
641927,"Ober, Bailey",FF,2022,419,100.210266,100.14057279236278,91.52028639618139,8.545775656324581,17.48305489260143,2300.6491646778045,0.005492540667077605,19.574114462164527,-9.753557992055592,-14.264229155609241,29.60044640322357,5.914679253946616,-133.10427390401287,-3.7450485334888826,-0.0008231026,-0.0006809395263878001
641927,"Ober, Bailey",FF,2023,806,100.38524,100.3590570719603,91.39354838709677,7.600496277915632,16.705905707196028,2312.779156327543,-0.0069838644768018205,18.463968297124868,-8.60881796864599,-15.084081126388229,27.908181570386038,5.110924421619601,-133.0178403482549,-3.455114328930148,-0.0011805587,-0.0011065119513887537
641927,"Ober, Bailey",FF,2024,719,99.117805,98.85549374130738,91.65716272600835,7.968400556328233,16.86876216968011,2296.5340751043113,0.011437588925749123,18.760823974407295,-9.059232477585796,-14.583362651964693,28.27803021790419,5.319295987120648,-133.34832249578147,-4.660661902169227,0.001222559,0.0016607415319496663
641927,"Ober, Bailey",FF,2025,589,95.493546,95.44770797962649,90.39999999999999,8.200747028862478,16.69283531409168,2288.5331069609506,0.007976623410478547,18.725795310805466,-9.00482643533805,-15.301520062361691,28.17267269754241,5.017637206550864,-131.51521957145394,-4.392455225379327,0.008093721,0.007966672164185562
641941,"Pagán, Emilio",FF,2022,422,100.26375,100.31398104265404,95.56540284360189,5.032322274881516,18.474597156398104,2512.362559241706,-0.008036037463766278,19.30457667488782,-6.600136229790035,-11.203999025576023,31.564063306576276,5.090981954149524,-139.00523732003882,-5.4117178512780555,-0.0009232096,-0.0010048010599189039
641941,"Pagán, Emilio",FF,2023,450,101.212,101.51777777777778,95.67599999999999,7.215466666666667,17.8824,2556.617777777778,-0.010716518317486776,19.396506433624957,-9.143894681901044,-11.794676688259754,30.846024618259424,5.945057278083289,-139.1575881955529,-5.350824043382848,-0.002737122,-0.0032233276428422154
641941,"Pagán, Emilio",FF,2025,423,101.92411,102.38534278959811,95.80047281323877,6.728510638297872,18.28822695035461,2611.082742316785,-0.015238298876221489,19.57972703868817,-8.493486293643535,-11.394074362680751,32.41961737865081,5.162903294602886,-139.3371923384091,-5.081126873089444,-0.003978278,-0.004719084277852252
642207,"Williams, Devin",CH,2022,432,107.53101,108.30833333333332,83.38310185185185,18.941666666666666,-2.973333333333333,2734.011574074074,-0.0033161250520799936,19.290299059184253,-17.108568663686487,-34.4963639223744,24.962920018790882,7.899158198774124,-121.12658597924485,-1.516907059889116,-0.014306686,-0.014768334321676489
642207,"Williams, Devin",CH,2025,403,107.70869,108.27642679900745,83.71538461538462,19.160397022332507,-4.692506203473945,2742.650124069479,-0.010966254517201764,19.93009989340455,-17.66139221150192,-36.021545649640046,25.740760791398838,9.065597677418156,-121.50532979722111,-0.9346427979934154,-0.015215433,-0.01540044574771631
642397,"Soto, Gregory",SI,2025,413,99.78717,99.01404358353511,96.78280871670702,-17.71961259079903,8.611525423728814,2302.5714285714284,0.01638661765856972,19.781748174487706,21.561346588756216,-21.7240846707355,32.05098021602041,-8.70750674087267,-140.60524760457153,-4.847345348558006,-8.868128e-05,0.001329608311346541
642545,"Barria, Jaime",SL,2022,416,98.87861,99.15697115384616,85.25192307692308,-4.082307692307692,5.390480769230769,2191.269230769231,0.013353957746282393,7.380727598549092,2.6680023721893087,-26.75451150015624,24.15898657830452,4.317814061847119,-124.075582242552,-4.843845956811941,0.0028534585,0.0022261096377056426
642545,"Barria, Jaime",SL,2023,536,100.755226,100.94794776119403,85.97574626865672,-3.58410447761194,5.406492537313433,2153.570895522388,0.00898270292463752,7.402719107352821,2.217733047436086,-26.63360346128643,24.857962755518898,4.464172641684383,-125.11486861028487,-4.791392707515308,-0.0010223669,-0.0013678079137884737
642547,"Peralta, Freddy",CH,2025,519,101.96667,102.70867052023122,88.94142581888246,16.67121387283237,3.660578034682081,1923.4624277456646,-0.013057803970682255,17.1920796614887,-17.773255649570714,-28.34500627503224,27.30447235197709,10.75198168506751,-129.0451072768012,-2.880572235109179,-0.0034268338,-0.004642292993076568
642547,"Peralta, Freddy",CU,2025,406,99.054184,98.92980295566502,78.81256157635468,-5.559901477832513,-5.875862068965517,2335.783251231527,-0.012543137493878682,8.354634039298656,2.8192199746725164,-36.49820552090607,21.19084981237536,6.648412915807773,-114.60707407105059,-0.7913561517742939,0.0025913415,0.0028006526013369952
642547,"Peralta, Freddy",FF,2022,558,96.218994,95.85519713261648,92.39641577060931,8.798924731182796,16.40430107526882,2344.1290322580644,0.0012719095579254308,18.75580059988537,-10.612448296634867,-15.251106995750135,29.718387549729986,7.877847702813603,-134.3055146774715,-2.6792670851239135,0.0068394784,0.007313541136522625
642547,"Peralta, Freddy",FF,2023,1244,99.90233,99.27636655948554,94.50369774919615,6.767266881028939,15.409967845659164,2412.354501607717,-0.0041749215807204716,17.00708974785844,-8.991425306519416,-15.427942989084375,30.11842885863473,8.303497965719414,-137.38302425520968,-2.9708157188362048,-0.0002719857,0.0008674233996458934
642547,"Peralta, Freddy",FF,2024,1175,99.614296,99.15906382978723,94.40868085106382,6.59336170212766,16.5936,2428.507234042553,0.004756590001064967,17.997621921561098,-8.71878847571707,-14.077267141396955,30.811760839119632,7.822591120849605,-137.2352272562176,-3.647762313630095,0.00028860816,0.0011091170546029096
642547,"Peralta, Freddy",FF,2025,1313,100.27243,100.08134044173647,94.7991622239147,4.574166031987814,16.65998476770754,2441.727341964966,-0.011767891973902496,17.41399615029273,-6.946282614848751,-13.813677568183461,31.263257699314657,9.236586692099516,-137.70518024166697,-3.9506302159081823,-0.0008783756,-0.0005081926858874049
642547,"Peralta, Freddy",SL,2023,545,102.78202,102.67174311926605,82.43614678899083,-7.409174311926606,2.5281467889908256,2338.0256880733946,0.0037147449625647647,8.805436571186448,4.737884845755572,-30.034866523812322,22.8405817023087,6.134732591032977,-119.94412199086872,-1.6216685103599096,-0.0052589965,-0.004860316719413578
642547,"Peralta, Freddy",SL,2024,478,100.99226,101.13849372384936,81.88828451882844,-6.75489539748954,2.41581589958159,2331.3870292887027,-0.004206601271695445,8.222252609843983,4.076864668825678,-30.070370508572136,22.60449012427927,6.472582885470984,-119.11956767832463,-1.877391248777338,-0.0014373373,-0.0016840041351138015
642585,"Bautista, Félix",FF,2022,433,103.536255,104.24780600461895,99.06789838337183,7.1448498845265584,19.841570438799074,2345.6651270207853,-0.012224916024053309,21.202481891309827,-8.915323285412287,-7.12538243625399,33.27276224786725,2.720692214897002,-143.95231233877053,-9.855063226129044,-0.0071997675,-0.008340077417939405
642585,"Bautista, Félix",FF,2023,497,107.05915,106.09758551307847,99.36599597585513,6.897464788732394,20.50744466800805,2423.2193158953723,-0.0010707046149671358,21.75009921351121,-8.499934805168587,-6.181434510074009,34.16102492920319,2.0444426576587964,-144.38446903617307,-9.817536592653402,-0.013753111,-0.011567329374083748
643511,"Rogers, Tyler",SI,2022,492,102.60895,102.8790650406504,83.16727642276423,1.3753658536585365,-13.114146341463414,1935.3353658536585,0.0031183929503569917,13.362916130746276,-2.880574961099489,-45.27055557653449,23.27246772344878,9.125572550519808,-120.15519047996845,11.029625187259981,-0.0058062403,-0.0061512611300386195
643511,"Rogers, Tyler",SI,2023,410,102.25976,101.8829268292683,82.72926829268293,-0.0046829268292683,-11.647609756097562,1920.041463414634,0.004338530592720431,11.905291424390352,-1.6505157184106907,-43.897760675384966,22.63004560826525,8.708741289392389,-119.56120801764317,11.035477671194188,-0.005038168,-0.004161726294448557
643511,"Rogers, Tyler",SI,2024,505,101.46139,100.86158415841584,82.37663366336633,0.9695049504950496,-10.683564356435642,1952.409900990099,-0.02811547340401959,10.951174107300163,-2.398312984052757,-43.07828699945216,22.340520960138424,8.655555513403225,-119.05442968425817,11.049018489403299,-0.003433592,-0.0022168416607134945
643511,"Rogers, Tyler",SI,2025,500,102.7494,100.9438,83.4328,1.59168,-12.9252,1974.008,-0.014579502352475193,13.197073668466324,-3.0174003756916106,-45.154308916789866,24.293678771226286,8.577770164153701,-120.60409068565991,10.63110188507745,-0.005839682,-0.002290290848450826
643511,"Rogers, Tyler",SL,2022,440,103.50386,101.73727272727272,72.07522727272728,-13.888636363636364,14.36890909090909,2291.1568181818184,-0.004851766899579072,20.13703136338896,7.179392762237045,-25.269708560712996,18.975671165208578,6.6665497232077575,-104.34204353858102,8.122733138540124,-0.006805051,-0.003003622884047497
645261,"Alcantara, Sandy",CH,2022,661,107.38184,106.1875945537065,91.81225416036308,16.90874432677761,3.7686535552193643,2060.768532526475,-0.02790544856562025,17.44355155809207,-18.422427662039567,-27.404890935237603,29.186748923525872,7.359210394313263,-133.41903876166276,-5.469957903225671,-0.014010953,-0.010901436261233823
645261,"Alcantara, Sandy",CH,2023,693,107.38961,106.45930735930736,91.0988455988456,16.376796536796537,3.636017316017316,1963.2611832611833,0.0010757044864146822,16.931833280961246,-17.445405739732323,-27.675197359321835,28.126795686558708,6.463756918324042,-132.4517545607036,-5.219236412902082,-0.014171032,-0.011581312979734644
645261,"Alcantara, Sandy",CH,2025,544,106.835846,105.9952205882353,90.34283088235294,17.463308823529413,4.729411764705882,2081.2408088235293,-0.00246697666094553,18.22075526071847,-18.115895619969837,-26.685282062818608,28.754957040419274,5.952132797426828,-131.34678167163838,-5.129015738146256,-0.013418429,-0.010991007307673618
645261,"Alcantara, Sandy",CU,2025,433,100.66975,100.10415704387991,85.41108545034642,-2.735612009237875,-1.552794457274827,2438.198614318707,0.010450840750521422,3.973536403353481,1.5394218268868856,-32.985760646824566,24.187796599885623,4.208624580773828,-124.3359967956573,-3.589783703586147,-0.0007881808,0.00037626967658363426
645261,"Alcantara, Sandy",FF,2022,583,101.271355,101.46929674099485,97.98130360205832,12.103327615780445,13.946140651801029,2194.9142367066897,-0.008882758442846184,18.548475188690322,-15.588464249448183,-15.366189059660885,34.34865452563201,8.000093163341836,-142.3614133388616,-5.1681262445885405,-0.0028594593,-0.0031603549894962213
645261,"Alcantara, Sandy",FF,2023,516,100.28857,100.86104651162792,97.96279069767442,11.873023255813955,13.59581395348837,2254.422480620155,-0.003266125990563421,18.143566013219274,-15.164592507295149,-15.76373590127024,33.628808530428316,7.347480676831756,-142.39591555467544,-5.1411656808379895,-0.00099767,-0.002024795004613094
645261,"Alcantara, Sandy",FF,2025,479,98.080795,98.28977035490605,97.53987473903966,14.260459290187892,12.615782881002088,2289.1106471816283,0.013510604018957184,19.142421946821443,-17.596780751778038,-16.952424158403293,34.44503333557917,6.80230373396327,-141.7609130895162,-5.324702018872604,0.0032377827,0.002767718320622491
645261,"Alcantara, Sandy",SI,2022,617,101.97115,101.44019448946516,97.83517017828201,17.76680713128039,7.54288492706645,2290.256077795786,-0.019834477615877186,19.39826092326185,-21.91597026986978,-22.516675617760345,33.3674387497357,7.972511079305057,-142.15678828751615,-5.611248273033034,-0.00453121,-0.0033765188114336484
645261,"Alcantara, Sandy",SI,2023,733,100.37216,100.3088676671214,97.62742155525238,17.589577080491132,7.458826739427012,2330.1391541609823,-0.005003558646197693,19.212982692971913,-21.57827281690661,-22.631620527193757,32.59754235414794,7.7948446206618796,-141.87626470586895,-5.779950971626422,-0.0013483926,-0.0011951854302985963
645261,"Alcantara, Sandy",SI,2025,503,100.18926,99.60397614314115,97.14711729622266,17.853280318091453,8.010178926441352,2313.852882703777,0.011846109139614928,19.64692711076991,-21.610420521505176,-22.1385669437623,33.677512619871145,7.511067753919013,-141.159764949297,-5.531505932573024,-0.00086565374,0.00022205381415288
645261,"Alcantara, Sandy",SL,2022,492,102.58761,102.26280487804878,90.02865853658537,-0.2580487804878049,3.352682926829268,2352.8028455284552,-0.014985766062798816,4.254892574470325,-1.0072354143366644,-28.123666330781028,27.958074799133755,5.6802135046221425,-130.95422763792945,-4.732021018586077,-0.0048957416,-0.004068481463881775
645261,"Alcantara, Sandy",SL,2023,507,102.39526,102.32268244575937,89.89802761341224,-0.5389349112426036,4.124970414201184,2365.7613412228798,0.005434714532870204,4.8386672505781885,-0.6092002648303269,-27.3629088968316,27.08378857601898,5.264924214724214,-130.8018028159411,-4.816011050118082,-0.004442482,-0.0041554282597404705
647336,"Soroka, Michael",FF,2025,575,98.93078,98.99426086956521,93.45704347826087,9.297808695652174,15.296139130434783,2526.288695652174,-0.0021344740631351325,18.016410723957424,-11.482075880239119,-15.603009563065786,29.487907446727096,8.590869974497222,-135.79475978831132,-4.431697306593871,0.0016408189,0.0014815098470061646
647336,"Soroka, Michael",SL,2024,429,101.86667,103.06456876456876,81.76713286713286,-5.424615384615384,-4.057622377622378,2816.1491841491843,-0.007820875087334344,7.118055921377179,3.136276655902869,-35.05625382056677,22.204761494851393,6.122029561481974,-118.95992596749551,-2.67062654887263,-0.0032512739,-0.005565115775210155
650556,"Abreu, Bryan",FF,2024,435,96.645515,96.75356321839081,96.62574712643678,5.988965517241379,16.669241379310346,2356.671264367816,0.006690729224996569,17.830685422160435,-8.211392976582331,-12.783087118376399,32.716116183000864,7.0018499748381196,-140.44271539271853,-5.292082744925057,0.0058691334,0.005497710053364158
650556,"Abreu, Bryan",FF,2025,432,98.88727,98.76574074074075,97.32060185185185,6.598055555555556,16.707222222222224,2316.3703703703704,-0.021478859257508944,18.05508292121792,-9.319133029963648,-12.603478770363196,35.16035943259625,8.026381705526068,-141.36137171936468,-4.861386030224399,0.0017243391,0.0018980765277354335
650556,"Abreu, Bryan",SL,2023,509,108.28213,107.48821218074656,87.38664047151278,-9.13909626719057,-3.5891552062868373,2907.2829076620824,-0.02270158973035232,10.408302745914092,7.177337119961946,-35.08319759799298,27.182109286135002,4.849057877412459,-127.15654996970673,-2.3282564828508736,-0.016764525,-0.01462302254931905
650556,"Abreu, Bryan",SL,2024,489,106.84294,106.55501022494887,86.12617586912064,-8.02159509202454,-5.954355828220859,2912.2269938650306,-0.011803945117915863,10.342870882256353,5.952669032195047,-37.10520837541748,26.8318866188108,4.854741059318666,-125.30632980431653,-2.05450096212793,-0.013590694,-0.012598018465414789
650556,"Abreu, Bryan",SL,2025,438,107.97808,107.75707762557077,86.49566210045661,-8.398904109589042,-6.024383561643835,2926.744292237443,-0.017971749612491057,10.615196608098907,6.032914324581456,-37.254375442682196,28.121315702031943,5.88869603442893,-125.77488084864683,-1.843224694905132,-0.016311405,-0.015356538970071354
650633,"King, Michael",CH,2024,527,100.96774,100.80986717267552,86.8034155597723,17.592865275142316,4.956660341555977,2045.6394686907022,-0.016616847819306915,18.375279151500603,-17.439695841116663,-27.361469011136794,24.984980622105358,9.163313282040216,-126.06735995500537,-2.8635329621000034,-0.0014279305,-0.0010248382436015527
650633,"King, Michael",FF,2024,520,97.55596,96.75307692307692,93.75250000000001,6.150461538461539,15.122307692307693,2285.023076923077,-0.0012506309851738036,16.42903733976642,-8.210125882603416,-15.817168177390931,29.49910026344302,8.392190091433504,-136.25772994402058,-3.83372276023559,0.004151529,0.005504460769823756
650633,"King, Michael",SI,2024,566,98.78056,98.69805653710247,92.9547703180212,16.195335689045937,5.578727915194346,2260.8144876325086,-0.018223958081967386,17.313187434768373,-18.870686382775958,-26.003364609703922,29.666791308324196,11.172299540909034,-134.8526270511708,-3.011321942652216,0.0017697238,0.0018405708503517416
650644,"Civale, Aaron",FC,2022,454,96.91696,97.67687224669604,86.3636563876652,-6.4292511013215865,4.577444933920704,2601.1079295154186,0.028241477236290176,8.436871189249127,5.3935602612481555,-27.6366900471702,24.274610249563697,1.5068775031147341,-125.81547449650971,-3.261889058970393,0.0043887254,0.003075977196447256
650644,"Civale, Aaron",FC,2023,554,96.66643,97.31480144404333,87.48285198555956,-3.4867148014440437,8.002527075812274,2587.101083032491,-0.004853610653980157,9.283650235173624,2.9041596646635974,-24.327239223508016,25.671455098571947,1.292545827629,-127.4143684048193,-3.8160780847980647,0.0050982796,0.0038965377042737095
650644,"Civale, Aaron",FC,2024,655,97.15572,97.34488549618321,88.12809160305343,-3.7874198473282448,7.60818320610687,2610.0977099236643,-0.0032718327946469105,8.993116317607107,3.094490018287878,-24.55651896210692,26.157561058618363,1.8784276730251246,-128.3367661638082,-3.921111727315109,0.0042251498,0.0037789393953960608
650644,"Civale, Aaron",FC,2025,421,96.36247,96.40665083135391,89.383135391924,-4.652351543942993,11.159714964370545,2624.2470308788597,0.02210611712321352,12.305412811978176,4.152176081093865,-20.89648357804749,25.551465081008075,1.3964935025225251,-130.20721765318183,-4.246268891021858,0.0053821653,0.005171525952633457
650644,"Civale, Aaron",SI,2024,524,96.18378,96.7604961832061,92.64961832061068,13.818778625954199,12.814122137404581,2243.0801526717555,-0.002331845843500759,18.953810057956197,-15.17152540894032,-18.247743869784603,29.19474037109728,5.228378658915583,-134.768881680335,-5.124175879839157,0.0068193497,0.005466175049899436
650911,"Sánchez, Cristopher",CH,2024,592,104.69138,104.85489864864864,85.13716216216216,-18.03283783783784,0.6525000000000001,2020.5236486486488,-0.03167476631561291,18.155634148826675,16.87471222934954,-30.988854917662216,24.270602944227715,-7.133042870317007,-123.75733500129158,-4.051422574186175,-0.008819573,-0.008591050102540881
650911,"Sánchez, Cristopher",CH,2025,743,106.18533,105.94266487213997,86.17617765814266,-16.95827725437416,-1.2271332436069986,2046.592193808883,-0.03083580509181673,17.166023168047513,16.355549472334825,-32.71762840649704,26.34880662741015,-7.256474530666445,-125.23078450596603,-3.438952840808224,-0.012083158,-0.010893785084619679
650911,"Sánchez, Cristopher",SI,2023,500,97.48,96.1374,92.3216,-18.07008,4.30968,1989.318,-0.0016407368026808923,18.687747065729205,19.978817767195604,-26.974479268193804,28.428450240737053,-8.326087806813169,-134.15657354278338,-4.822427921338845,0.0043040095,0.00666826557055127
650911,"Sánchez, Cristopher",SI,2024,718,99.43886,98.62855153203343,94.51086350974931,-17.573816155988858,7.454540389972144,2105.1197771587745,0.002249008218386414,19.20042051921207,20.30181410351313,-23.169254274213085,29.753113271929504,-7.9909644856884166,-137.32998512669676,-5.962220436474412,0.0004897644,0.001971139429927231
650911,"Sánchez, Cristopher",SI,2025,949,103.86744,102.68524762908325,95.34151738672287,-18.368977871443626,4.375005268703899,2137.746048472076,-0.005157221728715876,18.976172804672487,21.686702053550416,-26.599195891345474,31.517056172666248,-8.818301301846013,-138.49798511743612,-4.652137635885601,-0.008010923,-0.005555803080215799
656061,"Abreu, Albert",SI,2023,490,95.05429,94.62489795918367,97.32877551020408,13.483836734693877,14.473714285714285,2134.4714285714285,0.0262661928788752,19.866572042777587,-16.406350420923324,-14.691064358541361,32.35359828016504,5.723894913015278,-141.51009482994797,-6.373240132019331,0.009048273,0.009519055787691683
656222,"Beeks, Jalen",FF,2024,497,95.952515,95.59557344064386,94.46961770623743,-4.9692555331991946,15.141006036217304,2174.7464788732395,0.02040695673297429,16.055069820086995,6.01371045502103,-15.0502082643072,28.23351031255422,-3.5442438073943783,-137.5175388273381,-5.937878838267996,0.0071656136,0.00761943159871562
656234,"Bird, Jake",SI,2023,619,93.95073,94.37641357027464,94.38675282714055,8.803812600969305,0.9601938610662358,2014.308562197092,0.00545025852228156,9.149520429078807,-10.650123992535438,-30.95659277225583,26.207364226036635,6.575461344703046,-137.44535203899045,-1.9189339198923103,0.011204414,0.009989093236941013
656271,"Burke, Brock",FF,2022,629,96.128456,96.31621621621622,95.07806041335454,-10.188744038155804,16.393640699523054,2279.7408585055646,-0.00799398455867306,19.419125034194533,12.434947876889277,-13.420007238407653,31.361113837101033,-6.927305758671677,-138.1609872921903,-6.413352393101184,0.0070111854,0.006451190782537501
656271,"Burke, Brock",FF,2023,452,95.636505,95.53871681415929,94.71570796460178,-7.380530973451328,15.748141592920353,2244.0553097345132,-0.005182766883674506,17.480881218647855,9.297368136246233,-14.366802123395216,30.172907924268333,-6.657650599828493,-137.7105751902231,-5.749083380345476,0.0077647655,0.007679967281383338
656288,"Canning, Griffin",CH,2023,404,103.36931,102.32549504950495,90.18935643564356,16.123069306930695,4.2706930693069305,1812.351485148515,-0.008475718420059338,16.89844001059729,-16.562737170199316,-27.39046123632581,28.025735454475534,4.947085164986953,-131.22135197266329,-4.085190069872253,-0.0062081707,-0.0038780549190835733
656288,"Canning, Griffin",CH,2024,425,102.49365,102.7510588235294,88.63788235294118,16.490823529411767,4.674917647058823,1767.6870588235295,-0.01633662219695471,17.32011009941979,-16.535450639326378,-27.172695297208506,26.839919134931982,5.844313324092453,-128.91928359150256,-4.093773919749844,-0.004455921,-0.004651486008291154
656288,"Canning, Griffin",FF,2023,652,97.821625,98.27438650306749,94.6771472392638,7.462822085889571,15.562269938650306,2134.615030674847,0.0063249487661203325,17.35878543552655,-8.860329925454778,-14.864444124057638,30.983186207880767,4.216771023412962,-137.76393505578716,-4.509909374555754,0.0036471884,0.0026931895145404926
656288,"Canning, Griffin",FF,2024,611,92.99231,92.85122749590835,93.42242225859246,7.825924713584288,16.364779050736495,2112.5679214402617,0.012113768977364573,18.249904560447078,-9.180862107114512,-14.393805633052978,30.113790539316774,4.9962722193691755,-135.8958668963542,-4.885017151213434,0.012726518,0.012632804639361008
656288,"Canning, Griffin",SL,2023,535,106.22935,106.15532710280374,88.36523364485981,-0.014355140186915884,-3.382654205607477,2731.6317757009347,-0.002375306888370049,4.451944108325385,-0.7779625996618618,-34.91298961748547,26.45463289025613,3.747659806707257,-128.6471162414392,-2.8332067376244874,-0.012473371,-0.011926791847662498
656302,"Cease, Dylan",FF,2022,987,101.8918,101.66301925025329,96.8002026342452,3.089969604863222,18.887294832826747,2504.1661600810535,0.00025842366331747883,19.26322212208317,-4.447400134030171,-9.838292284997117,31.984520526564786,4.511598322913843,-140.76318065970472,-7.082326952672684,-0.004047844,-0.0035210766416732997
656302,"Cease, Dylan",FF,2023,1033,97.674446,97.5515004840271,95.5648596321394,3.024162633107454,18.710706679574056,2521.5711519845113,0.009177048708836993,19.050108920235928,-4.28808486504128,-10.64128338956534,30.637183121240632,4.642020118141291,-138.99115685228864,-6.783261734931432,0.0039275605,0.004014921572921423
656302,"Cease, Dylan",FF,2024,1201,102.92581,103.20957535387177,96.86894254787677,2.369225645295587,18.34761032472939,2555.0482930890926,0.00781339553534547,18.626334822646953,-3.524198440075574,-10.526573674103869,32.2081503212241,3.912462273684881,-140.9047567275998,-6.540331872803138,-0.0059276125,-0.0062950523372558385
656302,"Cease, Dylan",FF,2025,987,103.23039,103.51347517730497,97.03637284701114,3.684133738601824,18.631854103343464,2546.3809523809523,0.010581292887831993,19.09298042955173,-5.194705868613465,-10.17766568000733,33.95445025423163,4.646330456473911,-141.07666055642707,-6.537223210622798,-0.0064322827,-0.0067867723939571654
656302,"Cease, Dylan",SL,2022,1097,107.60556,107.22762078395624,87.43928896991795,-3.8242479489516863,0.6898085688240656,2830.157702825889,-0.03128095056750181,4.914975981759719,2.5483092882937437,-30.797649908606875,24.58575556778289,4.624766016084279,-127.28059158969462,-4.668231647134744,-0.015372055,-0.014129501565947916
656302,"Cease, Dylan",SL,2023,906,104.85817,104.86545253863136,86.15927152317882,-2.615894039735099,1.86158940397351,2796.863134657837,-0.006595213532987327,3.9203744845231125,1.4025564928557324,-29.756007400467084,23.787261457966515,4.736828978614526,-125.40055014283908,-4.974315956363232,-0.00960498,-0.009308612571342523
656302,"Cease, Dylan",SL,2024,1197,107.801834,107.26474519632414,87.65388471177944,-2.1782456140350877,1.863859649122807,2778.027568922306,-0.020853779491377403,3.6746603775897797,1.2553112351635392,-29.757942693210484,25.469113457327435,3.615396218046025,-127.60376241884067,-4.489758476111571,-0.015581625,-0.014028788816108072
656302,"Cease, Dylan",SL,2025,1055,107.53289,106.88985781990522,89.08549763033174,-1.1856682464454977,3.3809289099526065,2759.736492890995,-0.0057672011410986705,4.300979642968209,0.15190095375746962,-28.091273749409222,27.58266685760399,4.477813271672202,-129.60395844496958,-5.234047057609914,-0.015373255,-0.01357697495247372
656412,"Faedo, Alex",FF,2022,450,92.28422,92.34400000000001,92.74977777777778,10.901333333333334,16.9728,2177.1244444444446,0.016501121652522138,20.294413527588006,-12.54034992796875,-13.450684098190921,29.387114947238263,6.805945420284559,-134.7161806035808,-7.60766342785244,0.0143876765,0.013865968170507913
656427,"Flaherty, Jack",FF,2023,1052,95.70789,95.08450570342205,93.17519011406844,2.2814828897338404,13.418669201520913,2304.660646387833,0.007819240080140817,13.814838797705997,-3.70413163590676,-17.64606216490316,27.588244566665395,6.503679666046553,-135.58109163119735,-4.038292629807217,0.0076273205,0.00851376921644697
656427,"Flaherty, Jack",FF,2024,1008,95.63125,94.77073412698412,93.30674603174603,4.139404761904762,15.4475,2260.6736111111113,-0.00334259779252409,16.13889279105199,-5.636464271235867,-15.410143012852481,28.622843514334132,6.431542017116904,-135.7282733335263,-4.636840557788982,0.007767163,0.009127008219306803
656427,"Flaherty, Jack",FF,2025,1134,94.45591,93.6584656084656,92.79770723104058,5.824550264550265,15.8989417989418,2258.7821869488535,0.008036264494077731,17.033387284869974,-7.53834269747,-15.135544004887121,28.754833311634684,7.444414976560773,-134.91443451624738,-4.706249904596205,0.010042704,0.011234577584821085
656427,"Flaherty, Jack",KC,2023,490,103.42776,103.82755102040817,76.29938775510203,-14.156571428571429,-9.187102040816328,2495.2795918367347,-0.01118824419188717,17.058130191718178,9.05466463499003,-38.762113789923916,21.311591669607882,3.2974733332418547,-111.03263948725471,0.1137108722652886,-0.006336935,-0.006969216059405122
656427,"Flaherty, Jack",KC,2024,498,104.71667,104.47851405622491,77.35281124497992,-13.223373493975902,-8.50144578313253,2444.016064257028,-0.03273671230967751,15.85347473761722,8.681118441501747,-38.41949134472863,21.559316473791284,3.3619802284748292,-112.58694644633343,0.08327860435815379,-0.008821208,-0.008183886431568642
656427,"Flaherty, Jack",KC,2025,631,104.60238,104.36671949286846,77.72678288431061,-12.08120443740095,-8.722535657686212,2384.0855784469095,0.0006316112334452754,15.01133647106979,7.801402484057081,-38.60394112719674,21.52979558107432,4.1705887440834415,-113.11473855343677,-0.014126741291538573,-0.008649175,-0.008001022850745027
656427,"Flaherty, Jack",SL,2023,637,102.918526,103.15070643642072,84.27708006279435,-7.213940345368917,1.1743799058084774,2461.0251177394034,0.01337554317783114,7.670677501406094,4.998954927008741,-30.87208426064277,23.644456340275813,5.524300357951608,-122.66294309053212,-2.5686590316990814,-0.0055440282,-0.005830340694206989
656427,"Flaherty, Jack",SL,2024,665,103.5818,103.81218045112783,84.76225563909775,-6.721443609022557,2.0838496240601505,2470.393984962406,0.004321586751284254,7.3521838141774944,4.730778741843365,-30.0118494854952,24.021841792271193,5.114181180198207,-123.38039138248465,-2.9327135494945553,-0.006814294,-0.007072395693420934
656427,"Flaherty, Jack",SL,2025,563,102.89289,103.05452930728241,84.80603907637656,-6.381314387211368,2.866785079928952,2423.378330373002,-0.0063158655501322145,7.323874666522053,4.315086478962421,-29.316058801332492,23.904629458846802,5.81224703154879,-123.41563735378135,-3.0352666843352636,-0.0055240146,-0.005690662394478542
656458,"Gilbreath, Lucas",FF,2022,435,95.59495,95.12827586206897,93.74459770114943,-0.5776551724137932,15.745379310344827,2370.944827586207,0.019063018022446743,15.960413169387968,1.3463967902687766,-14.797150843340964,27.981966940261533,-3.5682588259730044,-136.48290825217015,-5.220589159171859,0.008034609,0.008666232921112849
656464,"Ginkel, Kevin",FF,2024,426,97.51831,97.98990610328637,95.94389671361502,9.94676056338028,15.078873239436621,2418.9694835680752,-0.013731625609836368,18.15388209663799,-12.460007446504926,-14.45180976923105,30.68249389353848,7.411881580425988,-139.43004736740193,-6.637840523374305,0.0042219833,0.0032433432675627767
656550,"Holmes, Grant",FF,2025,605,96.10231,95.13008264462809,94.40347107438016,4.9777190082644625,14.944661157024795,2322.9719008264465,0.021600725462225905,15.84456841423106,-6.744308282059748,-15.35839475038376,29.524332078011447,6.925815609201808,-137.26130385309338,-5.600741965494349,0.00694965,0.008547181710429109
656550,"Holmes, Grant",SL,2025,635,105.86976,106.2051968503937,85.39952755905512,-3.154015748031496,-3.1623307086614174,2840.6944881889763,-0.03134214088229202,4.914664830003677,1.587637741643089,-34.44696373875206,23.934144266234863,5.871489998635471,-124.27542625489147,-3.3802039987285317,-0.011846352,-0.012164546488066861
656557,"Houck, Tanner",SI,2023,435,98.59701,98.3103448275862,93.35885057471263,15.584551724137931,-0.9787586206896551,2127.503448275862,0.012007216747424674,15.815890759044763,-18.108456583183482,-32.8410067433766,30.472117836817326,9.449257752688464,-135.60070784320223,-2.3780700888280326,0.0021184327,0.002572518321552104
656557,"Houck, Tanner",SI,2024,587,97.99063,97.84446337308347,93.47649063032368,16.22228279386712,0.4401362862010222,2186.0136286201023,0.007766623829526793,16.380670193036504,-18.372224769925705,-31.21060637314797,30.333054548009667,7.369424931581381,-135.90933288267246,-3.1435353930036047,0.003305595,0.003437918813476143
656557,"Houck, Tanner",SL,2023,602,102.52558,102.88156146179402,83.85348837209303,-11.052159468438537,-2.542923588039867,2588.9036544850496,-0.013285234948599305,11.636781005057891,7.971227501392425,-34.243529499120164,25.226744680199396,5.69206490657858,-121.98661171454292,-1.2099260414575637,-0.0047184094,-0.0052891047816911296
656557,"Houck, Tanner",ST,2024,712,103.33539,103.82893258426967,83.2127808988764,-16.851067415730334,-1.7956179775280898,2520.0435393258426,-0.010258628860623455,17.115867506261434,13.027173574691517,-33.6036444828546,25.42676376096379,3.29819672243595,-121.11432312322499,-1.2041748859840584,-0.006105385,-0.007037226710957959
656605,"Keller, Mitch",FC,2023,566,97.52615,98.1791519434629,89.60706713780918,-3.72678445229682,5.266643109540636,2458.5689045936397,0.025281155606445116,7.048183233727425,2.4496876133986096,-26.47837822013399,25.221334861069465,5.602829291798812,-130.44290912451558,-3.9227767360403507,0.0036830418,0.0025256093526420612
656605,"Keller, Mitch",FF,2022,721,100.36102,100.65492371705963,95.52510402219141,7.2709015256588065,14.710402219140084,2422.5811373092924,0.0021520275650338976,16.54509808403045,-9.309904335587298,-15.337041886217584,30.598025884767814,6.624372615491708,-138.92094450463995,-5.107087992969908,-0.0011125464,-0.0016351299670208995
656605,"Keller, Mitch",FF,2023,600,98.949,99.0835,95.20133333333334,9.0332,14.9046,2382.9783333333335,-0.007440799843431651,17.525108098946994,-11.269586005262179,-15.28555693967987,30.093771887350126,7.232205543175067,-138.4325168008407,-4.8251081691985425,0.0015239145,0.0012187515895578838
656605,"Keller, Mitch",FF,2024,758,96.71741,97.27836411609499,94.44643799472294,9.110501319261214,14.397467018469658,2401.631926121372,-0.004459615548991656,17.1416296548719,-11.179423330290597,-16.19726352930976,29.19366219373849,7.234320415282814,-137.3595333438819,-4.2941510687973405,0.0057294266,0.004542225584266235
656605,"Keller, Mitch",FF,2025,927,94.79709,95.46494066882417,94.02254584681768,8.580323624595469,15.083365695792882,2407.1477885652644,0.008766490628873436,17.48295031094831,-10.396738938902734,-15.50704174249759,29.792085591785415,6.527281027198837,-136.73524819477183,-4.88836508878759,0.009397202,0.007932311577322037
656605,"Keller, Mitch",SI,2022,460,94.458916,94.28,94.41891304347826,14.64495652173913,11.028260869565218,2362.3804347826085,-0.006208115714908509,18.432046451543886,-16.943370305526457,-19.402241448932887,29.649286194064477,6.876308256713775,-137.26216122898154,-6.001618062442283,0.010441563,0.010430370606719301
656605,"Keller, Mitch",SI,2023,532,95.199814,94.90545112781955,93.85413533834587,15.569323308270675,9.191052631578948,2376.06015037594,-0.003224943280942478,18.175546175544767,-17.97580657141123,-21.74982190484274,28.997707295445878,8.143561961423599,-136.4189583625542,-4.655243979941809,0.008762574,0.008993846693257064
656605,"Keller, Mitch",SI,2024,553,94.877396,94.70253164556962,93.37830018083181,14.976564195298375,8.438842676311031,2436.8969258589514,0.006706734960830421,17.366178095631792,-17.08473436681576,-22.71726258314835,29.44202558085277,7.593694503493885,-135.7433109211474,-4.258780894198623,0.009349658,0.009322320776782479
656605,"Keller, Mitch",ST,2025,478,107.079285,107.06841004184099,82.35836820083682,-17.570962343096234,-0.011548117154811723,2706.5041841004186,-0.014756508316242131,17.755431110811323,13.49177634797896,-32.05799077717512,24.844260415153794,2.6111859295435496,-119.89141650100804,-1.6391223746073564,-0.014073558,-0.013748822931553958
656629,"Kopech, Michael",FF,2022,1004,97.037056,97.45249003984064,94.97061752988049,9.76601593625498,18.747011952191237,2533.332669322709,-0.002517053722645851,21.24800658919463,-11.997466659319647,-11.16334621153364,31.639977644728752,7.032817179199092,-138.01534314749665,-5.502879137460567,0.005267565,0.004334402047525357
656629,"Kopech, Michael",FF,2023,1046,97.107834,97.54455066921606,95.2019120458891,9.208221797323136,17.31602294455067,2504.927342256214,0.010642905971471321,19.74711821033318,-11.728386971119928,-12.688953864346365,30.744026142633544,8.292864114977387,-138.33996318800686,-4.909245481989135,0.004999895,0.0040238749584418955
656629,"Kopech, Michael",FF,2024,713,108.51655,108.709396914446,98.69410939691444,9.66765778401122,18.199270687237025,2615.399719495091,-0.001510258601218398,20.711151608118467,-12.9703883131226,-10.149298786772457,34.17974568882979,7.84320829629586,-143.41083884446434,-5.506426589474851,-0.016427891,-0.016344492573295535
656629,"Kopech, Michael",SL,2022,401,102.39302,102.75286783042394,84.55536159600997,-4.917306733167082,-1.4567581047381546,2387.5286783042393,0.0091264123503942,5.987710846801477,2.9819010207585386,-33.1230057503673,23.782752319829903,5.835530528027964,-123.04038835997375,-2.2720114155005557,-0.0044872337,-0.005053639573535221
656629,"Kopech, Michael",SL,2023,487,100.6768,101.09096509240247,84.81375770020534,-5.486242299794662,0.16435318275154007,2349.441478439425,0.0077143869862097226,6.178624496587553,3.4738601682006323,-31.72978114479733,23.687411836896445,5.99209467861212,-123.41762737445627,-2.4553354732396993,-0.00085564284,-0.0016538073572000974
656638,"Lange, Alex",KC,2022,405,103.25358,102.9558024691358,85.44271604938272,-0.6521481481481481,-5.567703703703704,2185.4617283950615,-0.0136677921805041,6.036204691111401,-0.7834714704199991,-36.618721112975294,25.042831573200143,6.610696401948677,-124.26331278410201,-2.7253779316223157,-0.0059629264,-0.005281571105595171
656638,"Lange, Alex",KC,2023,443,105.91851,105.59841986455982,87.02370203160271,0.6631151241534988,-3.654446952595937,2239.5643340857787,-0.007255228261323119,4.281956237490523,-1.7606853678769083,-34.94558294087074,25.80822060109075,5.642049627973627,-126.60686805027763,-3.39387833405947,-0.01142797,-0.010504551046519935
656641,"Latz, Jacob",FF,2025,412,100.17208,99.95315533980582,94.01990291262135,-8.968543689320388,18.928834951456313,2288.01213592233,0.0014515774187467514,21.025830671100508,10.837636897547261,-11.444196310716027,32.22441276680108,-6.475628088149134,-136.64243287475688,-5.388050732110815,-0.0006904566,-0.0002731637693007246
656657,"Logue, Zach",FF,2022,457,92.64048,93.28140043763676,90.09409190371991,-9.925864332603938,13.868271334792123,2010.3435448577682,0.020283067670567794,17.1580554310843,11.056131584593661,-18.678757719506677,28.358104797189814,-7.1525732215994715,-130.9946863661918,-1.937041439966043,0.01371025,0.012112172803151352
656731,"Megill, Tylor",FF,2023,896,93.900894,93.73270089285714,95.0265625,8.024196428571429,14.547455357142857,2121.612723214286,0.011552139463932439,16.824453629120146,-9.8803588773831,-15.481452901502125,30.743185185549404,5.96298246993243,-138.1685947628496,-6.031123747735827,0.011033944,0.010978445169173302
656731,"Megill, Tylor",FF,2024,495,98.96707,98.46828282828284,95.69070707070708,6.960969696969697,16.03272727272727,2216.8949494949493,0.003642121956246651,17.649102344065273,-8.915030990661304,-13.754491686717273,32.025653605075924,6.04073852087615,-139.13062445304192,-5.595187151385279,0.0015027698,0.0023687165326090423
656731,"Megill, Tylor",FF,2025,442,99.61131,99.01923076923077,95.37805429864252,6.5166515837104075,17.055475113122174,2299.8755656108597,-0.00120605251118,18.3917821591231,-9.00481693287735,-12.769745375373608,33.25523636949785,8.536314031939495,-138.48977717512204,-5.830963935606934,0.00036345285,0.0014370489569713886
656756,"Montgomery, Jordan",CH,2022,411,100.545494,99.81581508515816,82.3530413625304,-11.011970802919707,11.995620437956203,1677.4209245742093,0.0026517824867630965,16.466878082009522,9.792133285384265,-21.690543309848124,22.94467252735695,-5.003295573956054,-119.76101674856731,-5.555946840817855,-0.0006901557,0.0007166082038128136
656756,"Montgomery, Jordan",CH,2023,454,98.70044,97.51894273127753,83.63039647577092,-9.365814977973567,12.825726872246696,1680.259911894273,-0.0024871010995493803,16.053142288660545,8.560918998133634,-20.52140848923984,22.63349919365457,-4.136508141095106,-121.65399084866662,-6.35251669533497,0.0030359386,0.005079802418888203
656756,"Montgomery, Jordan",CU,2022,417,105.405754,104.74628297362109,80.29184652278177,2.8270503597122305,-5.186474820143886,2264.5755395683454,-0.023857664524535048,6.227718637500857,-1.3768654029688225,-35.599300130542076,22.035287507227217,-4.075982582658454,-116.85076680428945,-3.809822004627559,-0.010444344,-0.009075623973346882
656756,"Montgomery, Jordan",CU,2023,470,107.6817,106.96297872340425,80.52617021276596,3.0993191489361704,-6.738893617021277,2362.587234042553,-0.011579333576617817,7.608380892278593,-1.6901498460050914,-36.83863049721178,21.856629546907484,-3.689073750809905,-117.22094856382351,-3.782628491763641,-0.0150270825,-0.013566963635463324
656756,"Montgomery, Jordan",CU,2024,400,104.7435,103.79475000000001,79.199,4.3173,-7.2078,2313.95,-0.00345536213632706,8.650816962237695,-2.72131168630401,-37.091404468720675,20.840562812167263,-2.6642022129421097,-115.32557330320691,-3.5410606256875634,-0.009074235,-0.007133773845291364
656756,"Montgomery, Jordan",SI,2022,636,100.78585,99.99685534591195,92.95974842767296,-17.126792452830188,9.765471698113208,2200.687106918239,0.0004201420404969798,19.80707759664654,18.941183523940246,-20.87941915358394,29.728217023251382,-6.7280755475253455,-135.06867182806852,-6.876929383498408,-0.0021713865,-0.000591049766448872
656756,"Montgomery, Jordan",SI,2023,890,99.084496,98.82426966292135,93.2752808988764,-15.540808988764045,10.57752808988764,2208.808988764045,-0.010996646782180847,18.869957730596525,17.396983818544022,-19.875117317529135,28.737733295598762,-6.580612145654366,-135.5485093198101,-7.397130812037601,0.0011701928,0.0016078609864770674
656849,"Peterson, David",FF,2022,532,99.38816,99.91917293233082,93.70657894736843,-9.007443609022557,13.54827067669173,2081.4116541353383,0.006935271952127396,16.416946158809775,10.883884958588283,-17.322912383686866,30.678645050474508,-6.915046561219428,-136.23356185714522,-4.449788081765086,0.0007562141,-0.00026940063039092456
656849,"Peterson, David",FF,2025,466,96.05236,95.31716738197426,92.30557939914164,-4.630815450643777,13.616394849785408,2132.2896995708156,0.003498409767851268,14.524732720687487,6.090022486664246,-17.742590278428494,28.696451296091215,-6.676832076952613,-134.2532564287927,-4.130791733638875,0.007044507,0.008209236226300948
656849,"Peterson, David",SI,2025,541,97.17874,96.27079482439926,91.33160813308687,-14.783512014787432,7.892051756007394,2128.752310536044,0.02423361350689594,16.904226870263,16.10901336830522,-23.47140666958827,29.454444511434207,-7.158877149115811,-132.72779035209956,-5.07631178542943,0.0049816114,0.006471786782215339
656849,"Peterson, David",SL,2022,423,101.420334,102.45862884160756,84.38345153664302,3.935035460992908,1.3182978723404255,2328.6572104018915,-0.01652745982918022,5.175785267583934,-2.0101084166897083,-30.50455921060329,26.319682220461655,-5.853622424544704,-122.6780034276028,-3.5931200633925027,-0.002453713,-0.004464274160276961
656876,"Rasmussen, Drew",FC,2022,475,102.65327,103.59494736842105,90.58800000000001,-1.359663157894737,4.812884210526316,2609.7473684210527,-0.008789086762375371,5.609417185988371,0.049067761247956566,-26.559806338678715,28.428372372192232,5.761870056116238,-131.75918073370525,-4.875259082170556,-0.0046592643,-0.00592401626211512
656876,"Rasmussen, Drew",FC,2025,578,103.58028,104.52058823529411,90.32785467128028,-4.405536332179931,3.9641522491349486,2699.0138408304497,-0.02384255023506537,6.435148291914178,3.2010837532896868,-27.641470763910284,25.315357146294126,5.624245536840662,-131.5102713564788,-4.175909936568596,-0.0060538556,-0.007305274762229607
656876,"Rasmussen, Drew",FF,2022,501,99.15868,98.99281437125748,95.40778443113773,2.1794011976047907,16.291017964071855,2400.7804391217564,-0.01360294422009473,16.59358403056413,-3.511214380769534,-13.614248052294519,32.17994236503821,5.066153710268256,-138.76036426325354,-5.441151012636648,0.0011909731,0.0014610618068808519
656876,"Rasmussen, Drew",FF,2025,654,102.47675,102.419877675841,95.77125382262997,3.946238532110092,17.377064220183488,2480.8975535168197,-0.0038603360977100556,17.949896320412137,-5.387924301868107,-12.279979717273097,30.74398458606549,4.9553757121935424,-139.34639147118045,-5.446680615074142,-0.0050180038,-0.004781115181174433
656876,"Rasmussen, Drew",SI,2025,414,97.54976,97.45434782608696,95.3719806763285,14.336521739130434,13.157681159420289,2411.8599033816427,-0.012343258494786555,19.55849753438987,-17.04480309022578,-16.981021362019572,30.029723644663356,7.327602214713216,-138.64456426504282,-5.507844398910956,0.0042602397,0.004255944532648699
656945,"Scott, Tanner",FF,2024,445,103.94068,102.9923595505618,97.03752808988763,-4.874696629213483,16.759280898876405,2565.914606741573,-0.02682848488131796,17.57135637319557,7.272000898167576,-12.625080460513443,32.390044997307484,-8.013867962332338,-141.0364998627926,-4.760602524006735,-0.007832447,-0.00590228974978039
656945,"Scott, Tanner",SL,2022,568,107.927284,106.60880281690142,89.1419014084507,5.058169014084507,-0.6291549295774648,2734.6302816901407,-0.0027981310797422065,5.53982342580255,-3.428845039034341,-32.50409927621771,26.190856770275705,-6.651334888883196,-129.71227226081882,-2.1379354050861434,-0.016047588,-0.012878673098954447
656945,"Scott, Tanner",SL,2023,442,110.338234,108.55610859728507,89.54434389140272,6.536742081447964,-0.6863348416289593,2735.8325791855204,-0.02388174806037906,6.896944228665105,-4.815130774606931,-32.62422540871207,25.70703674701663,-7.131513578329154,-130.30539685069522,-1.885342918410634,-0.021071028,-0.016789458511375182
657006,"Steele, Justin",FF,2022,749,97.76475,97.30240320427237,92.07036048064084,1.4947930574098798,12.826702269692925,2473.384512683578,0.013377232553832358,13.137965640137024,-0.596932576321525,-18.438939800246885,26.829382037940203,-4.517991512085305,-134.0389686527479,-4.716675417389985,0.0038680087,0.004612875666535114
657006,"Steele, Justin",FF,2023,1305,97.81816,96.94168582375478,91.84858237547893,1.3213793103448277,10.727172413793102,2403.462835249042,-0.0012635916688427294,10.99341347605195,-0.2503763859037489,-20.62637740021666,27.108156237987544,-5.271152968023848,-133.6853112479723,-4.635463680438581,0.0036580572,0.005124704123640955
657006,"Steele, Justin",FF,2024,1033,96.13795,95.59825750242014,91.54946757018394,-0.322594385285576,13.398993223620522,2420.5847047434654,0.007665033198480885,13.585524743416096,1.4940669749778535,-17.946076280648235,26.684458261981565,-5.789157555920437,-133.21697195880878,-5.125691486326663,0.006818833,0.007610323087203929
657006,"Steele, Justin",SL,2023,726,106.869,106.53071625344353,83.23842975206611,14.031074380165288,-0.38049586776859506,2662.1074380165287,-0.013587317438432998,14.343416558655472,-10.847022715894697,-31.96381011712503,24.23898343859828,-3.1476160391203667,-121.1701307723228,-3.506863585136723,-0.013806897,-0.012682299911377013
657006,"Steele, Justin",SL,2024,546,106.4511,105.9423076923077,83.24761904761904,12.313406593406594,0.8098901098901099,2721.6007326007325,-0.020033245873947204,12.62104780627074,-9.329819536114785,-31.032302400017556,24.204322609281956,-3.772876140211366,-121.17465725069596,-3.3446804347906993,-0.012768907,-0.0113605353941903
657044,"Thompson, Ryan",SI,2024,456,102.297585,103.19890350877192,91.02280701754387,14.127368421052632,-5.882105263157896,2025.1951754385964,0.0014312865875163049,15.49658601804585,-16.16906736796191,-38.704955199246044,28.809836163410196,11.11275350209146,-132.02191173220697,2.4564330321851675,-0.0050675794,-0.006592828189981706
657093,"Watkins, Spenser",FF,2022,530,94.09245,94.10018867924528,91.32018867924528,1.2013584905660377,16.55954716981132,2258.1396226415095,-0.004089161369643892,16.77074830549611,-2.0886166308180973,-14.732350964666548,27.984474276319688,4.275267672321111,-132.85035305502706,-6.031204169530682,0.010921618,0.01058814261075506
657140,"Wright, Kyle",FF,2022,403,97.287346,98.04193548387097,95.11985111662531,11.570620347394541,12.551761786600496,2382.1141439205953,0.026475170185551664,17.156336512799513,-13.852941261907834,-18.36030819645847,30.829171302204198,6.567986171644481,-138.3651193628877,-2.5440780213295797,0.0047869957,0.0032358388267767642
657140,"Wright, Kyle",KC,2022,651,103.78955,104.43763440860214,84.66405529953917,-9.338064516129032,-8.661566820276498,2720.6897081413213,-0.012882582818330279,12.97754576123265,7.331947230125036,-39.580338081322886,24.404538366919954,2.924968788048456,-123.29666795659878,-0.797347977634922,-0.007044995,-0.008225611478055084
657140,"Wright, Kyle",SI,2022,472,95.44915,95.62161016949153,94.36716101694915,16.85313559322034,4.889491525423729,2255.6080508474574,-0.006811794492798702,17.675793256407886,-19.34245538677571,-26.47601883176054,30.66688249899916,7.221721873355592,-137.21380483823043,-3.3131612195519513,0.008467538,0.007842785990934163
657240,"Merryweather, Julian",SL,2023,462,109.36385,108.29329004329004,87.11060606060606,-0.711948051948052,-3.0202597402597404,2352.7705627705627,-0.01459213241280061,3.589279820647841,-0.18615698931639882,-34.33499946587138,24.504761365104564,4.269187382287408,-126.82681274858024,-3.8695749316777768,-0.019026654,-0.016260497456992866
657248,"Otto, Glenn",FF,2022,425,94.408,94.67764705882352,92.09458823529411,4.192658823529412,15.146258823529411,2258.145882352941,0.01911770463737825,15.922390378847442,-5.358315258124126,-16.10146117193637,28.520469342815733,5.335565755057899,-133.9816175926112,-4.76384706923447,0.010311647,0.009511708473778274
657248,"Otto, Glenn",SI,2022,445,91.863815,92.09393258426967,92.15977528089887,13.776808988764046,9.955415730337078,2226.858426966292,-0.001695371767252463,17.19448100011463,-15.054805013572514,-21.315121509604314,30.004857642760857,5.5449601575832075,-134.0211543918351,-4.8020415296723264,0.015619064,0.014649268344696013
657248,"Otto, Glenn",ST,2022,488,105.1377,105.04610655737704,81.00122950819672,-16.696229508196723,-0.4455737704918033,2587.6393442622953,-0.004766933924639399,16.90353107480171,12.357591381352455,-32.29216481190576,24.181084614830855,2.551778001389944,-117.89412549588447,-2.070846671699662,-0.009860581,-0.009583049026520084
657277,"Webb, Logan",CH,2022,720,105.65445,106.7501388888889,86.36319444444445,7.071666666666667,-5.558833333333333,1491.6569444444444,-0.016757655482426966,9.289453388534248,-7.20794568289545,-37.23998155320234,23.583057510709665,4.841615119170456,-125.76576333032216,-0.40189252218186255,-0.010647817,-0.011929157962939398
657277,"Webb, Logan",CH,2023,1161,105.804565,105.97571059431525,87.45994832041343,11.332609819121448,-4.423462532299742,1477.0198105081827,-0.020425276790203173,12.49047418373282,-11.390641000875192,-36.177117624854695,24.996634146566706,5.460814069740712,-127.31173854933938,-1.0671203235609161,-0.011031886,-0.01067786946794795
657277,"Webb, Logan",CH,2024,904,107.513275,108.33528761061947,87.32422566371682,9.659601769911506,-4.773716814159291,1458.1780973451328,0.006029595331504772,11.109699997271443,-9.81307555056263,-36.46753971258883,24.52733069096347,5.305473982658249,-127.136384964352,-1.195910761357063,-0.014426468,-0.015098926928248003
657277,"Webb, Logan",CH,2025,562,106.259605,107.45996441281139,86.41761565836299,8.483487544483987,-5.618861209964413,1493.1049822064058,-0.016383326652746555,10.492480686204894,-8.658671005568682,-37.21906182352915,23.795130841489076,5.818563545557525,-125.79575643892582,-0.7818610601172972,-0.01223928,-0.013823298560913454
657277,"Webb, Logan",SI,2022,763,98.63578,98.29200524246396,91.76474442988204,14.594705111402359,-2.2465006553079947,1876.5019659239842,0.004617610942484012,15.044372944877223,-15.924111126767297,-34.57147299554816,29.530932722532093,6.410613963088868,-133.4751379191481,-0.21489238015866213,0.0021136242,0.002697190750944624
657277,"Webb, Logan",SI,2023,933,97.54115,97.16280814576633,92.2903536977492,16.067909967845658,0.9236012861736335,1875.3097534833869,0.008513139534413041,16.246040456342673,-17.604517420496173,-31.202449422566616,29.188907638638685,6.516960734121853,-134.25228512236055,-1.1423279600269247,0.004186975,0.004735194711059916
657277,"Webb, Logan",SI,2024,1212,98.5552,97.90470297029702,92.60099009900989,15.09138613861386,1.0655445544554456,1937.1881188118812,-0.009296003931299502,15.314334292175316,-16.74602256893422,-31.079219184539348,29.37637706891639,6.5843489061072615,-134.70345403412443,-1.040213706210944,0.0022081516,0.0033213153126326477
657277,"Webb, Logan",SI,2025,809,98.62583,98.3974042027194,92.57799752781212,15.5578739184178,0.3614833127317676,1956.4202719406676,0.00043008220333742506,15.743240909991684,-17.537920825470138,-31.924629350834092,29.636298339997637,8.148879266822146,-134.569437603605,-0.4402944985251172,0.0021694785,0.002489074661029815
657277,"Webb, Logan",ST,2022,776,101.72525,102.1819587628866,82.45631443298969,-10.286907216494846,0.6332474226804123,2626.506443298969,-0.01111029196947216,10.571268062257873,7.691011244080374,-31.79003797324753,22.52633665701779,3.265540821079749,-120.09529848601319,-0.428835088130504,-0.0026841771,-0.0036316413537953503
657277,"Webb, Logan",ST,2023,587,103.55537,103.95298126064736,84.30971039182283,-12.347529812606474,0.48183986371379894,2554.6984667802385,-0.00850656825496736,12.675543158330413,9.878421221593822,-31.743102228747727,24.69501499662599,2.4414489423121886,-122.77312333188735,-1.204320936928479,-0.0066198143,-0.00737990421735625
657277,"Webb, Logan",ST,2024,633,105.093994,105.63491311216428,83.79447077409164,-16.42900473933649,-0.9000947867298578,2602.0837282780412,-0.008868259105472977,16.59460217315319,13.204368798680047,-32.99760442248714,24.57390090079835,2.122834161900795,-122.0249310577565,-0.6764206863521931,-0.0098267775,-0.010787785277563206
657277,"Webb, Logan",ST,2025,668,104.42845,105.40239520958085,84.5817365269461,-14.608203592814371,-0.5960479041916168,2537.4625748502995,0.0005301894214817556,14.830173754590428,11.600081430445336,-32.78963648543246,25.182089848121947,3.6103426641385683,-123.1362967120576,-0.5287282688145396,-0.008422032,-0.01028044000250765
657376,"Schmidt, Clarke",FC,2023,549,97.74991,97.70510018214937,91.34790528233151,-3.137049180327869,7.455956284153006,2725.8998178506376,0.010587557634070828,8.44994871717695,2.340563984350557,-24.35651732571944,25.732087453535605,3.9993482179542363,-133.0817122285472,-2.783711638173957,0.0033229368,0.003273567846182451
657376,"Schmidt, Clarke",FC,2024,450,99.58689,99.38222222222223,92.43333333333334,-2.517333333333333,8.405866666666666,2711.4377777777777,-0.0033675482333959724,9.102462835718066,1.7288068141128463,-23.216422318318706,27.509908946883954,3.9868707584338163,-134.62604194695376,-2.860140187424601,0.00030832543,0.0006102799631912359
657376,"Schmidt, Clarke",FC,2025,406,97.533005,98.03571428571429,92.257881773399,-0.6916256157635469,10.228669950738917,2738.229064039409,-1.518489476201836e-05,10.483076658161531,-0.11295685831268933,-21.231730687954798,27.546730384415568,3.813979565926258,-134.35208389219267,-3.5471138117382512,0.0035330788,0.002665186192257141
657376,"Schmidt, Clarke",SI,2023,465,96.294624,96.68387096774194,93.48193548387097,9.216774193548387,6.88,2547.9548387096775,-0.004886491120226448,11.82539638086789,-10.68622375203428,-24.410946987836795,28.886255546610453,5.101055431883332,-136.06491040804562,-3.828296112793764,0.0066211983,0.005640636614466414
657376,"Schmidt, Clarke",ST,2023,540,104.10963,103.745,86.05814814814815,-8.958222222222222,4.3933333333333335,2948.6537037037037,0.017963308924882775,10.261101833452647,7.213751503769917,-28.013398469290387,23.75326604676999,3.5333953992983385,-125.35818513025022,-2.5346591372438194,-0.0077944207,-0.006943501668776897
657508,"Baumann, Mike",FF,2023,415,98.59904,98.97180722891567,96.33638554216867,8.082795180722892,17.445975903614457,2227.356626506024,0.014662785414375457,19.34399617038079,-10.331024761435618,-11.82152106226379,32.13454030224969,6.403681109527042,-140.03398047596798,-6.238903553215708,0.0021845272,0.0014251000012590863
657571,"Ferguson, Caleb",FF,2023,571,100.64606,100.68861646234676,95.77898423817864,-6.80784588441331,14.94598949211909,2303.5796847635725,0.014721570965093763,16.593325528018557,8.989872061051475,-15.075528450543976,30.882263790328217,-7.182649346649066,-139.27245613352594,-4.7315917582160765,-0.0016729818,-0.0017119348140258864
657612,"Hill, Tim",SI,2024,499,96.32605,96.56492985971944,88.71543086172345,-15.626693386773548,-5.426452905811623,2094.763527054108,0.003332390490950231,16.7145700723021,16.83452065850689,-38.584182093697265,26.663168997801044,-11.560535960896225,-128.51722917927225,5.119274576591846,0.006534375,0.0058317431551349365
657612,"Hill, Tim",SI,2025,627,97.141624,96.6883572567783,88.48883572567783,-15.854928229665074,-6.416076555023924,2059.5805422647527,-0.0078051481835392945,17.236855103023167,16.907237868488366,-39.54616036695883,26.747312783061076,-11.24754522917321,-128.19448238823534,5.469371758292955,0.005053682,0.005694901042928379
657649,"Koenig, Jared",SI,2024,410,96.62464,96.22268292682928,95.02341463414633,-14.407024390243903,11.377170731707318,2317.048780487805,-0.01439341016589449,18.519094256185596,17.488745504081333,-18.945118125431563,30.80047544724397,-9.67556050646621,-137.96043843213423,-5.58939409781685,0.0059587853,0.006477174959937969
657649,"Koenig, Jared",SI,2025,439,99.43235,98.88337129840548,95.81093394077449,-14.708063781321185,11.262779043280181,2353.1776765375853,-0.014950685952115919,18.687938476521516,17.966303718083037,-18.751025263528497,31.76118537229758,-9.097193845516513,-139.11228311344848,-6.043233142690217,0.0006051703,0.001573441441312073
657746,"Ryan, Joe",FF,2022,1056,96.03078,95.48001893939393,92.03882575757575,10.652954545454547,14.75715909090909,2181.817234848485,-0.004755289062788368,18.29195516691979,-12.431294651184327,-17.139987722314714,28.432687757615323,8.215380467215986,-133.8101431071453,-2.035500098354346,0.0071973577,0.00801261714925037
657746,"Ryan, Joe",FF,2023,1282,97.820206,97.02995319812793,92.24828393135725,10.152074882995318,14.422652106084243,2209.9134165366613,-0.0005916495360288044,17.749289037343363,-12.044696849810524,-17.475697564858834,28.26820286934492,8.599750144637026,-134.10459640549396,-1.703500130162945,0.0036511347,0.004965621597853214
657746,"Ryan, Joe",FF,2024,735,103.536194,101.67945578231291,94.08312925170068,11.64930612244898,13.757224489795918,2278.1156462585036,-0.008017187206451061,18.11877698265917,-14.16581232310063,-17.60759015485227,30.06927175638327,8.990111874796963,-136.73294413672974,-1.6841987643262608,-0.00707023,-0.003499104576655556
657746,"Ryan, Joe",FF,2025,1022,102.83484,101.14070450097847,93.75792563600784,12.600587084148728,13.548023483365949,2294.24168297456,-0.006890085508360623,18.6215535227899,-15.125404432215444,-17.95431040847733,31.086834459654675,9.176457749329478,-136.20558720153497,-1.80486180226847,-0.00568805,-0.00243987899899095
657746,"Ryan, Joe",FS,2023,610,101.46279,101.9244262295082,83.96360655737705,12.152262295081968,2.433639344262295,1444.7639344262295,0.005392300155462302,12.860088550750273,-11.626172098606846,-30.07134483396378,23.055597632307794,7.637335680943071,-122.06947529653588,-1.4586684047632474,-0.002438108,-0.003369044218548351
657756,"Seabold, Connor",FF,2023,713,94.469,94.44712482468444,92.56297335203365,9.182608695652174,13.226591865357642,2087.239831697055,0.03386544580585613,16.282162055082587,-10.852602788588866,-18.051372824056397,27.1985178231714,7.386274411768198,-134.6345801088124,-4.054448545982893,0.009962935,0.00967721709925491
657756,"Seabold, Connor",SL,2023,415,99.075424,99.59807228915662,85.24506024096385,-2.462168674698795,3.109012048192771,2395.371084337349,0.027139464112079324,4.342978396098565,0.899873536872777,-29.22634664118682,22.62553651326744,6.715098651648353,-124.0576374783791,-2.3056121236127836,0.002495075,0.0013728099758023346
658648,"Avila, Pedro",FF,2024,469,93.81557,93.71727078891259,93.42302771855012,2.851599147121535,13.040597014925373,2250.2921108742003,-0.00013390730304488097,13.572700505103931,-3.693121400287784,-17.785848045923075,28.45891537997316,3.531525338613832,-136.0035379404212,-4.988856489747031,0.011175626,0.011049110957631838
660261,"Fujinami, Shintaro",FF,2023,636,91.89277,92.48018867924529,98.16037735849056,10.957358490566039,14.025283018867924,2003.2248427672955,0.03171686052331184,17.939994510166606,-14.169333918373551,-15.118091781500391,32.33039486491545,7.380380293915292,-142.69111370023174,-5.359494259511963,0.014814125,0.013260723476111347
660271,"Ohtani, Shohei",FF,2022,526,97.46768,97.11768060836502,97.36083650190115,3.4594676806083653,14.359163498098859,2212.0171102661598,0.004001488898125839,14.948038771271971,-5.405081846640802,-14.82003063215809,31.748245321025536,6.86106517578594,-141.54547112625124,-6.310394177876102,0.0044383532,0.0049552984490802005
660271,"Ohtani, Shohei",FF,2023,478,95.32573,95.19142259414225,96.7876569037657,4.449288702928871,14.513221757322174,2265.89539748954,-0.009820759373819998,15.350460474120528,-6.530904611564634,-14.927088683272641,31.758091550945974,7.1374962582210495,-140.69589073288293,-5.983332325375177,0.008348185,0.008316764641234065
660271,"Ohtani, Shohei",ST,2022,794,106.711716,105.39471032745591,85.1992443324937,-14.214861460957179,4.7274559193954655,2491.765743073048,-0.018116383919455057,15.303071442709495,11.265973356953262,-27.74133733446163,25.658802526887726,4.353992562988136,-123.99793378765486,-2.775619891985039,-0.013173327,-0.010308597993604321
660271,"Ohtani, Shohei",ST,2023,562,105.56157,104.93790035587189,83.5405693950178,-15.917081850533807,3.5259074733096085,2494.0480427046264,-0.013367784278094545,16.709419220570908,12.420602884335395,-29.02386512909943,24.99107111276863,3.362070813113031,-121.60840327457073,-2.1626499636402174,-0.010879994,-0.0094411652976168
660761,"Suarez, José",FF,2022,495,95.49596,95.14707070707071,92.73777777777777,-9.743030303030304,15.646787878787878,2221.99797979798,0.014318749768243842,18.523494247932916,11.568896991015658,-15.716712619079047,29.749854940375798,-7.611188799739906,-134.80813013078992,-3.45137157822008,0.00822266,0.008632901192194176
660853,"De Los Santos, Enyel",FF,2023,409,94.8956,95.30415647921761,95.76014669926651,11.372713936430317,13.025134474327627,2263.882640586797,-0.004998399644060919,17.38829896435768,-13.962419561225103,-17.243754802426736,30.48847420177589,7.382527026652787,-139.24543591933065,-4.405761869236423,0.009162337,0.008106506203417036
660853,"De Los Santos, Enyel",FF,2025,452,98.57677,99.23097345132744,96.20243362831859,10.698053097345134,13.00300884955752,2289.278761061947,0.016732414627936457,16.926251740961785,-13.347077277523233,-17.37123526727488,32.2110945727717,7.222249357049809,-139.8832262899104,-3.4646735912597926,0.00230655,0.001049403126257008
661309,"Martínez, Adrián",SI,2023,423,96.521034,96.23120567375888,93.90449172576832,17.217872340425533,7.739007092198581,2121.9148936170213,-0.006618992724706815,18.996377961140425,-19.685908578498744,-23.5167077669208,30.227696527436162,7.94004605962338,-136.4815195174901,-3.539519846599273,0.0061791916,0.006494107740921282
661403,"Clase, Emmanuel",FC,2023,448,104.96875,105.38370535714286,99.21183035714286,-3.629196428571429,9.850178571428572,2644.113839285714,-0.00696065067861143,10.714820973906994,4.023422941608309,-19.531398317703076,31.16681428546949,1.0411764773864953,-144.49007553521176,-5.84324584048476,-0.008547719,-0.008887808746583499
661403,"Clase, Emmanuel",FC,2024,474,104.003586,103.76033755274261,99.6259493670886,-3.3518987341772153,11.612405063291138,2581.7426160337554,-0.021042209392402728,12.334498550663083,3.6511947681602344,-17.11706321366268,31.93336187791719,1.3365820282417187,-145.03206169369622,-6.889242503886036,-0.006815676,-0.0061860187068496185
661563,"Gil, Luis",CH,2024,565,104.43381,104.03451327433628,91.6470796460177,15.065415929203539,5.204601769911505,1720.0672566371682,-0.009785330153602025,16.242269729621345,-16.85591433731627,-26.41995317484482,28.339398558550123,9.036456737216794,-133.13477153266396,-3.594138214348824,-0.008309536,-0.007056595681996096
661563,"Gil, Luis",FF,2024,1049,102.07541,101.81877979027645,96.59637750238323,5.582116301239275,17.246024785510013,2436.254528122021,-0.012094653701727591,18.27875550193703,-8.106387422334581,-12.073883911966321,31.616233183789596,8.642338654337774,-140.33915821346733,-5.58719629919844,-0.004331345,-0.0037516182015091826
661563,"Gil, Luis",SL,2024,549,100.75046,100.83934426229509,87.59307832422586,-5.437158469945355,6.946448087431694,2495.2386156648454,-0.024159837865743317,9.786683948407916,3.460471668820688,-25.32510087873001,25.772414931981555,7.1480080893788305,-127.37356144944565,-3.413996743800768,-0.0009336419,-0.0010841347740194116
663158,"Suarez, Robert",FF,2024,460,102.61522,102.59978260869566,99.1258695652174,7.219826086956521,17.95617391304348,2420.008695652174,-0.009700305741542509,19.452966605054485,-9.38873312233753,-9.800299554176751,34.62880686165392,4.348771827396309,-144.09603490089737,-7.478829392082488,-0.00534496,-0.005183932231436655
663158,"Suarez, Robert",FF,2025,471,101.33037,101.4484076433121,98.62356687898088,6.580382165605096,17.96968152866242,2406.547770700637,-0.016785729340672573,19.242492425701897,-8.606009181697319,-10.060700929301332,35.504631544502125,4.3349141604207535,-143.35863168483812,-7.2129090792356765,-0.0028647291,-0.0030065705376812646
663362,"Waldron, Matt",KN,2024,614,101.51368,101.08371335504886,77.60228013029317,5.771726384364821,-3.619543973941368,239.53745928338762,-0.0013005664577278979,10.118781940657644,-4.663882737656923,-35.05448399675859,23.33813240045056,2.998466703096057,-112.87765607425405,0.28921936876438376,-0.0038692784,-0.0026375305482943903
663372,"Feltner, Ryan",FF,2022,410,95.78927,95.80878048780488,94.49780487804878,6.314926829268292,13.294829268292684,2338.529268292683,0.03458105422433637,14.896784444820902,-7.971254247891581,-17.496200309018235,27.096667369837615,6.346643654143114,-137.56115269968757,-3.4588068779604346,0.0076645925,0.007398038673854064
663372,"Feltner, Ryan",FF,2024,825,96.66146,96.86157575757576,94.59963636363636,5.216145454545454,13.001018181818182,2349.1648484848483,0.003771563302985102,14.15784761616483,-6.508272441891347,-17.62495219371815,27.058618748624024,4.72943445285087,-137.77171647091097,-4.067614222477659,0.0058344384,0.005300683422711068
663372,"Feltner, Ryan",SL,2024,443,101.105644,101.09164785553047,88.61264108352145,-4.118465011286681,4.821128668171558,2458.3205417607223,0.019154130120482504,6.70412011605982,3.222375822489604,-27.369579483298303,23.359244031314564,3.5350313755808127,-129.13424643480323,-2.3647618792326863,-0.0016685758,-0.0015921895052294888
663432,"Rainey, Tanner",FF,2024,555,96.02378,95.30126126126126,94.08162162162162,10.176648648648648,18.449945945945945,2401.3477477477477,0.014565887829941601,21.14878761036619,-12.558687363007264,-11.572638962580418,30.15873267170708,8.805767963411888,-136.5901691473022,-6.779914510310519,0.0070294463,0.008152697092023492
663436,"Martin, Davis",CH,2025,433,105.66767,105.35150115473441,90.07736720554273,14.205173210161663,1.1997228637413395,2057.0230946882216,-0.014122213169189044,14.443105682609348,-15.267704902834485,-30.27061090119837,27.64493778543155,7.856626202467523,-130.90900295014234,-4.42036063634383,-0.01102027,-0.009747792567089943
663436,"Martin, Davis",FC,2025,419,99.14391,100.40620525059666,88.23699284009547,-1.6126968973747018,5.115322195704057,2581.8448687350833,-0.0020330386015807657,6.125127694492782,0.16459105525490503,-26.738984313340765,26.26085451413839,6.3899813871441475,-128.3375058328548,-4.267411214392216,0.0009820071,-0.0009770580795914903
663436,"Martin, Davis",FF,2025,597,97.6938,97.64154103852596,93.91859296482413,6.207437185929648,15.021708542713567,2412.038525963149,-0.0024512538323603196,16.441334819236033,-7.970484515311352,-15.601561060575227,30.066856218774657,6.735249964160663,-136.56141384516224,-4.9981216363620105,0.003959209,0.003951186749501781
663455,"Pilkington, Konnor",FF,2022,484,92.395874,92.49855371900827,92.24338842975207,-9.166363636363638,15.840247933884298,2223.8595041322315,0.006022914347349314,18.41806612782223,10.588541191228762,-15.307712431874387,28.092257284657084,-6.478313804743023,-134.14285527499965,-5.10521766698924,0.014174503,0.013575785551465897
663460,"Bubic, Kris",CH,2022,404,99.80273,100.02425742574258,80.56014851485148,-14.167425742574258,8.582376237623762,1676.1683168316831,-0.004691014279794837,16.78632933097527,11.922168432891882,-25.3495720586363,21.57420520897862,-5.494809838595454,-117.2039704853047,-2.1829702814305714,0.0007558636,0.00033547820562020365
663460,"Bubic, Kris",FF,2022,763,93.53028,93.97339449541283,91.81271297509831,-7.8044036697247705,16.41750982961992,2128.407601572739,0.01810208764373738,18.337688137980518,9.063828890097753,-14.980399384821077,28.430812839680893,-6.042202792309979,-133.5385815711924,-4.629975013691068,0.01199773,0.010820395331252211
663460,"Bubic, Kris",FF,2025,467,97.98287,98.05032119914347,91.94368308351177,-4.215417558886509,18.129764453961457,2408.7130620985013,0.004698125765400626,18.71424752963685,5.580774846862657,-13.256922904746336,29.3314555589568,-6.275945407081303,-133.70358641465123,-4.614203664012588,0.003422822,0.003204426871543584
663474,"McKenzie, Triston",CU,2022,456,103.64364,102.00723684210527,79.57741228070176,-7.562631578947368,-7.902894736842105,2195.6710526315787,-0.02893971824645826,11.262911612650397,4.973559410140865,-37.75930625889167,21.247814146979486,3.814764469138977,-115.85285032475231,-3.004879132759284,-0.006888228,-0.003579035041999802
663474,"McKenzie, Triston",FF,2022,1218,99.096634,98.89408866995073,92.49786535303777,3.1786206896551725,20.310640394088672,2312.6436781609195,-0.010765180897696762,20.664739659525246,-4.358716812997252,-10.239879720752457,28.898714218721665,5.2635478978447505,-134.4613365383546,-7.247813900335592,0.001314477,0.001645055514978027
663474,"McKenzie, Triston",FF,2024,400,91.36075,91.76774999999999,90.96025,1.77,19.123800000000003,2208.1925,0.04465022016217442,19.31858638894306,-2.6932109406383544,-12.1093401113405,26.984512935113745,4.620859172125381,-132.2741347919947,-7.23850198518463,0.015791247,0.014612311906615329
663474,"McKenzie, Triston",SL,2022,472,97.35721,97.70762711864407,87.40148305084746,-5.146016949152543,9.918050847457627,2198.1843220338983,0.00705754031691868,11.495638682640118,3.731796666340718,-22.210470689302834,23.340455546292024,5.18303671737461,-127.187906665033,-5.760127417035783,0.0060252473,0.005161205123163525
663546,"Hjelle, Sean",SI,2024,446,98.98632,98.74349775784754,94.62511210762332,15.551569506726457,4.223408071748879,2233.0515695067265,-0.0059104564822609704,16.247923275672502,-18.030421930727,-26.73937034604746,29.902083466640477,7.097583173886445,-137.5824937395314,-5.1903264176202395,0.0013748077,0.001750637325025489
663554,"Mize, Casey",FF,2024,555,99.47874,99.64378378378379,95.51441441441442,7.728864864864866,16.109405405405404,2255.401801801802,-0.0004630276252058055,17.967151162659068,-9.63465450118026,-13.867500755042954,30.72700040934934,5.83457015557316,-138.94061874139075,-4.933992113448691,0.0005495483,0.00022247840885192052
663554,"Mize, Casey",FF,2025,603,96.5607,96.67164179104478,94.78341625207297,8.008557213930349,17.075223880597015,2253.3283582089553,-0.002910257725513752,18.951515289524384,-9.980529791477517,-13.040212815481627,30.869107690160178,6.660907686696852,-137.8002086136861,-5.3178706798715805,0.0060914205,0.005728514792031966
663554,"Mize, Casey",FS,2025,442,104.87738,105.23099547511312,88.82601809954751,14.240633484162895,4.315927601809955,1450.5316742081448,0.007761544653332715,15.106220196452968,-14.780380473322815,-27.381100532964275,26.00880765096376,7.285175851877836,-129.1336564832226,-4.590689748500256,-0.010517769,-0.010969696204245935
663554,"Mize, Casey",SL,2024,409,102.030075,102.59339853300733,85.82567237163813,-3.5336919315403423,0.3060146699266504,2229.048899755501,0.008174375702686927,4.429639008726421,2.148714316942636,-31.656157527143506,24.15468836582358,4.896683968788927,-124.95082392306684,-2.1937849809719605,-0.0035934793,-0.004619970291521991
663556,"McClanahan, Shane",FF,2022,549,100.42331,100.80145719489981,96.71621129326047,-10.846994535519126,17.845027322404373,2240.189435336976,-0.0024956628105315803,20.962947256651592,12.880618471881972,-10.913594923182634,33.57631396875408,-3.9727006867041323,-140.5759783529576,-7.665125013933926,-0.0012311988,-0.0019125132345873923
663556,"McClanahan, Shane",FF,2023,434,101.80921,102.0426267281106,96.75622119815668,-10.067834101382488,17.84626728110599,2240.9861751152075,0.008743388585100922,20.585536100247378,12.077282780704303,-10.951171200437619,33.479695295467295,-4.182004926150093,-140.65207266017555,-7.382672674893649,-0.0038615859,-0.00417612530623117
663559,"Falter, Bailey",FF,2024,757,96.952446,96.49669749009247,91.88361955085864,-2.6517305151915456,17.533949801849406,2031.9907529722589,0.00013168906937293935,17.84872565825307,3.481136468753439,-13.761485017252289,28.082556220390885,-3.8953540224626657,-133.7361517069715,-4.94666710433653,0.0052883527,0.005970250559825337
663559,"Falter, Bailey",FF,2025,741,99.8139,99.34790823211877,92.2191632928475,-3.2838866396761137,18.55773279352227,2125.3252361673412,0.0029497840994723327,18.941024456700486,4.3263190616901985,-12.628253320197928,29.709676596515244,-4.608327365240766,-134.1477575277339,-5.012267272478794,-1.6457423e-05,0.0008356102586495037
663567,"Lambert, Peter",FF,2023,488,93.22746,93.17684426229509,93.03565573770491,8.223934426229508,15.668360655737704,2205.9815573770493,0.006666980293254243,17.778891794324863,-9.579177643407046,-15.098323830551887,28.12439984577797,5.429962581451007,-135.3554557989026,-5.498242522331438,0.012306155,0.011994079958324933
663574,"Santillan, Tony",FF,2025,534,98.65299,98.64419475655431,96.20786516853933,11.495280898876404,13.26179775280899,2342.275280898876,-0.01944397017233754,17.65881478554602,-14.362376775891475,-17.163527036236296,31.783877517435215,7.929763470033496,-139.872533886692,-3.1055503095014276,0.0021612437,0.002116930161223775
663623,"Irvin, Jake",CU,2023,405,100.80839,100.92320987654321,81.03185185185185,-12.304,-5.298370370370371,2411.3802469135803,-0.009322774343400507,13.665876507774609,8.922782075688408,-36.36342735635797,22.01270684649163,3.4542888680875543,-118.00363338772478,-0.6319951529983877,-0.0010709304,-0.0013182206288977266
663623,"Irvin, Jake",CU,2024,680,100.92221,101.6364705882353,80.94294117647058,-12.11435294117647,-3.112764705882353,2528.8573529411765,-0.004481952670033905,12.876865922418267,8.726757327890308,-34.60520646289687,21.574029218810818,3.6617359446133753,-117.88402406015899,-0.8957619779495897,-0.0013065144,-0.002763396705976358
663623,"Irvin, Jake",CU,2025,868,100.89828,101.38410138248847,77.86543778801843,-14.658940092165897,-4.135852534562212,2483.1993087557603,0.01655688057440392,15.596572879754557,9.938748483053459,-35.22867440104579,21.431355389376147,2.8376847437280257,-113.36626359769623,-0.41804226932868804,-0.0012708072,-0.0022530367738011555
663623,"Irvin, Jake",FF,2023,499,98.17635,98.69278557114228,94.66993987975953,10.769699398797595,14.878797595190381,2327.4549098196394,-0.002981153429800135,18.480459322928063,-13.14906927423703,-15.432251201084508,29.630872245797196,7.985429481379273,-137.5961274704124,-5.249805915444213,0.0029761144,0.0019344795266468809
663623,"Irvin, Jake",FF,2024,757,97.62272,97.9331571994716,93.91558784676354,10.136433289299868,14.311228533685602,2369.966974900925,-0.0007341534175445564,17.66930045542362,-12.257628424081533,-16.495117766178687,28.650943081976493,7.828706357898748,-136.5549964911948,-4.141976962371896,0.0040291166,0.0033444133125824734
663623,"Irvin, Jake",FF,2025,921,94.357765,94.68479913137894,92.34636264929425,9.44156351791531,14.678697068403908,2330.99891422367,0.007030407172339248,17.57553160544069,-11.187914062155418,-16.709570317474213,28.25005592196928,7.807254456573467,-134.256722977962,-3.8667802372654845,0.010222499,0.00936173676061872
663623,"Irvin, Jake",SI,2023,434,98.01843,98.10092165898618,94.13341013824885,16.563870967741938,8.164423963133641,2270.4493087557603,0.018935608453038013,18.564898326737982,-19.120234392161176,-22.716163880388514,28.695986367581146,8.167997417157629,-136.82770470222778,-4.918285276242618,0.0032584488,0.002969027451706958
663623,"Irvin, Jake",SI,2024,439,96.5369,96.57084282460136,93.19544419134397,16.5824145785877,6.715353075170842,2299.6719817767653,0.04315393857338625,18.004639381497316,-18.885253742645038,-24.56193866275424,28.31280468769057,8.694607941204907,-135.4440780325477,-4.033833323944299,0.006127675,0.005823983750676264
663623,"Irvin, Jake",SI,2025,621,95.883896,95.897423510467,91.89903381642513,16.56038647342995,6.51768115942029,2290.6650563607086,0.004575451667989686,17.936996258427058,-18.334004253652925,-25.06614771128013,28.727640581906922,8.450568212190156,-133.54259814806622,-3.65180807938171,0.007503779,0.007178390955315102
663687,"Harris, Hogan",FF,2023,430,93.03163,93.38999999999999,92.5160465116279,-10.210046511627906,16.312186046511627,2264.0372093023257,0.029605354138892842,19.3766167974741,12.307290363859975,-14.657754127095519,29.08534039721882,-9.25674163398899,-134.3266230790747,-5.556704020222448,0.012664004,0.011599351207043442
663687,"Harris, Hogan",FF,2024,582,94.712715,95.01546391752578,92.83934707903781,-9.998969072164948,16.71298969072165,2251.180412371134,0.004899383338568484,19.617950719748976,12.055618521226311,-14.15940331424315,30.375072041231203,-8.48934009982482,-134.82745315899203,-5.473551751088874,0.009496156,0.008677281889192598
663687,"Harris, Hogan",FF,2025,468,98.28098,98.1818376068376,93.36367521367521,-8.518205128205128,17.414358974358976,2300.277777777778,0.007876297866534526,19.503886995852774,10.477499297089535,-13.11150561622167,31.90843619091161,-7.570674866439259,-135.5937870136322,-6.110780882326711,0.0028590858,0.002966479176234372
663738,"Lynch IV, Daniel",CH,2022,421,100.20451,100.41448931116389,84.77244655581947,-13.210261282660333,10.362755344418053,1667.9026128266032,-0.01064154113635633,17.00020575158095,12.12237498419753,-22.843131845368564,24.101000528015447,-4.441081191339177,-123.37520295623106,-3.5904702694956896,-2.6896645e-05,-0.00037121510116410253
663738,"Lynch IV, Daniel",FF,2022,960,97.0325,97.415625,94.01937500000001,-6.75725,15.610125,2119.883333333333,0.003575986603652978,17.13740646368905,8.088245508998176,-14.950657392914149,29.279785274436733,-4.660908181132461,-136.82203819974168,-4.838702955571971,0.005276002,0.004404583477050841
663738,"Lynch IV, Daniel",SL,2022,685,100.68365,101.44058394160584,85.96554744525548,0.44706569343065694,3.346335766423358,2021.9036496350366,0.015146447505762113,3.674777816707887,0.49003410953183574,-28.756985524386796,25.437846434266397,-4.3428784757874075,-125.11218110601095,-3.4201997134905335,-0.0009179104,-0.002400900478876512
663773,"Hoeing, Bryan",SI,2023,438,97.51736,97.12511415525115,94.07442922374429,17.555342465753423,6.765205479452055,2023.4977168949772,0.033440150805131026,18.93458261912668,-20.587025173222646,-24.106863897131582,29.857048906076475,10.390124047837354,-136.52535142216493,-5.265359118278787,0.004234753,0.0048053168634337095
663776,"Sandoval, Patrick",CH,2022,438,102.20206,102.08858447488585,83.76187214611872,-14.576986301369864,8.578356164383562,1623.1438356164383,-0.020968213726262456,17.114117783267062,13.037774254311454,-24.367622906807682,24.596320037480414,-4.758829094072002,-121.81371518241221,-4.446440807754678,-0.003918632,-0.0034256109393062733
663776,"Sandoval, Patrick",CH,2023,586,101.46894,101.04590443686007,82.92764505119453,-14.223890784982936,10.340682593856656,1779.7986348122868,-0.008646883522496035,17.752254272413126,12.349389086931586,-23.107380591206105,23.92768880654732,-3.9495449482211633,-120.64011930585019,-4.364623134256648,-0.0024444396,-0.0014961994991977453
663776,"Sandoval, Patrick",FF,2022,442,93.284386,93.06515837104072,93.15407239819004,-3.916561085972851,16.576289592760183,2041.3710407239819,0.02042105510786774,17.18047912154451,5.047001863102799,-14.055741074109974,29.963820415641127,-4.674747356897827,-135.48058978888506,-5.992246883844867,0.012465963,0.012519710683918876
663776,"Sandoval, Patrick",FF,2023,562,93.624374,93.5829181494662,92.9720640569395,-4.478434163701068,16.77459074733096,1989.220640569395,0.024481390811548365,17.531565896310422,5.1974518163651515,-13.859921946145004,29.52415774255796,-2.7787516925728424,-135.27712285845166,-6.208751005371686,0.011556234,0.011252252833661524
663776,"Sandoval, Patrick",SL,2022,530,106.500755,105.95433962264151,86.32981132075473,6.641207547169811,1.0811320754716982,2563.567924528302,-0.02078783754103165,7.457111562679503,-5.213847213643034,-30.599655684212923,25.5915198422195,-3.1275897701842776,-125.67806624930022,-3.9335769301819394,-0.013065955,-0.011549333540923398
663776,"Sandoval, Patrick",SL,2023,546,103.063,102.67289377289377,86.90750915750915,6.152747252747253,3.4487912087912087,2458.135531135531,-4.2560778704815215e-05,7.696681813907345,-4.967078929137414,-28.373493683077804,25.256606840512912,-2.696343911983501,-126.5344703347167,-4.370357848394832,-0.005844094,-0.004866673727950273
663855,"Hicks, Jordan",SI,2022,572,98.13094,96.95069930069931,99.28444055944055,15.705734265734266,7.974335664335664,2044.917832167832,0.006017752676332381,17.74536118760455,-20.275452709797648,-21.721477316761387,33.34203931825412,8.645839803919936,-144.24648953975404,-5.657605330221356,0.003122622,0.005281543320097029
663855,"Hicks, Jordan",SI,2023,559,100.20393,99.04490161001789,100.15957066189624,15.829051878354205,8.557781753130591,2109.4561717352417,-0.00212139515134082,18.125646302537213,-20.56825058316856,-20.743469742593884,34.48261624044754,7.783197580443837,-145.54746569394456,-6.108429704256851,-0.0010173798,0.0011866472691992483
663855,"Hicks, Jordan",SI,2024,652,97.656746,97.52684049079754,94.6127300613497,15.922085889570553,5.567116564417178,1921.9693251533743,0.01179015454364222,16.98568463364628,-18.56397603600988,-25.497136065086448,29.617283887155832,7.710499996043415,-137.55982074187304,-4.246301606826986,0.0039565726,0.004033417167139016
663855,"Hicks, Jordan",SI,2025,510,97.48039,96.50568627450981,97.13764705882352,16.19976470588235,7.369882352941176,1905.1450980392158,0.015767538459427667,17.94457506470115,-19.808807004162457,-23.120223954975025,32.28293988576977,7.704724388420109,-141.20393586454023,-4.382881192462518,0.004397828,0.00603817931614049
663903,"Singer, Brady",SI,2022,950,98.056526,98.44284210526315,93.76873684210527,14.75216842105263,10.33136842105263,2293.303157894737,-0.001227920219846761,18.142074104434606,-16.803209606163023,-20.806142001229304,29.038469037341134,6.657750389236694,-136.40045754049598,-3.634903549874602,0.0032706638,0.002402525528653392
663903,"Singer, Brady",SI,2023,926,94.33898,94.58650107991362,92.06609071274298,12.965572354211664,9.582634989200864,2278.4913606911446,0.013823429428379691,16.40494625370599,-14.406238781128417,-22.08087693739423,27.432864397328437,6.564199903282588,-133.95509823640103,-3.0247533900242187,0.010448828,0.009594336273769034
663903,"Singer, Brady",SI,2024,1000,94.8269,94.97460000000001,92.23,14.1324,9.46956,2275.52,-0.0024862803029671358,17.140524101577075,-15.512509322824393,-22.05378723133999,28.054820027368095,5.918438112248395,-134.2035656150009,-3.5559441528342184,0.0094483765,0.00881274040216952
663903,"Singer, Brady",SI,2025,684,95.251755,95.40789473684211,92.25380116959064,15.786842105263158,9.98456140350877,2357.9795321637425,-0.0015477991433083698,18.778969634357722,-17.367616614293066,-21.702870486271586,29.441253307358796,6.833276697683389,-134.152474685064,-2.8555904593447945,0.008729495,0.008097231574085791
663903,"Singer, Brady",SL,2022,651,103.055756,103.3672811059908,85.53456221198157,-3.6510599078341017,0.5345622119815668,2334.127496159754,-0.01118583714262159,4.40982448758334,2.2925916576033067,-31.404920765486498,24.109766990299903,4.486104483010381,-124.53993163370612,-2.5011184141858758,-0.005869455,-0.0063053694427363935
663903,"Singer, Brady",SL,2023,745,103.362686,104.00026845637584,83.85503355704698,-3.482738255033557,1.108510067114094,2371.632214765101,-0.0019749089436067653,4.470396198495452,2.1215074036272608,-30.959158755097665,22.287075954494323,4.2731078971433485,-122.13299190134705,-2.6176033468529774,-0.00647448,-0.007554269152527971
663903,"Singer, Brady",SL,2024,973,102.312645,103.07995889003084,82.99856115107914,-4.4085508735868455,-0.9067214799588901,2411.9095580678313,-0.009027989533493604,5.1084033590965285,2.9530088125889464,-32.749472871236094,21.991299196850687,3.5919690098258124,-120.90520368052654,-1.9581772544103164,-0.0041807657,-0.005599489580918611
663903,"Singer, Brady",SL,2025,536,102.23433,102.79682835820896,82.61231343283582,-4.896716417910447,-0.9586567164179105,2435.3861940298507,-0.01670689131213534,5.443309059686214,3.234962986377488,-32.84872282397947,22.49760221673773,3.8857633128793325,-120.31069478999606,-1.580224796974802,-0.0041257506,-0.005163942680623389
663941,"Beck, Tristan",FF,2023,405,96.21703,96.10691358024692,94.66197530864197,8.354666666666667,16.441481481481482,2094.1037037037036,-0.02249326356152742,18.564701332994346,-10.52292949929748,-13.515287790559956,29.812175651639773,7.6951718060344625,-137.55121488943604,-6.405566518360509,0.0066689975,0.0066537772901892256
663978,"Paddack, Chris",CH,2025,414,105.07198,105.48937198067632,84.37632850241546,14.78231884057971,4.287826086956522,1788.608695652174,0.009679633081818023,15.59650951359839,-13.846229730181125,-27.89034310145793,24.1712361065129,7.134243922971767,-122.64412205283469,-4.299824270263943,-0.009799304,-0.010016318226563911
663978,"Paddack, Chris",FF,2024,457,98.18622,98.36805251641137,93.24245076586433,10.979080962800875,17.133741794310723,2217.148796498906,-0.008443668489892,20.449323458738707,-13.083032300176228,-13.43774640602984,29.90065347736878,8.299768933369307,-135.43324092501533,-6.033030485673729,0.0029724662,0.002550017376560474
663978,"Paddack, Chris",FF,2025,775,98.142715,98.52154838709677,93.58980645161292,9.07138064516129,17.90647741935484,2227.722580645161,-0.0023589779363290637,20.20224459624328,-10.905780227943927,-12.517893419312605,30.026720357824356,6.862470151852593,-136.0289121235125,-5.970767086340689,0.0031203993,0.0023462230236765643
664062,"Gonsolin, Tony",FF,2022,663,93.96923,94.62790346907994,93.11085972850678,8.471674208144798,17.401628959276017,2325.1493212669684,0.012497124030598538,19.434307013889452,-9.558083517368683,-13.102229092183459,29.730669429826396,4.00842529809468,-135.42511437642742,-6.520160980531674,0.011156199,0.009602719863724593
664062,"Gonsolin, Tony",FF,2023,487,93.77864,94.15790554414785,92.59568788501026,10.849034907597536,16.031211498973306,2217.700205338809,0.008415710655370107,19.465887170368802,-12.02373514517219,-14.929988493188022,29.22866866405473,4.660443804058808,-134.70741801088832,-5.379055313029253,0.01126803,0.010197883234007775
664062,"Gonsolin, Tony",FS,2022,455,102.2945,102.80549450549451,83.4389010989011,12.301978021978021,2.2960879120879123,1397.6263736263736,-0.04848613300691343,12.754135003633841,-11.070463981997461,-29.673373401354986,22.178718377744207,4.7925996100683195,-121.44213087372788,-4.231661506503092,-0.0043672104,-0.0053219110140572444
664141,"Brubaker, JT",SI,2022,783,97.01903,97.1243933588761,93.12924648786718,16.056551724137933,9.961532567049808,2284.1762452107278,0.008610549217636865,19.011410649166844,-18.27366466209966,-21.049024252204823,29.323229594613533,8.438130821987134,-135.30291797352828,-5.029619143041256,0.005338315,0.004948646012688495
664141,"Brubaker, JT",SL,2022,595,103.883194,104.23294117647059,86.6473949579832,-0.9753277310924371,2.0587563025210085,2653.625210084034,0.007648000468056352,2.9466784743260264,-0.44381049946272594,-29.56490918869519,24.20599887411147,6.834022526733092,-126.02394550228082,-4.827972882610924,-0.007600332,-0.008059274465670258
664285,"Valdez, Framber",CH,2025,475,103.08926,102.476,90.03052631578947,-14.870399999999998,1.082778947368421,1734.7578947368422,-0.006548363134402718,15.163276880722295,15.088452604931957,-30.334033611346577,29.793853763671237,-3.9645352133263554,-130.95679507090438,-4.391851305099692,-0.005728716,-0.004196359871600101
664285,"Valdez, Framber",CU,2022,718,109.32549,108.61866295264623,79.17075208913649,11.661559888579387,-16.094707520891365,2851.8189415041784,-0.02601388526752425,19.967015334533432,-8.259236696620963,-44.14454485946933,24.70879838429158,-1.293563347648927,-115.19001059012339,-0.3341656844026281,-0.018350897,-0.01685403334608711
664285,"Valdez, Framber",CU,2023,573,109.05899,109.15654450261779,80.14956369982548,8.844816753926702,-14.269947643979059,2834.2739965095984,-0.01847226661718813,16.95777909433817,-6.41357989894184,-42.93372037854879,24.545920803353745,-1.1184966976810455,-116.64788937301057,-1.02700097503461,-0.017825343,-0.018004258755118362
664285,"Valdez, Framber",CU,2024,590,108.64441,108.5422033898305,79.6722033898305,11.124610169491525,-14.444949152542373,2899.015254237288,-0.016752869159030896,18.36576784239441,-8.141237724704835,-42.94666850364284,24.158176524136586,-0.5206448408222327,-115.9476110020734,-0.8424633462635931,-0.017000632,-0.016758863529701545
664285,"Valdez, Framber",CU,2025,788,109.6585,109.46053299492385,79.45862944162437,13.101776649746194,-14.71492385786802,2937.9073604060914,-0.009980949431487621,19.783755595905923,-9.587666684293724,-43.17319743180805,25.340774849389003,-0.27266956803028547,-115.59710984230229,-0.4338699170270521,-0.019616626,-0.018891552932079267
664285,"Valdez, Framber",SI,2022,1243,95.26878,94.90434432823814,93.97811745776347,-14.401351568785199,6.938278358809333,2203.316170555109,0.009292798868381793,16.163729019062384,16.09688842634106,-23.87084811050643,31.54039407408747,-4.842984950976156,-136.66916821231348,-5.499025005627176,0.008824782,0.00922385848083542
664285,"Valdez, Framber",SI,2023,1083,96.565926,97.48781163434903,95.23665743305632,-15.767202216066483,9.834792243767312,2178.9575253924286,0.005569727326524085,18.719987938662452,17.834911887691714,-20.355520541732997,32.68043408241838,-4.240993479641781,-138.47555934213727,-6.467709835466403,0.006094,0.004124447620024108
664285,"Valdez, Framber",SI,2024,902,97.21397,96.95532150776053,94.06984478935698,-16.423769401330375,5.945853658536585,2151.2261640798224,-0.00456171164911859,17.658266706804085,18.18760494005626,-24.966805254983775,31.639827378984698,-4.69672830571258,-136.81354390129374,-5.021192124638596,0.004813467,0.005102631844257913
664285,"Valdez, Framber",SI,2025,1063,98.411476,97.72163687676388,94.40997177798683,-15.907055503292568,6.051589840075259,2200.8748824082786,0.006001833370181858,17.22137883499482,17.761015323634766,-24.807489894387885,33.18832017024753,-4.6041589016231965,-137.28184062105933,-5.0638694052060655,0.0025882083,0.0037546043551473594
664294,"Moreta, Dauri",SL,2023,451,100.51907,100.57827050997783,84.55764966740577,8.008603104212861,0.19237250554323726,1986.5232815964523,-0.015046851748937308,8.418988002233986,-7.733805632714306,-31.75019332643962,25.055123566253645,4.702323617667883,-123.0315173288605,-2.3451831070288573,-0.0005223902,-0.0006153822661617534
664299,"Javier, Cristian",FF,2022,1289,101.62754,101.3076803723817,93.80364623739332,7.390566330488752,19.08865787432118,2357.2195500387897,-0.005665929562255871,20.569090445257487,-8.883593281458257,-11.597333575976915,31.618359763469808,5.28865911575517,-136.42686197681468,-4.280956277798222,-0.0035408519,-0.0028581279386304323
664299,"Javier, Cristian",FF,2023,1406,96.80498,96.32467994310099,92.77453769559033,5.679174964438122,18.66238975817923,2254.2880512091037,0.0013525041483533067,19.660091159533827,-6.979146521073158,-12.546373846839579,30.87509670408757,5.373236639852963,-134.93918486181005,-3.9511252071083267,0.005565493,0.006250412801227072
664299,"Javier, Cristian",SL,2022,550,103.35854,103.844,79.88345454545455,-14.99541818181818,3.082690909090909,2612.1072727272726,-0.022648835699617124,15.683329431152782,10.763364395075028,-29.74700196804955,23.42146130486093,2.3910778584617516,-116.27786203885697,-1.51174433625536,-0.0065048714,-0.0072782192019972295
664299,"Javier, Cristian",SL,2023,717,101.13069,101.99358437935842,79.45481171548117,-14.265774058577405,2.124518828451883,2558.9483960948396,-0.002642305011500296,14.752915402632018,10.077215056824665,-30.510314538084515,22.966914370599383,2.6346976145297187,-115.64978634606649,-1.4046128966439249,-0.00180529,-0.003489217332791903
664353,"Urquidy, José",FF,2022,1091,98.332726,98.21833180568285,93.42199816681942,7.662621448212649,19.794060494958753,2194.913840513291,-0.0015426940491696287,21.32041855457245,-9.042535489285173,-10.456960843326538,31.029214802883434,5.144088638400593,-135.78885946699458,-6.876326819368721,0.0027815334,0.0029033367720904726
664747,"Díaz, Alexis",FF,2022,447,105.51208,105.56241610738256,95.68568232662193,6.785503355704698,14.228456375838926,2662.668903803132,-0.022482570003258154,15.95528440482403,-8.770450396676546,-16.406032565049205,29.64585669865308,6.473007053464984,-139.25688971527038,-2.1661577084220065,-0.010995748,-0.010794360567124602
664747,"Díaz, Alexis",SL,2023,421,108.20784,107.09026128266034,87.60570071258907,-4.13729216152019,2.4228028503562946,2649.5843230403802,-0.021033284417303805,5.332881311968613,2.634751782332914,-29.91804103124056,24.743594518844567,5.864498865605397,-127.52479662306781,-1.2135227218859979,-0.016608207,-0.01382245273257013
664875,"Lawrence, Justin",SI,2024,467,94.72248,96.17173447537472,94.4899357601713,14.57781584582441,-0.30398286937901503,2346.252676659529,0.04342935830059548,14.802762776849478,-17.257898153113434,-32.743864550756506,28.110943158959095,8.927560316732086,-137.38130772363445,0.21859454957463276,0.009647304,0.006569550791765628
665152,"Kremer, Dean",FC,2022,443,97.17381,97.24492099322799,88.27968397291197,-4.591422121896162,8.209300225733633,2485.975169300226,-0.011792700242813602,9.915960065138538,2.973032820498213,-23.810000569195957,24.99063629254662,6.320671832125137,-128.42719177444033,-4.529832897186445,0.0039799465,0.0037314199104419737
665152,"Kremer, Dean",FC,2023,541,96.5634,96.52033271719039,88.69371534195933,-3.928946395563771,8.45279112754159,2437.3900184842882,0.00796626329328647,9.700242328708068,2.577517383830194,-23.45496907971856,24.453015876768617,5.700624407087618,-129.08787768903287,-4.939033144238774,0.0052652266,0.005152526615071947
665152,"Kremer, Dean",FC,2024,448,98.32991,98.76741071428572,87.01227678571429,-5.429464285714286,5.749017857142857,2393.6696428571427,0.006762340367222318,8.216925176829246,4.0086308005577544,-26.32643250179067,23.919913148099344,4.66605474991662,-126.67867537390198,-4.325828543822682,0.0023340282,0.0015659520167809208
665152,"Kremer, Dean",FC,2025,442,99.36923,99.739592760181,86.9452488687783,-4.795384615384616,5.8696832579185525,2403.552036199095,0.0041512337750201,7.897285628437417,3.2522213388532277,-26.039077100160938,24.4744178791556,5.44845198392935,-126.50446491959393,-5.252494039348213,0.00062265614,4.354385600863674e-05
665152,"Kremer, Dean",FF,2022,437,97.84943,96.97299771167047,93.69473684210526,8.671853546910755,16.492723112128147,2242.3569794050345,-0.01700975823881536,18.76193941777999,-10.818166429932537,-14.208322752553121,30.263244091510487,8.300962626926932,-136.11311852696454,-4.911687926403952,0.003708046,0.0052293829294890555
665152,"Kremer, Dean",FF,2023,850,101.724945,101.13023529411764,94.60376470588236,9.571623529411765,16.944423529411765,2308.529411764706,-0.005927597150561604,19.614159812314192,-11.886441610149584,-13.317079080475526,30.89676995219583,7.864105896715539,-137.46855480522942,-5.12411229854095,-0.0037018307,-0.0025123730392638704
665152,"Kremer, Dean",FF,2024,619,96.75461,96.47512116316639,93.35234248788367,7.837609046849757,17.84859450726979,2268.1631663974154,0.017238439892017978,19.59580373557741,-9.465902524375991,-12.817797584932773,30.139882226269094,6.253081607368361,-135.72343523478793,-5.322814831108402,0.005661222,0.00600760506466901
665152,"Kremer, Dean",FF,2025,565,97.08248,96.74407079646018,93.29221238938052,7.5869734513274345,18.040141592920353,2273.0849557522124,0.00838363839490643,19.655221844113022,-9.353005915615748,-12.569408460623691,30.793576958132906,6.933518929641221,-135.57171473230378,-5.725125762320202,0.005107485,0.005594884793817846
665152,"Kremer, Dean",FS,2025,481,102.64345,102.38669438669439,81.93555093555094,10.63983367983368,9.710519750519751,1120.8814968814968,-0.012554589950117406,14.715641074679851,-9.548498687004392,-23.67944029285388,22.221599988333857,5.724296290122525,-119.13825210646631,-5.086275761013993,-0.005179604,-0.004407368463620469
665622,"Medina, Luis",FF,2023,635,97.2274,96.73023622047243,95.96141732283465,5.918740157480315,16.535622047244097,2330.817322834646,0.01627229667716236,17.704366907214563,-8.197782226551512,-12.743486901029742,30.95269423281259,7.927511539596427,-139.39368088019506,-7.181733647290936,0.004767634,0.005508682924786712
665795,"Cabrera, Edward",CU,2025,401,105.215454,105.4925187032419,83.79152119700748,-10.90413965087282,-10.981945137157108,2624.351620947631,-0.019323173352842272,15.748230487633638,8.70485616203882,-41.0261311859977,26.038689535757936,1.4427512688391224,-121.9726245542243,-2.11965481418997,-0.010312283,-0.01072094802344577
665871,"Assad, Javier",FC,2023,416,95.20698,95.3735576923077,89.021875,-3.3147115384615384,8.01375,2049.204326923077,-0.003928294610446558,8.927069743484736,2.253941713497318,-23.915146345429857,24.725037975765495,4.568684549674513,-129.62047363131808,-4.412958988090296,0.0074989297,0.006968522100962635
665871,"Assad, Javier",FC,2024,432,94.20394,94.71921296296296,87.91736111111112,-3.610833333333334,8.510833333333332,2051.662037037037,0.012922462860619337,9.54909028723555,2.503932481763007,-23.77494439698997,24.7286838158721,4.133783023952579,-128.0188417906462,-3.7755216837619354,0.0089874,0.00785511008035604
665871,"Assad, Javier",SI,2023,461,95.53731,95.14924078091107,92.72060737527114,14.0129284164859,10.738568329718005,1934.5509761388287,-0.0238810547183555,17.74904265086344,-15.514414371674091,-20.19450410118557,28.110910276126404,5.834089374345083,-134.86204494396878,-5.740164684824604,0.008104056,0.008531695328119435
665871,"Assad, Javier",SI,2024,661,93.58275,93.67655068078668,91.48698940998487,13.880605143721633,11.252223903177004,1898.4568835098337,-0.012063978157452877,17.997035306694773,-15.074726193953985,-20.11474370135481,27.635924639040145,6.228613942835319,-133.04787065530155,-5.1635008012315255,0.011868872,0.01124541578012807
666120,"Anderson, Ian",CH,2022,562,102.59484,103.07829181494662,88.15160142348753,10.509395017793594,9.948256227758007,1527.4021352313168,-0.001210150165088338,14.65532777967087,-10.622847807815976,-21.78227947012971,25.611673946746244,4.776904032465944,-128.18310389640288,-7.096062094656468,-0.00467984,-0.005231735564507736
666120,"Anderson, Ian",FF,2022,836,94.88564,95.30430622009568,93.96411483253588,5.92665071770335,16.726507177033493,1934.7165071770335,0.011151622307185517,17.91721449338549,-7.342158317711579,-13.52621535747721,29.96346337303491,5.276102039958988,-136.64227959684482,-6.260050117073358,0.009392576,0.008341068788977087
666129,"Garrett, Braxton",SI,2023,568,94.53345,94.15475352112676,90.4875,-15.715140845070424,7.051056338028169,2069.705985915493,-0.0034057081338150913,17.380714364244987,17.15888665400423,-24.511754411418703,27.530132708623665,-9.443963584811378,-131.3955045668412,-4.744198597634367,0.010068931,0.010404465545791395
666129,"Garrett, Braxton",SL,2023,460,105.23044,106.18630434782608,82.89673913043478,10.317652173913043,-2.821304347826087,2207.778260869565,-0.025252822159100803,10.929635942574393,-7.233180271744418,-33.9360647209887,24.379862441577203,-5.48641845955152,-120.57838950127655,-3.5633777927333594,-0.010376728,-0.011990747866352333
666142,"Ragans, Cole",CH,2024,558,104.61541,103.736917562724,84.79838709677419,-15.860430107526883,12.385806451612902,2162.2974910394264,-0.0063488868300129895,20.214494461177082,14.37435228799516,-20.65028232886002,24.841081788767305,-4.467984508764405,-123.30155837514242,-5.886381598982474,-0.008671071,-0.006499721820915331
666142,"Ragans, Cole",FF,2023,538,103.889595,103.97453531598514,96.47583643122677,-12.457695167286245,16.130408921933086,2481.5408921933085,0.012256404940398098,20.489122395958553,14.996956094344847,-13.142402910946895,32.604867660405056,-5.651558062935399,-140.24862039377396,-6.5169393054298865,-0.007781333,-0.00770021983996199
666142,"Ragans, Cole",FF,2024,954,101.9957,102.18008385744236,95.39769392033543,-12.410062893081761,17.28930817610063,2555.3857442348008,-0.0066590337989420574,21.372276987962085,14.504972703975175,-12.19930885069399,31.40214599138751,-5.155668754534155,-138.68758628239206,-6.977086005061197,-0.0041804104,-0.004416649710909185
666157,"Lodolo, Nick",CU,2025,440,100.703636,99.58136363636365,81.94477272727272,8.341636363636365,0.06627272727272727,2566.965909090909,-0.011749350188977952,8.745861323911436,-5.107528335296877,-32.06340278235753,22.773021462015137,-7.839737965661666,-119.11748505478845,-1.3998758234652133,-0.00085763837,0.0014579974749387363
666157,"Lodolo, Nick",FF,2024,551,99.686935,99.68529945553539,94.11669691470055,-17.250381125226863,9.869836660617059,2352.531760435572,0.008046966583739223,19.971027999551097,20.75932858359088,-21.321827679288376,29.896704855231103,-12.783055962842877,-136.42798258512295,-3.3302358618402828,0.00015218585,0.00014356457350356758
666157,"Lodolo, Nick",FF,2025,472,99.43284,98.45868644067797,93.64978813559321,-17.116271186440677,9.250677966101694,2291.5868644067796,0.007166593241645191,19.523260486749106,20.427156476346262,-22.318976864781003,30.135351829815963,-12.6520800771477,-135.76213448594183,-2.2979424790571574,0.00069482636,0.002456518904220594
666159,"Manning, Matt",FF,2023,468,95.45855,94.9431623931624,93.43397435897435,3.6530769230769233,16.51820512820513,2136.653846153846,-0.011804109382785305,17.023313681300216,-4.8118606793177365,-14.232047144558381,29.00450167072853,4.777711972081855,-135.96657353552146,-4.851361137350998,0.008103103,0.008771158536302117
666200,"Luzardo, Jesús",CH,2023,456,102.65833,103.12368421052632,88.4048245614035,-16.289473684210527,6.551052631578948,1969.5350877192982,-0.00367144061069093,17.686884044767506,16.61822514844502,-25.32505085457336,26.874241053833643,-7.65461400746873,-128.4524901820642,-4.743544517866379,-0.0047965315,-0.005367641276965353
666200,"Luzardo, Jesús",FF,2023,991,100.96054,100.72139253279515,96.72179616548941,-14.214490413723512,13.84904137235116,2245.4470232088797,-0.0026582174698003063,19.94026291075641,17.881188086232566,-15.941947404719535,32.61040246952998,-9.62130508529965,-140.44200534444292,-4.928156624306276,-0.0022652978,-0.0017678021113677327
666200,"Luzardo, Jesús",FF,2025,628,98.431366,98.46783439490446,96.47707006369427,-11.970191082802547,13.913121019108281,2236.791401273885,0.018689993347245283,18.439994741740392,15.153226504208325,-15.974178538237691,32.77808712344583,-8.706193778197164,-140.14092484104853,-4.864313571246148,0.0025781416,0.0024413160314977777
666200,"Luzardo, Jesús",SL,2023,594,99.917336,99.42676767676768,85.12087542087542,-0.2686868686868687,1.6763636363636363,2307.3282828282827,0.009400574835120714,2.1999881952310254,1.4936948774364625,-30.230974500933335,23.585467995953998,-6.589633255929633,-123.81186794306201,-3.51246170580853,0.000732413,0.0017169719624839433
666200,"Luzardo, Jesús",ST,2025,591,104.99814,103.52808798646362,86.09796954314722,8.959593908629442,-0.033908629441624386,2292.824027072758,-0.010623422094992533,9.767725675486677,-6.8270135088647255,-31.88560106284085,26.53976480449458,-4.7456616189497804,-125.27766761071067,-2.565339790742723,-0.00963517,-0.0063700809409579255
666201,"Manoah, Alek",FF,2022,841,98.54055,98.08692033293698,93.91521997621878,5.384161712247325,16.95552913198573,2371.7217598097504,-0.011587051593338372,17.903045528318057,-7.080075987671906,-13.514111900130562,30.730146693936536,6.543506494527219,-136.52960676748697,-5.33125160793135,0.0023845749,0.0031495954098634473
666201,"Manoah, Alek",FF,2023,454,94.26894,94.10286343612334,92.86718061674009,6.078237885462555,16.137885462555065,2344.616740088106,0.02788734537471282,17.374960520759736,-7.756401817279921,-14.865611352740434,29.530570628662915,7.1532600925707985,-134.99782382895103,-4.7741605192119225,0.0103382105,0.010306347892503039
666201,"Manoah, Alek",SI,2022,646,95.593185,95.23390092879256,93.27492260061919,14.735108359133125,10.52359133126935,2195.687306501548,-0.006690637549506509,18.253060701519075,-16.829111261574965,-20.465317903714165,30.525807955426856,7.716779089208091,-135.5266384975157,-4.9392662215558785,0.008177705,0.008593796022054947
666201,"Manoah, Alek",SI,2023,442,94.83326,94.76176470588234,92.65203619909502,14.799638009049772,10.642262443438915,2218.366515837104,0.012167036105596189,18.344843675740382,-16.936795958717443,-20.641217238593054,29.467515655859327,8.926900428434255,-134.57726650896,-4.295458182600096,0.009480347,0.0092660206809538
666201,"Manoah, Alek",SL,2022,648,102.91867,103.29614197530863,81.50308641975309,-14.736481481481482,0.4872222222222223,2216.3595679012346,-0.029433936470962596,14.952310478529858,10.64406707251619,-31.501199723732384,24.484370080005263,4.079825740582164,-118.58685660824887,-2.425713318736883,-0.005587913,-0.006162940627810242
666201,"Manoah, Alek",SL,2023,482,100.42697,101.2344398340249,80.7578838174274,-12.41253112033195,0.18572614107883814,2146.182572614108,0.009089359276732798,12.958933048912805,8.561642840983275,-31.714519535052563,23.57847074509174,4.7282655062924555,-117.48289904757348,-2.5562696610502464,-0.00033625585,-0.001950442578407024
666205,"Muller, Kyle",FF,2023,481,96.64553,96.2823284823285,93.57713097713098,-5.801663201663201,13.084241164241165,2417.9521829521827,0.03816002841991792,14.511566336005503,7.181090590937096,-17.523018992955247,28.48442010689651,-5.360400791945114,-136.13378754415652,-5.736693301100672,0.0058656824,0.006329122274511119
666214,"Wentz, Joey",FC,2025,418,102.51196,103.39665071770335,85.75478468899522,3.7779904306220096,3.542583732057416,2501.0837320574165,0.007144302441795095,6.125584433187083,-2.7166690339431505,-28.301620609623335,23.821650344259943,-2.8599091647556873,-124.86912591644541,-4.851111764783992,-0.0043616365,-0.005579155610038269
666214,"Wentz, Joey",FF,2023,604,96.66192,96.76324503311258,93.32350993377484,-12.335960264900663,15.4358940397351,2214.610927152318,0.03593065672146682,19.88596299055328,13.848143483405044,-15.254302700448875,30.75953971755835,-5.202575491675636,-135.70433910838258,-5.557295155011673,0.0058339857,0.005449024181232117
666214,"Wentz, Joey",FF,2025,700,97.47815,97.35042857142858,93.44871428571429,-5.046685714285714,17.969142857142856,2311.447142857143,0.022783087228627714,18.772336571762192,5.891591045312478,-12.351052847190338,30.043127811609622,-3.0631413579279894,-135.93392034868987,-6.6769155035312995,0.004366757,0.004480174031256755
666374,"Brash, Matt",SL,2023,483,106.876396,106.21697722567288,88.80331262939958,-11.729689440993788,3.2727950310559004,2826.55900621118,-0.016534020774264614,12.600059115768355,9.673856630222172,-28.93993436966568,27.278300269196635,5.7594028910760855,-129.21912603947703,-1.6843367108659315,-0.013829267,-0.012054145148514148
666619,"Santos, Gregory",SL,2023,422,106.688385,106.41445497630332,91.39620853080568,-5.667298578199052,1.5639810426540284,2529.4218009478673,-0.02248189120583608,6.383188145693794,4.7604289607699375,-29.926155368804743,27.116153976143853,4.211837315345811,-133.08122268606965,-4.212525115309288,-0.013434118,-0.012448620838357943
666808,"Doval, Camilo",SL,2024,438,107.08265,105.98470319634704,88.77945205479452,-4.838630136986302,-0.7323287671232876,2491.9360730593608,-0.008776777165538478,5.528216907062623,3.877001590107634,-32.36721030807255,25.565509587955038,3.2669068314034364,-129.30565472598613,-3.461485347806177,-0.01408207,-0.011446341163253947
666974,"Cano, Yennier",SI,2024,431,101.93759,100.5877030162413,95.98491879350348,17.138561484918792,-1.8111368909512762,2087.232018561485,0.002201697797172883,17.343474849562394,-20.690708806628272,-33.6387895091455,31.316689442013047,9.099626215619274,-139.47790323905465,-3.0234078879659925,-0.004359481,-0.0017041669645446655
667463,"King, John",SI,2024,407,98.276665,97.65675675675676,93.46511056511058,-15.095823095823096,3.2989680589680592,2181.5257985257986,0.004569748555626118,15.55570957531786,17.14035815090696,-28.271745068273162,29.022375035887606,-7.0624922271411075,-135.94957690936315,-3.142646177549393,0.0027470032,0.0037910913604719985
667755,"Soriano, José",KC,2025,583,105.63259,105.72418524871354,85.16157804459691,-12.270051457975985,-9.822710120068612,2499.7238421955403,-0.0019539984969753734,15.873483969292439,10.327726193252891,-40.4001962510649,27.1183789538991,0.6377168575503943,-123.96689378801909,-1.72283249017984,-0.01080385,-0.010784532271019363
667755,"Soriano, José",SI,2024,676,98.84202,97.52189349112426,97.80739644970414,15.257573964497043,4.3191124260355025,1893.2647928994083,-0.01562550833007426,15.965307034838686,-18.591084216041104,-26.07128151810473,32.02312736812701,5.774847314273178,-142.25318867503316,-6.144091632809987,0.0016517434,0.004043257327714972
667755,"Soriano, José",SI,2025,1078,97.08228,96.06502782931355,97.11530612244898,13.201892393320964,3.2703896103896106,1922.6141001855287,0.008540637179249175,13.764986170737341,-15.99481347768705,-27.580605499635013,31.25875914089405,5.4732054608639595,-141.30930088374936,-5.034525503146221,0.0051751398,0.006860819441578705
668676,"Plesac, Zach",FF,2022,553,96.17884,96.26401446654612,91.9746835443038,7.236238698010849,18.60737793851718,2148.1862567811936,0.014830151148404592,20.08857109261208,-7.728254786623237,-12.394113767173469,29.08744881122438,2.219318992028859,-133.81647050118642,-6.2854519324558575,0.0069172955,0.00654870818713995
668678,"Gallen, Zac",FF,2022,1103,100.8903,100.18059836808703,94.11523118766999,3.2271622846781503,17.37465095194923,2416.3372620126925,-0.0056731529813890775,17.77838044692108,-5.154830848176857,-12.845715486906041,30.391533708096755,8.003449139472817,-136.73363682376805,-6.002557252224121,-0.0021251969,-0.0007546640746484967
668678,"Gallen, Zac",FF,2023,1265,97.880005,96.70110671936759,93.52569169960475,2.9047588932806323,17.04701976284585,2292.79604743083,-0.012744486924327825,17.40259983068008,-4.615472369270194,-13.438304815614993,29.753507721886024,7.357649734264022,-135.92385709299955,-5.90496738807298,0.0035383597,0.005564380577344712
668678,"Gallen, Zac",FF,2024,1006,97.89185,96.97544731610338,93.66630218687872,4.49868787276342,16.904254473161036,2289.6848906560635,0.008113751170580198,17.620446444625156,-6.398038920099319,-13.51975529918226,29.32869831171648,8.058601184455057,-136.0973402048911,-5.900970106761933,0.0035264993,0.00509909802647243
668678,"Gallen, Zac",FF,2025,1130,97.30982,96.44946902654867,93.55548672566371,4.302584070796461,17.16,2321.9849557522125,-0.004482682290962133,17.81953297164226,-6.117604520547841,-13.258634904841543,30.126559095404147,7.567209523240112,-135.9303477256609,-6.158497033447071,0.004681497,0.006133685007836151
668678,"Gallen, Zac",KC,2022,485,105.8899,105.3261855670103,81.56701030927834,-6.69501030927835,-12.01979381443299,2508.8886597938144,-0.029536631154167346,13.884450364771297,4.163508604916854,-41.5118132057911,23.83828361834272,5.366897939222875,-118.66836125303877,-1.519932931591263,-0.011275431,-0.009983730651895957
668678,"Gallen, Zac",KC,2023,592,106.75085,106.36013513513512,82.41554054054055,-3.940743243243243,-10.800405405405405,2465.2550675675675,-0.0018427476851331035,11.648714724281179,1.9478918926005941,-40.61896029489738,23.8855576324596,6.0324395814205065,-119.87985106195646,-2.073116287488707,-0.013130374,-0.012032013746833225
668678,"Gallen, Zac",KC,2024,592,105.596115,105.20135135135135,80.9412162162162,-4.865878378378378,-11.13222972972973,2423.4864864864867,-0.036863669858447794,12.287887197401616,2.6833955396660936,-40.68553895062204,22.523540618964557,5.608393985479727,-117.77672544791798,-1.660691559876396,-0.010620681,-0.009634053471780488
668678,"Gallen, Zac",KC,2025,590,105.24932,104.83830508474576,81.14152542372881,-4.850440677966102,-11.456542372881355,2443.9661016949153,0.003800559381843994,12.576218477472375,2.620136281867267,-40.96961715079928,22.859928082503547,5.897008566987205,-118.04709860773605,-1.623646193976638,-0.010002635,-0.008966766077702911
668868,"Thompson, Zack",FF,2023,536,92.86231,93.62406716417911,93.55783582089552,-7.078432835820895,14.949626865671641,1804.9458955223881,0.00805824434021245,16.68514714012673,8.04973501821968,-15.728489018644323,28.847186317138846,-3.1284491045696963,-136.19570721823752,-5.140242922640416,0.01298794,0.011172762819042833
668881,"Greene, Hunter",FF,2022,754,101.22466,100.97002652519893,98.61989389920424,11.21395225464191,16.093846153846155,2355.9708222811673,0.01498215106039777,19.76180203927713,-14.79174393777996,-12.44659318369763,33.371783586446035,8.236909831865566,-143.2768233592361,-6.082805554292464,-0.0027689142,-0.0022264817285441835
668881,"Greene, Hunter",FF,2023,874,101.494736,100.98638443935927,98.40823798627002,11.928192219679634,15.519267734553775,2345.194508009153,0.004780390357142419,19.71237542055975,-15.710572892108608,-13.2317297972038,33.40234478579497,8.93582839216324,-142.92839292436747,-5.940924643218219,-0.0032723898,-0.0022502115430202848
668881,"Greene, Hunter",FF,2024,1026,97.47592,97.23664717348929,97.60087719298245,8.636374269005849,16.517426900584795,2382.4980506822612,-0.009766315928012286,18.76882258171279,-11.358275646398598,-12.363493136528476,32.61254890794044,7.069564720671756,-141.86381403397758,-6.071615021653653,0.0043048672,0.004619310920515089
668881,"Greene, Hunter",FF,2025,685,104.02102,103.92861313868615,99.5756204379562,9.159065693430657,16.66966423357664,2440.156204379562,-0.020927607901144243,19.1425534914436,-12.419731518928605,-11.223949899090492,34.768300518849735,7.180845903481405,-144.68264449461577,-6.861770013210083,-0.007913908,-0.007541936779100389
668881,"Greene, Hunter",SL,2022,611,104.21326,103.42193126022914,87.92749590834697,-4.769754500818331,3.038887070376432,2349.433715220949,-0.020156117684428237,6.323516871145473,3.206845329410398,-28.67762318726233,24.89425541247863,5.851401190806074,-127.94605535449966,-4.383285762477165,-0.008288549,-0.006418606361049665
668881,"Greene, Hunter",SL,2023,640,103.31969,102.8215625,87.510625,-4.075125,3.177,2336.409375,-0.014503141623068812,5.913899759644009,2.4457003279323932,-28.576723105419795,25.37107850274263,6.025120171161066,-127.31365238991717,-4.289509256213143,-0.0063847406,-0.005163843783174765
668881,"Greene, Hunter",SL,2024,661,103.26141,103.14326777609682,86.81724659606657,-6.373615733736763,3.4596671709531015,2381.514372163389,-0.006850872612756067,7.769168177565388,4.635202592172795,-28.40932749297816,24.390849202729132,5.4500859855007695,-126.35039702082716,-4.246176822496278,-0.006153301,-0.005729442272998173
668909,"Williams, Gavin",CU,2025,424,105.6816,105.17641509433963,81.9127358490566,-10.255754716981132,-13.355377358490566,2454.5353773584907,-0.02501810953486188,16.996827256232923,7.102862700429916,-42.570347571013755,25.282514973863453,4.512508026162409,-119.14995984328304,-1.5581117197085945,-0.011290177,-0.01006688502097595
668909,"Williams, Gavin",FF,2023,624,98.40144,97.72003205128206,95.63605769230769,10.014615384615384,16.04423076923077,2221.4054487179487,-0.009754132443719234,19.017383798172098,-12.778147201023414,-13.805427279137048,30.469205118778955,8.885063206167242,-138.94093893216808,-5.33532190764826,0.0025559913,0.0037028723178442837
668909,"Williams, Gavin",FF,2024,702,101.39002,101.46068376068375,96.62108262108262,11.226666666666667,15.322905982905983,2311.4017094017095,0.010287765491087297,19.082100962820977,-14.596310034969438,-14.324522527004294,30.82503888520655,10.032563521940478,-140.31980456670937,-4.9679625531418985,-0.0030425019,-0.0031007780860249456
668909,"Williams, Gavin",FF,2025,713,100.412346,100.0976157082749,96.42103786816268,11.108330995792427,15.43102384291725,2302.569424964937,0.004748564367554502,19.120035737780558,-14.385146777242312,-14.169442091140048,31.697199471280467,9.749783354135888,-140.00707312303734,-5.452408869010832,-0.0011415113,-0.0005387296142699875
668933,"Ashcraft, Graham",FC,2022,692,99.34928,99.00722543352602,97.27297687861271,-0.5216184971098266,9.463872832369942,2381.9696531791906,0.009494242728684,9.80586997934884,-0.25782395529349417,-20.409203996210085,30.232248291074093,3.8967166680513103,-141.60094709101796,-5.974645568227353,0.00054867804,0.0010520167497320336
668933,"Ashcraft, Graham",FC,2023,953,97.48384,97.82812172088143,95.75068205666317,-1.9605456453305352,6.786736621196223,2429.1196222455405,0.01198951426897688,7.760368374565474,1.4312369687530284,-23.84023000954715,29.07619367954497,3.325474610759788,-139.427818267643,-5.256862627144113,0.0037556519,0.003080557067076815
668933,"Ashcraft, Graham",FC,2024,524,95.302864,95.80057251908397,95.52290076335878,-1.113206106870229,9.88145038167939,2417.4847328244273,0.0023447038612728886,10.136619413577712,0.9472215225218333,-20.330084825701093,28.50280743678697,1.2972286202764527,-139.10812717833298,-6.185524490350765,0.007210531,0.006178104103909034
668933,"Ashcraft, Graham",SL,2023,627,107.56061,106.79202551834132,88.18006379585327,-13.496842105263159,-0.3948325358851675,2830.775119617225,0.0007812316489046814,13.763983254510588,12.00119298174362,-31.894373895366268,26.52245307629813,1.9664135260849647,-128.3964916849297,-3.951785623718322,-0.015257071,-0.013212885505337894
668964,"Myers, Tobias",FF,2024,652,98.03988,97.8829754601227,92.90352760736197,4.987730061349693,19.363435582822085,2226.2208588957055,0.003500455562473528,20.085373252880608,-5.788866216226231,-11.367753945270623,29.8850644568421,3.190405345925625,-135.17822279763593,-5.609188442758943,0.0032499684,0.003440042379686788
669022,"Gore, MacKenzie",CU,2025,480,104.879585,104.61104166666668,81.64104166666667,4.32275,-12.78825,2346.897916666667,-0.009084473565299726,13.788186094248067,-2.678928484876702,-42.284270764716894,23.49654077581674,-3.4115542784030692,-118.83356114861226,-0.7192628753515831,-0.009613405,-0.008901983483246861
669022,"Gore, MacKenzie",FF,2022,568,95.99877,96.03556338028169,94.80422535211268,-5.3165492957746485,17.525704225352115,2240.4084507042253,0.0016301255200439355,18.440079568225922,6.75832216641281,-12.406981666363999,31.595004437851067,-4.87955660103963,-137.86090172803694,-6.030751781400225,0.0072637284,0.006971886842607793
669022,"Gore, MacKenzie",FF,2023,1058,97.0447,96.50812854442344,94.97930056710776,-4.352098298676749,17.390132325141774,2288.9508506616257,0.011337687158774043,18.024468614660776,5.840575854242052,-12.424550609727824,30.468740812134932,-5.418407735978361,-138.12971568621813,-6.191764760036955,0.0051118145,0.005914818340983721
669022,"Gore, MacKenzie",FF,2024,1008,102.1251,101.75119047619047,95.97470238095238,-5.894404761904762,17.60297619047619,2304.7410714285716,0.012027951685806861,18.687059347203093,7.837249845566868,-11.849307851965866,31.133520109699035,-6.378175438076061,-139.5463121771422,-5.89465081619154,-0.0044204313,-0.0036300144972098727
669022,"Gore, MacKenzie",FF,2025,943,97.34189,97.44517497348888,95.27433722163309,-6.857560975609756,16.802290562036056,2263.0371155885473,0.008829036335349243,18.267929491590657,8.888090373339582,-13.24570780179609,31.275777985494017,-6.808264841172811,-138.52477465332467,-4.854572561852702,0.0046230284,0.0043113063197940055
669060,"Wilson, Bryse",SI,2022,450,96.972664,96.8828888888889,92.23533333333333,16.144000000000002,7.912,1959.6777777777777,-0.005732976299018632,18.10141472275536,-17.806369990583022,-23.569248313516663,27.652613873557545,7.317243286343118,-134.1332491958265,-3.862883466350149,0.0054303333,0.005412429171632658
669062,"Miller, Erik",FF,2024,496,97.45363,97.93891129032258,96.80947580645162,-8.647016129032258,16.119435483870966,2272.514112903226,3.960835806486305e-05,18.388477186144556,10.588126567952274,-12.969313670765315,32.07955900650049,-4.466866816374075,-140.7952991233291,-6.770274002733903,0.0043443297,0.0033352907374568515
669093,"Estrada, Jeremiah",FF,2024,463,104.61339,103.7010799136069,97.20626349892008,1.4998704103671707,19.637753779697626,2224.3930885529157,-0.0063339820250462265,19.808974744336087,-2.0847448122204426,-9.055095668682894,33.700092249427684,1.7146782641866296,-141.41555526362498,-6.143035913545569,-0.009094391,-0.007189179861517277
669093,"Estrada, Jeremiah",FF,2025,461,109.78482,108.66464208242951,97.82559652928416,2.191236442516269,19.653709327548807,2209.462039045553,0.005342429100189448,19.933867669336113,-2.8196297256192695,-8.884031209968118,35.3182197253162,1.4254941961590588,-142.31832075386149,-5.650021893493359,-0.018733675,-0.016204124083233698
669160,"May, Dustin",SI,2025,493,97.707504,97.68377281947261,94.64563894523327,18.345638945233265,5.8028397565922925,2405.0243407707912,0.026137510986043992,19.390069085064457,-21.344922658554438,-25.771520191616723,31.21591344668726,8.698108632815522,-137.5330693316309,-2.100835063797204,0.003956913,0.003828892306339224
669160,"May, Dustin",ST,2025,593,112.57015,108.75767284991569,85.16155143338955,-16.862529510961213,-2.591028667790894,3187.6155143338956,-0.022274863640853494,17.20616844734873,13.707561378644218,-34.612582702723714,27.43597395330061,2.912693657489785,-123.92719345662128,0.018942550710080535,-0.025785863,-0.017268078408791937
669169,"Heasley, Jonathan",FF,2022,709,96.85374,96.75613540197462,93.47418899858955,8.207390691114245,19.033963328631877,2329.9026798307477,0.004265491133516685,20.81554220508835,-9.609087894579053,-11.355862371722587,30.51755091386518,5.138616191369462,-135.90228652920456,-6.197275496920159,0.0056195385,0.0056311304336366386
669194,"Nelson, Ryne",FC,2024,401,100.87307,101.32468827930174,91.21197007481297,-1.1844389027431423,8.374563591022444,2197.7805486284287,0.004152167049792556,8.992652470638554,0.024927740596249207,-23.088803201024216,27.630767964218094,5.44486262516251,-132.7195733947681,-4.754991090017801,-0.0017664512,-0.002402247529221406
669194,"Nelson, Ryne",FF,2023,1149,95.846825,95.65256744995649,94.4018276762402,4.0010443864229766,18.17597911227154,2214.22454308094,0.016392603882794194,18.75890064614093,-4.931223096110043,-11.839707672419907,30.374710933426634,3.25373978840581,-137.3541343537439,-6.1148302051353385,0.007366382,0.007476917082527049
669194,"Nelson, Ryne",FF,2024,1263,98.60356,98.50728424386381,95.20190023752969,5.770926365795725,18.278764845605703,2214.0237529691212,-0.001539250819060481,19.319307086642116,-7.220745773192448,-11.279514505663839,30.61327954115988,4.792277313735686,-138.4545000500288,-6.613040104893801,0.0021889582,0.002295686736866719
669194,"Nelson, Ryne",FF,2025,1034,102.10107,101.55560928433269,95.54332688588008,3.4430947775628624,19.088471953578335,2263.4535783365573,-0.007696901688502625,19.529529650573625,-4.557970481896833,-10.21157741863887,31.404997326620382,3.8284969564240616,-138.9600733030619,-6.916480847278558,-0.004314225,-0.003203216176459833
669203,"Burnes, Corbin",CU,2022,449,105.546326,106.5195991091314,81.76503340757239,-9.545746102449888,-6.379242761692651,2772.0133630289533,-0.01878406730717225,11.786449440482237,7.6926045335151425,-36.89012321286535,22.772671346948563,-0.7105672288788919,-119.08452207415961,-2.763747620950068,-0.0107237315,-0.012635710176761348
669203,"Burnes, Corbin",CU,2024,569,105.242004,105.18664323374341,80.24551845342705,-9.966959578207382,-12.911072056239016,2879.572934973638,-0.012874587527945326,16.446744644874613,7.554341271113057,-41.9740383264003,23.762545650551296,-0.031047855782807717,-116.81594767385887,-0.9046890334673383,-0.010091369,-0.00995260868670523
669203,"Burnes, Corbin",FC,2022,1340,99.72493,98.52455223880597,94.99425373134329,-4.23179104477612,11.399373134328359,2636.805223880597,-0.011497313234101364,12.377262077690602,4.177771418066003,-18.699812390203036,28.69170514242901,1.7392768994606387,-138.29482787469385,-6.742561330295002,-4.177889e-05,0.001785608573640006
669203,"Burnes, Corbin",FC,2023,1036,99.319016,98.49700772200772,94.47548262548263,-3.4722393822393824,11.075444015444015,2663.592664092664,-0.006733269929839381,11.946460808895127,3.330207871939406,-19.275856916182036,27.894044716174903,1.7647024073572948,-137.57211458343002,-6.290807844893963,0.0007389249,0.0020210548444460226
669203,"Burnes, Corbin",FC,2024,1194,102.44749,101.35318257956449,95.26172529313233,-2.487035175879397,12.317085427135678,2743.0259631490785,-0.00517699834194227,12.88982287230467,2.104661993058366,-17.64283681288109,29.211180268158227,2.652478649763966,-138.66868794748933,-6.567485793158672,-0.0043062,-0.0024449695241272216
669203,"Burnes, Corbin",FC,2025,465,97.43785,97.15913978494623,94.05311827956989,-2.373935483870968,12.198967741935485,2655.8021505376346,0.0036216260507213782,12.626690457580878,2.0427092487409033,-18.205946431485692,29.505224411582137,2.1106259039082347,-136.89653859939824,-6.309243342536227,0.0036793668,0.004010714323589815
669211,"Akin, Keegan",FF,2022,450,96.89755,96.86244444444444,93.45599999999999,-10.706666666666667,17.848266666666667,2255.5266666666666,-0.006442640721750702,20.89178152856497,12.69394141257704,-12.643987885423572,30.76435472983305,-7.429951607716252,-135.77457986858383,-5.996474143995409,0.0055344244,0.0054358295161553785
669211,"Akin, Keegan",FF,2024,559,100.3576,100.27817531305904,93.92647584973166,-9.856100178890877,18.28443649373882,2421.4865831842576,0.006072287805377311,20.85569194242362,11.91289076338213,-12.042367031760836,30.969931028758552,-7.378426346860857,-136.46861071046993,-5.804021324184799,-0.0011068919,-0.000939944980880969
669212,"Morgan, Eli",FF,2022,441,98.66168,98.55895691609977,92.10975056689342,10.951020408163265,17.255510204081634,2268.501133786848,0.003567436787315831,20.529475925561847,-11.70709783312499,-14.15545114918927,29.93022230371185,3.329006797308396,-134.03999715036636,-4.188179987178617,0.0021486336,0.0022687468584152532
669276,"Lee, Dylan",SL,2025,450,103.14889,103.00666666666666,85.91666666666667,0.35946666666666666,6.665866666666666,2135.782222222222,-0.020965637796415606,7.110576397347273,0.6495954485555049,-25.279605636630382,23.81341392625376,-4.92028639624647,-124.97875169848396,-6.347558615079997,-0.006069005,-0.005596087682874508
669302,"Gilbert, Logan",FF,2022,1117,99.27242,99.40877350044764,96.14279319606088,6.072408236347359,17.81167412712623,2134.6356311548793,-0.006558735671324798,18.958438544269754,-7.433337290234223,-11.425813032513933,31.471351992049897,3.485388710544963,-139.8730808588162,-6.452397736690305,0.0009761053,0.0006831639376918138
669302,"Gilbert, Logan",FF,2023,937,95.88314,96.2086446104589,95.67705442902881,6.049178228388474,16.89477054429029,1993.9295624332979,0.012740801063638193,18.079818500199682,-7.386520937091325,-12.590059822390755,30.426011677562965,3.6613948409809107,-139.20732054118653,-6.558340560129941,0.0073015075,0.006461978689579157
669302,"Gilbert, Logan",FF,2024,787,99.49759,100.3176620076239,96.75501905972045,7.251842439644219,16.10317662007624,2040.289707750953,0.004837173779834601,17.843264069698954,-9.021354169375464,-13.128581907266224,31.607749976567135,4.25090198183973,-140.75807498111672,-6.160009760016182,0.00051170186,-0.0010118975768920947
669302,"Gilbert, Logan",FF,2025,486,95.165016,95.55884773662551,95.38065843621399,8.236296296296297,16.549135802469134,2105.8971193415637,0.0038655408276335058,18.613379526074024,-9.781693285903199,-13.221434406241915,31.066595322637596,4.062436903326237,-138.75987306818453,-5.915140464892759,0.008706195,0.007757633533103217
669302,"Gilbert, Logan",SL,2022,512,102.21973,101.3521484375,86.649609375,-6.18140625,4.162734375,2282.91015625,-0.014464944187829528,8.035147735494567,5.125138852398497,-27.6167188432829,23.87937229680439,2.1452164048520657,-126.18437670994105,-5.039536138203807,-0.0041289525,-0.002217044443949823
669302,"Gilbert, Logan",SL,2023,702,106.295296,105.48376068376069,88.72179487179487,-0.801880341880342,0.4608547008547008,2005.6851851851852,-0.011865571929220895,2.276584946489181,0.14765211572494016,-31.02512033956279,26.977787291221425,2.8817709410638055,-129.15156531951342,-4.326250343148299,-0.012609977,-0.01056001567731828
669302,"Gilbert, Logan",SL,2024,799,105.95281,105.58936170212765,88.53166458072592,-0.9651063829787234,-0.0988235294117647,1908.6846057571966,-8.737248043239325e-05,2.151094455291937,0.22735474305267167,-31.600220192265393,28.23433777083209,3.030249744323783,-128.84486132911877,-3.9332275102047403,-0.011739286,-0.010654001723214445
669302,"Gilbert, Logan",SL,2025,487,101.8306,102.45154004106776,87.41149897330595,-0.813141683778234,0.8197946611909651,1826.082135523614,0.0017976545900700365,2.4182777477025694,0.17963830112728604,-30.9023697789447,28.092004351993452,2.5370467784683424,-127.21358102099708,-3.3235227406576464,-0.0032734175,-0.004454956383914408
669330,"Wells, Tyler",FF,2022,448,104.143974,104.64955357142857,93.52700892857142,5.961428571428571,19.935,2456.058035714286,-0.00021813419117033803,20.88419760196117,-6.949083117801188,-10.10168520666255,30.656497928901153,3.5413570478061422,-135.9712128894896,-7.609861751431972,-0.008368764,-0.009090530058907408
669330,"Wells, Tyler",FF,2023,569,99.2761,99.40105448154657,92.5523725834798,4.19768014059754,19.0886467486819,2446.6871704745167,-0.005943011686701235,19.652870362692415,-5.1400017329156125,-11.493143941480081,29.075602179890634,4.09918488315713,-134.5928986177984,-7.1097026739243265,0.0009082667,0.0006398572173095965
669358,"Baz, Shane",FF,2024,493,98.00284,98.61987829614604,95.55598377281947,10.174198782961462,17.52730223123732,2414.4077079107506,-0.0037634364075011966,20.359985521278283,-12.314667307578695,-12.3341596697822,33.274488168644574,5.849902031920565,-138.91685561113562,-5.11054074016848,0.003317738,0.002093420220336486
669358,"Baz, Shane",FF,2025,809,102.37441,102.83399258343634,96.95957972805934,9.919060568603214,16.79406674907293,2456.7911001236093,0.0010394205703062383,19.606404322277506,-12.458289164399735,-12.584007146088865,33.22183652395586,6.236698984349193,-140.9802983554373,-4.956268042495285,-0.0048215794,-0.005540546718399935
669371,"Henry, Cole",FF,2025,427,100.02178,99.78056206088993,94.41896955503513,14.487681498829039,14.238126463700235,2538.370023419204,0.006656617130736564,20.411361009733138,-17.078515589980174,-16.622708941978622,30.97163636521794,8.196672005167738,-137.21676827924225,-3.3868803489334893,-0.00041084978,4.3201606117041914e-05
669372,"Ginn, J.T.",SI,2025,582,100.05962,99.13453608247423,93.31237113402062,14.609484536082473,3.2410309278350513,1876.7800687285223,0.001005966049581827,15.13949339254942,-16.174979653586373,-28.289074817715935,31.883588215503387,5.096479683225013,-135.72872569955678,-3.2889531204521627,-0.00061417156,0.0011028038652355463
669373,"Skubal, Tarik",CH,2024,525,105.7739,105.61847619047619,86.46228571428571,-14.67702857142857,5.973257142857143,1689.7390476190476,-0.014517882083523184,16.077828452928326,14.216153726074534,-26.04033100454778,25.54761828247543,-6.126974195245546,-125.70667892111466,-5.13032670665086,-0.010973137,-0.010016656348417365
669373,"Skubal, Tarik",CH,2025,575,106.15496,106.06904347826087,88.14139130434783,-14.988104347826086,6.5522086956521735,1834.3634782608697,-0.03135664372210429,16.598922357133144,15.058117220621472,-25.151088391371168,27.05901129376302,-6.285548822595449,-128.1071878691253,-5.6465584861894085,-0.012022339,-0.011135661345331586
669373,"Skubal, Tarik",FF,2024,693,98.706055,98.51226551226551,96.85627705627705,-6.219567099567099,16.227359307359308,2229.4877344877345,-0.019395346341430995,17.483288927141853,8.055770874322139,-12.906645242822629,31.918386391400052,-5.0928717226845235,-140.86706970004917,-6.396872150763089,0.0019983726,0.0022869155393608273
669373,"Skubal, Tarik",FF,2025,537,104.358665,103.54059590316574,97.58957169459963,-3.4210055865921785,17.118882681564244,2349.9422718808196,-0.011821412086188735,17.570234922658873,4.991137647409709,-11.545706989056228,32.93391747277513,-4.927122085203047,-141.91524513375205,-6.733174748682788,-0.00855342,-0.006833125746783609
669373,"Skubal, Tarik",SI,2025,422,102.6135,101.97748815165876,97.32393364928909,-13.025971563981043,13.79175355450237,2237.3601895734596,-0.005763955852063813,19.066854566476007,16.214377883020813,-15.431135392716747,32.42187629073141,-7.213372989126397,-141.43857978187827,-6.514989600683403,-0.005579315,-0.0042287719017916475
669373,"Skubal, Tarik",SL,2022,440,100.28591,99.42159090909091,89.42295454545454,1.0505454545454547,8.361545454545455,2121.3863636363635,-0.007008205492060135,8.890378355539642,0.23715264498218855,-23.3557560660464,24.92817920999676,-6.288201830851691,-130.11260080267394,-5.067414841133861,-8.4617226e-05,0.0016940180211523148
669387,"Mlodzinski, Carmen",FF,2025,515,95.94874,96.26970873786408,96.06776699029126,9.671766990291262,11.653980582524273,2144.617475728155,0.004405307074804414,15.297424274828924,-12.462451613499042,-18.91517104822674,31.121072944345467,8.539716034588162,-139.642211747279,-3.239438280501086,0.007237066,0.006463344355087773
669395,"Coleman, Dylan",FF,2022,512,98.5461,98.6205078125,97.6115234375,4.586484375,13.44421875,2451.361328125,-0.006069633001661438,14.43972167884685,-6.727053461119061,-15.829035212427405,30.71009271319202,7.057479871243815,-141.9462960205486,-5.97078902376523,0.002373174,0.0021546016457668887
669432,"Rogers, Trevor",CH,2022,437,105.45881,106.36315789473683,85.41762013729978,-14.34645308924485,1.797254004576659,1342.274599542334,-0.004312388411320506,14.920473673904825,13.952229088112977,-30.165493048183144,25.4687494897658,-7.800117033918157,-124.11111997504844,-3.2319188959135823,-0.010263892,-0.011219240268839423
669432,"Rogers, Trevor",CH,2024,408,107.12893,108.04632352941177,85.62009803921569,-14.426176470588235,0.10647058823529411,1614.7769607843138,-0.0029913900900604188,14.630122279830436,14.105749040553107,-31.5876467367355,25.1169163093319,-7.9724195010978365,-124.42213415665972,-3.376627219660477,-0.013669015,-0.01455317653134661
669432,"Rogers, Trevor",FF,2022,797,99.48745,99.81242158092849,94.51944792973651,-12.48888331242158,14.350163111668758,2416.3613550815558,0.0158803042196045,19.151381513173266,15.226766685772605,-16.104167661364738,31.927971287812657,-9.159505454492734,-137.22541399984593,-5.098223340476926,0.0005643877,-6.835943843662387e-05
669432,"Rogers, Trevor",FF,2024,559,94.027725,94.77352415026834,91.92468694096601,-11.954704830053668,14.712772808586763,2430.974955277281,0.013145661720570152,19.05710950786105,13.8494558948273,-16.851982307350376,30.010052090204095,-8.743510925676997,-133.51535626480597,-3.9281285945397655,0.010781258,0.009116326737543087
669432,"Rogers, Trevor",FF,2025,489,96.12577,96.36993865030675,93.00449897750511,-11.33521472392638,14.646134969325153,2410.548057259714,-0.030368367551981752,18.613990946313937,13.269769250928725,-16.362411311798095,30.069048434509046,-7.6500216427925665,-135.1628685633963,-4.753712838367715,0.0069006695,0.006281746695077447
669456,"Bieber, Shane",FF,2022,739,96.276726,96.52895805142083,91.27090663058186,8.82446549391069,17.86213802435724,2207.680649526387,0.00982002116733446,20.045319078758506,-9.75027643105189,-13.769350692658657,29.100016510530335,4.8154335960192105,-132.76957831994076,-4.696179182700339,0.006727649,0.006057110177751485
669456,"Bieber, Shane",FF,2023,417,94.007675,94.38752997601918,91.17529976019185,9.821007194244604,17.359424460431654,2233.1103117505995,0.005689012680522985,20.04271499543722,-10.808740464167863,-14.118109398174564,28.338394407706506,5.393058047301092,-132.60201392482327,-5.518925147358189,0.010830705,0.009782179322107088
669456,"Bieber, Shane",KC,2022,401,104.157104,103.56658354114712,82.02394014962593,-9.99860349127182,-10.907730673316708,2195.8902743142144,-0.04373217803215014,15.099794526776797,7.592574759838862,-40.876957585630144,24.18548295693574,1.6907593686266567,-119.42274951363028,-0.8560794405800757,-0.007785492,-0.0064944585405738746
669456,"Bieber, Shane",SL,2022,616,101.85357,102.58961038961039,85.00113636363636,-2.803051948051948,2.3495454545454546,2517.4123376623374,-0.020453960749590425,4.517947253569016,1.689510341085163,-29.7300710140105,22.41211384712055,4.009275751094514,-123.80379791872016,-3.18132182051774,-0.0033600559,-0.0047299764794541035
669461,"Liberatore, Matthew",FF,2025,470,93.184685,93.27255319148937,94.01893617021277,-6.853787234042554,16.4188085106383,2108.723404255319,0.010762120337588261,17.88916801015779,7.705552031674656,-13.65898315351777,29.862920853497254,-2.402910002395765,-136.783169597375,-6.986730791423966,0.01242478,0.011942898391678334
669467,"Pallante, Andre",FF,2022,731,96.93105,97.26128590971273,95.22640218878249,3.5185772913816686,8.903474692202462,2220.3009575923393,-0.004046837952797245,9.906244331624425,-5.0528591458628265,-21.76806529445814,29.29564674405781,5.960252038592716,-138.57441709801353,-4.682124087833825,0.0054700654,0.004689168113647959
669467,"Pallante, Andre",FF,2023,549,99.87031,100.09744990892531,96.12112932604735,2.76896174863388,8.720437158469947,2243.4535519125684,-0.022577285201922915,9.415839011910581,-4.369957949491699,-21.578027827959744,29.636380494699228,6.237055645776081,-139.84400459701757,-5.63779749569376,-0.00020947076,-0.000628826000374153
669467,"Pallante, Andre",FF,2024,756,94.65106,94.89920634920635,94.459126984127,0.166031746031746,9.345555555555555,2241.395502645503,0.00259555039216714,9.639554002386786,-1.2593756066695876,-21.216703874436273,28.445648312157218,5.211927122075828,-137.46335762844413,-5.806283177280774,0.00961235,0.008889478703648594
669467,"Pallante, Andre",FF,2025,869,94.50667,94.60218642117377,94.6054085155351,0.2609896432681243,10.03456846950518,2299.626006904488,0.024070407844212556,10.342800685864505,-1.26013050335863,-20.438566140548147,29.519012537267418,4.55525232240897,-137.6725898445635,-5.8791648560358345,0.009945748,0.009512435382007368
669467,"Pallante, Andre",SL,2025,587,102.938156,103.39352640545145,87.65638841567292,-4.7486882453151615,-0.5955025553662692,2406.3253833049403,-0.0038566155001098245,5.527661319689048,3.6147857186262944,-32.02077955242189,24.402930065261135,3.8811596831439044,-127.64060814042138,-4.313646346620059,-0.0056191194,-0.00639409014460171
669724,"Hanifee, Brenan",SI,2025,500,97.532,96.8878,95.23660000000001,16.13808,4.0994399999999995,2040.996,0.008794726958209464,16.760108452202854,-19.463128604985204,-27.17953462611405,30.187961341498408,9.937383074545341,-138.33348029056103,-3.497425045831992,0.0042961324,0.005316386478542823
669796,"Hernandez, Jose E.",SL,2023,400,103.7405,103.322,82.946,-0.0051000000000000064,-0.9438,2097.15,-0.026623918001491834,2.3655798689594736,0.4403209310106846,-32.52805189408604,23.352140788403645,-2.2600505693151165,-120.77782652465989,-3.1111613139387653,-0.007261828,-0.006182774187334982
669854,"Blanco, Ronel",CH,2024,504,105.06984,105.61349206349206,85.23650793650793,13.461666666666668,5.235952380952381,1484.9265873015872,-0.01740007741445635,14.807872246275634,-12.301138012624403,-26.99068772736429,25.642247985543534,3.780984131016369,-124.00247414350656,-4.23001055769126,-0.009579836,-0.010004485696994986
669854,"Blanco, Ronel",FF,2024,926,97.099785,97.46857451403888,93.46371490280777,7.229546436285098,18.54051835853132,2228.7894168466523,0.005487897796306409,20.02144537290894,-8.274753859264242,-11.939871105735609,31.235859388495076,3.6591203243290966,-135.92719827882345,-5.964646543974793,0.0050138934,0.00419463397007148
669854,"Blanco, Ronel",SL,2024,683,101.70528,102.07862371888726,86.3524158125915,-2.2011127379209374,7.590395314787701,2092.610541727672,-0.02854484266509368,8.193378151820882,1.1888125163663847,-24.747381316144118,24.34555287936757,3.8690139927389215,-125.70047985603037,-4.466029507597321,-0.002919065,-0.0035823774639121937
669920,"Alexander, Jason",SI,2022,448,98.196655,98.43370535714287,92.31093750000001,16.361250000000002,1.1930357142857144,2064.1741071428573,0.00969895173016273,16.5109613655528,-18.294383106568834,-30.57506595800763,28.38323261203242,8.473309873173735,-134.17759737374163,-2.7210155912806995,0.002987202,0.0024205762167737684
669920,"Alexander, Jason",SI,2025,407,96.10688,96.34398034398035,90.7857493857494,16.46948402948403,1.2757739557739558,2052.9410319410317,0.019906145018518073,16.6507156338743,-17.539623056109374,-30.638842731616254,29.286198552951763,6.9823028177511555,-131.99446431848577,-2.250327656929551,0.0070629953,0.006337034497082651
669923,"Kirby, George",FF,2022,745,95.48429,96.06644295302013,95.2724832214765,8.824912751677854,14.884187919463086,2175.9476510067116,-0.012665466522940462,17.40673711465243,-10.71244104826034,-15.306595956425033,30.021291828558375,5.551091959300973,-138.63120681982792,-4.732663481872711,0.008245736,0.006921341713877124
669923,"Kirby, George",FF,2023,907,98.79173,99.32833517089306,96.06824696802646,8.370231532524807,15.32361631753032,2206.6912899669237,-0.00757157218119912,17.53707003577636,-10.498432933368635,-14.521042205389376,31.1159435261167,6.042263540522058,-139.74619867635448,-4.893509264537832,0.0018210191,0.0007726767508672398
669923,"Kirby, George",FF,2024,779,99.42207,99.9413350449294,96.05558408215661,9.455353016688061,16.013761232349164,2229.446726572529,-0.01194755229257095,18.67955347288701,-11.868459474888018,-13.842497141105074,32.0230943734465,6.816324317029307,-139.66558784268418,-4.674435042960073,0.00065126905,-0.0003237476125047803
669923,"Kirby, George",FF,2025,446,98.99753,100.15291479820627,96.10986547085201,9.958385650224214,13.452107623318387,2273.2331838565024,-0.014352205385624076,16.843805468020594,-12.51738944102334,-16.927375037519674,31.387195910169858,7.241098930245484,-139.78415201060574,-3.2553634093728308,0.0015136589,-0.0006378796561520939
669923,"Kirby, George",SI,2023,522,97.92778,97.90402298850574,95.79655172413794,15.846206896551722,10.533793103448277,2222.316091954023,-0.006784924405965021,19.112883301296264,-18.6649017019689,-19.87641052490327,30.92144721104893,6.547352516876036,-139.32640674124113,-4.670267677685296,0.0034285048,0.003342357999091224
669923,"Kirby, George",SI,2024,534,98.595314,98.66666666666667,96.04288389513108,15.811235955056182,11.89752808988764,2220.2715355805244,-0.016214566654647673,19.875215626547618,-18.87061942355149,-18.272518710376062,31.478319838030178,7.288141649044408,-139.62160549358015,-4.915870145943219,0.0021343934,0.0018952213846560285
669923,"Kirby, George",SI,2025,470,99.71064,99.73170212765957,96.14468085106382,16.37131914893617,9.362808510638299,2241.6021276595743,0.011091687003078719,19.023155545563135,-19.694309447816106,-21.281027067559588,32.083821817482,8.011536535283357,-139.74694795210763,-3.755020530980686,5.8289443e-05,-1.5116707433645166e-05
669923,"Kirby, George",SL,2023,465,103.69312,103.74924731182796,86.21870967741935,-11.02683870967742,-2.394838709677419,2334.458064516129,-0.008217041189324396,11.784714869008978,9.084478073170873,-34.02801505554821,25.83275127709158,2.7607411405094795,-125.54924657587549,-2.0948238101064853,-0.0071650483,-0.0070474329599194896
669923,"Kirby, George",SL,2024,525,106.44381,106.35885714285715,87.08514285714286,-7.887314285714286,-2.688457142857143,2373.019047619048,-0.010527588957904059,8.805891087064248,6.268876715832329,-34.30208365379142,24.99771022464574,4.121027080432465,-126.81199564600982,-2.4526045786193773,-0.01275986,-0.01220069273554804
669923,"Kirby, George",SL,2025,412,106.34684,106.50242718446601,87.14757281553399,-10.815436893203884,-3.0716504854368933,2359.604368932039,-0.004325610409879932,11.656345118326483,8.893431591793208,-34.627761715443185,27.126826796764757,3.6492141244558085,-126.85946439156577,-2.3041162262460246,-0.0128525095,-0.012778299907181481
669947,"Scholtens, Jesse",FF,2023,505,93.669304,94.2451485148515,92.79722772277228,2.7307722772277225,16.534574257425746,2057.5722772277227,0.0041247523846420905,16.904917243138105,-3.4306682026740596,-14.167287224406797,28.042325480975713,3.0611978152430135,-135.05344308026966,-6.184177308548375,0.011471471,0.010036555535861741
669952,"White, Mitch",FF,2022,631,94.43851,94.47147385103011,93.6675118858954,4.025800316957211,16.03949286846276,2268.610142630745,0.012169174344915996,16.6960763097271,-5.305628881694455,-14.385502364045339,30.369345359729103,5.122400972778515,-136.20132928392766,-6.132385903304137,0.010250491,0.009892558097704321
670102,"Francis, Bowden",FF,2024,622,97.87862,97.5128617363344,92.88729903536978,5.990932475884245,17.886173633440517,2364.0980707395497,-0.005095630889111668,19.03451539213491,-7.63957962298699,-12.958101657468516,29.737421518126528,6.810693412947968,-135.02996163111754,-5.295857385836486,0.0035488207,0.004116438095800233
670280,"Bednar, David",FF,2023,453,101.232895,101.48918322295805,96.60596026490066,8.240264900662252,17.84450331125828,2452.6865342163355,-0.01574161760644611,19.76823258014741,-10.773648697869874,-11.50389357710639,32.55281951033485,7.355626853289922,-140.41371673885686,-5.278344537684135,-0.0027756845,-0.0031703511914748135
670280,"Bednar, David",FF,2024,435,103.47908,103.91678160919541,97.27195402298851,7.628689655172414,18.21986206896552,2466.3931034482757,0.015386547775062083,19.83600890893789,-10.114657412352999,-10.645460826756787,32.859271541703954,6.854953326384297,-141.38993410148768,-5.9155896869817255,-0.0069675758,-0.007590190487772618
670912,"Oviedo, Johan",FF,2023,983,95.00366,95.61322482197356,95.81403865717192,9.663967446592066,10.201342828077314,2266.7151576805695,0.012236977864971837,14.23093971411916,-12.194662956225887,-20.399930615433156,29.965133991274016,7.755694548239523,-139.3321624609887,-3.8677553886608727,0.008955493,0.007547349473546952
670912,"Oviedo, Johan",SL,2023,913,101.755974,101.74315443592552,88.14928806133626,-5.142519167579408,3.2079299014238774,2468.5575027382256,0.003047743573604424,6.6440503813119,3.6688649061630283,-28.723551402051076,24.863877202918992,5.5174163072530815,-128.32086220077747,-3.2680409925089577,-0.0031109506,-0.002976026005293177
670950,"Richards, Trevor",CH,2023,597,104.157455,104.85092127303183,82.56298157453936,15.598793969849245,3.4554773869346733,2577.8726968174205,-0.011434774457112168,16.252971771619332,-13.964181642962965,-28.660965027701376,22.29030601383609,7.3349247333083465,-119.98519800846938,-4.653163902860945,-0.0077678515,-0.008582926272796334
670950,"Richards, Trevor",CH,2024,503,98.009735,98.75864811133201,79.15626242544731,12.380516898608349,-1.7286679920477137,2596.159045725646,0.0004445060322248387,12.863859480383063,-10.406546067078636,-33.08684427350876,20.2096978218905,6.858781720077989,-115.09070606514906,-3.0443732722444117,0.004449188,0.0028128212852452515
670950,"Richards, Trevor",FF,2023,466,98.68734,99.01137339055795,92.80278969957081,7.693905579399142,20.22128755364807,2275.3991416309013,0.027744953433905015,21.705997406122695,-9.465398166389809,-10.404942433992401,29.868979760428736,7.512216708655282,-134.80574493562384,-6.39356189725658,0.002015856,0.0013487222641883543
670950,"Richards, Trevor",FF,2024,451,96.15211,96.22283813747228,92.27960088691796,7.178181818181819,19.649933481152996,2249.330376940133,0.01790379354268574,21.041494234694458,-8.687711789488315,-11.168606824742275,28.87773841006989,6.872468193387406,-134.09111266979545,-6.561442897042632,0.006794505,0.006480010426709869
670970,"Morejon, Adrian",SI,2025,454,106.24713,105.61167400881057,97.69603524229075,-15.081674008810573,10.47568281938326,2418.8392070484583,-0.018420352298552798,18.485869644872775,19.027566193209157,-19.463726189120468,34.57276816077585,-8.794703520659123,-141.89149497918643,-4.742021101678375,-0.012633648,-0.011046176008330997
670990,"Ramírez, Yohan",SI,2023,412,97.059715,97.8616504854369,95.03179611650485,17.692135922330095,2.8546601941747576,2167.7184466019417,0.012476049571193292,18.04314573349439,-20.932495940627646,-28.95672637664378,30.331823824871442,9.300358270394819,-138.081033911242,-1.6488033032901368,0.005125907,0.0034203321256605435
671096,"Abbott, Andrew",CH,2025,419,101.04773,101.01670644391407,84.81718377088306,-15.120286396181383,10.152744630071599,1988.3007159904535,-0.005415988096759161,18.31048074966191,14.203673045287772,-22.86598592679197,23.841233208790133,-6.820710840239125,-123.31286129404323,-4.298778564084591,-0.0015386852,-0.00137301036849859
671096,"Abbott, Andrew",FF,2023,806,94.95559,95.15732009925559,92.7528535980149,-7.810719602977667,16.275930521091812,2204.532258064516,0.0018141970015694891,18.15447913093387,8.991666996491324,-14.727044268543528,28.475314273904416,-4.821137759895951,-134.97357530505076,-4.823821206542669,0.009048375,0.008378142680865203
671096,"Abbott, Andrew",FF,2024,955,95.73769,95.86293193717277,92.79078534031413,-8.749947643979059,16.171350785340312,2251.1204188481674,0.002361499201662792,18.49626978197724,10.042270154134123,-14.811950404724058,29.015918313673538,-5.192335430559034,-134.9881430185701,-4.924200854185413,0.007568867,0.007128232330600495
671096,"Abbott, Andrew",FF,2025,991,96.12462,96.47053481331989,92.83229061553986,-9.171584258324925,16.082058526740667,2279.5620585267407,-0.012994116378722468,18.624021130451293,10.954332851512552,-14.781973282748343,28.967553320289948,-7.4588165265900415,-134.92474989252793,-5.471101502717245,0.0069089695,0.006093675732933901
671106,"Allen, Logan",FF,2023,755,97.65682,96.64026490066225,91.50052980132449,-4.22082119205298,16.239417218543046,2151.4556291390727,0.0010537341996171706,16.89405596223878,5.574560150032916,-15.597995714758845,28.225752291829934,-6.5082677208984565,-133.1118154008,-3.1009603510518158,0.0039635906,0.005675158659191838
671106,"Allen, Logan",FF,2024,553,94.86004,94.85244122965642,91.20325497287523,-8.590524412296565,15.669439421338156,2113.4032549728754,0.02100549129108386,18.150173964875883,9.722379390874094,-16.16358856479453,28.389773862074495,-5.885567522660831,-132.67665503487635,-3.6782666483215207,0.0092149135,0.0089724581591296
671106,"Allen, Logan",FF,2025,681,96.12379,95.53406754772394,91.184140969163,-6.049162995594713,16.377621145374448,2218.8531571218796,0.017744095334769047,17.652245511031097,7.290121612433836,-15.564400038057544,28.127942122023995,-6.321650816953912,-132.6451734552331,-3.1758861901950204,0.006910423,0.007809634058439121
671106,"Allen, Logan",ST,2025,409,101.25868,101.56332518337409,78.13056234718827,14.48919315403423,0.8030317848410757,2293.7775061124694,0.004841306163208575,14.836504385430723,-9.871936443946419,-31.71380664753483,21.732006039720112,-2.841443492481905,-113.73801976527713,-0.38732076111054153,-0.0016603633,-0.002278397133089963
671212,"Boyle, Joe",FF,2024,478,96.4297,97.08075313807531,97.59330543933054,4.331548117154812,16.504518828451882,2505.5376569037658,0.022292100935761026,17.356648662745,-5.718324937033442,-12.131098057749611,33.2942791781062,3.37150127249407,-141.91735222692563,-7.1348551520697825,0.0062729493,0.004906521402782861
671345,"Foley, Jason",SI,2022,479,98.34051,97.980375782881,96.19436325678497,17.169519832985387,5.743966597077245,2032.9624217118999,-0.002214603515319296,18.22173612668949,-20.607922922488747,-25.029929505011552,30.898086477059255,8.240684012573261,-139.81855919832853,-4.635944954134674,0.002703399,0.003293510084037987
671345,"Foley, Jason",SI,2023,570,100.63333,99.90754385964912,97.25087719298246,17.397052631578948,5.909052631578947,2022.6614035087719,-0.021965247931850274,18.461585709770205,-21.143750008943854,-24.700268658378025,31.35855970716093,7.458873891616039,-141.41608034684506,-4.614026616653512,-0.0018563578,-0.0004389731093331765
671737,"Bradley, Taj",FC,2024,405,100.94815,101.13703703703703,90.8120987654321,-4.798222222222222,6.116148148148148,2275.106172839506,-0.016597977058389404,8.198969354717939,3.7517002855553687,-25.198580643781128,28.224026361310912,4.309069389721622,-132.127228115995,-5.446073492226074,-0.0018846446,-0.002110702233698527
671737,"Bradley, Taj",FF,2023,718,99.66393,99.41155988857939,96.09303621169917,4.903119777158774,18.884958217270196,2291.186629526462,0.00790680783985619,19.611229751957765,-6.391379108383066,-10.264492826142494,32.98966838044857,4.460615788734895,-139.71472779960246,-6.662413662274536,0.00017801004,0.0006175367182714101
671737,"Bradley, Taj",FF,2024,754,101.41658,101.38129973474801,96.32413793103447,5.703342175066313,18.860371352785144,2301.65649867374,0.019649523306883937,19.78398943744252,-7.427636499194894,-10.340411052443589,33.95987304917487,4.992090787266119,-140.03517535299693,-6.072762473757124,-0.003089955,-0.0029549896161266288
671737,"Bradley, Taj",FF,2025,804,99.32251,99.48557213930347,96.3049751243781,6.884626865671642,18.203880597014926,2301.572139303483,0.020682522740347726,19.63316474134436,-8.564397234077003,-10.874357895143916,32.21416507255134,4.429381224175614,-140.04287835473104,-6.763326877679084,0.00090294325,0.0005840473841744096
671737,"Bradley, Taj",FS,2024,485,103.93877,103.78329896907216,90.83876288659795,10.937319587628867,5.681072164948454,1491.5938144329898,-0.013588977684297862,12.703372815681606,-11.869079859925186,-25.656353735339387,27.745875653068424,5.572827095061891,-132.11608391923383,-5.368471608282356,-0.008109573,-0.007452799116535481
671922,"Smith, Cade",FF,2024,578,99.752075,98.99567474048443,96.04065743944636,8.415986159169549,16.026020761245675,2280.0207612456747,-0.034508567033959374,18.205214335347193,-11.027161976945722,-13.692585737472502,31.072135899489993,8.27594605459415,-139.5690493625486,-5.254598279492575,3.014218e-05,0.0014038907753847066
671922,"Smith, Cade",FF,2025,534,102.664795,101.72640449438202,96.31217228464419,8.69505617977528,16.488539325842694,2315.7378277153557,-0.021450103082361362,18.76052335402729,-11.364054852503427,-13.147534664445303,32.28385968725178,8.046089346761892,-139.95499529818184,-5.072539131383263,-0.005365052,-0.0035173442879745153
672282,"Detmers, Reid",CU,2023,415,104.063614,102.73036144578313,74.83469879518073,11.531855421686748,-14.864963855421687,2422.9277108433735,-0.017272179603918723,18.92565185083246,-7.337703201484957,-42.333518694372096,22.090585566943176,-1.0944697476931229,-108.85363146520505,0.9321606528554677,-0.007673365,-0.004982343149954697
672282,"Detmers, Reid",FF,2022,676,93.07766,93.3378698224852,93.10029585798817,-10.535502958579881,16.672544378698223,2106.0902366863907,-0.0022057338594277387,19.916047659211365,12.232782245124294,-14.305771024802203,30.1596881823128,-6.517809235660275,-135.36262783416598,-4.53085799620561,0.012865965,0.01201357462583712
672282,"Detmers, Reid",FF,2023,885,97.25899,97.57367231638418,94.39593220338982,-10.954033898305084,15.847322033898305,2102.882485875706,0.014981487900731033,19.414866942004434,12.84934524089241,-14.551171657163236,31.329775357656153,-5.834636719738053,-137.26440831232387,-5.050776855087257,0.0047086338,0.003971092380225487
672282,"Detmers, Reid",FF,2024,589,94.357216,94.54685908319185,93.75263157894737,-8.850254668930392,17.75388794567063,2120.5653650254667,0.018386490828553134,19.984327074850352,10.337031473352836,-12.709720329371414,30.956296886222425,-5.111044731806985,-136.32957714829098,-5.548863176331548,0.010164961,0.009534384976214729
672282,"Detmers, Reid",SL,2022,437,101.750114,101.31716247139587,86.38672768878719,2.1479176201373,-0.12933638443935927,2127.5400457665905,-0.010640749381594582,4.662358666227148,-0.8685188099062697,-31.789022457858227,25.6701395963365,-4.789679678534479,-125.71674672491687,-3.0154777436956284,-0.0031437727,-0.002156965537893061
672282,"Detmers, Reid",SL,2023,671,101.846054,101.24202682563337,88.96959761549925,1.301043219076006,2.8850074515648285,2084.8271236959763,-0.008564058660354352,4.918750611021357,-0.3118600682473871,-28.60942603553574,27.512006360305485,-4.160069042854563,-129.4602047497167,-4.526955928270418,-0.0032983143,-0.001960911139629326
672456,"Montero, Keider",FF,2024,492,97.416664,96.5701219512195,94.65792682926829,5.822439024390244,15.41609756097561,2158.668699186992,0.001445732663844199,16.62904063134477,-7.79206320230854,-14.803683420748355,29.32394245669443,7.6038758706308265,-137.6133510785263,-5.457308184912274,0.004415188,0.0058388349210427674
672578,"Hernández, Carlos",FF,2023,520,102.122696,102.17326923076922,99.12384615384616,9.601384615384616,17.01369230769231,2435.7807692307692,0.019629380027503654,19.632915243899117,-12.659127337498715,-10.982949830902097,33.295388486777306,6.520622785028563,-144.0820243634201,-6.911316210084089,-0.0044529806,-0.004417476112949811
672710,"Contreras, Roansy",FF,2022,546,99.20165,99.72655677655678,95.46831501831501,7.167912087912088,17.594725274725274,2390.697802197802,0.016259651234145193,19.08854144305476,-8.697004986001142,-12.060712267776386,31.489950546107753,4.299951148937258,-138.85975764773735,-5.978658530509453,0.0011137542,9.358570698237128e-05
672710,"Contreras, Roansy",FF,2023,415,94.9,95.51228915662651,94.30843373493975,5.118361445783132,16.56867469879518,2355.363855421687,0.04408214808014923,17.448092963432487,-6.253756491310705,-13.667521412385804,30.449063643782303,3.8729983634693994,-137.21668062233863,-5.69301780313732,0.009149026,0.007732430906802789
672710,"Contreras, Roansy",SL,2023,441,105.01951,104.93854875283446,83.56213151927437,-5.771428571428571,-0.2835374149659864,2553.7414965986395,-0.009901711678871524,6.681223335502274,4.285103271257798,-32.05636216168703,23.888673665009936,2.387950834559443,-121.68196161889092,-2.6819282880978803,-0.009944488,-0.009458036906829963
672841,"Vargas, Carlos",SI,2025,420,99.206665,98.63333333333334,97.44714285714286,15.344857142857144,4.984857142857143,2165.5666666666666,0.004853201924505225,16.312190616277928,-19.387341134254612,-25.752553004833988,32.98398687603785,9.505686258813725,-141.5324579027314,-4.297432454629375,0.0010388746,0.0020467011228361255
672851,"Adon, Joan",FF,2022,605,95.62678,95.1398347107438,94.95388429752066,10.755768595041323,15.098578512396694,2190.489256198347,0.030239305150045356,18.65285433733091,-13.329653075288943,-14.940275271230883,30.96050121313536,8.464557921177551,-137.91639025992302,-6.023123313937066,0.007979955,0.00864958360826025
673540,"Senga, Kodai",FC,2023,582,96.45499,96.52250859106529,90.82336769759449,-0.5113402061855671,9.808659793814433,2494.96735395189,-0.0018131426970371385,10.01031595585032,-0.6473557821723103,-21.68184619500716,27.32095232245796,5.50359155904687,-132.1369170154475,-5.085729554189672,0.0054485328,0.005149053591848769
673540,"Senga, Kodai",FF,2023,839,98.0957,97.91013110846247,95.57878426698451,8.02927294398093,16.62679380214541,2284.2359952324196,0.0026715873486322862,18.582918491625367,-10.062954310468246,-13.035584402016386,31.927990193938165,6.117117950010986,-138.93647565470602,-6.139016671090552,0.0031311354,0.00336152674683412
673540,"Senga, Kodai",FF,2025,473,95.01353,94.81268498942917,94.69894291754757,7.718816067653277,16.34689217758985,2370.071881606765,0.01242177152176674,18.19502315017813,-9.567893036656674,-13.673286602323634,30.886353416825756,6.248029684931679,-137.66100654514236,-6.164724444504658,0.008991778,0.009127774215578949
673540,"Senga, Kodai",FO,2023,537,106.40503,105.892364990689,83.19217877094971,7.4656983240223465,2.0294972067039105,1116.0670391061453,-0.03298362008113716,8.969740573926666,-7.231337143144767,-29.67096677174435,24.091416073503908,5.629735350773919,-120.9345717222408,-5.1738419604129025,-0.015771477,-0.014142120295367834
673540,"Senga, Kodai",FO,2025,447,107.27651,106.94384787472036,82.5586129753915,9.819060402684563,0.7605369127516778,1204.1834451901566,-0.05453288555887316,10.412293052716805,-9.057978899555916,-30.957040984257546,23.427038171529933,5.875396668941107,-120.04792354110958,-4.130287321539563,-0.01529997,-0.01399726840762239
673929,"Leasure, Jordan",FF,2025,434,102.47996,101.80345622119815,96.19976958525345,3.9763133640552994,19.22046082949309,2374.4470046082947,0.0028987912583541098,19.758521947864704,-5.114952737443964,-10.011804544749234,33.0504036059111,3.25852468806917,-139.92554111439475,-5.947034690654748,-0.005023106,-0.0036583426344261832
674003,"Bradford, Cody",FF,2023,518,98.8083,98.21447876447876,90.37258687258688,-7.759691119691119,18.77953667953668,2122.5945945945946,0.0010714717729843756,20.413839108793756,8.126395562619372,-13.009584410146749,28.478806181069896,-2.973931359467099,-131.47936147618714,-5.800488685832427,0.00179331,0.0028053698778933273
674003,"Bradford, Cody",FF,2024,480,95.19479,95.09479166666667,89.85145833333333,-5.75825,18.4165,2100.2208333333333,-0.01112949864355949,19.40609896153824,6.022406096382226,-13.535601999677008,28.258627297754412,-2.4448102546622104,-130.72466130068344,-5.93597373138176,0.008590889,0.008531478638731847
674072,"Henry, Tommy",FF,2023,513,93.43899,93.70740740740742,90.68362573099415,-6.04046783625731,14.497309941520468,2139.325536062378,0.004290082378571771,15.850484842948193,7.103046408616915,-17.41299569577002,27.58572660680932,-5.740705354226579,-131.9373625819938,-3.8979628833925384,0.011899418,0.011022505394149586
675540,"Curry, Xzavion",FF,2023,524,96.007256,95.60152671755725,92.53835877862595,2.575419847328244,18.24412213740458,2100.692748091603,0.0053912679635648554,18.526829848915614,-3.433870354767505,-12.569909346285423,29.025449994689662,3.8073263449992782,-134.633336255152,-6.024638965634874,0.007063473,0.007571630935314592
675848,"Mejia, Juan",FF,2025,629,96.9841,97.69475357710652,96.58219395866455,1.0136089030206679,12.194213036565978,2580.664546899841,-0.008398122376008213,12.436215685364628,-1.900923575974601,-17.635563326461064,28.28719899159149,3.8492170818173355,-140.64546750444126,-5.518994029457666,0.0052904314,0.003853664117377512
675911,"Strider, Spencer",FF,2022,973,103.39692,103.19989722507708,98.25734840698868,5.158026721479959,17.941048304213773,2347.655704008222,-0.010130051924410466,18.74706637751754,-7.3853870271572495,-10.482165558756128,33.04315557930504,6.4710049277061925,-142.85665671185788,-6.078150965337906,-0.006935208,-0.006389678038155138
675911,"Strider, Spencer",FF,2023,1422,100.6839,100.42679324894515,97.30042194092827,6.125147679324894,18.410042194092828,2361.9015471167368,0.0020600497619911746,19.50089186501025,-8.321084066005419,-10.286198287686624,32.29992935492459,6.431264934949284,-141.4497459602389,-6.461799179515124,-0.001744045,-0.0012305539073836484
675911,"Strider, Spencer",FF,2025,750,94.10573,94.80213333333334,95.65333333333334,8.912,16.16992,2300.2546666666667,0.012677195394360704,18.55612362786041,-10.997261974903266,-13.698890571470955,31.542222928831553,6.004557083479912,-139.10529670872376,-5.2330574539581365,0.010697278,0.0091476842274541
675911,"Strider, Spencer",SL,2023,826,104.94406,105.07905569007264,85.58777239709443,-5.622421307506053,1.2180145278450363,2344.5714285714284,-0.01418408147446551,6.272924121634937,3.843641175899293,-30.491822703765465,23.793169364287902,5.468403845160988,-124.56000846504487,-4.003513041757744,-0.009780866,-0.009738749582768618
675911,"Strider, Spencer",SL,2025,531,102.22317,102.83860640301319,84.13258003766478,-4.9062146892655365,2.402033898305085,2284.401129943503,-0.003635284487755988,5.900632390338527,3.3312708034530347,-29.563206444894156,22.88461235439938,4.265685040756056,-122.49022043354036,-4.058687938850799,-0.0041053477,-0.005250094338341534
676106,"Hancock, Emerson",SI,2025,424,99.2401,99.27735849056603,94.67358490566038,18.76132075471698,5.239811320754717,2390.5283018867926,0.008629306603930225,19.64822929537193,-21.884599062546283,-26.209411484638025,30.95475680303985,9.2159167910232,-137.53501910544173,-2.8192647784011142,0.0009805417,0.0008357714164854633
676254,"Walker, Ryan",SI,2024,431,97.49908,97.52204176334106,95.59489559164733,14.95740139211137,3.2625522041763344,2284.457076566125,-0.021309019232480454,15.530768607285784,-18.646898369352687,-28.415607574474162,29.99501309718677,11.548908590370857,-138.76218749792173,-1.9660025644464267,0.0042570545,0.00404236150211351
676254,"Walker, Ryan",SI,2025,430,97.31279,97.35162790697673,95.86279069767441,16.888186046511628,3.539720930232558,2365.4767441860463,-0.007974404392789557,17.431379242712183,-20.866785949172822,-28.142039890809553,31.565076116040025,11.51927197625862,-139.10928228341288,-1.743326651389653,0.0047180033,0.004453092888693941
676272,"Miller, Bobby",FF,2023,478,99.88808,100.14100418410042,99.10627615062762,8.53531380753138,16.58610878661088,2336.742677824268,0.0025532772244603054,18.80668088672862,-11.20229232174345,-11.439628883298665,32.75052713179664,5.5979589412668656,-144.10566917448807,-7.103134987153765,-0.00024566197,-0.0007043627998196111
676282,"Cantillo, Joey",FF,2025,411,93.62214,93.77639902676398,91.34647201946473,-6.4677372262773725,16.81897810218978,1828.5109489051094,0.011975557740460456,18.273900342526808,7.012255565732926,-14.578466597406926,27.913891008577817,-2.843377949896741,-132.95049470551479,-5.426266980848021,0.011607305,0.011015750111955316
676440,"Bibee, Tanner",FC,2024,457,104.68315,105.07133479212254,86.54901531728666,-8.30468271334792,4.103894967177243,2739.2647702407003,-0.008472101864713094,9.818175667470552,6.254870516531586,-27.91722491686076,24.87404987634186,5.613778979993365,-125.9414050220614,-3.991157041840874,-0.007906862,-0.008221306905072483
676440,"Bibee, Tanner",FC,2025,512,103.99746,104.4505859375,86.0875,-8.112421875,2.94609375,2708.427734375,0.0003057584158954288,9.291840158973626,6.101583112872619,-29.008904917422598,25.269167251119153,4.924714754294788,-125.28374522271054,-3.7491444540734586,-0.0067122877,-0.0072013050925440894
676440,"Bibee, Tanner",FF,2023,671,97.73726,97.81907600596126,94.9418777943368,4.419433681073025,15.992011922503725,2306.903129657228,-0.014244175478963558,16.704343382789084,-6.058459104661099,-13.905956488947455,30.164305391616246,6.102682731963178,-138.0483946857217,-6.340458320717656,0.0038049554,0.0035262385693072894
676440,"Bibee, Tanner",FF,2024,855,98.29754,98.0212865497076,94.64923976608188,4.326877192982456,16.006877192982454,2371.0409356725145,0.005397122725621782,16.714263948980726,-6.001181775767051,-14.10834418844683,29.59713118657781,6.489576524640969,-137.64340380791927,-5.788467592203212,0.0027634362,0.0031857304461786634
676440,"Bibee, Tanner",FF,2025,652,94.82914,94.8782208588957,94.3415644171779,5.487055214723926,14.713067484662577,2246.288343558282,0.004762458824609155,15.84102872034264,-7.111314434225381,-15.539400313898728,29.659967521818945,6.130168653694804,-137.18655705565237,-6.011951249670977,0.009336088,0.009010465632599338
676467,"Gordon, Colton",FF,2025,480,93.85979,94.34395833333333,91.16000000000001,-10.12675,16.17125,2041.7,0.015633709290559912,19.19759988355695,11.663535448414452,-15.552313168330729,29.41351624722717,-7.908926329734026,-132.44354370015273,-4.467251644885823,0.01115769,0.009981189033952753
676477,"Whitlock, Garrett",SI,2022,467,98.29572,98.50021413276231,95.2695931477516,15.252591006423984,12.707922912205568,2146.683083511777,-0.00031512204619399,19.98251901581115,-18.094392253261006,-17.63949030387607,30.469792618915747,7.914550551955349,-138.46843189239786,-4.797214690748274,0.00279379,0.002290371197230897
676477,"Whitlock, Garrett",SI,2023,502,94.869125,95.2886454183267,93.98585657370518,15.352589641434262,12.791235059760956,2066.760956175299,0.015560648853793355,20.096246212114664,-17.531559737281444,-17.92261552507683,29.963686539956548,6.901629360375836,-136.64765223114168,-4.862573254519131,0.009413023,0.008270544106854951
676664,"Sears, JP",FF,2023,1072,97.37388,96.87154850746269,93.07257462686567,-11.22358208955224,14.8005223880597,2127.881529850746,0.002849110730968534,18.657621395319307,12.687378870407734,-16.67584649703067,30.100722839667288,-5.382707942812924,-135.42510853454368,-2.452503151784098,0.004492498,0.00525426506075313
676664,"Sears, JP",FF,2024,704,94.49162,94.25454545454545,91.92514204545455,-11.69965909090909,14.823238636363635,2083.484375,0.02365659902105088,18.988137909255812,12.812226372257765,-17.154752383415275,29.66143376610215,-5.125015819045571,-133.7583126152507,-1.9200590981808674,0.00991137,0.010066998284077202
676664,"Sears, JP",FF,2025,729,94.29177,94.36364883401922,92.23566529492456,-11.985514403292182,14.038683127572018,2022.1796982167352,0.005854874528893871,18.543669165922957,13.174501444396965,-17.806076353838755,30.41089844466889,-5.069602503824977,-134.19399633693237,-2.1861392989270545,0.010343643,0.009947230317812543
676664,"Sears, JP",ST,2023,434,102.79193,102.3520737327189,81.063133640553,10.14857142857143,5.711059907834101,2471.0552995391704,0.02401296224416459,12.122502823999756,-7.202272919739994,-28.08623397275724,23.703906369264054,-3.0831906998915786,-117.99571490666682,0.5716398917827751,-0.0049958085,-0.00403138685571636
676664,"Sears, JP",ST,2024,471,101.91253,101.64416135881105,78.63333333333334,13.402802547770701,4.406114649681529,2432.823779193206,-0.004105373155995956,14.393132156862439,-9.350007509656907,-29.553349690928652,22.254446377988963,-2.110757695219285,-114.4497700717612,1.891974906951376,-0.0030990895,-0.0025028623499724644
676664,"Sears, JP",ST,2025,515,102.54622,101.50990291262136,79.11281553398058,12.572038834951456,6.564349514563107,2310.2368932038835,-0.010351034082497646,14.53401890657905,-8.922320428434993,-27.813357243253012,23.478422356975756,-1.4801640096712898,-115.1434280718384,1.2509164170686033,-0.004404415,-0.0021651517586897856
676684,"Vest, Will",FF,2022,520,94.76923,94.41557692307693,95.15846153846154,9.205384615384617,15.488307692307693,2078.7057692307694,0.011351801722067744,18.132631763672467,-11.457844816967516,-14.710437285777097,31.451453305457086,7.164167036720962,-138.3277780012293,-4.846382874788931,0.009620206,0.009999391082885552
676684,"Vest, Will",FF,2024,482,98.029045,97.74896265560166,96.13589211618257,9.065726141078839,15.36448132780083,2155.155601659751,-0.014498682214707972,17.954094948531296,-11.638500235315494,-14.452062095542292,31.19040448923001,7.774660100339498,-139.74888876843383,-4.920869534233274,0.003265459,0.0036820583286792225
676684,"Vest, Will",FF,2025,421,100.32542,100.27387173396676,96.69762470308788,5.765700712589074,16.643800475059383,2244.7363420427555,0.0012540600331041834,17.72254238344995,-7.838055348713856,-12.732216083497109,33.06921257204739,6.30231972834881,-140.58127212900698,-5.491245229286031,-0.0009839516,-0.0008626374632121287
676710,"Crawford, Kutter",FC,2023,488,98.01168,97.85266393442623,88.61290983606557,-4.362540983606557,9.046475409836066,2420.2028688524592,0.010216260902639567,10.296303854878158,3.3585855586043145,-23.161831031146836,24.874597715849195,3.696301461258431,-129.05683078623963,-3.6966211192371397,0.0028873961,0.00304325976308535
676710,"Crawford, Kutter",FC,2024,756,98.60754,98.97989417989419,87.53015873015873,-5.076349206349207,8.726190476190476,2496.0383597883597,-0.003314920962335973,10.350181293712716,4.029841781681857,-23.63971716349372,24.300165244474424,3.135135025846929,-127.48984078534315,-3.834675233235993,0.0018845174,0.0012380627418874333
676710,"Crawford, Kutter",FF,2023,633,103.23871,103.2914691943128,93.70094786729857,9.432037914691945,18.94312796208531,2486.7709320695103,-0.012124353824821058,21.23869508046364,-10.79690899179662,-11.537831491211097,31.452592500404133,4.436233517398066,-136.27893254962171,-5.3843354694278736,-0.006555506,-0.006452729461662374
676710,"Crawford, Kutter",FF,2024,755,98.361984,98.88741721854305,92.5758940397351,7.582410596026491,19.834649006622517,2505.3867549668876,0.009787659196420499,21.328402425180897,-8.661265088405672,-11.071959331086894,30.913030392705682,4.411456269704056,-134.62039420753632,-5.659190913478072,0.0026439375,0.0016007465832496076
676879,"Ashby, Aaron",SI,2022,580,93.617584,93.52431034482758,95.62965517241379,-15.40448275862069,9.81351724137931,2094.396551724138,0.013439295584553174,18.378181972182464,17.459272566788677,-20.2872794199903,31.124152682969598,-3.5212411209669505,-139.11964664732244,-6.5539687617783144,0.012116425,0.0118864330741644
676879,"Ashby, Aaron",SL,2022,492,104.42378,104.33617886178862,83.48455284552846,9.464634146341464,-2.978292682926829,2546.981707317073,-0.012683376064669884,10.492326644313021,-7.5763549678651,-34.22167973644988,24.539485740692683,-1.0795926027073348,-121.56125205749528,-3.0530172412032375,-0.0087279845,-0.008274088540769135
676962,"Brown, Ben",FF,2025,779,95.40013,95.67304236200258,95.65635430038512,7.249293966623877,17.034454428754813,2205.1848523748395,0.02049004684206948,18.621879879969786,-9.040229945755915,-12.342436990767423,31.965327791684505,5.259491903831812,-139.04595426801637,-7.1490311600953085,0.00826904,0.00755236286568767
676962,"Brown, Ben",KC,2025,574,108.41045,107.4726480836237,87.04825783972124,-2.6228571428571428,-2.59609756097561,2292.5505226480836,0.0007376165341312174,4.203887161177985,1.6063788378006605,-33.641589878355724,25.120549139688706,3.705773388998621,-126.69534475681535,-5.171646524407911,-0.016608987,-0.014363852831591709
676979,"Crochet, Garrett",FC,2024,504,103.29563,102.85396825396826,91.58432539682539,3.8600000000000003,5.6778571428571425,2609.5257936507937,0.00010468160919085405,7.507984947887851,-2.484172207011643,-25.536091500390654,26.603252139544217,-6.59567174238916,-133.23604360526974,-5.247726205478626,-0.005678039,-0.004773695928472072
676979,"Crochet, Garrett",FC,2025,706,101.90283,101.61076487252124,90.89645892351275,3.6630594900849855,6.284532577903683,2600.175637393768,-0.008948304162776458,7.876190978048749,-2.363693822424066,-25.105306876609326,26.545660391276197,-6.017762244339238,-132.2645844521602,-4.864702416197835,-0.003392128,-0.00283639172859987
676979,"Crochet, Garrett",FF,2024,923,103.27497,103.3139761646804,97.25947995666306,-8.10747562296858,15.638613217768148,2505.8743228602384,-0.004792598100808458,17.760738747313518,10.963582788867203,-13.441173349264297,31.80591023256625,-8.413333426151015,-141.29817443493417,-6.295078319439186,-0.0065845367,-0.006483752685751887
676979,"Crochet, Garrett",FF,2025,849,97.91201,98.31684334511189,96.32049469964664,-7.944169611307421,15.858657243816255,2457.7962308598353,0.00545703754826892,17.892262373459335,10.505359418210112,-13.686301803221527,31.955182855643784,-7.922576369383435,-139.95976689458078,-5.694837192186396,0.0035505295,0.0027230914944701063
676979,"Crochet, Garrett",ST,2025,406,104.888916,105.26822660098523,82.6911330049261,13.742660098522169,-3.1276847290640393,2384.8645320197043,-0.055152741416065014,14.30206551039484,-10.295307844990832,-34.12669934734649,24.72263251638435,-3.688610831674164,-120.32996158298782,-3.710206123499477,-0.0094041405,-0.009993424544046241
677053,"Nardi, Andrew",FF,2023,434,99.510826,99.27903225806452,94.57488479262673,-4.452718894009217,16.448018433179723,2270.1658986175116,-0.012494632691057014,17.13193950986,6.535644822189791,-13.871528218451681,30.336093955756997,-8.314046340901289,-137.4319704690014,-4.96830401960784,0.00047001778,0.0008610772683653129
677651,"Garcia, Luis",FC,2022,519,101.05819,101.11560693641619,85.23294797687862,-5.078843930635839,5.117687861271676,2349.306358381503,-0.017475773508814834,7.637765999537772,3.5051689359764158,-26.951811346560344,23.86063526597107,4.572118612280465,-124.02159829779715,-5.093708593646119,-0.002143838,-0.002152715016327957
677651,"Garcia, Luis",FF,2022,761,96.47569,96.74388961892248,94.01116951379764,7.637266754270697,17.911222076215505,2402.6806833114324,0.0042009429130949955,19.608558285031506,-9.192066978334182,-12.10696338520743,30.896661061851855,5.464377687148431,-136.63705838222333,-7.03711769876337,0.006347631,0.005653588168742213
677944,"Cecconi, Slade",FF,2024,532,99.47876,99.52293233082706,94.39135338345864,14.188646616541353,14.641578947368421,2355.966165413534,0.02766978014226732,20.49241369081126,-16.65130471834671,-15.980304408679405,30.82944359014304,7.748554533934903,-137.19025420378762,-4.307179564982953,0.0005506097,0.00044425277638956995
677944,"Cecconi, Slade",FF,2025,656,97.35198,97.92271341463415,94.26600609756098,10.685487804878049,15.846768292682926,2391.141768292683,0.001955161009314955,19.21206441576337,-12.649179654999577,-14.607634847106178,31.440809949718275,6.419999335092447,-137.0398341636142,-5.076932049748452,0.004602864,0.0034405301344335244
677960,"Weathers, Ryan",FF,2024,480,95.541664,95.95541666666666,95.88645833333334,-12.22125,15.16825,2312.11875,0.010232674626295787,19.599719337924807,15.5554694145905,-14.686696319185092,32.23535649119865,-10.21565608153121,-139.15605071924347,-5.409625022704256,0.007939703,0.0069630237143802004
678024,"Vasil, Mike",SI,2025,482,95.31473,95.28360995850622,94.27614107883817,14.242904564315353,4.580414937759336,2180.7095435684646,-0.0018072256307654455,15.154285604655824,-16.414681762168414,-26.655084460013445,31.178632594695515,6.503259454905834,-137.09128619670665,-4.035589197385162,0.008601953,0.008323629919698502
678394,"Bello, Brayan",CH,2023,503,101.63995,102.24532803180915,86.20675944333996,16.47554671968191,3.1565009940357855,1764.2385685884692,-0.023092824414545302,16.91964882465406,-15.804405796993658,-29.096878744951542,25.460603059414087,6.506979956568393,-125.36480123645245,-2.4432784028712233,-0.0027806365,-0.0037259665951682145
678394,"Bello, Brayan",CH,2024,456,102.84188,103.16535087719299,87.7125,16.196578947368423,3.2123684210526315,1805.2258771929824,0.0044005809612171825,16.664016397781218,-16.067445129095926,-28.861570165803812,26.57976441913349,6.495958139719304,-127.55013004597636,-2.80750416216743,-0.0051498883,-0.005428208959767207
678394,"Bello, Brayan",FF,2023,445,96.09056,96.43865168539325,95.53685393258428,9.950022471910113,13.170337078651686,2082.4516853932582,0.018250251514757412,16.596922874799212,-12.187116909542219,-17.616641588470266,31.864750553287614,6.369765650805541,-138.97032283762607,-2.4551279533198245,0.006908395,0.0060409362041744935
678394,"Bello, Brayan",SI,2023,790,97.910255,97.92405063291139,95.05708860759495,18.134430379746835,2.620708860759494,1974.559493670886,0.01119263854971803,18.41286682353841,-21.19663712794619,-28.96987113027012,30.833934254268343,8.235841576073554,-138.18113526227964,-2.6589578173422788,0.003468636,0.0033020408373762894
678394,"Bello, Brayan",SI,2024,703,98.70911,98.6049786628734,95.77197724039829,17.37593172119488,4.1849786628734,2045.3897581792319,0.014299845644837317,18.036850933558384,-20.53978119167927,-27.195521979106406,31.497295525748953,7.55973130630126,-139.25535190821793,-2.737753879193986,0.0019094418,0.0020111282163312702
678394,"Bello, Brayan",SI,2025,613,97.10359,97.305220228385,95.43539967373573,17.168809135399673,5.535464926590539,2109.929853181077,0.0028250072427490236,18.192659212556258,-20.054963942974105,-25.50772249908814,31.279962347989308,7.015169455568028,-138.77221519591365,-3.960168632782411,0.005130076,0.004537302259288015
678394,"Bello, Brayan",SL,2024,481,103.173805,103.38253638253639,86.8108108108108,-7.827193347193347,-0.4685239085239085,2354.804573804574,-8.893413608566327e-05,8.45493281307967,6.1064355528457455,-32.49602595537486,25.136563363855963,4.429443964223157,-126.3996196529226,-1.5450359561783606,-0.005962679,-0.006210133589675642
678606,"Ferrer, Jose A.",SI,2025,598,98.52525,98.36488294314381,97.65301003344482,-18.17458193979933,6.830769230769231,2126.222408026756,0.00785023336043918,19.512430710091255,23.012406856414785,-23.524653131381406,31.979974643058316,-11.479981155769572,-141.69062674786824,-4.920181076179313,0.002363124,0.002545883694416547
679525,"Marsh, Alec",FF,2024,687,97.10495,97.51077147016011,94.1740902474527,9.56401746724891,15.030218340611354,2498.5764192139736,-0.002757718146116699,17.921484804391984,-11.599733680758865,-15.575222387978314,29.2072286840133,7.28003433085654,-136.93999943448034,-4.550865544368791,0.0050047883,0.004119567336663772
679885,"Martinez, Justin",SI,2024,416,98.85336,98.83341346153846,100.1689903846154,15.294230769230769,7.165673076923077,2088.891826923077,0.006139922280014704,17.00316839285062,-20.492047049673964,-22.355197301384642,33.03372325621866,10.451942940900965,-145.42105825338282,-6.381388910737659,0.0016312234,0.0015816756617185066
680570,"Rodriguez, Grayson",FF,2023,858,102.83601,102.70582750582751,97.39825174825174,11.33062937062937,15.873006993006994,2266.2296037296037,0.011529925813981295,19.635449555882428,-14.6648008132366,-13.396087498015575,32.97187255877278,8.48226915982096,-141.50590313543728,-5.171351074318479,-0.005801035,-0.005385366872868707
680570,"Rodriguez, Grayson",FF,2024,700,99.854576,99.68671428571429,96.04785714285714,12.770228571428571,15.811714285714286,2295.897142857143,0.00192378588563298,20.42884752486079,-15.800222577422614,-14.198695094578673,32.024940284329695,8.287559683849665,-139.574625722539,-4.141247874019224,-0.00015935618,0.00014211002045424242
680573,"Woods Richardson, Simeon",FF,2024,555,95.71892,96.08378378378379,93.14108108108108,5.7712432432432434,17.42962162162162,2193.473873873874,-0.002075078658737693,18.547904748656798,-6.744782102845998,-13.08132122694485,29.708610826164907,3.7726341628244553,-135.48132735889166,-6.4243252613392805,0.007607765,0.006727294795290239
680573,"Woods Richardson, Simeon",FF,2025,666,96.64955,96.7918918918919,93.24114114114114,5.267387387387387,18.316576576576576,2256.653153153153,0.0055313072413096616,19.208051825191045,-6.272877274895007,-11.997215966752888,31.182496979910653,3.8960716629587564,-135.55036002208357,-7.129681134592019,0.0059230723,0.005505929979657756
680573,"Woods Richardson, Simeon",SL,2024,433,102.86097,102.6217090069284,86.47182448036952,-6.303187066974596,7.1947344110854505,2289.785219399538,-0.02207650923220398,9.9264434231053,5.040854742951742,-24.863338996807897,23.968651624790517,2.95616080190892,-125.89019638825219,-5.577799447523222,-0.005321668,-0.004672162399027095
680686,"Gray, Josiah",CU,2022,488,101.06209,101.10020491803279,82.68831967213114,-2.0112295081967213,-5.652540983606557,2489.6680327868853,-0.011327024180724107,6.282446652336813,0.9462556554280581,-36.797198073325994,22.421083359705285,3.663577902218038,-120.41901411964486,-0.9021660948537018,-0.0016809839,-0.0017541176701672302
680686,"Gray, Josiah",FC,2023,459,94.52898,94.8640522875817,88.84684095860565,0.6394771241830065,8.437385620915034,2006.1002178649237,-0.013945323153200078,8.786045667580728,-1.580937815752122,-24.233537488152727,26.0802170132744,4.779824476562491,-129.3553750926858,-1.0528547761955984,0.008614812,0.0077780785843553305
680686,"Gray, Josiah",FF,2022,791,98.3134,97.30973451327434,94.38103666245259,9.926321112515803,17.72283185840708,2210.1061946902655,0.02753914390750165,20.40734541046166,-11.611151306970859,-12.759131382816756,31.2372693952895,5.173738544481979,-137.29092907587378,-4.2902508813844795,0.0028154878,0.004598922450459394
680686,"Gray, Josiah",FF,2023,462,93.46429,92.69004329004329,93.5478354978355,11.371948051948053,15.360519480519482,2128.0411255411254,0.010222192668011684,19.244420297970013,-12.883447742535807,-15.58356909314856,30.033433691832506,5.031207195591491,-136.1119227245126,-3.986811607509109,0.01185803,0.012881057622770265
680686,"Gray, Josiah",SL,2022,547,100.063255,100.7,85.7674588665448,-1.71400365630713,5.407678244972578,2022.1974405850092,-0.010396799288405286,6.065253821634262,0.6067739172086334,-27.07644648942199,24.120716466809974,4.5778898194559074,-124.86854071758508,-2.809905050415732,0.0003794455,-0.0008974815308441324
680686,"Gray, Josiah",SL,2023,644,99.30077,100.17298136645962,85.85745341614907,-1.1001242236024844,6.01248447204969,1882.642857142857,0.00027429341346556923,6.44531550391198,0.0836654089069797,-26.621795220728313,24.098287477683662,4.526985329523604,-125.00937664389458,-2.429484479588834,0.0020219923,0.00019606799097162916
680694,"Bradish, Kyle",CU,2023,409,108.211006,107.86870415647923,84.8078239608802,-5.534669926650366,-12.731735941320293,2618.320293398533,-0.0455543057545602,14.062297288853138,4.299084575461639,-42.68300252301104,26.109695910189583,1.813638252558278,-123.45732368361989,-2.349666622118816,-0.016101241,-0.015399573046956487
680694,"Bradish, Kyle",FF,2022,779,95.332344,94.9586649550706,94.5170731707317,-1.3343260590500643,16.185211810012838,2303.8125802310656,0.02689556747832392,16.40519769249566,0.5849082461840918,-13.824020451103795,29.662489242634045,3.831518566245766,-137.5154119566283,-6.43255537495705,0.008535921,0.008988579156837371
680694,"Bradish, Kyle",FF,2023,529,96.126465,95.85519848771267,94.52419659735351,-2.7933459357277886,12.640831758034027,2386.3629489603027,0.01880953490165814,13.223010950311027,2.4289553313818084,-17.737730386907213,28.393111787384168,2.6151470615321366,-137.63431194475245,-5.642388985605716,0.0068408805,0.007107181574823339
680694,"Bradish, Kyle",SI,2023,503,94.92723,95.09701789264415,94.85785288270378,11.20938369781312,11.325566600397615,2202.9324055666,-0.0025173129485883193,16.18738223377423,-13.048551886584606,-18.9701365778826,30.728798092943915,4.972354476007472,-137.9680601749635,-6.021709610945795,0.009293225,0.008629602934510188
680694,"Bradish, Kyle",SL,2022,515,106.6732,106.60796116504854,86.86485436893204,-10.855456310679612,-1.0478446601941747,2478.7980582524274,-0.013524097941201473,11.626381435657077,8.889736241935744,-32.304056668018085,27.241438003714755,3.3974586897801777,-126.39185666595456,-4.487600664160864,-0.013426378,-0.012874614878050264
680694,"Bradish, Kyle",SL,2023,723,109.03873,108.54508990318119,88.11881051175658,-12.464398340248962,-0.05128630705394192,2653.427385892116,-0.01975211191069152,12.787837183289867,10.869082626396178,-31.49362069044249,26.94197246866139,2.6983816138484493,-128.27469138635513,-4.382763024324264,-0.018348416,-0.016767592596783967
680730,"Parker, Mitchell",CU,2025,467,101.87816,101.7899357601713,81.12783725910063,0.6285224839400428,-6.970535331905781,2272.019271948608,0.02366137771406294,7.270423185241519,0.13975892690102448,-37.54541086803351,21.345487111925742,-3.4718994787431225,-118.15960291173192,-1.5416274253165836,-0.003323217,-0.0030910202436985074
680730,"Parker, Mitchell",FF,2024,631,94.325836,94.2513470681458,92.43122028526149,-5.334389857369255,17.806782884310618,2182.139461172742,0.0184619278742362,18.714919668082025,6.544543357277576,-13.095511103825281,28.690027106597405,-5.4014079485879005,-134.4271906750617,-5.871647643737981,0.01022367,0.010076787324378833
680730,"Parker, Mitchell",FF,2025,1199,95.57556,95.80758965804837,92.88081734778983,-5.759799833194329,18.031226021684738,2167.9140950792325,0.016367458672368513,19.09586686456271,6.792875343707375,-12.52637022673937,29.903945098995308,-4.21404030108789,-135.06288735742243,-6.688707653947824,0.007937723,0.007307548792134596
680732,"Burke, Sean",CU,2025,405,103.73876,102.71506172839506,79.5367901234568,-6.086518518518519,-14.960888888888888,2541.259259259259,-0.012977637124731337,16.351633751575008,3.644743759185091,-43.545836778242965,23.443686723624225,4.171435357153141,-115.70874845615708,0.1254716172936158,-0.0072159325,-0.004994119080900477
680732,"Burke, Sean",FF,2025,777,100.63025,100.75019305019305,94.40012870012869,4.76046332046332,18.332046332046332,2550.027027027027,-0.0029492442672717414,19.128312558848027,-6.591571655866843,-11.661784109589346,30.775579253786972,7.04227584251468,-137.18031992737966,-6.35499217363411,-0.0015481107,-0.0017290908826040265
680767,"Vodnik, Victor",FF,2024,643,95.59254,96.61570762052877,97.93234836702955,6.4880248833592535,13.898164852255055,2278.1166407465007,0.01202421864645553,15.469035337320863,-8.843361252717303,-15.5622843430536,29.743769622281125,6.916889194369405,-142.49909209209568,-4.2967840138991615,0.007844401,0.005754567646275238
680767,"Vodnik, Victor",FF,2025,409,96.17213,97.27041564792175,98.61320293398533,5.943080684596577,13.344058679706603,2307.528117359413,0.009496375356483408,14.793758899691094,-8.178779432528035,-15.927235433687068,30.47135003401485,6.210321399492752,-143.5234344060351,-4.477256413488539,0.0068156635,0.004632526634156107
680885,"Schwellenbach, Spencer",FF,2024,481,96.33576,96.43513513513514,96.08232848232848,5.56914760914761,13.3010395010395,2265.5051975051974,0.0003149515248079133,14.517007762258695,-7.851033221061109,-16.777432840419785,29.068462275122368,8.349897352645433,-139.7152789036305,-4.576430387927529,0.006443821,0.006083173640334291
681293,"Arrighetti, Spencer",FF,2024,783,99.69604,99.3846743295019,94.05568326947638,11.984061302681994,15.43800766283525,2314.7969348659003,0.006457668552485081,19.69179706851279,-13.855878195090222,-15.491660161418524,31.52073004780784,5.846122002282471,-136.79012729733714,-3.4405422500032627,0.00013884023,0.000694747644603122
681343,"Smith, Shane",FF,2025,753,96.00213,96.16932270916335,95.46321381142099,7.138486055776892,13.997768924302788,2266.7569721115538,0.001816823395984382,15.968121172917101,-9.222880864049962,-16.148998468904598,30.3379760272803,6.787112589011935,-138.83566882553475,-4.962264355640901,0.0071376353,0.006644386377304903
681347,"Burrows, Mike",FF,2025,453,97.339516,97.57682119205299,95.46710816777042,5.741986754966887,17.026754966887417,2305.953642384106,0.025470248976948773,18.08464601376778,-7.189309535600345,-12.664520524677197,31.671938562736408,4.367316497648378,-138.8526388470853,-6.032503107156357,0.0046235155,0.004072578556342845
681676,"Fernandez, Ryan",SL,2024,412,105.5403,105.56626213592234,87.15364077669904,-3.2362135922330095,1.7405825242718447,2579.026699029126,-0.027567587401194603,4.350218001736524,1.7603973656923868,-29.93335912817632,24.475007413559577,5.953767498483498,-126.82186901996138,-4.152032169295699,-0.010877922,-0.01060905553942917
681857,"Olson, Reese",SL,2023,418,103.38422,104.15430622009569,84.67822966507177,-7.997224880382776,-3.003444976076555,2983.7918660287082,0.0036936796692964655,8.987644640356093,5.594478783422052,-34.27767137031778,23.221154455721894,6.278012188126792,-123.2228216355614,-3.2628345391545652,-0.006523614,-0.007865615843033262
681911,"Vesia, Alex",FF,2022,430,102.97256,102.04093023255814,94.08558139534884,-4.9618604651162785,19.352372093023256,2319.3860465116277,-0.02502958295163823,20.079202249432566,5.795217797709172,-10.995332808501066,30.498458812557853,-2.7036193356293543,-136.93499598675353,-4.982173683567435,-0.0061186776,-0.0042273389113892165
681911,"Vesia, Alex",FF,2023,428,104.51285,103.84789719626168,94.28434579439252,-5.9969158878504665,19.413364485981308,2353.3154205607475,-0.007738814690751565,20.400137970684927,7.146712691586175,-10.913022567625223,31.315641873534943,-3.725074370011805,-137.18844131379763,-4.761851152860463,-0.00895514,-0.007468568786618556
681911,"Vesia, Alex",FF,2024,502,102.50339,101.54820717131473,93.42091633466136,-6.121434262948207,20.12581673306773,2403.8844621513945,0.002578985822492216,21.109229242677582,6.758062999488574,-10.531366246841024,30.316872989875183,-2.0225233709129617,-135.9659160373548,-4.950725487209611,-0.005129173,-0.0032598532610991883
682052,"Lopez, Jacob",FF,2025,465,96.61161,96.11075268817204,90.76623655913978,-13.639225806451613,11.474580645161291,2119.7397849462363,0.009356509847864276,18.05669921047994,15.474821036268738,-20.819886687919595,28.682122682461927,-10.405629798151185,-131.744943078088,-1.9693010404867233,0.0059905187,0.00675414866700867
682227,"Williamson, Brandon",FC,2023,413,96.84963,96.89564164648911,89.51961259079903,2.518547215496368,8.256755447941888,2361.002421307506,-0.014875025145973329,8.973961921765081,-1.8688476746721634,-23.439104970136167,25.483657469621605,-2.682236512816392,-130.36419749419224,-5.162895093001867,0.004798659,0.004560747899388535
682227,"Williamson, Brandon",FF,2023,526,93.52224,93.71730038022814,92.92946768060837,-9.014144486692015,16.368821292775664,2152.3821292775665,0.002446992883777571,18.807327605180138,10.089686259318013,-14.205644407976104,29.760846364090817,-4.053066725521152,-135.14419312659277,-6.626683333868885,0.0117467595,0.011004571300854101
682243,"Miller, Bryce",FF,2023,984,102.27581,102.3349593495935,95.03871951219513,3.413780487804878,18.525243902439026,2594.366869918699,0.005032743039618749,18.952026363683956,-4.3850675336667315,-11.308039690424136,30.492891076245265,3.2899340084086313,-138.31359600816447,-5.528430446530027,-0.004743053,-0.004711361849983452
682243,"Miller, Bryce",FF,2024,927,100.44207,100.3344120819849,95.13484358144552,6.42368932038835,18.296051779935272,2475.921251348436,-0.008390860928880469,19.493100829441595,-7.916992714327214,-11.645669142334114,31.502167759412924,4.602495706576088,-138.40291652388075,-5.094513719818346,-0.0012655038,-0.0010392726670271162
682243,"Miller, Bryce",SI,2024,400,97.40725,97.447,94.6775,15.9699,10.8915,2405.0375,0.003761767962109576,19.420582440658485,-18.392125801361274,-19.716931767694685,30.583061976143263,6.650575082599716,-137.6666065461901,-4.902032589377406,0.0044392906,0.0041817915183983
682254,"Montgomery, Mason",FF,2025,404,104.80693,103.61683168316831,98.69554455445545,-6.182079207920792,18.620198019801983,2309.022277227723,0.023353096890043872,19.71822157143758,8.478639281491734,-9.402585555969459,33.122833328119825,-5.888837255449432,-143.50637142958004,-6.5415834438002145,-0.00939233,-0.006978463630175545
682842,"Uribe, Abner",SI,2025,414,98.21183,97.1280193236715,98.77222222222221,13.820869565217391,6.206086956521739,2320.3743961352657,-0.019990764138246728,15.331618517167037,-17.347571259026857,-23.94175407957972,34.22979693987878,6.086560735850278,-143.6267999142842,-5.349587319480338,0.0029721945,0.004870932578470369
682847,"Ortiz, Luis L.",FF,2024,530,94.87887,95.71415094339622,95.8588679245283,11.338867924528303,11.210037735849056,2275.9849056603775,-0.0075449075756614135,16.098357412751728,-13.95516212451827,-19.58068593908785,30.540195168356092,7.317984305777367,-139.4342893424413,-2.563599768942195,0.009181172,0.007399901942600306
682847,"Ortiz, Luis L.",SI,2024,439,96.70774,97.26423690205011,94.83325740318907,15.401548974943053,3.0500227790432803,2281.6833712984053,0.012256560069080921,15.845500168470547,-18.01831506290874,-28.66293111751977,30.29733775918647,7.426204942458936,-137.9214157250566,-2.05466751352911,0.0057996484,0.004524388477389051
682847,"Ortiz, Luis L.",SL,2024,492,101.87927,101.83678861788617,85.81260162601626,-6.524146341463415,1.997560975609756,2437.0345528455287,-0.01930020180184412,7.703497196168339,4.948503279181097,-30.269493353729636,23.218808532457775,4.054611956954689,-124.99757554611026,-1.796533041316926,-0.003278224,-0.0030921716789191656
682990,"Priester, Quinn",SI,2025,774,96.27946,95.98824289405684,93.89599483204134,14.756589147286823,7.248062015503876,2043.9276485788114,-0.012418199479680508,16.56782916746859,-16.898924543810633,-23.661668540479862,29.951036680379296,6.959782520336475,-136.50512684419547,-5.187882191477359,0.0067302706,0.007008250480173001
682990,"Priester, Quinn",SL,2025,518,102.931854,103.45038610038611,86.19015444015444,-4.249343629343629,-0.3180694980694981,2467.46138996139,-0.002828918555711551,4.818046411553526,2.948443547324367,-31.78323409173514,24.084705531290364,4.1802172517988945,-125.48436826754805,-4.305334826751782,-0.0056103794,-0.006506045837335971
683003,"Jones, Jared",FF,2024,809,100.20655,100.95302843016069,97.34264524103831,8.432336217552534,17.325241038318914,2537.3708281829418,7.594065488612967e-05,19.391977336152657,-10.720217319026297,-11.766356306357487,32.87164824524757,5.430058706579434,-141.58842564619042,-5.167481529649743,-0.00082320743,-0.002170745246292757
683003,"Jones, Jared",SL,2024,565,106.49257,105.90902654867256,88.75115044247788,-3.7399646017699113,2.4354690265486725,2584.716814159292,-0.015926253848357243,5.08723316085623,2.708047855763381,-29.371208490380145,25.10211103324937,4.1096395335026985,-129.25161821524594,-3.417020824612036,-0.012860689,-0.011295027262664983
683004,"Leiter, Jack",FF,2025,673,99.1,99.33164933135215,97.18008915304605,8.636255572065378,17.31780089153046,2417.6285289747398,0.001553168411766411,19.48273043513913,-11.226679078527546,-11.800477397000094,34.68336955443925,6.822404096211319,-141.20535071825884,-5.572765767426364,0.0013241903,0.00086352582525241
683004,"Leiter, Jack",SL,2025,454,103.51124,103.61982378854626,87.51740088105727,-4.196563876651982,1.2322466960352425,2540.726872246696,0.007053104355986123,5.2486551729608015,2.789062474860666,-30.622730967376267,25.757296799634442,4.983414582215991,-127.37750123615835,-3.01242870186,-0.0068357293,-0.006855175989299401
683155,"Estes, Joey",FF,2024,817,98.23292,97.99277845777235,92.37209302325581,9.608959608323135,16.42780905752754,2365.577723378213,0.003471882923279636,19.13023737313149,-11.172916858885433,-14.827970619432566,29.49511285340982,6.841286749023044,-134.2989477740032,-4.475613292647908,0.0028851226,0.003237882491350421
683627,"Molina, Anthony",FF,2024,425,92.632,92.97176470588235,94.74047058823528,7.393411764705882,15.231529411764704,2109.4611764705883,0.026473450260386895,17.027421279053645,-8.995126850008985,-14.673337276548358,28.200271820157436,5.459894004497351,-137.80625731525606,-6.88321036107883,0.013403894,0.012410466772989593
684007,"Imanaga, Shota",FF,2024,1024,101.504196,100.869140625,91.45732421875,-10.3182421875,18.4065234375,2437.9541015625,2.1703266341498097e-05,21.19790220994229,12.001981068996978,-13.388052193030878,28.909401606608977,-8.3760606651288,-132.8924289132697,-3.7131785426522215,-0.0032610868,-0.0020183090290648727
684007,"Imanaga, Shota",FF,2025,817,99.83892,99.39547123623012,90.82411260709915,-11.983402692778458,17.8209547123623,2483.457772337821,-0.002752890549488356,21.5690065237805,13.505820153416277,-14.37111792449179,29.655512488468574,-8.410785450654501,-131.935764906777,-3.204642318472467,-6.469007e-05,0.0007460863648336048
684007,"Imanaga, Shota",FS,2024,647,105.13308,105.54482225656878,82.84482225656878,-10.57724884080371,6.697372488408037,1122.856259659969,-0.01789773702914492,12.712369485135898,9.935116756114178,-26.337135580625603,22.271881874524382,-7.143351572453397,-120.46591544749711,-3.058467372775012,-0.010961399,-0.011507957161045574
684007,"Imanaga, Shota",FS,2025,495,102.28121,102.76444444444445,83.02020202020202,-13.150545454545455,6.848969696969697,1293.8666666666666,-0.02327095423506982,15.076297407066464,12.168216247906136,-26.250353932848125,22.905429549899416,-7.591004968299514,-120.67661176945303,-2.7859591115135713,-0.004320623,-0.00527922112479757
685299,"Gordon, Tanner",FF,2025,451,95.71685,95.54567627494457,92.1849223946785,11.257383592017739,14.424745011086475,2241.722838137472,0.007322003262522513,18.402370696016206,-13.04609630078363,-16.597687665428435,27.07797357026118,8.352399556276717,-133.96126795708028,-5.82767098931519,0.0076769893,0.007784283241694893
686563,"Cannon, Jonathan",SI,2024,434,98.12466,97.60967741935484,93.18225806451612,15.620460829493087,5.031428571428571,2086.1405529953918,0.011865862407847637,16.545142657216115,-17.905723654819052,-26.22789192388401,28.962106464912754,8.745350125121078,-135.39389412154924,-4.362120617287898,0.0030470074,0.0038754464203949865
686610,"Waldichuk, Ken",FF,2023,1065,94.76357,95.37267605633802,93.38338028169014,-10.178140845070422,15.247211267605634,2306.8901408450706,0.010808938757856339,18.459071665472603,12.232097309629797,-15.763982038338005,29.64825540510246,-7.955001723794078,-135.72411652708973,-4.008010923546831,0.009411733,0.00798713091737522
686610,"Waldichuk, Ken",ST,2023,495,101.27172,101.24848484848485,81.22969696969696,12.480727272727274,0.7149090909090909,2094.0242424242424,0.004560335076013737,13.13240838526801,-8.899411460098065,-31.651949921211248,22.520107440685816,-4.209278635167313,-118.2414725680253,-0.625537281421556,-0.0017719828,-0.001723874353360758
686613,"Brown, Hunter",FC,2023,433,100.52933,101.10346420323326,91.88521939953812,-3.1388452655889147,6.207575057736721,2149.6558891454965,0.0072961477437659674,7.309489241807806,2.2567270640581727,-25.032454679491547,28.92187268077019,4.0312067450735825,-133.7149189499518,-5.143713045560201,-0.0012535256,-0.0021073030316241864
686613,"Brown, Hunter",FF,2023,801,94.96804,95.46841448189763,95.65880149812733,6.0355056179775275,16.87056179775281,2239.9750312109863,0.012372336987068744,18.041398762657675,-7.491160238596646,-12.691324997576801,32.058192571703,4.219107934685043,-139.1231249935987,-6.328374526698846,0.009022536,0.0078117253461093775
686613,"Brown, Hunter",FF,2024,792,98.30909,98.40808080808081,96.00606060606061,5.075757575757576,17.460757575757576,2301.088383838384,-0.011262703310103763,18.398864478250026,-6.601585295241749,-11.900007198727932,32.210601230590726,4.553858472941335,-139.61457729460182,-6.370139854838871,0.0027408032,0.002479326604050081
686613,"Brown, Hunter",FF,2025,713,101.08471,101.1116409537167,96.61430575035062,6.727741935483871,17.585974754558205,2280.7054698457223,-0.01338243307956246,18.92455465781827,-8.796908431593858,-11.588921472982266,33.72501637013559,5.89101359922666,-140.43420424434936,-6.109016818101936,-0.0024044565,-0.002394579374910167
686613,"Brown, Hunter",KC,2023,437,105.65355,105.48970251716247,82.99908466819221,-5.391487414187643,-14.664439359267734,2471.7276887871853,0.010570903490519352,15.766182613062819,3.782826370154273,-43.95144495809285,25.84313187925439,2.6042732081499897,-120.78852119795513,-1.4682467111971365,-0.010883688,-0.010287324399257433
686613,"Brown, Hunter",SI,2025,495,96.30324,95.85575757575758,95.72585858585859,13.926303030303032,13.648484848484848,2196.1838383838385,-0.004080872981322122,19.65513773956031,-16.508377957089454,-16.105695105468328,33.346359574726534,6.3821856751542905,-139.08972776816944,-6.472530619837879,0.006688914,0.007249448582851235
686701,"Bergert, Ryan",FF,2025,462,99.519264,99.43311688311688,93.39372294372295,7.818181818181818,18.56,2410.0800865800866,-0.000706925204489206,20.223996103754974,-9.254997406214956,-12.010901996861195,30.6317569901431,5.354326240894436,-135.80657074066815,-5.580256143999771,0.0005345344,0.0006798541987663424
686752,"Pepiot, Ryan",CH,2024,449,106.89131,107.34342984409798,85.75189309576837,15.328730512249445,2.183251670378619,2475.2115812917596,0.003067396666096172,15.743468310342264,-14.175492987528632,-29.539715600541335,25.969152073490708,4.173720443375232,-124.7550434536643,-4.414669556323808,-0.013191108,-0.013243839621039989
686752,"Pepiot, Ryan",CH,2025,533,105.94953,106.334521575985,86.79174484052533,14.406529080675423,2.170356472795497,2500.236397748593,-0.021527463135106964,14.770892407137062,-13.679579306602225,-29.64872244756436,25.239611923079224,3.968035984348365,-126.3361657264493,-3.77638636618382,-0.011599283,-0.011651076875548515
686752,"Pepiot, Ryan",FF,2024,994,100.4323,100.3556338028169,94.87756539235413,8.91307847082495,19.371428571428574,2377.1830985915494,-0.006089226421348697,21.426267748339125,-10.372119221403143,-10.429376091609587,32.542862345314575,3.934361028177658,-137.96740798301994,-6.054313528327044,-0.001243545,-0.0010816717306894484
686752,"Pepiot, Ryan",FF,2025,975,102.805336,102.65425641025641,95.13210256410257,7.848123076923077,19.09993846153846,2406.6492307692306,0.006122507768088056,20.75728544027692,-9.223117889204458,-10.624425515031826,31.613677078341613,3.6358328106497977,-138.39353551866967,-5.829818612061729,-0.005635329,-0.005215081462009003
686799,"Kochanowicz, Jack",SI,2025,627,97.28038,97.1572567783094,95.40893141945774,14.124976076555026,2.9113875598086127,2132.529505582137,0.020324976380725585,14.594576996272227,-16.771165356877486,-28.141025245315234,30.370916628836824,7.038855123627098,-138.73519551500328,-4.859319475912578,0.0047856844,0.004812488527400336
686973,"Varland, Louie",FF,2023,410,95.38317,95.40243902439025,95.29365853658537,7.683512195121951,16.19209756097561,2217.3439024390245,-0.0007700545829732088,18.04503376733834,-9.638999740289593,-13.990475789127652,31.522654806499844,6.1047511857164904,-138.60417802148817,-4.415235913903284,0.008239716,0.007934693979760479
687134,"Blalock, Bradley",FF,2025,428,94.56262,94.70070093457944,94.6126168224299,2.7325233644859814,16.490467289719625,2103.2056074766356,0.04234172471222314,16.80971546173096,-3.7737827804467443,-13.267438531324037,27.995911212235896,4.305833244046153,-137.6527890470095,-7.320327966412502,0.009835671,0.009334508456523234
687330,"Kelly, Kevin",SI,2023,400,101.47025,99.92875,90.50225,17.7975,-0.27390000000000003,2163.37,0.007501899054592516,17.920175959451818,-18.707749114082844,-33.17713073901222,28.486086975635512,6.966784789698463,-131.56647866966048,2.291504668824741,-0.0034931868,-0.00047427082372929343
687330,"Kelly, Kevin",SI,2024,460,104.32391,103.45152173913043,90.91108695652174,17.740434782608695,-1.0580869565217392,2171.0152173913043,-0.016709313718963403,17.90742365986208,-18.93962822103244,-33.95260445221312,29.435116584520035,7.573907492562563,-132.1076855900874,2.255440003811332,-0.008999155,-0.007069273966044431
687473,"Gusto, Ryan",FF,2025,622,100.64373,100.26655948553055,94.10610932475885,5.686302250803859,18.199292604501608,2418.951768488746,-0.0008510994259538992,19.14622211689191,-7.373661066821107,-12.333885306716915,33.005179059411496,6.0700365181503395,-136.78707135556303,-4.765445439274138,-0.0015788972,-0.0008432909240094117
687765,"Spence, Mitch",FC,2024,665,97.64602,97.91593984962405,90.64766917293232,-3.649263157894737,5.800601503759399,2593.809022556391,0.0050362151350511605,7.248578806922007,2.295968565862262,-25.830011406416872,26.266461926659634,6.341149869577469,-131.910308783002,-4.118631298151375,0.0034340238,0.002892771320350682
687765,"Spence, Mitch",FC,2025,428,100.37687,100.24485981308412,91.09906542056075,-3.9437383177570093,4.519345794392524,2679.053738317757,0.02800550965013491,6.419335463523381,2.7113540669057064,-27.06604545936509,27.337552976738053,5.698862837018451,-132.58166432241936,-3.9128779777829177,-0.00097551756,-0.0007299568539225723
687765,"Spence, Mitch",SL,2024,572,107.65542,107.85629370629371,84.21538461538461,-14.616713286713287,-0.6625174825174824,2765.097902097902,-0.006741895570525331,15.015238497393838,10.974777710994879,-32.339191646151555,26.503360071942456,5.492360969462348,-122.4822799408635,-2.7387933852516277,-0.015275465,-0.015222914579034595
687792,"Herz, DJ",FF,2024,582,96.72715,96.70189003436425,93.60446735395189,-12.371752577319587,16.060618556701034,2326.4278350515465,0.0035122068105497965,20.373934868310126,14.379738005503052,-14.58621542473413,29.55661065472861,-7.220464380745882,-136.060185540953,-5.194793846434247,0.0057109995,0.005597173398085339
687911,"King, Bryan",FF,2025,499,96.09459,95.79138276553107,92.02364729458918,-3.8585170340681363,14.315831663326653,2128.498997995992,-0.013460576198387725,14.938280677404004,5.469437499453834,-17.29020799068928,29.109144413815173,-7.423610076907651,-133.80700687602766,-3.447088717489408,0.0069620577,0.007334291529400519
689147,"Kerkering, Orion",ST,2024,419,110.40859,109.54606205250597,86.1145584725537,-15.950548926014319,-0.770692124105012,2889.0429594272077,-0.0036880914699580665,16.178966938122997,13.501685666315614,-32.577499905071775,26.18073554014304,2.222075246437785,-125.38599451346936,-2.238148543443664,-0.021068398,-0.018908329051544354
689225,"Brieske, Beau",FF,2022,594,92.878784,93.00387205387206,94.30117845117846,7.314343434343435,17.618787878787877,2374.5454545454545,0.0001384824508411095,19.201919274616145,-8.573591807903998,-12.381803055016286,31.28221594048143,3.932276188120292,-137.13126438744936,-6.633109504802336,0.013246961,0.012632409844012314
690986,"Harrison, Kyle",FF,2024,865,97.58531,96.01260115606935,92.61895953757225,-14.535953757225434,10.534196531791908,2208.8763005780347,-0.004646875206909958,18.101827991913858,16.179523890434456,-21.51852380804899,29.85890744154486,-6.570745491136838,-134.719113033155,-0.8866456735905757,0.004100701,0.006852208389040481
690990,"Horton, Cade",FF,2025,646,98.40836,97.36486068111455,95.76671826625387,0.3681733746130031,14.534860681114552,2475.342105263158,-0.005106280466388426,14.710839195871078,-1.7454257431536533,-15.165026208579185,30.508207596858696,6.09755559024638,-139.2731946879933,-6.335376437381934,0.0026218563,0.004460910744836345
691587,"Pérez, Eury",FF,2023,586,100.43908,101.24061433447099,97.51313993174061,8.89617747440273,18.088054607508532,2634.1313993174062,0.016104974607940636,20.278640045819934,-11.382678782817989,-10.339942102169436,33.45283794181245,6.013327707218143,-141.6989304473809,-7.458225627300104,-0.0012788388,-0.0027166177704076476
691587,"Pérez, Eury",FF,2025,554,101.94423,102.38267148014441,97.86281588447653,10.346425992779784,17.569819494584838,2684.451263537906,-0.013662979063006796,20.545431570404293,-13.094671137893455,-10.874601325796567,34.49039730793563,6.018772760542237,-142.2079935070551,-7.03770658511486,-0.0040153605,-0.00471666880674975
693312,"Nicolas, Kyle",FF,2024,417,96.52183,97.01846522781774,97.27601918465227,9.058417266187051,17.058992805755395,2372.7194244604316,0.0035178258283474102,19.391861843387403,-11.47378846083075,-11.722328070182696,31.99949857591811,5.933940985993216,-141.42432182255084,-6.785158996341399,0.0060964776,0.0050168919951488365
693433,"Woo, Bryan",FF,2023,457,97.12757,97.31225382932166,95.28183807439825,7.413216630196937,14.584070021881839,2209.1859956236326,0.008381232411836047,16.47352401707551,-9.285697401983938,-16.089054122510515,30.723793285315864,5.835856168091521,-138.65233352961758,-2.6573541602445307,0.004955186,0.0044479223758948465
693433,"Woo, Bryan",FF,2024,687,97.433624,97.45720524017469,94.8787481804949,9.332052401746724,15.306026200873362,2285.3595342066956,-0.015125464677373131,18.04436671852527,-11.238106828018443,-15.441198991238227,30.965450271963793,5.792984057752968,-138.05008224220668,-2.7799773444005287,0.0043831198,0.004221377957360939
693433,"Woo, Bryan",FF,2025,697,99.14735,99.51721664275466,95.55251076040173,9.582266857962697,14.813543758967002,2275.6427546628406,-0.007263700404292376,17.779552046926746,-11.647367890143615,-15.82875578843109,32.29950834561301,5.641206174234886,-139.01552280167192,-2.541216148202625,0.0012353302,0.0005240714142640338
693433,"Woo, Bryan",SI,2025,435,100.82046,100.70942528735632,95.21931034482759,16.50896551724138,6.001931034482759,2293.937931034483,-0.008440418511840945,17.692825976190175,-19.12247804984744,-25.41520395021719,31.783187094263976,6.27111895595185,-138.50984989038352,-2.357495310400069,-0.0020906057,-0.0018448714245519104
693821,"Elder, Bryce",SI,2023,862,94.51508,94.27714617169373,89.46658932714617,13.221299303944315,8.38371229698376,1967.4675174013921,0.008111019518123435,15.84041036832738,-13.43502092148149,-23.105498347366797,26.942028289117868,4.375727777952349,-130.1301553846094,-6.321793926456709,0.010102263,0.010176103321266025
693821,"Elder, Bryce",SI,2025,841,96.534485,96.22841854934602,91.48620689655172,14.47690844233056,8.366468489892984,2099.1117717003567,0.007827772388142726,16.885623154083653,-15.393342893440705,-22.646719176108867,28.966830803231094,4.992246057676744,-133.00693608069727,-6.672477539700483,0.006233009,0.0065561208178104525
693821,"Elder, Bryce",SL,2023,814,103.79128,103.97678132678134,82.73673218673218,0.1065847665847666,-1.5863882063882062,2409.0429975429975,0.001997052034475508,2.8831639004178418,-0.7159110553442652,-32.79259867837908,22.96833441797124,3.326485810641287,-120.44154661648653,-4.449187754700477,-0.0073684948,-0.007504052829435121
693821,"Elder, Bryce",SL,2025,691,104.59349,104.92373371924747,84.23125904486253,-1.8092040520984083,-0.1727930535455861,2500.739507959479,0.010258531350205605,3.1611404464804687,0.9772609792767867,-31.57198688536069,24.199025074973388,2.7346662589753006,-122.617772599462,-4.689701296042941,-0.009130563,-0.00953545292282303
694037,"Palencia, Daniel",FF,2025,410,100.34609,100.29170731707316,99.55878048780488,11.83521951219512,15.374341463414632,2339.131707317073,-0.019906996031173012,19.51598849375892,-15.140510915116216,-13.261440414164705,34.75300555945843,5.39387383173763,-144.81517521809545,-4.672954757307836,-0.0010107548,-0.0008876241875501173
694297,"Pfaadt, Brandon",FF,2023,688,97.294624,97.41119186046511,93.63677325581395,6.3408139534883725,15.390697674418604,2469.670058139535,0.02129127047571433,16.77954604895726,-8.046500565382233,-15.44201217861714,28.888421331521204,6.824568923321822,-136.19181720875315,-4.275673437607821,0.0046413047,0.004270503853951478
694297,"Pfaadt, Brandon",FF,2024,732,98.283745,98.84849726775957,93.7620218579235,5.488196721311476,14.845737704918033,2551.469945355191,0.009064658766323022,15.995496070970429,-6.9918036387103735,-15.9454885113353,28.246399571109553,6.003947697527042,-136.44428484621736,-4.210390146351062,0.0027869313,0.0016726674381880365
694297,"Pfaadt, Brandon",FF,2025,501,97.450096,98.08502994011975,93.60379241516966,5.91185628742515,15.479281437125747,2566.5888223552893,0.0061775887365149015,16.71693712318459,-7.487261081949171,-15.266941943192961,28.827627938090668,6.308908336948493,-136.15540593751498,-4.75611138652105,0.004416686,0.003142540317680777
694297,"Pfaadt, Brandon",SI,2024,478,98.65293,98.52907949790796,93.59979079497907,14.996987447698746,6.636401673640167,2390.1673640167364,0.004672071620964698,16.526225683769564,-17.132041397733165,-24.47088441674794,29.68251953256741,7.327783375429157,-136.07931962064634,-4.569511779487085,0.002014285,0.0021597736100956197
694297,"Pfaadt, Brandon",ST,2023,405,105.21333,104.74,83.76641975308642,-11.95525925925926,6.125925925925926,2724.637037037037,-0.02213067299384709,13.779038835449501,9.023369352333471,-26.77717377135432,24.082340775301684,4.416032868096408,-121.93815140498941,-2.5104867974603997,-0.010137026,-0.00902817230355228
694297,"Pfaadt, Brandon",ST,2024,622,107.381996,106.67620578778136,84.75755627009646,-11.390353697749196,6.517620578778135,2829.3906752411576,0.00837513203234019,13.434441648856573,8.78211717643805,-26.2579850636965,24.437433695651922,4.485990685142736,-123.38448657962991,-2.892135417554353,-0.014663781,-0.012950566798376795
694477,"Patrick, Chad",FC,2025,572,98.1493,98.49930069930069,87.5736013986014,-4.071608391608391,12.095244755244757,2390.2902097902097,-0.008525464286747556,13.391830435254935,2.8297138249049723,-20.862958570699448,27.298666662419205,3.796185328700451,-127.46602940717115,-2.6015552510288567,0.0025572593,0.0019537326413215828
694738,"Roupp, Landen",CU,2025,448,105.98638,106.971875,76.89263392857143,-18.650624999999998,-6.500089285714286,3031.0535714285716,-0.001373707943635671,19.930025849673008,12.330735459259325,-36.90868561215389,23.382150355080494,2.623273713194763,-111.86298730039093,0.023822935056618397,-0.011925374,-0.013766903423899492
694738,"Roupp, Landen",SI,2025,508,97.19724,97.01653543307087,92.77066929133858,18.091653543307086,3.201023622047244,2081.738188976378,0.009225486991386794,18.472254487482175,-20.308299497876142,-28.793191590864367,29.477673741031825,8.830839844570196,-134.80455400923188,-1.4849932992680004,0.004950123,0.005079084356507169
694813,"Stone, Gavin",CH,2024,505,103.65128,104.08435643564356,87.42356435643565,13.755564356435645,5.544712871287128,1662.5841584158416,-0.026816129893737134,15.00811094414502,-13.70233935573514,-26.381669625873187,24.870051845373297,6.288793510453418,-127.14952007005031,-4.788095604940361,-0.0067548775,-0.007150497888409575
694813,"Stone, Gavin",FF,2024,482,95.76681,96.11182572614108,94.8103734439834,8.390290456431535,16.21767634854772,2231.539419087137,-0.0024338772493278744,18.368950166283206,-10.305400231535168,-13.954282889612957,30.298637656858524,6.288932446102578,-137.87864403856233,-5.244597321982845,0.0075129103,0.006674466601885417
694813,"Stone, Gavin",SI,2024,417,96.89736,96.79568345323742,95.19880095923261,14.710503597122301,12.406906474820145,2099.513189448441,0.004603314353824419,19.35451140628859,-17.169941642423183,-17.80971395633629,30.176546157914885,6.3258189841062595,-138.44345247718508,-5.590999435213474,0.0054267347,0.005402471347453806
694819,"Misiorowski, Jacob",FF,2025,436,101.11468,103.82866972477065,99.24495412844037,9.283761467889908,15.854036697247706,2580.552752293578,-0.010514727073861774,18.4585576467145,-12.342431877746542,-12.87765557473353,34.050630325611316,6.523246011263772,-144.3414746965574,-4.3524436248865355,-0.0024594015,-0.007364792077596422
694973,"Skenes, Paul",FF,2024,735,99.856186,99.85360544217686,98.8308843537415,14.362938775510205,10.645877551020408,2240.91156462585,-0.008490972613227727,17.99907101481873,-18.68216879667734,-18.91499453658754,32.6799730985484,9.222559788362648,-143.5897102700251,-4.90708978823457,-0.00016462724,-0.00016250020826121575
694973,"Skenes, Paul",FF,2025,835,99.09161,99.10694610778444,98.1282634730539,14.24249101796407,11.398562874251496,2259.722155688623,-0.004944764128805374,18.396555957680107,-18.310458290018012,-18.38025990833131,33.11573764627602,9.254870593751685,-142.55048971822094,-4.3851296378655285,0.00133841,0.001278630489578007
694973,"Skenes, Paul",SI,2024,507,104.9864,104.20355029585798,93.99368836291914,14.202366863905326,0.7422485207100592,1766.6449704142012,-0.026755720446092777,14.574034269699624,-16.437294494923638,-30.6930341595157,29.24931894462384,7.300462883736041,-136.70075961355028,-4.048614959487842,-0.01028375,-0.008473767650763698
695243,"Miller, Mason",FF,2024,440,101.74841,101.32295454545454,100.86227272727272,9.56509090909091,16.62518181818182,2502.731818181818,-0.015921515796048776,19.30695569609045,-13.398915668698093,-10.670223177351383,35.388511655277895,8.043594557115304,-146.5024259984767,-7.2322839049557315,-0.0037134883,-0.0028509334970921946
695418,"Lord, Brad",FF,2025,832,99.37536,99.05228365384616,94.84555288461539,15.639519230769231,10.576586538461537,2327.641826923077,0.00282120095063505,18.983921337032402,-18.543761899552923,-20.469427468630045,30.8448989882999,8.697159058680127,-137.83128553811267,-2.971495614468864,0.0008067646,0.0013716197559852368
700249,"Povich, Cade",FF,2024,431,98.0536,98.40046403712297,92.40440835266823,-9.026728538283063,16.623480278422274,2317.8886310904873,-0.005133403141392297,19.024177424371246,10.548432371594872,-14.636373738520245,29.328846898542455,-6.594536988910326,-134.36962820581292,-4.3501655914937585,0.0032219612,0.0024936405797179057
700249,"Povich, Cade",FF,2025,523,97.030975,97.01510516252391,92.21051625239005,-10.62585086042065,17.36925430210325,2350.5124282982792,0.002719339630546935,20.459266475304133,12.044296530511062,-13.797843883822761,30.868693398382813,-6.2121429403652595,-134.0161299795115,-5.3073110315932555,0.0052057025,0.005100050761645644
701542,"Warren, Will",FF,2025,981,98.19124,98.54006116207951,93.2644240570846,7.9850764525993885,15.412354740061163,2568.5749235474004,-0.0007964566107766256,17.511332943524035,-9.958622286634654,-15.594778105058142,29.359073598837337,8.056984532645542,-135.5582347671319,-4.172415061536944,0.0030285965,0.0023106933506280188
701542,"Warren, Will",SI,2025,498,99.81968,99.64558232931726,93.23453815261045,16.09975903614458,4.155903614457831,2426.6506024096384,-0.0019617601161177737,16.755898609294565,-18.57055527458257,-27.3447919386801,30.924995426776068,9.332002627550617,-135.39588796528065,-3.350341742371136,-0.00014905981,0.0001439749339219274
701542,"Warren, Will",ST,2025,481,110.36694,109.47775467775469,82.75343035343036,-19.61039501039501,0.21654885654885656,3024.644490644491,0.019991281849005386,19.769877760271296,14.9327199921368,-31.80090439101445,26.173592726283445,3.727041813395168,-120.39795474521918,-1.8993018155526282,-0.021084601,-0.01876673585087624
702070,"Cameron, Noah",FF,2025,410,96.506584,96.24170731707316,92.25439024390245,-4.1388292682926835,16.70370731707317,2294.5073170731707,-0.00131298919420823,17.335828452643618,4.9189149782966854,-14.26837445648244,28.000604322692265,-3.5525603902556586,-134.2597298155797,-5.812191157062814,0.0061876704,0.006514576339161891
801403,"Dollander, Chase",FF,2025,688,99.06584,99.68662790697674,97.9109011627907,11.754593023255813,12.298779069767441,2436.3517441860463,0.028787190759763808,17.16272142167152,-15.257266943081937,-17.49815941767848,31.764983346052215,8.607833376460276,-142.32420480757492,-3.965828677215415,0.0013889647,0.00021597979878542394
805673,"Matthews, Zebby",FF,2025,437,101.62746,101.4025171624714,96.32883295194507,9.049427917620138,16.46745995423341,2325.8970251716246,0.013448777629766354,18.949770846588333,-11.641252628389472,-13.053910210464293,31.821439118833712,7.61821464737291,-139.99798287148988,-5.559104683814931,-0.0034235078,-0.002925906409535923
806185,"Birdsong, Hayden",FF,2024,487,97.88439,98.34209445585215,95.80431211498973,9.357782340862423,16.373716632443532,2291.7371663244353,0.011409680037306505,18.98398650132447,-11.215345037933231,-13.23473170611748,31.40035710689042,4.702303842583956,-139.34620785836782,-6.038652683226764,0.0035425513,0.0025992791420798955
806185,"Birdsong, Hayden",FF,2025,408,99.03896,98.66348039215686,95.31470588235294,6.048235294117647,17.981176470588235,2410.7377450980393,0.006794286115813733,19.077906944626882,-7.822832113181784,-11.49868391364139,31.446823319560973,5.894664106462301,-138.53461186776252,-6.977863100261023,0.00143574,0.002085362651829578
808967,"Yamamoto, Yoshinobu",FF,2025,734,96.753685,96.92370572207085,95.39713896457765,6.91291553133515,15.926975476839237,2200.974114441417,-0.011500912656595605,17.461171767464226,-8.776980246972546,-14.087525418298592,30.90336277976076,5.940509783845959,-138.75745572193006,-5.028958097077273,0.0057242448,0.005264745783437383
808967,"Yamamoto, Yoshinobu",FS,2025,502,106.26693,106.17430278884463,90.97370517928287,11.179840637450198,2.063187250996016,1418.8904382470118,-0.017902187826566576,11.72328521165403,-12.221721117965245,-29.425520731966262,27.491330187999342,5.755498271055546,-132.3615662296526,-4.319693005319782,-0.013832939,-0.013154208394725277
