pitcher,player_name,pitch_type,game_year,woba_num,woba_denom,wOBAA,xwOBAA,BB,HBP,singles,doubles,triples,HR,K
425794,"Wainwright, Adam",CU,2022,66.472,221,0.3008,0.2933,16,0,40,10,0,4,38
425794,"Wainwright, Adam",CU,2023,49.135,139,0.3535,0.3993,13,0,24,7,0,5,14
425794,"Wainwright, Adam",FC,2022,58.2822,160,0.3643,0.3447,7,4,29,9,0,6,17
425794,"Wainwright, Adam",FC,2023,32.0133,92,0.348,0.3503,5,0,19,8,0,1,6
425794,"Wainwright, Adam",FF,2022,16.2098,60,0.2702,0.3265,10,2,11,0,0,0,11
425794,"Wainwright, Adam",SI,2022,54.5695,172,0.3173,0.3561,11,1,32,7,2,3,39
425794,"Wainwright, Adam",SI,2023,72.1536,142,0.5081,0.4299,12,0,24,14,1,10,21
425844,"Greinke, Zack",CH,2022,21.2993,70,0.3043,0.3038,6,1,14,4,0,0,8
425844,"Greinke, Zack",CH,2023,15.3733,66,0.2329,0.2567,0,0,11,1,0,2,14
425844,"Greinke, Zack",CU,2022,23.0752,90,0.2564,0.3006,2,0,13,8,0,0,8
425844,"Greinke, Zack",FF,2022,38.3231,101,0.3794,0.4138,7,1,20,5,0,4,14
425844,"Greinke, Zack",FF,2023,26.6548,78,0.3417,0.3933,4,3,13,5,0,2,13
425844,"Greinke, Zack",SL,2023,17.1604,74,0.2319,0.2622,3,0,14,1,0,1,12
434378,"Verlander, Justin",CU,2022,16.7735,68,0.2467,0.2189,0,1,7,2,0,3,24
434378,"Verlander, Justin",CU,2023,26.2243,89,0.2947,0.2819,4,0,20,0,0,3,19
434378,"Verlander, Justin",FF,2022,50.0331,220,0.2274,0.2764,14,3,26,6,0,4,35
434378,"Verlander, Justin",FF,2023,70.3071,239,0.2942,0.3355,14,3,26,11,1,9,38
434378,"Verlander, Justin",FF,2024,68.6684,179,0.3836,0.3359,17,2,35,8,0,7,30
434378,"Verlander, Justin",FF,2025,70.5423,183,0.3855,0.3765,13,4,29,14,0,7,27
434378,"Verlander, Justin",SL,2022,30.1611,160,0.1885,0.2144,5,1,21,3,0,2,66
434378,"Verlander, Justin",SL,2023,39.5851,146,0.2711,0.248,11,1,19,7,0,3,43
434378,"Verlander, Justin",SL,2024,22.3494,88,0.254,0.2533,4,1,11,2,0,3,16
434378,"Verlander, Justin",SL,2025,42.2478,116,0.3642,0.2991,7,0,17,14,0,2,33
434671,"Sánchez, Aníbal",CH,2022,34.4021,94,0.366,0.3428,13,1,8,5,0,5,20
434671,"Sánchez, Aníbal",FC,2022,14.4596,69,0.2096,0.2652,7,2,11,0,0,0,15
445276,"Jansen, Kenley",FC,2022,22.1522,108,0.2051,0.2086,9,1,11,2,1,1,35
445276,"Jansen, Kenley",FC,2023,34.1459,113,0.3022,0.2779,10,1,19,7,0,1,30
445276,"Jansen, Kenley",FC,2024,17.9121,89,0.2013,0.2578,7,0,9,1,0,2,29
445276,"Jansen, Kenley",FC,2025,30.0513,123,0.2443,0.3382,10,0,11,2,0,5,24
445926,"Chavez, Jesse",FC,2022,33.9662,113,0.3006,0.2855,13,1,13,4,1,3,39
445926,"Chavez, Jesse",FC,2024,29.8638,99,0.3017,0.31,8,0,15,2,0,4,25
445926,"Chavez, Jesse",SI,2024,26.4656,63,0.4201,0.3135,5,1,9,4,0,4,17
446372,"Kluber, Corey",CU,2022,43.711,136,0.3214,0.2857,3,1,19,8,1,5,40
446372,"Kluber, Corey",CU,2023,22.2809,71,0.3138,0.2447,3,1,7,5,0,3,20
446372,"Kluber, Corey",FC,2022,45.244,145,0.312,0.3081,2,0,36,3,0,4,21
446372,"Kluber, Corey",FC,2023,30.9211,61,0.5069,0.5107,9,2,7,3,0,6,5
446372,"Kluber, Corey",SI,2022,49.1217,130,0.3779,0.375,5,2,22,7,1,6,19
448179,"Hill, Rich",CU,2022,48.663,169,0.2879,0.2996,12,1,20,9,1,4,24
448179,"Hill, Rich",CU,2023,73.1239,203,0.3602,0.3566,22,3,27,18,1,4,42
448179,"Hill, Rich",FC,2023,34.1075,70,0.4872,0.4485,7,0,13,7,0,4,8
448179,"Hill, Rich",FF,2022,49.3893,136,0.3632,0.3382,12,1,20,10,2,3,38
448179,"Hill, Rich",FF,2023,51.7864,165,0.3139,0.3354,14,1,17,6,2,7,43
448179,"Hill, Rich",ST,2022,18.7141,62,0.3018,0.2415,1,1,12,0,0,3,23
450203,"Morton, Charlie",CU,2022,56.4741,218,0.2591,0.2463,12,13,15,9,2,5,91
450203,"Morton, Charlie",CU,2023,52.7307,229,0.2303,0.2584,17,6,24,7,0,4,84
450203,"Morton, Charlie",CU,2024,53.4229,195,0.274,0.2516,20,8,21,5,0,5,62
450203,"Morton, Charlie",CU,2025,66.8888,204,0.3279,0.3032,17,9,26,6,1,8,69
450203,"Morton, Charlie",FF,2022,71.8123,210,0.342,0.3312,21,1,34,4,0,10,53
450203,"Morton, Charlie",FF,2023,74.3313,171,0.4347,0.4183,29,2,31,9,2,6,27
450203,"Morton, Charlie",FF,2024,52.8794,134,0.3946,0.3594,15,1,18,10,0,6,32
450203,"Morton, Charlie",FF,2025,49.291,116,0.4249,0.3728,17,2,9,8,0,8,27
450203,"Morton, Charlie",SI,2025,28.9977,86,0.3372,0.363,10,0,17,3,0,2,13
453178,"Kennedy, Ian",FF,2022,51.8043,148,0.35,0.3743,15,0,17,5,1,8,28
453268,"Bard, Daniel",SI,2022,14.9559,75,0.1994,0.2825,7,1,9,2,0,0,15
453268,"Bard, Daniel",SL,2022,20.362,86,0.2368,0.2078,7,2,7,3,0,2,37
453268,"Bard, Daniel",SL,2023,29.2667,74,0.3955,0.4087,12,0,7,5,0,4,21
453286,"Scherzer, Max",CH,2022,18.0189,62,0.2906,0.2699,6,1,9,1,0,2,18
453286,"Scherzer, Max",CH,2023,24.4451,89,0.2747,0.2459,10,0,13,4,0,1,27
453286,"Scherzer, Max",CU,2023,20.9405,62,0.3378,0.2421,5,1,6,2,0,4,22
453286,"Scherzer, Max",FC,2023,11.8962,62,0.1919,0.1969,5,0,5,0,0,2,25
453286,"Scherzer, Max",FF,2022,43.9978,178,0.2472,0.3074,12,4,18,5,0,5,34
453286,"Scherzer, Max",FF,2023,63.6022,194,0.3278,0.3268,15,3,29,7,0,8,40
453286,"Scherzer, Max",FF,2024,23.0707,60,0.3845,0.3364,4,1,7,5,0,3,10
453286,"Scherzer, Max",FF,2025,46.275,123,0.3762,0.3906,9,1,15,6,0,8,24
453286,"Scherzer, Max",SL,2022,15.81,98,0.1613,0.1406,0,0,9,6,0,0,41
453286,"Scherzer, Max",SL,2023,40.6267,92,0.4416,0.3535,1,0,14,3,0,10,25
453286,"Scherzer, Max",SL,2025,20.6047,63,0.3271,0.2618,1,0,4,5,0,4,20
453343,"Melancon, Mark",FC,2022,43.7253,117,0.3737,0.3835,12,1,23,5,0,4,7
455119,"Martin, Chris",FF,2022,16.6971,77,0.2168,0.211,3,0,3,4,1,2,36
456501,"Cueto, Johnny",CH,2022,33.8483,111,0.3049,0.3258,7,1,19,6,0,2,23
456501,"Cueto, Johnny",FC,2022,39.8676,97,0.411,0.3502,3,1,13,7,1,6,10
456501,"Cueto, Johnny",FF,2022,24.805,96,0.2584,0.2471,4,0,14,6,0,1,25
456501,"Cueto, Johnny",FF,2023,26.3139,71,0.3706,0.3338,5,0,9,1,0,6,17
456501,"Cueto, Johnny",SI,2022,45.9956,131,0.3511,0.366,8,1,26,7,1,3,11
456501,"Cueto, Johnny",SL,2022,18.6615,76,0.2455,0.2599,0,1,12,4,0,1,12
456713,"Bush, Matt",CU,2022,13.9802,61,0.2292,0.2063,3,0,7,1,0,2,19
456713,"Bush, Matt",FF,2022,16.5232,74,0.2233,0.2475,9,2,6,0,0,2,28
458677,"Wilson, Justin",FF,2024,33.2045,71,0.4677,0.3827,6,1,15,3,0,5,21
458681,"Lynn, Lance",CU,2023,36.1144,103,0.3506,0.2982,7,2,14,2,1,6,35
458681,"Lynn, Lance",FC,2022,32.7834,110,0.298,0.3032,5,2,17,5,0,3,17
458681,"Lynn, Lance",FC,2023,51.8741,140,0.3705,0.3302,9,0,20,6,0,9,25
458681,"Lynn, Lance",FC,2024,24.8029,68,0.3647,0.3526,6,2,14,3,1,1,15
458681,"Lynn, Lance",FF,2022,37.0132,152,0.2435,0.2445,6,2,17,4,0,5,48
458681,"Lynn, Lance",FF,2023,100.8872,256,0.3941,0.352,21,2,34,10,1,18,66
458681,"Lynn, Lance",FF,2024,45.2416,159,0.2845,0.3405,9,0,14,8,0,7,44
458681,"Lynn, Lance",SI,2023,35.551,89,0.3994,0.4232,12,2,17,3,1,3,8
458681,"Lynn, Lance",SI,2024,20.7933,61,0.3409,0.3697,8,1,11,1,0,2,4
459429,"McGee, Jake",FF,2022,43.6928,113,0.3867,0.3739,9,0,18,7,2,4,13
468504,"Chacín, Jhoulys",SI,2022,29.9428,74,0.4046,0.3617,9,0,15,7,0,1,4
471911,"Carrasco, Carlos",CH,2022,34.2061,144,0.2375,0.2727,10,1,19,5,0,2,42
471911,"Carrasco, Carlos",CH,2023,32.5064,113,0.2877,0.3458,12,1,16,5,0,2,24
471911,"Carrasco, Carlos",CH,2024,29.2851,87,0.3366,0.278,5,2,7,5,0,5,25
471911,"Carrasco, Carlos",FF,2022,65.7011,165,0.3982,0.3648,12,1,32,10,0,7,28
471911,"Carrasco, Carlos",FF,2023,47.4085,104,0.4559,0.4152,9,2,18,7,1,6,9
471911,"Carrasco, Carlos",FF,2024,28.0846,77,0.3647,0.3559,6,0,14,4,0,3,8
471911,"Carrasco, Carlos",SL,2022,31.3427,132,0.2374,0.2407,6,1,17,4,0,3,43
471911,"Carrasco, Carlos",SL,2023,27.2411,67,0.4066,0.3721,4,1,12,2,1,4,16
471911,"Carrasco, Carlos",SL,2024,30.2173,80,0.3777,0.2681,7,0,11,7,0,3,24
472610,"García, Luis",SI,2022,36.122,104,0.3473,0.3459,8,2,25,5,0,1,8
472610,"García, Luis",SI,2023,38.1267,107,0.3563,0.3654,11,2,25,4,1,1,8
472610,"García, Luis",SI,2024,32.3284,102,0.3169,0.3163,5,3,14,8,0,2,9
472610,"García, Luis",SI,2025,35.2257,91,0.3871,0.3918,9,0,21,6,1,1,9
475479,"Phelps, David",FF,2022,20.2215,60,0.337,0.4092,12,0,9,1,1,1,11
476595,"Luetge, Lucas",FC,2022,43.3527,119,0.3643,0.3222,10,1,27,5,0,3,20
477132,"Kershaw, Clayton",CU,2022,9.7116,63,0.1542,0.1729,0,0,5,4,0,0,27
477132,"Kershaw, Clayton",CU,2023,14.2855,65,0.2198,0.2117,1,0,9,1,0,2,24
477132,"Kershaw, Clayton",CU,2025,11.8757,60,0.1979,0.2585,1,0,6,1,0,2,21
477132,"Kershaw, Clayton",FF,2022,37.7644,144,0.2623,0.2897,9,0,19,3,0,5,21
477132,"Kershaw, Clayton",FF,2023,51.8303,141,0.3676,0.3651,13,3,25,7,0,5,21
477132,"Kershaw, Clayton",FF,2025,23.3413,82,0.2846,0.3377,7,0,16,3,1,0,4
477132,"Kershaw, Clayton",SL,2022,42.8969,182,0.2357,0.2331,12,1,22,5,0,4,64
477132,"Kershaw, Clayton",SL,2023,57.1969,215,0.266,0.2844,16,0,15,10,0,9,65
477132,"Kershaw, Clayton",SL,2025,41.7061,128,0.3258,0.3313,11,1,21,9,0,2,25
489119,"Miley, Wade",CH,2023,27.9256,120,0.2327,0.275,10,1,23,0,0,1,20
489119,"Miley, Wade",FC,2023,52.064,160,0.3254,0.3573,11,2,15,11,0,7,18
489119,"Miley, Wade",FF,2023,24.1966,83,0.2915,0.3473,7,0,6,4,0,4,19
489334,"Stammen, Craig",SI,2022,21.8429,80,0.273,0.2868,5,1,14,3,0,1,14
489446,"Yates, Kirby",FF,2023,25.9287,96,0.2701,0.3216,16,2,4,0,0,5,33
489446,"Yates, Kirby",FF,2024,16.873,85,0.1985,0.2175,13,0,5,2,0,1,34
489446,"Yates, Kirby",FF,2025,29.9741,74,0.4051,0.3413,9,0,7,3,0,6,20
489446,"Yates, Kirby",FS,2023,22.9335,87,0.2636,0.3293,13,1,10,3,0,1,24
489446,"Yates, Kirby",FS,2025,20.7676,61,0.3405,0.292,5,1,3,9,0,1,18
493603,"Ottavino, Adam",SI,2023,26.9109,81,0.3322,0.3244,11,4,11,3,0,2,18
493603,"Ottavino, Adam",SI,2024,14.0035,63,0.2223,0.2253,6,1,7,3,0,0,20
493603,"Ottavino, Adam",ST,2022,19.7992,97,0.2041,0.1811,4,1,10,3,1,1,43
500779,"Quintana, Jose",CH,2022,31.521,89,0.3542,0.3203,5,0,15,8,0,2,17
500779,"Quintana, Jose",CH,2024,28.6708,119,0.2409,0.2531,7,0,20,4,0,1,30
500779,"Quintana, Jose",CH,2025,25.4672,94,0.2709,0.3218,2,0,20,2,0,2,11
500779,"Quintana, Jose",CU,2022,23.5254,100,0.2353,0.3154,8,0,13,4,0,1,28
500779,"Quintana, Jose",CU,2024,50.9807,148,0.3445,0.3351,12,0,21,9,1,5,29
500779,"Quintana, Jose",CU,2025,16.7023,62,0.2694,0.434,5,0,9,1,0,2,10
500779,"Quintana, Jose",FF,2022,54.2255,182,0.2979,0.2977,10,1,29,8,0,5,42
500779,"Quintana, Jose",FF,2024,41.553,121,0.3434,0.3396,9,8,13,4,0,6,15
500779,"Quintana, Jose",SI,2022,25.9182,68,0.3812,0.3771,5,0,16,7,0,0,4
500779,"Quintana, Jose",SI,2023,19.2235,88,0.2184,0.3032,10,0,10,2,0,1,15
500779,"Quintana, Jose",SI,2024,72.8241,213,0.3419,0.3665,29,2,29,7,2,7,36
500779,"Quintana, Jose",SI,2025,76.8317,196,0.392,0.3961,23,2,29,8,0,11,33
501381,"Pineda, Michael",FF,2022,44.2308,91,0.4861,0.4156,6,0,15,5,2,7,9
501985,"Minor, Mike",CH,2022,49.9496,115,0.4343,0.3366,8,2,14,7,0,9,24
501985,"Minor, Mike",FF,2022,69.2699,164,0.4224,0.3454,18,1,26,10,0,9,21
501985,"Minor, Mike",SL,2022,37.5719,96,0.3914,0.3143,4,3,18,6,0,4,15
502042,"Archer, Chris",FF,2022,26.1608,66,0.3964,0.39,7,2,14,3,0,2,8
502042,"Archer, Chris",SL,2022,35.2618,134,0.2631,0.3154,18,0,9,7,0,3,28
502043,"Gibson, Kyle",CH,2022,21.1132,66,0.3199,0.2197,0,0,11,5,0,2,13
502043,"Gibson, Kyle",CH,2023,36.1083,115,0.314,0.2967,8,0,16,8,0,3,22
502043,"Gibson, Kyle",CH,2024,15.1489,68,0.2228,0.3341,8,0,8,1,0,1,12
502043,"Gibson, Kyle",FC,2022,36.055,123,0.2931,0.3242,8,0,17,7,0,3,16
502043,"Gibson, Kyle",FC,2023,35.8009,87,0.4115,0.3565,4,1,20,3,0,5,7
502043,"Gibson, Kyle",FC,2024,45.1086,108,0.4177,0.3758,8,1,23,6,0,5,7
502043,"Gibson, Kyle",FF,2023,31.8678,78,0.4086,0.4008,8,0,8,7,2,3,8
502043,"Gibson, Kyle",FF,2024,32.6743,74,0.4415,0.4443,11,2,8,3,1,5,10
502043,"Gibson, Kyle",SI,2022,63.5374,167,0.3805,0.3632,15,4,35,5,2,5,28
502043,"Gibson, Kyle",SI,2023,71.4582,199,0.3591,0.3792,22,2,34,9,0,7,31
502043,"Gibson, Kyle",SI,2024,55.1906,172,0.3209,0.3425,15,1,27,8,0,5,26
502043,"Gibson, Kyle",SL,2022,31.9455,103,0.3102,0.2951,8,1,18,3,0,3,28
502043,"Gibson, Kyle",ST,2023,17.618,110,0.1602,0.2103,3,0,9,3,1,1,47
502043,"Gibson, Kyle",ST,2024,37.9276,161,0.2356,0.2335,11,0,18,4,2,3,65
502085,"Robertson, David",FC,2022,27.3875,88,0.3112,0.3372,12,1,8,4,0,3,20
502085,"Robertson, David",FC,2023,23.7755,99,0.2402,0.2673,12,1,14,2,1,0,31
502085,"Robertson, David",FC,2024,22.3206,104,0.2146,0.2718,13,2,10,2,0,1,34
502085,"Robertson, David",KC,2024,24.1361,66,0.3657,0.3585,4,2,14,1,0,3,21
502171,"Cobb, Alex",FS,2022,59.5886,237,0.2514,0.2546,10,0,44,7,0,3,53
502171,"Cobb, Alex",FS,2023,66.212,229,0.2891,0.3067,6,0,35,13,2,5,47
502171,"Cobb, Alex",SI,2022,77.5887,235,0.3302,0.303,28,3,41,11,0,4,68
502171,"Cobb, Alex",SI,2023,61.2282,198,0.3092,0.3401,22,3,35,4,0,5,40
502179,"Espino, Paolo",CU,2022,28.8929,95,0.3041,0.2753,3,0,13,5,1,3,25
502179,"Espino, Paolo",FF,2022,73.5516,189,0.3892,0.3815,10,2,35,7,0,11,24
502179,"Espino, Paolo",ST,2022,28.1666,70,0.4024,0.3004,3,0,13,4,0,4,10
502202,"Boxberger, Brad",FF,2022,30.3819,109,0.2787,0.2807,11,2,11,3,1,3,38
502624,"Anderson, Chase",CH,2023,14.394,65,0.2214,0.235,3,1,7,1,0,2,17
502624,"Anderson, Chase",CH,2024,16.3881,64,0.2561,0.2749,4,0,6,3,0,2,9
502624,"Anderson, Chase",FC,2023,23.2385,74,0.314,0.3004,8,1,8,2,2,2,12
502624,"Anderson, Chase",FC,2024,26.7241,64,0.4176,0.3514,6,0,11,3,0,4,10
502624,"Anderson, Chase",FF,2023,44.3014,92,0.4815,0.4563,14,2,16,7,0,5,12
506433,"Darvish, Yu",FF,2022,36.6265,151,0.2426,0.3037,5,1,18,4,0,5,43
506433,"Darvish, Yu",FF,2023,26.7802,83,0.3227,0.2826,2,0,8,5,0,5,19
506433,"Darvish, Yu",FS,2022,13.1807,68,0.1938,0.1897,1,1,5,2,0,2,34
506433,"Darvish, Yu",SI,2023,22.2767,66,0.3375,0.3267,4,1,20,2,0,0,12
506433,"Darvish, Yu",SL,2022,59.7898,164,0.3646,0.3809,18,2,29,10,0,4,19
506433,"Darvish, Yu",SL,2023,34.5027,69,0.5,0.4161,11,0,15,3,1,4,11
506433,"Darvish, Yu",ST,2022,20.6557,98,0.2108,0.2574,2,1,15,1,0,2,21
506433,"Darvish, Yu",ST,2023,27.6966,80,0.3462,0.3352,9,1,13,1,0,4,19
517008,"Colomé, Alex",FC,2022,51.4771,135,0.3813,0.3277,7,0,26,10,1,4,27
518397,"Alexander, Scott",SI,2023,40.1279,122,0.3289,0.3273,7,1,26,7,1,1,13
518397,"Alexander, Scott",SI,2024,22.4144,78,0.2874,0.3431,7,2,11,4,0,1,8
518489,"Brasier, Ryan",FF,2022,35.148,87,0.404,0.3538,4,0,14,8,0,4,26
518489,"Brasier, Ryan",SL,2022,20.9958,77,0.2727,0.2844,4,0,5,5,0,3,21
518489,"Brasier, Ryan",SL,2023,12.7859,68,0.188,0.2364,5,0,7,3,0,0,26
518516,"Bumgarner, Madison",CU,2022,26.4111,101,0.2615,0.2878,8,1,13,2,0,3,24
518516,"Bumgarner, Madison",FC,2022,85.7073,222,0.3861,0.3646,13,3,36,18,2,7,38
518516,"Bumgarner, Madison",FF,2022,66.9177,132,0.507,0.4086,13,2,20,14,1,8,18
518553,"Cishek, Steve",FF,2022,13.6622,60,0.2277,0.2876,12,0,5,0,0,1,21
518553,"Cishek, Steve",SI,2022,24.5661,74,0.332,0.4035,5,3,10,1,0,4,11
518553,"Cishek, Steve",SL,2022,25.0494,81,0.3093,0.2764,4,6,9,1,0,4,28
518585,"Cruz, Fernando",FF,2023,28.1231,77,0.3652,0.3698,14,1,10,5,1,1,12
518585,"Cruz, Fernando",FF,2024,28.799,69,0.4174,0.4301,7,0,12,4,1,3,11
518585,"Cruz, Fernando",FS,2023,11.6981,94,0.1244,0.136,6,0,5,3,0,0,60
518585,"Cruz, Fernando",FS,2024,14.262,94,0.1517,0.1398,7,1,5,4,0,0,63
518585,"Cruz, Fernando",FS,2025,26.349,107,0.2463,0.2141,7,0,11,6,0,2,54
518617,"Diekman, Jake",FF,2022,25.0595,84,0.2983,0.3024,20,1,9,2,0,1,26
518617,"Diekman, Jake",FF,2023,27.8164,106,0.2624,0.2885,23,0,12,2,1,0,36
518617,"Diekman, Jake",ST,2022,20.6885,69,0.2998,0.3,5,3,7,0,0,4,23
518876,"Kelly, Merrill",CH,2022,46.0096,169,0.2722,0.239,7,0,27,5,0,5,40
518876,"Kelly, Merrill",CH,2023,28.3224,143,0.1981,0.2613,9,0,18,6,0,0,45
518876,"Kelly, Merrill",CH,2025,47.5809,138,0.3448,0.2979,10,0,20,8,1,5,41
518876,"Kelly, Merrill",CU,2022,19.854,72,0.2758,0.3385,5,0,9,5,0,1,18
518876,"Kelly, Merrill",FC,2022,32.363,111,0.2916,0.2936,4,1,11,6,1,4,20
518876,"Kelly, Merrill",FC,2023,18.9512,73,0.2596,0.2915,7,1,11,2,0,1,17
518876,"Kelly, Merrill",FC,2025,25.9543,90,0.2884,0.326,4,0,7,4,0,5,25
518876,"Kelly, Merrill",FF,2022,62.8567,220,0.2857,0.2676,24,0,18,14,1,5,56
518876,"Kelly, Merrill",FF,2023,51.3326,149,0.3445,0.3178,18,2,11,5,1,9,39
518876,"Kelly, Merrill",FF,2025,31.1776,90,0.3464,0.3693,6,0,8,5,1,5,21
518876,"Kelly, Merrill",SI,2022,39.1765,141,0.2778,0.3387,10,1,25,5,0,2,21
518876,"Kelly, Merrill",SI,2023,23.769,87,0.2732,0.345,5,0,16,2,0,2,18
518876,"Kelly, Merrill",SI,2025,44.2169,104,0.4252,0.3903,14,0,20,7,0,4,15
518886,"Kimbrel, Craig",FF,2022,42.1641,126,0.3346,0.2858,12,0,19,9,1,2,33
518886,"Kimbrel, Craig",FF,2023,34.2975,139,0.2467,0.2813,21,1,11,2,0,4,50
518886,"Kimbrel, Craig",FF,2024,38.1698,128,0.2982,0.306,20,2,10,2,1,5,45
519008,"McFarland, T.J.",SI,2022,28.686,71,0.404,0.3671,6,1,21,2,1,1,8
519008,"McFarland, T.J.",SI,2024,29.9297,96,0.3118,0.2837,5,1,21,1,0,3,11
519008,"McFarland, T.J.",ST,2024,15.5066,60,0.2584,0.2374,3,1,6,6,0,0,17
519043,"Moore, Matt",CH,2023,12.918,61,0.2118,0.1779,1,0,7,3,0,1,25
519043,"Moore, Matt",CH,2024,26.1454,60,0.4358,0.2705,3,1,7,4,0,5,15
519043,"Moore, Matt",FF,2022,27.9966,84,0.3333,0.3132,13,0,6,3,2,3,18
519043,"Moore, Matt",FF,2023,25.3376,68,0.3726,0.3257,7,1,4,6,1,3,13
519043,"Moore, Matt",FF,2024,21.6251,67,0.3228,0.3506,12,0,10,1,0,2,8
519043,"Moore, Matt",KC,2022,19.8974,84,0.2369,0.2616,9,0,16,1,0,0,22
519141,"Pomeranz, Drew",FF,2025,31.2189,118,0.2646,0.3264,8,1,19,2,0,3,28
519151,"Pressly, Ryan",SL,2023,21.2233,87,0.2439,0.2741,4,0,13,1,1,2,22
519151,"Pressly, Ryan",SL,2024,15.5045,63,0.2461,0.27,5,0,7,5,0,0,13
519242,"Sale, Chris",CH,2024,11.6435,70,0.1663,0.2446,3,0,7,3,0,0,12
519242,"Sale, Chris",FF,2023,40.2923,118,0.3415,0.315,11,1,14,7,0,5,25
519242,"Sale, Chris",FF,2024,59.1703,140,0.4226,0.3146,10,1,29,11,2,4,43
519242,"Sale, Chris",FF,2025,55.7428,147,0.3792,0.3699,15,3,29,5,1,5,29
519242,"Sale, Chris",SL,2023,33.4294,124,0.2696,0.2642,7,4,4,7,1,5,52
519242,"Sale, Chris",SL,2024,36.0543,197,0.183,0.2067,8,3,24,7,0,0,81
519242,"Sale, Chris",SL,2025,39.1954,199,0.197,0.2025,8,6,21,3,1,3,87
519293,"Smith, Will",FF,2022,36.7844,87,0.4228,0.3744,13,0,15,3,0,5,12
519293,"Smith, Will",FF,2023,25.4582,74,0.344,0.4029,9,0,11,5,1,1,7
519293,"Smith, Will",SL,2022,20.2298,84,0.2408,0.1786,2,2,7,5,0,2,33
519293,"Smith, Will",SL,2023,16.4612,84,0.196,0.1874,2,0,8,1,0,3,34
519293,"Smith, Will",SL,2024,21.1965,68,0.3117,0.2831,4,1,8,3,0,3,16
519326,"Strickland, Hunter",FF,2022,37.1625,108,0.3441,0.3833,20,3,12,8,0,1,20
519326,"Strickland, Hunter",FF,2024,21.1923,69,0.3071,0.2754,8,0,6,3,0,3,16
519326,"Strickland, Hunter",SL,2022,30.427,86,0.3538,0.2809,5,1,11,6,1,3,26
521230,"Hendriks, Liam",FF,2022,35.23,115,0.3063,0.2987,10,1,20,2,1,3,32
527048,"Pérez, Martín",CH,2022,44.0756,164,0.2688,0.2787,8,0,23,11,0,2,32
527048,"Pérez, Martín",CH,2023,40.2759,126,0.3197,0.296,7,0,24,7,1,2,21
527048,"Pérez, Martín",CH,2024,41.9656,101,0.4155,0.3559,4,0,23,4,0,6,29
527048,"Pérez, Martín",CH,2025,16.9011,68,0.2485,0.2968,5,0,7,1,1,2,16
527048,"Pérez, Martín",FC,2022,41.7551,163,0.2562,0.2813,13,1,26,5,0,2,46
527048,"Pérez, Martín",FC,2023,40.4946,85,0.4764,0.3881,5,0,14,3,0,9,10
527048,"Pérez, Martín",FC,2024,27.2432,73,0.3732,0.3237,6,0,10,4,0,4,22
527048,"Pérez, Martín",FC,2025,21.8547,63,0.3469,0.43,8,2,7,2,0,3,15
527048,"Pérez, Martín",SI,2022,68.2084,245,0.2784,0.3002,30,0,40,9,0,2,46
527048,"Pérez, Martín",SI,2023,60.0978,208,0.2889,0.3412,25,3,27,5,0,6,35
527048,"Pérez, Martín",SI,2024,42.576,134,0.3177,0.3288,13,2,25,4,0,3,16
527048,"Pérez, Martín",SI,2025,18.4083,77,0.2391,0.3502,8,0,7,4,0,1,11
527054,"Teheran, Julio",SI,2023,28.9322,81,0.3572,0.3563,6,1,10,5,0,4,7
541640,"Ramírez, Erasmo",FC,2022,31.161,122,0.2554,0.2525,2,1,16,3,1,4,21
541640,"Ramírez, Erasmo",FC,2023,35.5708,91,0.3909,0.3652,6,1,17,6,1,3,11
541640,"Ramírez, Erasmo",SI,2022,47.9928,119,0.4033,0.3646,8,4,27,6,0,4,13
541640,"Ramírez, Erasmo",SI,2023,35.5018,71,0.5,0.4447,4,1,18,4,0,5,8
542585,"Cisnero, José",FF,2023,23.3101,76,0.3067,0.3177,10,2,5,0,0,5,27
542881,"Anderson, Tyler",CH,2022,41.3391,199,0.2077,0.2284,7,1,23,9,0,2,44
542881,"Anderson, Tyler",CH,2023,42.8452,153,0.28,0.247,6,0,16,12,0,4,42
542881,"Anderson, Tyler",CH,2024,55.4224,234,0.2368,0.2807,23,0,35,4,0,3,56
542881,"Anderson, Tyler",CH,2025,49.7383,176,0.2826,0.2994,15,0,20,7,0,6,51
542881,"Anderson, Tyler",FC,2022,42.3434,158,0.268,0.2644,6,2,20,7,2,3,32
542881,"Anderson, Tyler",FC,2023,32.2843,113,0.2857,0.3218,9,0,15,4,1,3,20
542881,"Anderson, Tyler",FC,2024,33.9875,105,0.3237,0.3039,7,1,15,5,0,4,14
542881,"Anderson, Tyler",FC,2025,34.6882,90,0.3854,0.3445,3,1,14,7,2,3,8
542881,"Anderson, Tyler",FF,2022,60.7405,171,0.3552,0.331,16,3,28,9,2,4,34
542881,"Anderson, Tyler",FF,2023,65.9713,165,0.3998,0.3883,24,3,23,9,1,7,21
542881,"Anderson, Tyler",FF,2024,85.5873,218,0.3926,0.3797,27,2,34,11,3,8,36
542881,"Anderson, Tyler",FF,2025,78.6412,204,0.3855,0.4062,23,1,27,11,0,11,24
542888,"Armstrong, Shawn",FF,2022,18.702,66,0.2834,0.1881,2,0,5,6,0,2,33
542888,"Armstrong, Shawn",FF,2024,26.152,82,0.3189,0.3364,7,0,11,4,0,3,32
542888,"Armstrong, Shawn",SI,2022,27.837,77,0.3615,0.3201,8,2,17,2,0,2,9
542888,"Armstrong, Shawn",SI,2024,31.1842,78,0.3998,0.4047,7,1,22,6,0,0,9
542914,"Bass, Anthony",SI,2022,15.4706,68,0.2275,0.3338,8,0,10,0,0,1,13
542914,"Bass, Anthony",SL,2022,24.7315,100,0.2473,0.2078,2,0,7,6,1,3,39
542947,"Bleier, Richard",SI,2022,35.664,99,0.3602,0.3292,5,0,18,11,0,1,9
543037,"Cole, Gerrit",FF,2022,87.8504,304,0.289,0.2868,29,1,27,15,1,10,105
543037,"Cole, Gerrit",FF,2023,71.0185,264,0.269,0.3043,20,4,35,8,0,7,69
543037,"Cole, Gerrit",FF,2024,32.2223,119,0.2708,0.2561,12,3,12,3,1,3,41
543037,"Cole, Gerrit",KC,2023,11.8534,60,0.1976,0.2071,1,0,9,1,0,1,15
543037,"Cole, Gerrit",SL,2022,35.9744,153,0.2351,0.2439,4,0,19,2,0,6,55
543037,"Cole, Gerrit",SL,2023,17.1835,97,0.1771,0.248,3,1,10,3,0,1,35
543056,"Coulombe, Danny",FC,2023,19.1418,72,0.2659,0.2706,5,0,15,1,0,1,20
543101,"DeSclafani, Anthony",SI,2023,38.1276,103,0.3702,0.3832,6,3,15,6,0,5,21
543101,"DeSclafani, Anthony",SL,2023,53.0465,157,0.3379,0.3347,9,0,21,12,1,5,32
543135,"Eovaldi, Nathan",FC,2023,31.88,94,0.3391,0.3807,13,1,11,4,1,3,9
543135,"Eovaldi, Nathan",FC,2024,38.0142,84,0.4526,0.3576,2,0,11,8,1,6,13
543135,"Eovaldi, Nathan",FC,2025,11.0459,70,0.1578,0.2318,2,0,8,1,1,0,19
543135,"Eovaldi, Nathan",FF,2022,48.5438,117,0.4149,0.4151,6,0,23,6,0,7,18
543135,"Eovaldi, Nathan",FF,2023,73.2423,221,0.3314,0.3432,21,3,26,11,3,7,55
543135,"Eovaldi, Nathan",FF,2024,59.9615,225,0.2665,0.3002,22,1,33,3,0,6,53
543135,"Eovaldi, Nathan",FF,2025,29.4627,101,0.2917,0.331,4,2,17,5,0,2,16
543135,"Eovaldi, Nathan",FS,2022,12.255,64,0.1915,0.2249,3,0,11,1,0,0,20
543135,"Eovaldi, Nathan",FS,2023,38.971,160,0.2436,0.2433,7,2,17,9,0,3,42
543135,"Eovaldi, Nathan",FS,2024,35.2387,161,0.2189,0.2486,7,0,20,7,0,2,47
543135,"Eovaldi, Nathan",FS,2025,25.106,137,0.1833,0.2561,8,1,14,6,0,0,43
543243,"Gray, Sonny",CU,2022,18.6518,77,0.2422,0.3184,3,1,11,2,1,1,21
543243,"Gray, Sonny",CU,2023,22.9338,77,0.2978,0.3046,5,0,13,5,0,1,13
543243,"Gray, Sonny",CU,2025,21.8147,78,0.2797,0.3213,4,0,9,2,1,3,21
543243,"Gray, Sonny",FC,2024,32.0214,83,0.3858,0.3785,8,0,13,4,2,3,7
543243,"Gray, Sonny",FF,2022,33.7646,108,0.3126,0.3174,8,1,21,3,1,2,9
543243,"Gray, Sonny",FF,2023,40.3272,134,0.3009,0.3521,15,0,29,2,0,2,12
543243,"Gray, Sonny",FF,2024,48.5841,108,0.4499,0.4205,10,0,23,5,1,6,9
543243,"Gray, Sonny",FF,2025,44.9639,110,0.4088,0.4253,11,0,23,7,0,4,5
543243,"Gray, Sonny",SI,2022,48.68,158,0.3081,0.3056,16,3,18,4,1,6,47
543243,"Gray, Sonny",SI,2023,33.7134,93,0.3625,0.3832,15,2,14,4,1,2,15
543243,"Gray, Sonny",SI,2024,36.2241,125,0.2898,0.286,8,1,11,5,0,6,46
543243,"Gray, Sonny",SI,2025,46.3272,131,0.3536,0.3174,9,1,21,6,0,6,39
543243,"Gray, Sonny",ST,2023,14.584,137,0.1065,0.1436,4,2,10,2,0,0,70
543243,"Gray, Sonny",ST,2024,27.1632,168,0.1617,0.1721,4,2,16,2,0,3,102
543243,"Gray, Sonny",ST,2025,27.9209,158,0.1767,0.1976,2,1,17,2,1,3,77
543272,"Hand, Brad",ST,2022,18.8966,73,0.2589,0.259,5,2,8,4,0,1,20
543272,"Hand, Brad",ST,2023,34.9085,100,0.3491,0.2879,7,4,11,6,2,3,34
543294,"Hendricks, Kyle",CH,2022,31.594,112,0.2821,0.251,7,0,14,6,0,3,35
543294,"Hendricks, Kyle",CH,2023,52.0799,228,0.2284,0.2376,11,0,26,7,0,6,54
543294,"Hendricks, Kyle",CH,2024,59.6863,185,0.3226,0.3135,11,0,41,3,0,6,23
543294,"Hendricks, Kyle",CH,2025,59.9479,227,0.2641,0.2734,9,0,32,7,2,6,36
543294,"Hendricks, Kyle",FF,2022,35.3226,66,0.5352,0.4571,6,0,6,3,0,9,11
543294,"Hendricks, Kyle",FF,2023,33.1907,61,0.5441,0.4937,5,0,10,9,0,4,9
543294,"Hendricks, Kyle",FF,2025,25.7031,76,0.3382,0.3027,13,0,5,3,0,4,19
543294,"Hendricks, Kyle",SI,2022,33.8331,96,0.3524,0.401,8,3,17,5,2,1,8
543294,"Hendricks, Kyle",SI,2023,47.4508,141,0.3365,0.34,2,3,26,10,1,3,9
543294,"Hendricks, Kyle",SI,2024,51.9092,142,0.3656,0.3798,10,1,33,4,0,5,16
543294,"Hendricks, Kyle",SI,2025,81.1663,220,0.3689,0.3288,14,5,39,13,0,8,28
543339,"Hudson, Daniel",FF,2024,27.8749,82,0.3399,0.3542,8,0,11,3,0,4,17
543339,"Hudson, Daniel",SL,2024,13.2714,79,0.168,0.203,6,1,5,0,0,2,31
543475,"Lyles, Jordan",CU,2022,13.0982,71,0.1845,0.2624,2,0,8,2,0,1,21
543475,"Lyles, Jordan",FF,2022,61.0657,168,0.3635,0.4242,19,0,20,10,1,7,22
543475,"Lyles, Jordan",FF,2023,58.5191,195,0.3001,0.3196,17,2,17,11,2,6,27
543475,"Lyles, Jordan",SI,2022,47.4584,118,0.4022,0.3442,6,4,20,7,0,6,27
543475,"Lyles, Jordan",SI,2023,37.1178,91,0.4079,0.3933,11,2,14,6,0,4,14
543475,"Lyles, Jordan",ST,2022,33.5346,134,0.2503,0.2698,8,0,19,4,0,3,31
543475,"Lyles, Jordan",ST,2023,58.3155,148,0.394,0.3139,5,1,17,12,0,10,24
543518,"McGough, Scott",FF,2023,28.9124,90,0.3212,0.3309,12,2,10,2,0,4,23
543518,"McGough, Scott",FF,2024,30.7184,60,0.512,0.487,13,0,8,4,2,3,8
543518,"McGough, Scott",FS,2023,34.8963,103,0.3388,0.2995,9,0,8,8,0,5,31
543521,"McHugh, Collin",FC,2022,22.1352,85,0.2604,0.337,3,2,17,0,0,2,13
543521,"McHugh, Collin",FC,2023,31.4379,89,0.3532,0.3552,9,1,21,6,0,0,8
543521,"McHugh, Collin",ST,2022,23.7496,97,0.2448,0.2518,9,2,8,4,0,2,33
543521,"McHugh, Collin",ST,2023,34.6431,116,0.2986,0.3115,9,1,21,3,0,3,29
543606,"Odorizzi, Jake",FC,2022,27.1415,87,0.312,0.2964,3,1,11,4,0,4,20
543606,"Odorizzi, Jake",FF,2022,66.0686,191,0.3459,0.3538,19,1,32,6,1,7,36
543606,"Odorizzi, Jake",FS,2022,21.7206,75,0.2896,0.2492,4,0,17,2,0,1,17
543766,"Shaw, Bryan",FC,2022,62.0547,167,0.3716,0.3379,22,1,30,8,0,5,30
543766,"Shaw, Bryan",FC,2023,20.3344,64,0.3177,0.3255,9,1,8,4,0,1,14
543859,"Tonkin, Michael",FF,2023,49.3011,165,0.2988,0.3335,13,0,21,4,1,7,38
543859,"Tonkin, Michael",FF,2024,35.2718,110,0.3207,0.3537,17,3,13,2,0,4,31
543859,"Tonkin, Michael",SL,2023,23.8422,88,0.2709,0.2623,4,2,14,1,0,3,22
543859,"Tonkin, Michael",SL,2024,14.4684,91,0.159,0.2191,3,0,12,2,0,0,28
544150,"Suárez, Albert",CH,2024,37.218,112,0.3323,0.3305,11,0,15,8,0,3,21
544150,"Suárez, Albert",CU,2024,17.7399,72,0.2464,0.2619,2,0,6,3,0,3,16
544150,"Suárez, Albert",FC,2024,27.7168,97,0.2857,0.29,5,0,14,6,0,2,17
544150,"Suárez, Albert",FF,2024,87.6505,249,0.352,0.3254,22,3,37,15,1,8,48
544727,"Familia, Jeurys",SI,2022,34.7451,66,0.5264,0.4263,7,1,14,6,0,4,5
547179,"Lorenzen, Michael",CH,2022,20.5298,82,0.2504,0.254,9,0,9,2,0,2,23
547179,"Lorenzen, Michael",CH,2023,28.8005,107,0.2692,0.2599,5,0,8,7,0,4,25
547179,"Lorenzen, Michael",CH,2024,11.4901,74,0.1553,0.2246,6,0,5,1,0,1,14
547179,"Lorenzen, Michael",CH,2025,23.7925,94,0.2531,0.259,10,1,10,3,0,2,26
547179,"Lorenzen, Michael",FF,2022,23.1676,63,0.3677,0.3734,15,0,11,2,0,1,11
547179,"Lorenzen, Michael",FF,2023,41.0307,135,0.3039,0.3502,18,0,17,5,0,4,25
547179,"Lorenzen, Michael",FF,2024,29.5657,97,0.3048,0.3845,16,1,10,1,0,4,21
547179,"Lorenzen, Michael",FF,2025,30.8949,76,0.4065,0.4174,5,0,10,4,1,5,17
547179,"Lorenzen, Michael",SI,2022,27.3565,89,0.3074,0.2964,7,3,13,4,0,2,8
547179,"Lorenzen, Michael",SI,2023,20.8276,70,0.2975,0.2759,2,1,18,3,0,0,4
547179,"Lorenzen, Michael",SI,2024,28.0058,95,0.2948,0.3389,8,2,17,4,0,1,15
547179,"Lorenzen, Michael",SI,2025,39.6148,97,0.4084,0.3673,6,2,14,3,1,7,21
547179,"Lorenzen, Michael",SL,2023,28.6021,106,0.2698,0.359,10,0,18,4,0,1,14
547179,"Lorenzen, Michael",SL,2025,25.5964,62,0.4128,0.3709,3,0,8,4,1,4,12
547184,"Kelly, Michael",ST,2024,18.6924,71,0.2633,0.3086,5,1,13,0,1,1,9
547184,"Kelly, Michael",ST,2025,19.6783,67,0.2937,0.3214,4,0,10,3,0,2,16
547973,"Chapman, Aroldis",FF,2023,24.0372,64,0.3756,0.398,16,0,10,3,0,1,12
547973,"Chapman, Aroldis",SI,2024,15.5542,71,0.2191,0.1543,2,0,8,2,0,2,39
548384,"Raley, Brooks",ST,2023,13.0886,80,0.1636,0.181,3,1,8,3,0,0,37
548389,"Stripling, Ross",CH,2022,32.5878,145,0.2247,0.2252,2,0,16,4,0,5,46
548389,"Stripling, Ross",CH,2023,35.3574,96,0.3683,0.3367,0,0,20,7,1,3,20
548389,"Stripling, Ross",FF,2022,39.8099,133,0.2993,0.3591,10,1,16,9,0,3,30
548389,"Stripling, Ross",FF,2023,30.91,83,0.3724,0.3632,10,0,12,4,0,4,23
548389,"Stripling, Ross",FF,2024,26.099,81,0.3222,0.3048,8,0,10,6,0,2,14
548389,"Stripling, Ross",SL,2022,20.0102,98,0.2042,0.2477,3,0,17,3,0,0,15
548389,"Stripling, Ross",SL,2023,32.9456,96,0.3432,0.3622,3,0,20,0,0,6,11
552640,"Kittredge, Andrew",SI,2024,22.8718,72,0.3177,0.3624,6,0,14,2,0,2,5
552640,"Kittredge, Andrew",SL,2024,33.8587,104,0.3256,0.3014,5,0,8,5,0,7,33
552640,"Kittredge, Andrew",SL,2025,22.5202,100,0.2252,0.2036,3,0,8,4,2,2,44
554340,"García, Yimi",FF,2022,12.3921,78,0.1589,0.2073,3,1,4,3,0,1,26
554340,"García, Yimi",FF,2023,25.0085,62,0.4034,0.3141,5,0,10,3,0,4,25
554430,"Wheeler, Zack",CU,2023,18.2212,71,0.2566,0.2697,3,0,10,6,0,0,19
554430,"Wheeler, Zack",CU,2024,17.8822,67,0.2669,0.2418,4,0,4,4,1,2,28
554430,"Wheeler, Zack",FC,2022,32.1323,121,0.2656,0.2674,4,1,16,6,0,3,29
554430,"Wheeler, Zack",FC,2023,30.9666,92,0.3366,0.3419,3,2,17,7,1,1,15
554430,"Wheeler, Zack",FF,2022,53.5601,194,0.2761,0.3039,17,0,21,4,3,6,57
554430,"Wheeler, Zack",FF,2023,66.011,243,0.2717,0.2576,11,0,31,11,1,7,81
554430,"Wheeler, Zack",FF,2024,71.0329,231,0.3075,0.2915,23,2,25,7,2,9,67
554430,"Wheeler, Zack",FF,2025,52.2181,181,0.2885,0.2693,15,1,20,7,1,6,60
554430,"Wheeler, Zack",SI,2022,25.8312,90,0.287,0.2748,2,4,20,4,0,0,13
554430,"Wheeler, Zack",SI,2023,33.5425,105,0.3195,0.3049,6,4,27,2,0,1,18
554430,"Wheeler, Zack",SI,2024,39.811,163,0.2442,0.2549,5,5,26,2,1,3,35
554430,"Wheeler, Zack",SI,2025,30.6979,93,0.3301,0.2727,4,1,13,2,1,5,23
554430,"Wheeler, Zack",ST,2023,16.2705,69,0.2358,0.266,1,1,9,2,0,2,23
554430,"Wheeler, Zack",ST,2024,16.5361,83,0.1992,0.1779,1,0,5,5,0,2,30
554430,"Wheeler, Zack",ST,2025,16.3953,72,0.2277,0.2525,1,2,8,4,0,1,26
554431,"Matzek, Tyler",FF,2022,30.051,114,0.2636,0.315,21,0,7,5,0,2,16
570257,"Rodríguez, Joely",CH,2022,15.4318,76,0.2031,0.2508,6,0,8,2,0,1,24
570257,"Rodríguez, Joely",SI,2022,23.0012,78,0.2949,0.289,10,0,14,4,0,0,17
570632,"Ureña, José",SI,2022,77.0838,202,0.3816,0.369,18,1,44,9,1,6,23
570632,"Ureña, José",SI,2024,46.5463,158,0.2946,0.3471,15,1,31,1,0,4,12
570632,"Ureña, José",SL,2022,22.4464,86,0.261,0.2573,7,0,8,3,0,3,21
570632,"Ureña, José",SL,2024,25.4924,103,0.2475,0.2468,8,1,15,2,0,2,30
570666,"Cessa, Luis",SI,2022,17.3756,67,0.2593,0.335,2,2,15,0,0,1,4
570666,"Cessa, Luis",SL,2022,38.2054,120,0.3184,0.2852,11,0,9,3,0,8,40
571479,"Bellatti, Andrew",SL,2022,25.7814,105,0.2455,0.2271,8,0,9,8,0,1,43
571510,"Boyd, Matthew",CH,2025,25.2595,116,0.2178,0.2797,7,0,10,4,0,3,31
571510,"Boyd, Matthew",FF,2023,45.1759,115,0.3928,0.3509,10,1,16,8,0,6,29
571510,"Boyd, Matthew",FF,2025,51.5072,160,0.3219,0.3426,11,0,23,5,1,7,35
571510,"Boyd, Matthew",SL,2023,20.7229,72,0.2878,0.2633,4,1,9,4,0,2,22
571539,"Carasiti, Matt",SI,2023,24.1961,70,0.3457,0.3755,9,1,13,2,0,2,7
571578,"Corbin, Patrick",FC,2024,34.7747,114,0.305,0.2954,4,1,21,5,0,3,26
571578,"Corbin, Patrick",FC,2025,35.4018,117,0.3026,0.3305,13,1,11,6,0,4,20
571578,"Corbin, Patrick",FF,2022,28.5876,72,0.397,0.3856,4,3,11,6,1,2,8
571578,"Corbin, Patrick",SI,2022,94.0479,235,0.4002,0.3981,16,1,59,9,0,9,40
571578,"Corbin, Patrick",SI,2023,79.7064,214,0.3725,0.3796,21,1,47,8,0,7,25
571578,"Corbin, Patrick",SI,2024,99.4351,224,0.4439,0.4155,20,1,42,11,4,12,30
571578,"Corbin, Patrick",SI,2025,54.6169,186,0.2936,0.3676,17,1,27,5,0,6,33
571578,"Corbin, Patrick",SL,2022,55.6368,128,0.4347,0.3374,8,1,23,4,3,8,38
571578,"Corbin, Patrick",SL,2023,47.4555,122,0.389,0.3829,8,1,14,5,1,9,30
571578,"Corbin, Patrick",SL,2024,41.7764,143,0.2921,0.283,9,0,17,12,2,1,34
571578,"Corbin, Patrick",SL,2025,50.4895,150,0.3366,0.2998,5,0,27,8,1,5,39
571656,"Farmer, Buck",FF,2022,24.781,71,0.349,0.3696,11,0,6,6,0,2,17
571656,"Farmer, Buck",FF,2023,36.7262,106,0.3465,0.3888,16,0,7,7,0,5,20
571656,"Farmer, Buck",SI,2024,26.0115,74,0.3515,0.4034,8,2,10,5,0,2,8
571656,"Farmer, Buck",SL,2023,12.7043,62,0.2049,0.2343,3,0,7,2,0,1,20
571656,"Farmer, Buck",SL,2024,16.2686,73,0.2229,0.2178,3,1,2,4,1,2,30
571670,"Floro, Dylan",SI,2023,26.6633,78,0.3418,0.2845,6,0,23,3,0,0,16
571670,"Floro, Dylan",SI,2024,32.122,104,0.3089,0.3457,9,1,19,4,0,2,15
571710,"Givens, Mychal",FF,2022,32.0484,88,0.3642,0.3455,8,2,14,5,0,3,25
571760,"Heaney, Andrew",CH,2023,45.6072,136,0.3353,0.36,5,0,26,3,0,7,15
571760,"Heaney, Andrew",CH,2024,35.0374,126,0.2781,0.3173,1,2,21,6,0,3,17
571760,"Heaney, Andrew",CH,2025,27.4211,85,0.3226,0.3597,5,0,14,4,0,3,9
571760,"Heaney, Andrew",FF,2022,60.4348,167,0.3619,0.3234,17,3,19,6,1,9,55
571760,"Heaney, Andrew",FF,2023,103.929,307,0.3385,0.3374,43,6,34,15,0,11,74
571760,"Heaney, Andrew",FF,2024,93.8607,275,0.3413,0.3267,27,3,35,15,1,10,69
571760,"Heaney, Andrew",FF,2025,76.9091,192,0.4006,0.3859,23,1,20,14,0,11,31
571760,"Heaney, Andrew",SI,2025,23.863,60,0.3977,0.4122,3,2,8,5,0,3,5
571760,"Heaney, Andrew",SL,2022,28.0414,107,0.2621,0.2379,1,6,6,8,0,3,45
571760,"Heaney, Andrew",SL,2023,54.9868,159,0.3458,0.2845,9,4,21,12,2,4,48
571760,"Heaney, Andrew",SL,2024,62.0547,198,0.3134,0.314,6,5,37,7,0,6,54
571800,"Hutchison, Drew",FF,2022,61.4968,150,0.41,0.4144,24,1,24,9,1,5,17
571800,"Hutchison, Drew",SI,2022,16.5535,62,0.267,0.3263,4,1,10,2,0,1,5
571800,"Hutchison, Drew",SL,2022,45.318,145,0.3125,0.2966,4,0,33,4,0,4,30
571882,"Law, Derek",FC,2023,19.9302,68,0.2931,0.4011,12,1,12,0,0,1,8
571882,"Law, Derek",FC,2024,24.8619,75,0.3315,0.3425,10,0,15,3,0,1,9
571882,"Law, Derek",SL,2024,17.2825,88,0.1964,0.248,3,0,11,1,0,2,33
571901,"Loup, Aaron",SI,2022,27.421,78,0.3516,0.3564,12,2,12,3,0,2,12
571901,"Loup, Aaron",SI,2023,39.8806,95,0.4198,0.3695,13,0,22,5,0,3,13
571927,"Matz, Steven",CH,2022,15.1029,68,0.2221,0.2425,1,1,7,4,0,1,15
571927,"Matz, Steven",CH,2023,33.614,107,0.3141,0.2893,5,0,18,8,0,2,27
571927,"Matz, Steven",SI,2022,31.1115,71,0.4382,0.3537,6,1,14,2,0,5,24
571927,"Matz, Steven",SI,2023,59.1846,174,0.3401,0.317,19,1,24,10,1,5,40
571927,"Matz, Steven",SI,2024,17.3421,70,0.2477,0.2828,6,0,12,1,0,1,11
571927,"Matz, Steven",SI,2025,42.433,144,0.2947,0.2946,5,1,21,8,3,2,29
571945,"Mikolas, Miles",CH,2025,19.0377,61,0.3121,0.3672,2,0,13,2,1,1,3
571945,"Mikolas, Miles",CU,2022,31.0589,117,0.2655,0.2827,5,1,14,6,0,3,21
571945,"Mikolas, Miles",CU,2023,33.893,121,0.2801,0.3058,6,2,22,8,0,0,24
571945,"Mikolas, Miles",CU,2025,15.9912,62,0.2579,0.2286,2,0,4,3,0,3,23
571945,"Mikolas, Miles",FF,2022,44.8382,160,0.2802,0.292,13,0,20,4,0,6,49
571945,"Mikolas, Miles",FF,2023,59.7334,153,0.3904,0.3492,9,1,26,13,0,6,24
571945,"Mikolas, Miles",FF,2024,46.0396,129,0.3569,0.331,6,1,22,10,0,4,20
571945,"Mikolas, Miles",FF,2025,47.219,110,0.4293,0.4216,7,0,15,8,0,8,14
571945,"Mikolas, Miles",SI,2022,40.6172,153,0.2655,0.2864,9,2,25,6,0,2,28
571945,"Mikolas, Miles",SI,2023,75.4465,195,0.3869,0.4167,11,4,41,10,1,7,30
571945,"Mikolas, Miles",SI,2024,47.3932,163,0.2908,0.3099,7,2,23,10,1,3,26
571945,"Mikolas, Miles",SI,2025,38.3441,107,0.3584,0.3533,10,1,15,7,0,4,23
571945,"Mikolas, Miles",SL,2022,48.2248,153,0.3152,0.3807,5,0,25,5,0,7,16
571945,"Mikolas, Miles",SL,2023,44.387,152,0.292,0.2912,5,1,26,7,0,4,28
571945,"Mikolas, Miles",SL,2024,52.3089,128,0.4087,0.3608,1,1,21,11,2,6,16
571945,"Mikolas, Miles",SL,2025,41.2826,107,0.3858,0.3841,4,1,15,4,3,6,11
571946,"Miller, Shelby",FF,2023,15.75,72,0.2187,0.3504,13,1,3,2,0,1,18
571946,"Miller, Shelby",FF,2024,20.7975,79,0.2633,0.311,4,3,9,3,0,2,20
571946,"Miller, Shelby",FF,2025,17.3545,81,0.2143,0.3,6,1,11,3,0,0,20
571948,"Milner, Hoby",SI,2022,30.7797,91,0.3382,0.3081,6,1,16,6,0,2,21
571948,"Milner, Hoby",SI,2024,29.0108,70,0.4144,0.3558,3,0,18,4,1,2,6
571948,"Milner, Hoby",SI,2025,22.4651,80,0.2808,0.3421,6,0,10,6,0,1,14
571948,"Milner, Hoby",ST,2024,18.9545,60,0.3159,0.2606,3,1,9,3,0,2,20
572020,"Paxton, James",FC,2023,24.0366,68,0.3535,0.2679,6,2,7,1,0,5,23
572020,"Paxton, James",FF,2023,73.5259,212,0.3468,0.3293,19,0,28,11,0,10,43
572020,"Paxton, James",FF,2024,59.5874,190,0.3136,0.3584,27,0,28,6,0,5,24
572020,"Paxton, James",KC,2024,17.8579,74,0.2413,0.2398,4,0,11,1,0,2,23
572070,"Richards, Garrett",SL,2022,19.4962,62,0.3145,0.2701,2,0,9,6,0,1,18
572143,"Smith, Burch",FF,2024,28.7184,84,0.3419,0.3292,6,1,14,4,0,3,25
572403,"VerHagen, Drew",FF,2023,27.4205,74,0.3705,0.3431,6,2,12,4,0,3,13
572403,"VerHagen, Drew",ST,2023,10.8119,69,0.1567,0.2131,1,1,7,1,0,1,23
572955,"Johnson, Pierce",CU,2023,38.183,126,0.303,0.236,8,0,13,6,0,6,55
572955,"Johnson, Pierce",CU,2024,48.9573,151,0.3242,0.3053,11,1,22,5,1,6,43
572955,"Johnson, Pierce",CU,2025,41.1592,129,0.3191,0.2892,6,0,20,5,1,5,30
572971,"Keuchel, Dallas",CH,2022,24.4712,82,0.2984,0.3026,4,0,20,4,0,0,12
572971,"Keuchel, Dallas",SI,2022,46.5475,112,0.4156,0.3581,16,0,17,9,3,2,16
573009,"Mantiply, Joe",CH,2022,13.3238,62,0.2149,0.2403,0,0,8,3,0,1,14
573009,"Mantiply, Joe",SI,2022,17.4704,65,0.2688,0.3087,2,0,18,1,0,0,11
573009,"Mantiply, Joe",SI,2023,27.0862,63,0.4299,0.3837,4,0,6,6,1,4,5
573009,"Mantiply, Joe",SI,2024,17.1397,61,0.281,0.3364,3,0,6,5,2,0,4
573124,"Rogers, Taylor",SI,2022,29.8385,73,0.4087,0.4118,9,1,15,2,2,2,14
573124,"Rogers, Taylor",SI,2023,16.7204,69,0.2423,0.275,7,0,13,0,1,0,23
573124,"Rogers, Taylor",SI,2024,26.8364,94,0.2855,0.2875,13,1,11,2,1,2,27
573124,"Rogers, Taylor",SI,2025,32.8555,75,0.4381,0.4891,11,0,15,3,0,4,11
573124,"Rogers, Taylor",ST,2022,27.85,95,0.2932,0.2617,3,6,3,7,0,4,39
573124,"Rogers, Taylor",ST,2023,26.6245,95,0.2803,0.2734,12,1,6,5,0,3,28
573124,"Rogers, Taylor",ST,2024,29.7953,85,0.3505,0.2529,3,0,13,9,0,2,18
573124,"Rogers, Taylor",ST,2025,18.6493,77,0.2422,0.2085,4,2,4,5,0,2,28
573186,"Stroman, Marcus",FC,2024,34.9008,92,0.3794,0.3419,6,1,10,6,1,5,11
573186,"Stroman, Marcus",SI,2022,63.4299,186,0.341,0.3285,16,3,33,7,0,6,26
573186,"Stroman, Marcus",SI,2023,67.2007,241,0.2788,0.3395,28,0,35,9,0,4,35
573186,"Stroman, Marcus",SI,2024,67.6182,182,0.3715,0.3613,28,1,31,6,1,6,23
573186,"Stroman, Marcus",SL,2024,35.2584,125,0.2821,0.2898,9,2,19,4,0,3,36
573186,"Stroman, Marcus",SV,2022,13.9276,78,0.1786,0.2343,2,0,7,5,0,0,26
573186,"Stroman, Marcus",SV,2023,31.2321,100,0.3123,0.3213,7,1,15,5,0,3,31
573186,"Stroman, Marcus",SV,2024,23.2118,61,0.3805,0.3846,2,0,12,2,1,3,9
573204,"Thielbar, Caleb",FF,2022,22.4122,80,0.2802,0.3046,7,0,11,3,0,2,28
573204,"Thielbar, Caleb",FF,2024,37.5337,91,0.4125,0.3606,7,0,20,5,0,4,19
573204,"Thielbar, Caleb",FF,2025,21.2406,71,0.2992,0.2927,4,0,8,4,1,2,14
579328,"Kikuchi, Yusei",CH,2024,10.2905,62,0.166,0.2042,1,0,10,1,0,0,21
579328,"Kikuchi, Yusei",CH,2025,19.3195,79,0.2446,0.2688,1,0,13,4,0,1,23
579328,"Kikuchi, Yusei",CU,2023,32.4057,85,0.3812,0.307,3,0,17,5,0,4,19
579328,"Kikuchi, Yusei",CU,2024,34.5528,121,0.2856,0.2503,2,0,21,8,0,2,32
579328,"Kikuchi, Yusei",CU,2025,32.9869,111,0.2972,0.2616,5,1,18,7,0,2,21
579328,"Kikuchi, Yusei",FF,2022,57.8723,158,0.3663,0.4186,21,7,19,2,0,9,40
579328,"Kikuchi, Yusei",FF,2023,55.3899,157,0.3528,0.3215,12,0,30,3,0,8,43
579328,"Kikuchi, Yusei",FF,2024,92.5299,262,0.3532,0.3138,12,1,43,9,1,14,70
579328,"Kikuchi, Yusei",FF,2025,69.2992,195,0.3554,0.346,13,0,40,10,0,6,48
579328,"Kikuchi, Yusei",SL,2022,64.7881,150,0.4319,0.3433,18,0,14,14,3,7,42
579328,"Kikuchi, Yusei",SL,2023,36.1743,163,0.2219,0.2982,11,0,16,5,0,4,52
579328,"Kikuchi, Yusei",SL,2024,52.3953,192,0.2729,0.3264,23,1,29,5,0,3,53
579328,"Kikuchi, Yusei",SL,2025,87.2393,231,0.3777,0.4025,39,2,34,8,1,9,39
592094,"Adam, Jason",CH,2024,13.6839,75,0.1825,0.2362,3,2,9,1,1,0,29
592094,"Adam, Jason",CH,2025,20.2087,80,0.2526,0.2377,9,1,11,2,0,1,23
592094,"Adam, Jason",FF,2024,17.7995,66,0.2697,0.3028,5,0,7,3,0,2,9
592094,"Adam, Jason",SL,2025,21.8399,61,0.358,0.3068,2,0,14,3,0,2,19
592229,"Covey, Dylan",SI,2023,26.2934,70,0.3756,0.3638,9,0,14,2,1,2,13
592332,"Gausman, Kevin",FF,2022,87.3305,231,0.3781,0.3384,7,0,52,14,3,6,49
592332,"Gausman, Kevin",FF,2023,112.2489,342,0.3282,0.3624,30,0,46,22,0,11,92
592332,"Gausman, Kevin",FF,2024,99.6816,276,0.3612,0.3842,20,2,44,14,2,11,53
592332,"Gausman, Kevin",FF,2025,87.0621,307,0.2836,0.3594,23,3,34,12,0,11,53
592332,"Gausman, Kevin",FS,2022,48.0594,202,0.2379,0.2004,10,0,24,7,0,5,79
592332,"Gausman, Kevin",FS,2023,67.1562,243,0.2764,0.2608,21,3,30,14,1,3,94
592332,"Gausman, Kevin",FS,2024,46.3535,190,0.244,0.2645,14,0,19,11,0,3,59
592332,"Gausman, Kevin",FS,2025,39.0989,190,0.2058,0.2423,8,0,20,4,0,5,64
592351,"Gray, Jon",CH,2023,11.9777,60,0.1996,0.3022,4,0,10,1,0,0,5
592351,"Gray, Jon",FF,2022,64.4562,180,0.3581,0.3398,13,1,37,8,1,5,32
592351,"Gray, Jon",FF,2023,103.5009,240,0.4313,0.4017,28,4,50,9,1,12,48
592351,"Gray, Jon",FF,2024,43.4926,138,0.3152,0.3816,14,0,28,2,1,3,22
592351,"Gray, Jon",SL,2023,35.1365,176,0.1996,0.2172,8,1,21,2,0,4,63
592351,"Gray, Jon",SL,2024,34.7672,132,0.2634,0.292,6,0,19,4,0,4,32
592351,"Gray, Jon",ST,2022,38.3319,122,0.3142,0.246,7,3,6,7,0,7,46
592426,"Jackson, Luke",SL,2023,20.7229,73,0.2839,0.2785,4,1,9,4,0,2,21
592426,"Jackson, Luke",SL,2024,27.5125,95,0.2896,0.2873,7,0,14,5,0,2,26
592426,"Jackson, Luke",SL,2025,28.5247,79,0.3611,0.355,13,0,13,2,0,3,15
592454,"Kahnle, Tommy",CH,2023,27.417,100,0.2742,0.2794,11,1,8,3,0,4,24
592454,"Kahnle, Tommy",CH,2024,21.5676,88,0.2451,0.2592,7,1,8,2,0,3,29
592454,"Kahnle, Tommy",CH,2025,45.8977,161,0.2851,0.3256,16,0,19,3,1,6,27
592662,"Ray, Robbie",FF,2022,85.0884,282,0.3017,0.2904,25,2,33,12,0,10,73
592662,"Ray, Robbie",FF,2024,15.6314,60,0.2605,0.2663,9,2,5,0,0,2,19
592662,"Ray, Robbie",FF,2025,73.7381,282,0.2615,0.2972,30,2,34,11,1,4,77
592662,"Ray, Robbie",SI,2022,58.4238,134,0.436,0.3833,16,3,24,2,1,9,17
592662,"Ray, Robbie",SL,2022,63.8333,225,0.2837,0.2644,10,2,24,8,3,8,81
592662,"Ray, Robbie",SL,2025,35.7041,118,0.3026,0.3055,5,1,14,6,0,5,27
592716,"Sampson, Adrian",FF,2022,35.1718,120,0.2931,0.3073,7,1,17,5,1,3,23
592716,"Sampson, Adrian",SI,2022,47.5342,141,0.3371,0.3729,12,0,27,4,0,5,10
592717,"Sanchez, Aaron",SI,2022,45.3564,112,0.405,0.3543,9,2,28,4,0,4,14
592761,"Smith, Caleb",FF,2022,41.0043,95,0.4316,0.3492,20,1,10,2,0,7,14
592761,"Smith, Caleb",SL,2022,25.735,75,0.3431,0.326,4,0,8,3,0,5,17
592767,"Smyly, Drew",FC,2022,32.1922,87,0.37,0.3836,7,0,10,7,0,4,4
592767,"Smyly, Drew",KC,2022,50.1621,195,0.2572,0.2664,4,1,28,10,0,4,59
592767,"Smyly, Drew",KC,2023,82.3632,276,0.2984,0.2456,17,1,35,14,1,9,82
592767,"Smyly, Drew",KC,2024,25.6275,81,0.3164,0.2586,7,0,9,3,0,4,29
592767,"Smyly, Drew",SI,2022,48.5337,119,0.4078,0.3509,12,2,15,6,1,7,15
592767,"Smyly, Drew",SI,2023,92.3086,211,0.4375,0.3771,21,3,31,14,1,13,31
592767,"Smyly, Drew",SI,2024,26.494,75,0.3533,0.3807,9,3,11,2,0,3,4
592773,"Stanek, Ryne",FF,2022,19.781,101,0.1959,0.2546,13,0,8,4,0,0,27
592773,"Stanek, Ryne",FF,2023,25.7968,95,0.2715,0.2887,9,1,12,2,0,3,22
592773,"Stanek, Ryne",FF,2024,36.2855,106,0.3423,0.3024,14,1,17,3,1,3,27
592773,"Stanek, Ryne",FF,2025,38.3876,117,0.3281,0.3392,14,0,17,5,1,3,25
592779,"Stewart, Brock",FF,2025,18.6486,70,0.2664,0.2751,6,0,9,2,0,2,24
592789,"Syndergaard, Noah",CH,2022,26.9431,90,0.2994,0.3222,5,0,15,7,1,0,15
592789,"Syndergaard, Noah",CH,2023,31.7955,81,0.3925,0.3638,2,1,12,4,0,6,20
592789,"Syndergaard, Noah",FF,2022,25.5781,61,0.4193,0.367,3,1,8,2,2,4,11
592789,"Syndergaard, Noah",SI,2022,37.7014,139,0.2712,0.3417,11,1,25,4,1,1,17
592789,"Syndergaard, Noah",SI,2023,34.1449,75,0.4553,0.4109,5,4,18,3,0,4,4
592789,"Syndergaard, Noah",SL,2022,14.1522,64,0.2211,0.279,0,0,9,3,0,1,16
592791,"Taillon, Jameson",CH,2022,26.8278,64,0.4192,0.3854,4,0,11,2,0,5,6
592791,"Taillon, Jameson",CU,2022,17.7494,88,0.2017,0.2208,1,1,13,1,1,1,35
592791,"Taillon, Jameson",CU,2023,17.6449,75,0.2353,0.3144,3,1,7,2,1,2,22
592791,"Taillon, Jameson",CU,2024,31.1911,93,0.3354,0.298,3,0,13,5,1,4,24
592791,"Taillon, Jameson",FC,2023,38.3499,101,0.3797,0.3766,9,0,20,5,0,4,16
592791,"Taillon, Jameson",FC,2024,32.7346,136,0.2407,0.2861,8,0,25,4,1,0,20
592791,"Taillon, Jameson",FC,2025,31.1419,64,0.4866,0.4007,3,0,8,4,0,7,5
592791,"Taillon, Jameson",FF,2022,69.0552,197,0.3505,0.3472,14,0,29,12,0,8,49
592791,"Taillon, Jameson",FF,2023,49.3563,129,0.3826,0.4047,15,1,15,6,0,8,34
592791,"Taillon, Jameson",FF,2024,54.6032,149,0.3665,0.3769,10,0,28,4,0,8,24
592791,"Taillon, Jameson",FF,2025,43.471,134,0.3244,0.3822,10,0,13,7,0,7,18
592791,"Taillon, Jameson",SI,2024,18.2344,67,0.2722,0.3189,7,1,10,2,0,1,9
592791,"Taillon, Jameson",SL,2022,37.0988,128,0.2898,0.2911,2,0,10,9,0,6,24
592791,"Taillon, Jameson",ST,2023,21.7022,77,0.2818,0.2496,1,0,13,4,0,2,19
592791,"Taillon, Jameson",ST,2024,22.4444,98,0.229,0.232,2,0,13,4,0,2,28
592791,"Taillon, Jameson",ST,2025,31.5975,75,0.4213,0.2738,1,0,8,7,0,6,21
592826,"Velasquez, Vince",FF,2022,40.9432,144,0.2843,0.3341,12,0,12,10,0,4,35
592826,"Velasquez, Vince",SL,2022,22.427,61,0.3677,0.2851,6,0,7,4,0,3,15
592826,"Velasquez, Vince",SL,2023,15.4744,61,0.2537,0.2431,4,0,8,3,0,1,17
592836,"Walker, Taijuan",FC,2023,25.656,79,0.3248,0.2737,3,1,13,6,1,1,9
592836,"Walker, Taijuan",FC,2025,40.7603,110,0.3705,0.312,10,0,12,2,0,9,17
592836,"Walker, Taijuan",FF,2022,42.1231,122,0.3453,0.3487,13,1,17,7,0,4,26
592836,"Walker, Taijuan",FF,2023,34.9425,77,0.4538,0.4354,18,1,8,2,0,6,12
592836,"Walker, Taijuan",FS,2022,35.2407,153,0.2303,0.2482,7,1,19,7,0,2,39
592836,"Walker, Taijuan",FS,2023,65.8891,238,0.2768,0.296,19,1,36,8,2,4,51
592836,"Walker, Taijuan",FS,2024,35.1737,75,0.469,0.372,4,0,16,7,0,4,9
592836,"Walker, Taijuan",FS,2025,28.7759,89,0.3233,0.3485,4,0,15,3,0,4,12
592836,"Walker, Taijuan",SI,2023,45.4866,144,0.3159,0.3283,16,1,21,8,0,3,27
592836,"Walker, Taijuan",SI,2024,44.8093,94,0.4767,0.4203,12,2,21,3,0,6,16
592836,"Walker, Taijuan",SI,2025,28.2177,88,0.3207,0.3173,9,2,12,5,0,2,17
592836,"Walker, Taijuan",SL,2022,23.2018,65,0.357,0.3262,5,0,10,5,0,2,15
592836,"Walker, Taijuan",ST,2024,14.4576,61,0.237,0.298,3,0,6,2,0,2,9
592858,"Wick, Rowan",FF,2022,36.1188,131,0.2757,0.3323,13,0,23,5,0,1,35
592866,"Williams, Trevor",CH,2023,30.3776,86,0.3532,0.3334,7,0,18,3,0,3,11
592866,"Williams, Trevor",FF,2022,56.3925,187,0.3016,0.2778,9,2,29,10,1,4,47
592866,"Williams, Trevor",FF,2023,113.2018,273,0.4147,0.3784,20,3,37,14,2,19,57
592866,"Williams, Trevor",FF,2024,20.2476,85,0.2382,0.2802,7,0,11,2,1,1,17
592866,"Williams, Trevor",FF,2025,56.9902,145,0.393,0.3507,9,1,32,8,2,4,24
592866,"Williams, Trevor",SI,2023,31.8229,83,0.3834,0.3671,9,0,18,5,0,2,9
592866,"Williams, Trevor",SL,2023,26.3022,61,0.4312,0.4208,9,0,13,4,0,2,6
592866,"Williams, Trevor",ST,2025,21.8225,73,0.2989,0.2647,3,0,10,5,0,2,17
593334,"Germán, Domingo",CH,2023,20.2366,87,0.2326,0.3037,9,0,8,3,1,1,20
593334,"Germán, Domingo",CU,2023,52.7513,199,0.2651,0.2506,14,3,15,8,0,8,74
593334,"Germán, Domingo",FF,2023,42.0595,84,0.5007,0.4584,6,0,8,6,1,9,10
593423,"Montas, Frankie",FC,2024,43.5926,87,0.5011,0.4435,13,1,15,4,0,7,10
593423,"Montas, Frankie",FF,2022,56.6824,167,0.3394,0.3009,15,2,24,12,0,4,53
593423,"Montas, Frankie",FF,2024,51.8004,184,0.2815,0.3058,20,1,20,4,0,7,63
593423,"Montas, Frankie",FS,2022,36.8286,153,0.2407,0.2402,7,1,19,5,1,3,50
593423,"Montas, Frankie",FS,2024,22.7625,90,0.2529,0.2324,6,0,12,5,0,1,29
593423,"Montas, Frankie",SI,2022,44.0584,130,0.3389,0.3643,12,2,24,6,0,3,9
593423,"Montas, Frankie",SI,2024,33.8671,99,0.3421,0.3537,12,0,13,5,1,3,11
593423,"Montas, Frankie",SL,2022,23.3672,60,0.3895,0.3323,0,0,11,3,0,4,12
593576,"Neris, Héctor",FF,2022,27.5937,81,0.3407,0.3613,9,1,7,6,0,3,19
593576,"Neris, Héctor",FF,2023,29.5033,106,0.2783,0.3119,17,1,8,2,0,4,31
593576,"Neris, Héctor",FF,2024,28.3919,85,0.334,0.3164,10,0,7,5,0,4,20
593576,"Neris, Héctor",FS,2023,15.2607,64,0.2384,0.2354,6,0,8,2,0,1,21
593576,"Neris, Héctor",FS,2024,20.3584,76,0.2679,0.2462,6,0,8,2,0,3,28
593958,"Rodriguez, Eduardo",CH,2023,25.1521,86,0.2925,0.3106,4,0,18,4,0,1,17
593958,"Rodriguez, Eduardo",CH,2025,35.7391,99,0.361,0.3095,5,0,24,4,0,3,12
593958,"Rodriguez, Eduardo",FC,2022,18.1436,66,0.2749,0.2841,4,0,9,6,0,0,11
593958,"Rodriguez, Eduardo",FC,2023,27.7823,72,0.3859,0.3876,7,1,5,5,0,5,11
593958,"Rodriguez, Eduardo",FC,2025,24.2222,76,0.3187,0.3056,7,0,15,2,0,2,11
593958,"Rodriguez, Eduardo",FF,2022,23.5106,100,0.2351,0.3165,9,0,17,3,0,0,18
593958,"Rodriguez, Eduardo",FF,2023,55.4579,173,0.3206,0.3369,20,0,31,7,2,2,37
593958,"Rodriguez, Eduardo",FF,2024,30.0693,80,0.3759,0.3638,10,1,8,7,0,3,19
593958,"Rodriguez, Eduardo",FF,2025,90.5624,233,0.3887,0.3725,27,1,37,16,1,8,56
593958,"Rodriguez, Eduardo",SI,2022,23.1288,75,0.3084,0.314,13,0,9,4,0,1,21
593958,"Rodriguez, Eduardo",SI,2023,10.2991,67,0.1537,0.2085,3,1,5,1,0,1,28
593974,"Peralta, Wandy",CH,2022,18.7454,72,0.2604,0.2658,6,0,12,2,0,1,17
593974,"Peralta, Wandy",CH,2023,27.2567,79,0.345,0.3923,16,1,7,0,1,4,19
593974,"Peralta, Wandy",CH,2025,28.304,96,0.2948,0.2718,6,0,16,3,0,3,27
593974,"Peralta, Wandy",SI,2025,31.2004,104,0.3,0.3738,16,1,19,4,0,0,18
594577,"Mayers, Mike",FF,2022,27.5871,77,0.3583,0.3615,7,1,6,2,0,6,19
594580,"Moll, Sam",ST,2022,16.7992,81,0.2074,0.2116,3,0,4,3,0,3,30
594580,"Moll, Sam",ST,2023,13.3982,62,0.2161,0.216,5,5,4,3,0,0,20
594798,"deGrom, Jacob",FF,2022,24.0634,86,0.2798,0.2831,5,0,10,2,0,4,28
594798,"deGrom, Jacob",FF,2025,80.4512,266,0.3024,0.3023,16,3,24,9,0,15,68
594798,"deGrom, Jacob",SL,2022,16.1816,94,0.1721,0.1731,2,0,7,3,0,2,51
594798,"deGrom, Jacob",SL,2025,60.3906,231,0.2614,0.2913,13,0,29,7,1,7,64
594835,"Gonzales, Marco",CH,2022,75.9422,234,0.3245,0.2736,12,0,34,13,0,9,37
594835,"Gonzales, Marco",CH,2023,14.3671,63,0.228,0.2959,3,0,9,2,0,1,13
594835,"Gonzales, Marco",FC,2022,48.0107,119,0.4035,0.3674,4,1,19,12,0,5,7
594835,"Gonzales, Marco",FF,2022,76.2729,218,0.3499,0.3709,25,3,30,7,0,10,30
594902,"Lively, Ben",FF,2023,51.1744,95,0.5387,0.4764,10,1,21,4,0,9,9
594902,"Lively, Ben",FF,2024,42.0838,110,0.3826,0.3916,21,2,11,2,1,6,13
594902,"Lively, Ben",SI,2023,23.8422,74,0.3222,0.2754,4,2,14,1,0,3,22
594902,"Lively, Ben",SI,2024,48.8998,139,0.3518,0.2966,6,2,20,6,1,7,32
594902,"Lively, Ben",ST,2023,15.7114,63,0.2494,0.3315,4,0,7,2,0,2,16
594902,"Lively, Ben",ST,2024,18.3207,77,0.2379,0.2316,3,0,9,3,0,2,17
595345,"Okert, Steven",FF,2023,26.0053,74,0.3514,0.3526,5,2,12,2,1,3,17
595345,"Okert, Steven",FF,2025,24.8396,75,0.3312,0.3498,7,1,15,2,0,2,10
595345,"Okert, Steven",SL,2022,31.0124,106,0.2926,0.261,14,4,9,2,0,4,38
595345,"Okert, Steven",SL,2023,32.569,122,0.267,0.2273,10,0,12,7,0,3,45
595345,"Okert, Steven",SL,2024,14.3713,63,0.2281,0.2553,7,2,3,3,0,1,21
595345,"Okert, Steven",SL,2025,22.491,122,0.1844,0.2172,4,1,11,4,0,2,47
595881,"Beede, Tyler",CH,2022,14.3873,65,0.2213,0.2653,5,1,5,3,0,1,12
595881,"Beede, Tyler",FF,2022,22.9068,69,0.332,0.3658,7,0,18,1,0,1,4
596001,"Junis, Jakob",SI,2022,36.7556,90,0.4084,0.3711,5,1,20,7,1,2,12
596001,"Junis, Jakob",SI,2023,36.6623,69,0.5313,0.362,6,2,13,7,1,4,10
596001,"Junis, Jakob",SL,2022,52.9979,185,0.2865,0.2737,13,1,15,16,0,4,57
596001,"Junis, Jakob",SL,2023,56.0341,192,0.2918,0.2795,10,3,23,9,0,7,62
596001,"Junis, Jakob",SL,2024,13.3047,74,0.1798,0.27,3,0,3,3,0,2,17
596001,"Junis, Jakob",SL,2025,17.4665,74,0.236,0.2585,2,1,8,3,0,2,24
596057,"Norris, Daniel",FF,2022,25.4459,68,0.3742,0.371,11,1,5,3,0,4,14
596112,"Stephenson, Robert",FC,2023,13.6252,67,0.2034,0.1841,1,0,2,3,0,3,34
596112,"Stephenson, Robert",FF,2022,44.202,101,0.4376,0.3729,1,1,19,11,1,4,6
596112,"Stephenson, Robert",SL,2022,24.9658,95,0.2628,0.2682,7,0,8,3,0,4,39
596133,"Weaver, Luke",CH,2023,29.616,80,0.3702,0.3069,1,1,11,7,0,4,24
596133,"Weaver, Luke",CH,2024,16.8494,79,0.2133,0.2209,4,1,5,4,1,1,35
596133,"Weaver, Luke",FC,2024,21.8423,66,0.3309,0.3517,5,1,4,1,2,4,8
596133,"Weaver, Luke",FF,2022,32.3825,80,0.4048,0.405,8,3,13,9,0,1,20
596133,"Weaver, Luke",FF,2023,62.9151,164,0.3836,0.3449,18,2,19,10,0,9,35
596133,"Weaver, Luke",FF,2024,32.7971,113,0.2902,0.3135,14,1,12,3,0,4,34
596133,"Weaver, Luke",FF,2025,39.3555,116,0.3393,0.3202,9,0,15,5,0,6,31
596295,"Gomber, Austin",CH,2022,27.8864,80,0.3486,0.3152,4,0,17,1,0,4,10
596295,"Gomber, Austin",CH,2023,26.4537,82,0.3226,0.3144,4,0,15,5,0,2,4
596295,"Gomber, Austin",CH,2024,30.8553,100,0.3086,0.3161,3,0,21,3,0,3,10
596295,"Gomber, Austin",FF,2022,78.886,167,0.4724,0.4118,17,1,32,17,3,5,18
596295,"Gomber, Austin",FF,2023,92.9179,185,0.5023,0.4589,18,2,31,13,2,14,19
596295,"Gomber, Austin",FF,2024,82.8876,197,0.4207,0.412,20,1,23,10,3,13,23
596295,"Gomber, Austin",FF,2025,43.284,80,0.541,0.4263,5,0,13,9,0,7,5
596295,"Gomber, Austin",KC,2022,22.8772,82,0.279,0.2244,2,0,9,3,0,4,23
596295,"Gomber, Austin",KC,2023,20.358,82,0.2483,0.252,3,0,10,4,0,2,30
596295,"Gomber, Austin",KC,2024,35.3846,148,0.2391,0.2574,6,0,16,10,0,2,42
596295,"Gomber, Austin",SL,2022,29.8826,117,0.2554,0.3178,6,0,16,4,0,3,28
596295,"Gomber, Austin",SL,2023,25.0936,76,0.3302,0.3456,2,1,14,5,0,2,7
596295,"Gomber, Austin",SL,2024,41.3243,105,0.3936,0.3721,6,0,13,7,0,7,17
598287,"Ramirez, Noé",CH,2022,22.1413,61,0.363,0.3007,5,2,10,2,1,2,17
598287,"Ramirez, Noé",FF,2022,24.0644,60,0.4011,0.4015,15,0,6,2,0,3,15
600917,"Leclerc, José",FF,2022,26.7149,67,0.3987,0.3796,13,3,8,4,0,2,12
600917,"Leclerc, José",FF,2023,17.5413,61,0.2876,0.3502,11,0,6,1,0,2,15
600917,"Leclerc, José",FF,2024,16.675,61,0.2734,0.3263,9,2,6,2,0,1,16
600917,"Leclerc, José",SL,2022,15.0546,68,0.2214,0.1798,2,0,7,4,0,1,24
600917,"Leclerc, José",SL,2024,24.3186,81,0.3002,0.2573,2,0,12,6,0,2,36
600921,"Machado, Andrés",FF,2022,37.158,79,0.4704,0.3975,5,0,11,9,0,5,17
600921,"Machado, Andrés",SI,2022,13.3379,62,0.2151,0.3434,9,1,9,0,0,0,5
601713,"Pivetta, Nick",CU,2023,35.4397,115,0.3082,0.3273,4,1,15,4,0,6,35
601713,"Pivetta, Nick",CU,2025,28.7335,103,0.279,0.3462,4,0,13,6,0,3,19
601713,"Pivetta, Nick",FC,2022,19.364,89,0.2176,0.2685,7,0,7,5,0,1,17
601713,"Pivetta, Nick",FF,2022,104.092,285,0.3652,0.3482,37,2,29,23,0,10,58
601713,"Pivetta, Nick",FF,2023,76.8922,248,0.31,0.3157,25,4,21,12,1,10,75
601713,"Pivetta, Nick",FF,2024,69.6725,215,0.3241,0.3279,18,0,30,11,1,7,57
601713,"Pivetta, Nick",FF,2025,68.2399,253,0.2697,0.3156,22,1,28,5,0,10,72
601713,"Pivetta, Nick",KC,2022,48.3034,147,0.3286,0.3008,9,0,27,4,0,6,37
601713,"Pivetta, Nick",ST,2024,39.968,134,0.2983,0.2269,2,0,16,4,0,8,48
601713,"Pivetta, Nick",ST,2025,16.9513,85,0.1994,0.2091,4,0,10,1,0,2,29
605121,"Anderson, Justin",SL,2024,25.9498,80,0.3244,0.3186,7,1,10,4,0,3,26
605130,"Barlow, Scott",CU,2023,12.7432,60,0.2124,0.2282,4,0,6,4,0,0,22
605130,"Barlow, Scott",SL,2022,24.632,84,0.2932,0.2599,7,0,14,1,0,3,22
605130,"Barlow, Scott",SL,2023,12.804,72,0.1778,0.1983,5,1,6,0,1,1,24
605130,"Barlow, Scott",SL,2024,19.0111,74,0.2569,0.2676,14,0,5,5,0,0,21
605130,"Barlow, Scott",ST,2025,13.9068,63,0.2207,0.2321,5,0,4,2,0,2,24
605135,"Bassitt, Chris",CU,2022,12.4256,75,0.1657,0.2064,3,2,8,2,0,0,19
605135,"Bassitt, Chris",CU,2024,25.5508,77,0.3318,0.3623,7,3,11,4,0,2,15
605135,"Bassitt, Chris",CU,2025,21.7302,73,0.2977,0.2712,6,3,6,2,2,2,17
605135,"Bassitt, Chris",FC,2022,33.5482,109,0.3078,0.289,7,1,14,2,1,5,29
605135,"Bassitt, Chris",FC,2023,42.8138,89,0.4811,0.3532,6,1,13,8,0,7,25
605135,"Bassitt, Chris",FC,2024,28.166,111,0.2537,0.2895,9,3,13,2,0,3,32
605135,"Bassitt, Chris",FC,2025,31.6473,107,0.2958,0.3014,7,1,11,4,0,5,38
605135,"Bassitt, Chris",FF,2022,27.1602,101,0.2689,0.2521,4,2,19,2,0,2,42
605135,"Bassitt, Chris",SI,2022,70.7191,215,0.3289,0.3428,21,3,43,6,0,5,17
605135,"Bassitt, Chris",SI,2023,76.0278,256,0.297,0.3218,22,0,37,15,0,5,44
605135,"Bassitt, Chris",SI,2024,97.636,270,0.3616,0.3489,35,2,63,10,0,4,49
605135,"Bassitt, Chris",SI,2025,74.8818,211,0.3549,0.3655,15,4,45,12,0,4,34
605135,"Bassitt, Chris",ST,2023,18.512,62,0.2986,0.217,3,2,5,3,0,3,28
605154,"Brebbia, John",FF,2022,27.2897,89,0.3066,0.2568,4,0,9,4,1,4,30
605154,"Brebbia, John",FF,2024,25.2285,93,0.2713,0.3082,7,2,10,3,0,3,35
605154,"Brebbia, John",SL,2022,46.3908,137,0.3386,0.2829,8,0,21,13,2,1,17
605154,"Brebbia, John",SL,2023,29.223,80,0.3653,0.3082,4,0,6,4,1,6,19
605154,"Brebbia, John",SL,2024,48.7003,106,0.4594,0.383,9,1,19,7,0,7,23
605164,"Bundy, Dylan",CH,2022,38.0502,109,0.3491,0.3413,0,0,20,10,0,3,11
605164,"Bundy, Dylan",FF,2022,51.4116,152,0.3382,0.3507,12,1,27,5,1,5,21
605164,"Bundy, Dylan",SL,2022,44.9306,109,0.4122,0.3049,6,0,22,4,0,7,33
605177,"Chafin, Andrew",SI,2022,31.4504,87,0.3615,0.311,5,1,22,2,1,2,9
605177,"Chafin, Andrew",SI,2023,29.4858,77,0.3829,0.3454,7,1,10,4,2,3,9
605177,"Chafin, Andrew",SI,2024,29.3609,66,0.4449,0.3482,8,0,25,1,0,1,4
605177,"Chafin, Andrew",SL,2022,9.0433,67,0.135,0.1757,3,1,5,0,0,1,37
605177,"Chafin, Andrew",SL,2023,8.7143,67,0.1301,0.1623,7,0,4,1,0,0,39
605177,"Chafin, Andrew",SL,2024,15.0363,78,0.1928,0.1835,6,0,6,3,0,1,42
605182,"Clevinger, Mike",FF,2022,36.2149,120,0.3018,0.3498,11,2,15,3,1,4,24
605182,"Clevinger, Mike",FF,2023,88.6759,232,0.3822,0.338,22,3,36,15,1,9,45
605182,"Clevinger, Mike",SL,2023,32.6029,120,0.2717,0.2859,11,0,14,4,1,3,26
605194,"Cotton, Jharel",CH,2022,27.8634,84,0.3317,0.2788,11,0,7,4,0,4,27
605200,"Davies, Zach",CH,2022,40.3236,166,0.2429,0.2589,11,0,19,4,0,5,36
605200,"Davies, Zach",CH,2023,31.0916,91,0.3417,0.2948,6,0,14,5,1,3,25
605200,"Davies, Zach",SI,2022,73.6814,185,0.3983,0.3773,20,1,28,8,1,10,30
605200,"Davies, Zach",SI,2023,41.5238,95,0.4371,0.4287,12,1,19,8,0,3,7
605218,"Edwards Jr., Carl",FF,2022,38.4412,124,0.31,0.2856,13,0,17,3,0,5,34
605218,"Edwards Jr., Carl",FF,2023,21.4416,62,0.3458,0.3304,7,1,12,5,0,0,10
605242,"Fulmer, Michael",FC,2022,31.5254,119,0.2649,0.2821,7,1,17,6,1,1,26
605280,"Holmes, Clay",CH,2025,19.4815,90,0.2165,0.2748,5,0,15,3,0,0,24
605280,"Holmes, Clay",SI,2022,35.9249,127,0.2829,0.2818,11,5,17,7,0,1,29
605280,"Holmes, Clay",SI,2023,46.2586,146,0.3168,0.3051,19,1,28,7,1,0,22
605280,"Holmes, Clay",SI,2024,42.9933,120,0.3583,0.3423,11,2,28,7,0,1,17
605280,"Holmes, Clay",SI,2025,95.3175,277,0.3441,0.3725,38,6,49,12,0,5,31
605280,"Holmes, Clay",SL,2025,21.8301,65,0.3358,0.3668,2,0,10,0,0,5,13
605280,"Holmes, Clay",ST,2025,31.1444,106,0.2938,0.2821,6,3,13,6,1,2,28
605288,"Houser, Adrian",FF,2023,20.1706,75,0.2689,0.2752,6,0,8,6,1,0,20
605288,"Houser, Adrian",SI,2022,80.4293,227,0.3543,0.3773,26,2,39,16,1,3,25
605288,"Houser, Adrian",SI,2023,69.7258,226,0.3085,0.3278,17,0,46,7,0,5,47
605288,"Houser, Adrian",SI,2024,38.6641,106,0.3648,0.3433,10,4,19,7,0,2,15
605288,"Houser, Adrian",SI,2025,63.6837,177,0.3598,0.3384,16,2,35,9,1,4,21
605347,"López, Jorge",SI,2022,26.3134,102,0.258,0.2885,13,2,13,3,0,1,17
605347,"López, Jorge",SI,2023,24.6109,69,0.3567,0.3665,7,4,11,3,0,2,2
605397,"Musgrove, Joe",CU,2022,32.6047,104,0.3135,0.264,9,5,12,3,0,4,36
605397,"Musgrove, Joe",CU,2024,18.0289,61,0.2956,0.3326,5,2,9,1,0,2,20
605397,"Musgrove, Joe",FC,2022,28.6766,85,0.3374,0.29,5,2,7,8,0,3,4
605397,"Musgrove, Joe",FC,2024,24.229,77,0.3147,0.3163,4,0,17,2,0,2,12
605397,"Musgrove, Joe",FF,2022,35.9228,129,0.2785,0.2598,3,0,17,9,0,3,35
605397,"Musgrove, Joe",FF,2023,19.2539,70,0.2751,0.3111,5,2,12,2,0,1,14
605397,"Musgrove, Joe",FF,2024,28.2523,80,0.3532,0.3729,5,2,12,3,0,4,18
605397,"Musgrove, Joe",SL,2022,42.399,137,0.3095,0.299,5,5,18,5,1,5,44
605397,"Musgrove, Joe",ST,2024,21.8866,72,0.304,0.2578,5,3,5,4,0,3,23
605400,"Nola, Aaron",CH,2022,26.1717,85,0.3079,0.2848,1,1,17,6,0,1,17
605400,"Nola, Aaron",FF,2022,51.8912,183,0.2836,0.2736,9,2,17,8,0,8,53
605400,"Nola, Aaron",FF,2023,48.9359,135,0.3625,0.3038,11,1,11,12,1,6,34
605400,"Nola, Aaron",FF,2024,44.5436,169,0.2636,0.2808,23,1,12,6,0,5,42
605400,"Nola, Aaron",FF,2025,30.7055,67,0.4583,0.3983,6,1,7,3,1,6,11
605400,"Nola, Aaron",KC,2022,52.4997,184,0.2853,0.2277,3,4,25,13,1,3,63
605400,"Nola, Aaron",KC,2023,47.884,171,0.28,0.2666,10,0,22,5,0,7,54
605400,"Nola, Aaron",KC,2024,67.574,249,0.2714,0.2506,8,0,33,10,1,8,77
605400,"Nola, Aaron",KC,2025,34.582,92,0.3759,0.3152,7,0,16,4,1,4,30
605400,"Nola, Aaron",SI,2022,27.4707,140,0.1962,0.2443,8,1,17,4,0,1,41
605400,"Nola, Aaron",SI,2023,37.837,112,0.3378,0.342,8,0,23,5,0,3,19
605400,"Nola, Aaron",SI,2024,52.3654,148,0.3538,0.3192,5,1,31,4,0,7,30
605447,"Romano, Jordan",FF,2022,14.3919,75,0.1919,0.2602,7,1,10,1,0,0,23
605447,"Romano, Jordan",FF,2023,22.6386,62,0.3651,0.3318,8,0,8,3,0,3,19
605447,"Romano, Jordan",SL,2022,20.8372,87,0.2395,0.3025,6,2,13,2,0,1,23
605447,"Romano, Jordan",SL,2023,23.8454,96,0.2484,0.2643,5,1,16,2,1,1,28
605447,"Romano, Jordan",SL,2025,29.8643,75,0.3982,0.3023,5,0,11,4,0,5,17
605452,"Ross, Joe",SI,2024,34.1088,107,0.3188,0.3227,11,1,20,4,0,2,14
605452,"Ross, Joe",SL,2024,27.942,100,0.2794,0.3101,9,0,18,2,0,2,20
605463,"Scott, Tayler",FF,2024,26.0492,98,0.2658,0.255,16,1,5,2,1,3,31
605483,"Snell, Blake",CH,2023,26.6635,117,0.2279,0.2715,12,0,13,3,0,2,20
605483,"Snell, Blake",CH,2024,16.1329,60,0.2689,0.2784,5,0,8,3,0,1,14
605483,"Snell, Blake",CU,2022,19.3242,71,0.2722,0.2331,5,0,7,4,0,2,31
605483,"Snell, Blake",CU,2023,19.9112,155,0.1285,0.1411,8,0,8,1,0,3,99
605483,"Snell, Blake",CU,2024,16.1871,94,0.1722,0.1562,8,0,6,3,0,1,52
605483,"Snell, Blake",FF,2022,83.0173,241,0.3445,0.3318,33,1,35,11,2,6,55
605483,"Snell, Blake",FF,2023,106.0553,299,0.3547,0.4099,54,2,42,16,0,7,58
605483,"Snell, Blake",FF,2024,34.2945,127,0.27,0.2888,16,0,14,3,1,3,33
605483,"Snell, Blake",FF,2025,26.1087,68,0.384,0.3654,6,0,15,2,0,3,16
605483,"Snell, Blake",SL,2022,25.4505,120,0.2121,0.2013,3,1,12,4,0,3,59
605483,"Snell, Blake",SL,2023,16.8883,72,0.2346,0.2612,6,1,5,1,0,3,30
605488,"Springs, Jeffrey",CH,2022,34.5202,155,0.2227,0.2163,6,0,26,5,0,1,46
605488,"Springs, Jeffrey",CH,2025,52.0293,169,0.3079,0.2845,8,0,25,5,0,8,41
605488,"Springs, Jeffrey",FF,2022,36.3041,114,0.3185,0.3428,9,0,15,3,1,5,32
605488,"Springs, Jeffrey",FF,2025,66.0316,204,0.3237,0.3343,16,1,28,15,0,5,38
605488,"Springs, Jeffrey",SL,2022,25.6664,86,0.2984,0.3251,4,1,11,3,1,3,12
605488,"Springs, Jeffrey",SL,2025,35.8487,98,0.3658,0.3836,10,1,12,7,0,4,15
605507,"Thompson, Zach",CU,2022,25.2936,92,0.2749,0.2367,5,2,11,5,0,2,37
605507,"Thompson, Zach",FC,2022,47.0687,124,0.3796,0.3509,7,0,23,5,1,6,20
605507,"Thompson, Zach",FF,2022,19.9947,61,0.3278,0.3875,7,1,9,2,0,2,10
605507,"Thompson, Zach",SI,2022,43.8934,131,0.3351,0.3591,14,0,30,6,0,1,4
605513,"Turnbull, Spencer",FF,2024,25.115,70,0.3588,0.3914,11,0,10,4,0,2,12
605521,"Warren, Art",SL,2022,18.48,78,0.2369,0.3062,6,0,12,0,0,2,23
605538,"Wisler, Matt",SL,2022,25.7758,87,0.2963,0.3032,6,0,6,7,0,3,14
605540,"Woodruff, Brandon",FF,2022,50.3152,189,0.2662,0.2579,20,1,15,8,1,5,74
605540,"Woodruff, Brandon",FF,2023,22.945,80,0.2868,0.2371,7,2,3,4,0,4,38
605540,"Woodruff, Brandon",FF,2025,23.6305,94,0.2514,0.2299,6,1,8,4,0,3,48
605540,"Woodruff, Brandon",SI,2022,29.0274,101,0.2874,0.3358,6,4,18,4,0,1,16
605540,"Woodruff, Brandon",SI,2025,21.0842,62,0.3401,0.3111,4,0,12,1,0,3,9
606149,"Gallegos, Giovanny",FF,2022,17.9522,70,0.2565,0.2742,6,0,6,5,0,1,17
606149,"Gallegos, Giovanny",FF,2023,25.8787,79,0.3276,0.3258,3,0,15,5,0,2,17
606149,"Gallegos, Giovanny",SL,2022,21.0392,85,0.2475,0.2471,8,0,12,1,0,2,29
606149,"Gallegos, Giovanny",SL,2023,27.6738,84,0.3294,0.3273,5,0,7,5,0,5,27
606160,"Montero, Rafael",CH,2023,18.0841,61,0.2965,0.2748,7,0,13,1,1,0,14
606160,"Montero, Rafael",FF,2022,20.0345,80,0.2504,0.2674,9,1,9,3,0,1,28
606160,"Montero, Rafael",FF,2023,31.8926,93,0.3429,0.3279,13,1,12,3,0,4,31
606160,"Montero, Rafael",FF,2025,18.5105,60,0.3085,0.3978,10,0,9,2,0,1,10
606160,"Montero, Rafael",FS,2025,22.1791,80,0.2772,0.2793,14,0,6,3,0,2,19
606303,"Payamps, Joel",SL,2022,21.382,78,0.2741,0.298,2,1,15,2,1,1,20
606303,"Payamps, Joel",SL,2023,18.8074,82,0.2294,0.229,2,1,13,1,0,2,29
606303,"Payamps, Joel",SL,2024,18.1991,60,0.3033,0.2933,4,0,6,3,1,2,16
606424,"García, Jarlín",CH,2022,23.6714,78,0.3035,0.2842,2,0,13,3,0,3,17
606424,"García, Jarlín",FF,2022,34.6473,102,0.3397,0.331,9,0,13,3,1,5,24
606424,"García, Jarlín",SL,2022,15.1621,67,0.2263,0.2797,4,1,8,4,0,0,11
606625,"Moronta, Reyes",FF,2022,30.3484,80,0.3794,0.3365,11,1,7,4,1,4,11
606930,"Barnes, Jacob",FC,2024,29.7024,92,0.3229,0.3266,3,0,18,4,0,3,18
606930,"Barnes, Jacob",FF,2024,31.1042,90,0.3456,0.3593,8,0,10,6,0,4,16
606965,"Devenski, Chris",CH,2023,20.9047,78,0.268,0.2666,2,0,14,1,1,2,22
607067,"Rea, Colin",FC,2023,45.1831,103,0.4387,0.4091,17,0,10,6,1,7,7
607067,"Rea, Colin",FC,2024,45.0217,98,0.4594,0.4201,10,0,13,3,1,9,11
607067,"Rea, Colin",FF,2023,12.7775,77,0.1659,0.2796,2,2,5,1,0,2,32
607067,"Rea, Colin",FF,2024,24.9224,96,0.2596,0.3012,7,3,10,6,0,1,33
607067,"Rea, Colin",FF,2025,78.9629,215,0.3673,0.3554,18,1,31,15,1,8,34
607067,"Rea, Colin",SI,2023,42.5639,145,0.2935,0.3302,10,1,23,4,1,4,24
607067,"Rea, Colin",SI,2024,57.3784,148,0.3877,0.3813,13,1,28,8,0,6,17
607067,"Rea, Colin",ST,2024,7.0612,71,0.0995,0.1917,1,1,7,0,0,0,23
607074,"Rodón, Carlos",CH,2024,15.6138,78,0.2002,0.2287,5,0,9,2,0,1,20
607074,"Rodón, Carlos",CH,2025,24.7289,120,0.2061,0.2648,6,0,16,4,0,1,24
607074,"Rodón, Carlos",FF,2022,106.0932,395,0.2686,0.2647,38,0,40,22,0,8,128
607074,"Rodón, Carlos",FF,2023,64.7918,167,0.388,0.3851,18,1,24,7,0,10,28
607074,"Rodón, Carlos",FF,2024,103.3355,283,0.3651,0.3805,32,0,41,7,2,15,49
607074,"Rodón, Carlos",FF,2025,82.2991,239,0.3443,0.348,36,0,26,11,0,10,45
607074,"Rodón, Carlos",SL,2022,38.3816,207,0.1854,0.2058,10,2,28,4,0,1,84
607074,"Rodón, Carlos",SL,2023,23.5552,80,0.2944,0.2634,8,1,8,5,0,2,31
607074,"Rodón, Carlos",SL,2024,52.5912,186,0.2827,0.2272,8,8,15,10,1,6,78
607074,"Rodón, Carlos",SL,2025,41.189,192,0.2145,0.2395,15,4,13,5,0,5,75
607179,"Weems, Jordan",FF,2022,31.7558,85,0.3736,0.3137,7,0,7,4,2,5,17
607179,"Weems, Jordan",FF,2023,25.648,65,0.3946,0.3889,8,2,4,0,1,6,15
607179,"Weems, Jordan",FF,2024,31.5355,99,0.3185,0.3265,13,1,15,3,1,2,17
607179,"Weems, Jordan",SL,2023,16.8149,61,0.2757,0.2651,5,0,4,6,0,1,20
607192,"Glasnow, Tyler",CU,2023,13.3882,86,0.1557,0.1485,1,0,3,4,0,2,56
607192,"Glasnow, Tyler",CU,2024,7.4093,69,0.1074,0.1217,0,0,4,3,0,0,40
607192,"Glasnow, Tyler",CU,2025,8.2495,77,0.1071,0.1555,0,0,5,3,0,0,43
607192,"Glasnow, Tyler",FF,2023,55.1042,177,0.3113,0.3321,21,1,22,6,2,5,50
607192,"Glasnow, Tyler",FF,2024,56.2668,173,0.3252,0.3012,18,0,18,8,0,8,48
607192,"Glasnow, Tyler",FF,2025,41.7267,126,0.3312,0.3258,22,1,8,5,0,6,21
607192,"Glasnow, Tyler",SI,2025,21.134,68,0.3108,0.3627,13,1,9,4,0,0,16
607192,"Glasnow, Tyler",SL,2023,34.7678,119,0.2922,0.3422,7,0,20,5,0,3,25
607192,"Glasnow, Tyler",SL,2024,27.2681,103,0.2647,0.2699,5,0,11,3,2,3,37
607192,"Glasnow, Tyler",SL,2025,18.6484,62,0.3008,0.3323,4,1,7,0,0,4,18
607200,"Fedde, Erick",CH,2024,28.7481,95,0.3026,0.2804,6,0,14,5,1,2,21
607200,"Fedde, Erick",CH,2025,17.9217,61,0.2938,0.3556,7,2,8,3,1,0,4
607200,"Fedde, Erick",CU,2022,47.574,132,0.3604,0.3277,14,0,27,5,0,4,27
607200,"Fedde, Erick",FC,2022,49.2742,140,0.352,0.3397,11,0,19,5,0,8,26
607200,"Fedde, Erick",FC,2024,55.3365,177,0.3126,0.3082,14,0,27,9,0,5,38
607200,"Fedde, Erick",FC,2025,58.7379,134,0.4383,0.3658,6,0,27,10,1,7,18
607200,"Fedde, Erick",SI,2022,74.4278,189,0.3938,0.3791,21,0,40,10,0,6,21
607200,"Fedde, Erick",SI,2024,49.7586,176,0.2827,0.3138,10,2,30,8,1,2,46
607200,"Fedde, Erick",SI,2025,68.8336,175,0.3933,0.3958,22,1,37,9,0,5,22
607200,"Fedde, Erick",ST,2024,26.5537,111,0.2392,0.2448,4,1,9,5,1,3,26
607200,"Fedde, Erick",ST,2025,33.3872,122,0.2737,0.3013,11,0,14,4,0,4,25
607216,"Krehbiel, Joey",FF,2022,20.2545,60,0.3376,0.3235,5,1,6,3,0,3,9
607237,"Garrett, Amir",SL,2022,20.5352,90,0.2282,0.2527,11,1,9,3,1,0,26
607259,"Martinez, Nick",CH,2022,17.5095,77,0.2274,0.2492,7,1,6,2,0,2,24
607259,"Martinez, Nick",CH,2023,15.1985,92,0.1652,0.1878,3,0,10,2,0,1,37
607259,"Martinez, Nick",CH,2024,23.2804,101,0.2305,0.2008,2,0,14,4,0,2,34
607259,"Martinez, Nick",CH,2025,23.7773,92,0.2584,0.2469,3,1,7,6,0,3,23
607259,"Martinez, Nick",FC,2024,29.4227,88,0.3343,0.2782,1,0,18,7,1,1,13
607259,"Martinez, Nick",FC,2025,43.4784,115,0.3781,0.3942,16,1,14,7,0,5,16
607259,"Martinez, Nick",FF,2022,49.5008,98,0.5051,0.3696,9,0,17,9,0,7,17
607259,"Martinez, Nick",FF,2024,22.9599,88,0.2609,0.2478,5,1,10,5,1,1,20
607259,"Martinez, Nick",FF,2025,29.8317,97,0.3075,0.3225,2,0,19,4,0,3,13
607259,"Martinez, Nick",SI,2023,22.0435,81,0.2721,0.3283,4,1,23,0,0,0,10
607259,"Martinez, Nick",SI,2024,20.9542,73,0.287,0.3059,3,3,11,6,0,0,8
607259,"Martinez, Nick",SI,2025,29.4105,91,0.3232,0.29,4,2,11,5,0,4,16
607455,"Banda, Anthony",SL,2025,14.584,86,0.1696,0.2442,7,1,4,3,0,1,29
607481,"Bummer, Aaron",CU,2025,18.2051,76,0.2395,0.3016,1,5,6,7,0,0,20
607481,"Bummer, Aaron",SI,2023,32.6574,91,0.3589,0.3639,13,3,12,8,0,1,7
607481,"Bummer, Aaron",SI,2024,32.2733,77,0.4191,0.3247,8,1,18,7,0,1,5
607481,"Bummer, Aaron",SI,2025,21.1536,64,0.3305,0.337,4,1,14,3,0,1,7
607481,"Bummer, Aaron",ST,2023,22.8555,91,0.2512,0.2433,9,2,9,3,0,2,36
607481,"Bummer, Aaron",ST,2024,13.7172,73,0.1879,0.1717,0,0,11,2,1,0,40
607536,"Freeland, Kyle",CH,2022,28.9276,72,0.4018,0.395,3,0,18,7,0,1,3
607536,"Freeland, Kyle",FC,2025,33.0739,77,0.4295,0.423,2,0,18,2,1,5,6
607536,"Freeland, Kyle",FF,2022,44.56,121,0.3683,0.3467,11,0,21,5,2,4,9
607536,"Freeland, Kyle",FF,2023,23.8158,61,0.3904,0.3199,2,0,9,4,0,4,0
607536,"Freeland, Kyle",FF,2024,29.0563,71,0.4092,0.364,4,0,13,3,1,4,5
607536,"Freeland, Kyle",FF,2025,83.8548,194,0.4322,0.393,9,0,42,13,2,9,21
607536,"Freeland, Kyle",KC,2022,25.8416,111,0.2328,0.2514,6,3,13,2,1,2,41
607536,"Freeland, Kyle",KC,2023,28.6527,90,0.3184,0.2681,7,0,13,3,0,4,30
607536,"Freeland, Kyle",KC,2024,12.5379,77,0.1628,0.1799,2,1,8,3,0,0,38
607536,"Freeland, Kyle",KC,2025,33.8857,153,0.2215,0.2613,11,3,18,6,0,1,46
607536,"Freeland, Kyle",SI,2022,36.3965,101,0.3604,0.34,5,5,17,9,2,0,8
607536,"Freeland, Kyle",SI,2023,60.9369,147,0.4145,0.4284,13,0,33,7,1,6,11
607536,"Freeland, Kyle",SI,2024,40.8546,94,0.4346,0.3858,8,0,17,2,1,7,12
607536,"Freeland, Kyle",SL,2022,42.6085,102,0.4177,0.3763,9,1,14,9,0,5,25
607536,"Freeland, Kyle",SL,2023,31.8076,86,0.3699,0.3637,6,0,8,7,0,5,7
607536,"Freeland, Kyle",SL,2024,33.9771,76,0.4471,0.3951,3,0,12,5,3,4,11
607536,"Freeland, Kyle",ST,2025,26.9847,92,0.2933,0.2777,3,2,18,3,0,2,30
607625,"Lugo, Seth",CU,2022,12.6854,60,0.2114,0.2643,1,2,5,3,0,1,17
607625,"Lugo, Seth",CU,2023,25.7892,102,0.2528,0.3141,5,0,21,4,0,0,23
607625,"Lugo, Seth",CU,2024,28.1999,126,0.2238,0.24,5,3,15,3,1,2,50
607625,"Lugo, Seth",CU,2025,25.7921,77,0.335,0.379,4,1,12,4,0,3,18
607625,"Lugo, Seth",FC,2025,25.7301,60,0.4288,0.3616,10,1,11,2,0,3,18
607625,"Lugo, Seth",FF,2023,32.3821,111,0.2917,0.3274,9,1,15,5,0,3,34
607625,"Lugo, Seth",FF,2024,57.4851,188,0.3058,0.3286,17,0,24,9,3,4,40
607625,"Lugo, Seth",FF,2025,33.551,94,0.3569,0.3763,8,1,8,0,1,8,16
607625,"Lugo, Seth",SI,2023,26.5587,91,0.2919,0.2805,11,0,9,4,0,3,17
607625,"Lugo, Seth",SI,2024,56.006,179,0.3129,0.3356,13,1,34,8,2,2,24
607625,"Lugo, Seth",SI,2025,22.2333,72,0.3088,0.3386,4,1,11,2,0,3,15
607625,"Lugo, Seth",SL,2024,22.8122,79,0.2888,0.3301,3,1,9,4,0,3,12
607625,"Lugo, Seth",SV,2024,22.1946,97,0.2288,0.2437,3,1,14,6,0,0,22
607755,"Vasquez, Andrew",SL,2023,46.3735,144,0.322,0.2813,12,3,27,3,2,3,31
608032,"Estévez, Carlos",FF,2022,39.5799,130,0.3045,0.33,17,0,13,5,1,4,28
608032,"Estévez, Carlos",FF,2023,40.105,128,0.3133,0.3235,15,3,19,3,0,4,40
608032,"Estévez, Carlos",FF,2024,23.7554,82,0.2897,0.3381,5,0,13,0,0,4,17
608032,"Estévez, Carlos",FF,2025,24.9699,84,0.2973,0.3539,7,1,8,5,1,2,23
608328,"De Jong, Chase",FF,2022,40.2058,113,0.3558,0.3814,18,2,6,6,0,6,9
608328,"De Jong, Chase",SL,2022,18.9308,86,0.2201,0.2316,5,2,5,4,0,2,32
608331,"Fried, Max",CH,2022,16.0734,85,0.1891,0.2129,0,0,13,2,0,1,29
608331,"Fried, Max",CH,2024,13.4545,72,0.1869,0.2646,3,0,7,3,1,0,14
608331,"Fried, Max",CH,2025,17.5091,64,0.2736,0.3135,4,0,12,2,0,1,5
608331,"Fried, Max",CU,2022,19.7941,94,0.2106,0.2017,2,1,15,4,0,0,35
608331,"Fried, Max",CU,2024,26.258,107,0.2454,0.2401,5,1,9,2,0,5,45
608331,"Fried, Max",CU,2025,21.8138,98,0.2226,0.2182,2,0,11,3,0,3,43
608331,"Fried, Max",FC,2025,35.3788,98,0.361,0.3514,13,1,16,7,1,1,6
608331,"Fried, Max",FF,2022,59.8375,198,0.3022,0.3207,14,1,38,5,0,5,24
608331,"Fried, Max",FF,2023,30.4666,95,0.3207,0.3098,7,1,19,2,0,3,16
608331,"Fried, Max",FF,2024,55.7039,196,0.2842,0.3287,28,2,32,3,0,3,27
608331,"Fried, Max",FF,2025,52.7431,196,0.2691,0.2971,15,1,23,6,2,5,46
608331,"Fried, Max",SI,2022,22.4275,84,0.267,0.2524,3,0,16,4,1,0,14
608331,"Fried, Max",SI,2024,25.13,100,0.2513,0.314,7,0,22,2,0,0,18
608331,"Fried, Max",SI,2025,37.0656,112,0.3309,0.297,7,2,20,2,4,2,22
608331,"Fried, Max",SL,2022,34.9353,104,0.3359,0.2992,5,2,16,4,1,4,26
608334,"Fulmer, Carson",CH,2024,26.6235,90,0.2958,0.2649,8,0,12,7,0,1,20
608334,"Fulmer, Carson",FF,2024,24.2215,66,0.367,0.354,6,1,7,5,0,3,17
608334,"Fulmer, Carson",SI,2024,20.95,64,0.3273,0.3615,7,1,13,4,0,0,2
608337,"Giolito, Lucas",CH,2022,53.2516,162,0.3287,0.267,16,1,18,10,1,5,56
608337,"Giolito, Lucas",CH,2023,45.181,153,0.2953,0.2867,15,3,16,4,2,5,45
608337,"Giolito, Lucas",CH,2025,22.989,99,0.2322,0.2803,7,0,8,4,1,2,24
608337,"Giolito, Lucas",FF,2022,97.4467,263,0.3705,0.345,25,1,47,13,0,10,49
608337,"Giolito, Lucas",FF,2023,94.2948,233,0.4047,0.3641,21,3,28,6,4,17,55
608337,"Giolito, Lucas",FF,2025,69.8383,214,0.3263,0.3785,19,1,40,11,0,4,36
608337,"Giolito, Lucas",SL,2022,51.2748,148,0.3465,0.3137,5,1,22,9,1,6,33
608337,"Giolito, Lucas",SL,2023,55.7282,160,0.3483,0.3163,9,0,21,10,0,8,40
608337,"Giolito, Lucas",SL,2025,28.3812,121,0.2346,0.2924,7,0,20,2,0,2,32
608344,"Irvin, Cole",CH,2022,32.036,125,0.2563,0.2917,6,0,21,8,0,0,10
608344,"Irvin, Cole",CH,2024,22.1757,74,0.2997,0.3591,0,1,13,1,1,3,10
608344,"Irvin, Cole",CU,2022,44.6359,107,0.4172,0.3431,1,1,18,6,0,8,19
608344,"Irvin, Cole",CU,2024,28.1856,91,0.3097,0.3011,3,2,15,8,1,0,15
608344,"Irvin, Cole",FF,2022,53.9599,186,0.2901,0.3091,10,2,26,6,1,6,51
608344,"Irvin, Cole",FF,2023,22.5055,63,0.3572,0.3413,5,0,8,1,1,4,17
608344,"Irvin, Cole",FF,2024,46.8537,109,0.4299,0.4352,11,1,13,9,1,6,19
608344,"Irvin, Cole",SI,2022,42.9852,132,0.3256,0.3619,10,1,26,4,1,3,10
608344,"Irvin, Cole",SI,2024,36.7504,99,0.3712,0.3564,11,1,18,4,1,3,13
608349,"Knebel, Corey",FF,2022,28.7952,99,0.2909,0.3139,18,1,11,3,1,1,13
608371,"Sims, Lucas",FF,2023,22.8319,86,0.2655,0.3071,15,3,7,3,0,1,24
608371,"Sims, Lucas",FF,2024,27.1425,62,0.4378,0.3512,13,1,7,1,1,4,13
608371,"Sims, Lucas",ST,2023,28.9812,90,0.322,0.3087,12,3,6,8,1,1,22
608371,"Sims, Lucas",ST,2024,18.6355,66,0.2824,0.2993,5,0,8,3,0,2,18
608372,"Sugano, Tomoyuki",FC,2025,20.6043,64,0.3219,0.429,3,2,9,2,0,3,2
608372,"Sugano, Tomoyuki",FF,2025,33.1572,90,0.3684,0.4165,6,3,15,4,0,4,16
608372,"Sugano, Tomoyuki",FS,2025,27.7308,119,0.233,0.3038,3,1,18,4,0,2,37
608372,"Sugano, Tomoyuki",SI,2025,30.9688,76,0.4075,0.4493,10,1,13,1,0,5,8
608372,"Sugano, Tomoyuki",ST,2025,27.3363,96,0.2848,0.2787,2,0,16,4,0,3,11
608379,"Wacha, Michael",CH,2022,37.5934,160,0.235,0.2398,12,0,15,4,0,5,60
608379,"Wacha, Michael",CH,2023,41.0075,150,0.2734,0.2403,6,0,18,13,0,2,49
608379,"Wacha, Michael",CH,2024,52.8803,223,0.2371,0.2312,9,2,20,9,0,7,68
608379,"Wacha, Michael",CH,2025,38.1337,176,0.2167,0.2636,12,2,20,7,2,0,37
608379,"Wacha, Michael",FC,2022,20.6028,67,0.3075,0.3706,1,0,10,3,0,3,4
608379,"Wacha, Michael",FC,2024,25.0629,73,0.3433,0.3638,6,0,15,3,0,2,8
608379,"Wacha, Michael",FC,2025,31.7778,82,0.3875,0.3957,4,1,11,9,0,3,3
608379,"Wacha, Michael",FF,2022,67.7366,170,0.3985,0.3863,13,1,24,10,3,8,30
608379,"Wacha, Michael",FF,2023,30.8168,110,0.2802,0.3608,15,0,11,6,0,2,28
608379,"Wacha, Michael",FF,2024,44.6135,134,0.3329,0.3547,13,0,23,5,2,3,28
608379,"Wacha, Michael",FF,2025,50.6761,147,0.3447,0.3704,17,1,27,3,2,4,28
608379,"Wacha, Michael",SI,2022,16.4257,78,0.2106,0.313,1,2,12,2,1,0,4
608379,"Wacha, Michael",SI,2024,37.8293,134,0.2823,0.3293,14,1,27,3,0,1,22
608379,"Wacha, Michael",SI,2025,28.4865,74,0.385,0.3749,3,0,21,0,1,3,11
608379,"Wacha, Michael",SL,2025,22.0454,64,0.3445,0.3535,2,0,8,5,0,3,7
608566,"Márquez, Germán",FF,2022,78.8064,194,0.4062,0.3565,26,1,29,14,1,7,26
608566,"Márquez, Germán",FF,2025,75.2778,155,0.4857,0.4446,17,1,28,15,2,7,15
608566,"Márquez, Germán",KC,2022,32.4309,178,0.1822,0.2015,4,1,15,5,0,4,80
608566,"Márquez, Germán",KC,2025,40.3435,119,0.339,0.292,7,1,10,6,1,7,44
608566,"Márquez, Germán",SI,2022,70.9958,173,0.4104,0.3998,12,0,35,8,2,8,1
608566,"Márquez, Germán",SI,2025,45.627,112,0.4074,0.4008,7,0,26,6,1,4,0
608566,"Márquez, Germán",SL,2022,49.3233,130,0.3794,0.3396,10,2,14,8,1,7,25
608638,"Chargois, JT",SI,2023,24.2354,64,0.3787,0.3655,5,0,10,6,0,2,7
608638,"Chargois, JT",SL,2023,17.4753,60,0.2913,0.2656,8,0,6,4,0,1,17
608665,"Graveman, Kendall",SI,2022,31.9499,83,0.3849,0.3601,10,2,20,1,1,2,15
608665,"Graveman, Kendall",SI,2023,31.3212,76,0.4121,0.4183,10,2,11,4,0,4,5
608678,"Leone, Dominic",FF,2022,30.4818,68,0.4483,0.3022,6,0,10,8,0,3,14
608678,"Leone, Dominic",FF,2023,20.5679,75,0.2742,0.3123,14,0,3,2,0,3,20
608717,"Stratton, Chris",CU,2022,14.6044,71,0.2057,0.249,6,0,5,5,0,0,20
608717,"Stratton, Chris",FF,2022,36.5334,90,0.4059,0.3488,12,2,23,3,0,2,22
608717,"Stratton, Chris",FF,2023,39.2462,146,0.2688,0.32,19,1,15,8,1,1,41
608717,"Stratton, Chris",FF,2024,25.085,78,0.3216,0.4123,16,1,12,2,0,1,12
608717,"Stratton, Chris",SL,2023,23.0271,63,0.3655,0.3204,3,0,9,3,0,4,6
608718,"Suter, Brent",CH,2023,11.8923,60,0.1982,0.1905,2,0,8,3,0,0,17
608718,"Suter, Brent",FF,2022,57.2667,131,0.4372,0.3292,13,0,21,11,1,6,14
608718,"Suter, Brent",FF,2023,23.6405,66,0.3582,0.3445,7,1,15,3,0,1,9
608718,"Suter, Brent",FF,2024,25.0683,86,0.2915,0.3229,6,0,18,3,0,1,16
608718,"Suter, Brent",FF,2025,32.7888,96,0.3416,0.3527,5,2,16,4,0,4,20
608718,"Suter, Brent",SI,2023,23.6048,68,0.3471,0.2926,7,0,18,2,1,0,13
608723,"Voth, Austin",CU,2022,18.9516,66,0.2871,0.266,3,0,11,4,0,1,17
608723,"Voth, Austin",FC,2022,28.2205,72,0.392,0.3478,4,1,16,5,0,2,11
608723,"Voth, Austin",FC,2024,17.8612,62,0.2881,0.2612,6,0,11,2,0,1,9
608723,"Voth, Austin",FF,2022,41.7354,127,0.3286,0.3413,12,0,20,4,0,5,26
608723,"Voth, Austin",FF,2023,22.2147,64,0.3471,0.3393,7,1,12,2,0,2,17
612434,"Castro, Miguel",SI,2023,22.6649,73,0.3105,0.3281,11,3,5,4,0,2,9
612434,"Castro, Miguel",SL,2023,16.7371,74,0.2262,0.232,3,0,6,2,0,3,25
613534,"Adams, Austin",SL,2024,30.5077,101,0.3021,0.2977,11,9,11,5,0,1,33
614179,"Ruiz, José",CH,2022,18.8388,69,0.273,0.2826,9,0,10,2,0,1,20
614179,"Ruiz, José",CU,2024,23.6482,66,0.3583,0.2872,3,0,14,2,0,3,16
614179,"Ruiz, José",FF,2022,48.7561,103,0.4734,0.4168,15,0,13,7,1,7,20
614179,"Ruiz, José",FF,2023,23.6429,61,0.3876,0.3748,9,3,6,0,1,4,13
615698,"Quantrill, Cal",CH,2022,19.2298,78,0.2465,0.2606,2,0,11,1,0,3,17
615698,"Quantrill, Cal",FC,2022,57.4508,181,0.3174,0.3221,9,1,30,7,1,6,31
615698,"Quantrill, Cal",FC,2023,31.1198,81,0.3842,0.3625,5,0,15,8,0,2,11
615698,"Quantrill, Cal",FC,2025,43.3465,103,0.4208,0.445,8,1,12,7,2,6,18
615698,"Quantrill, Cal",FF,2025,31.0683,77,0.4035,0.3505,6,2,15,2,2,3,15
615698,"Quantrill, Cal",FS,2024,47.0906,171,0.2754,0.2927,9,3,21,6,1,5,32
615698,"Quantrill, Cal",FS,2025,33.0505,92,0.3592,0.3315,1,2,13,5,2,4,14
615698,"Quantrill, Cal",SI,2022,83.4291,269,0.3101,0.3236,18,7,47,14,0,4,39
615698,"Quantrill, Cal",SI,2023,43.7666,133,0.3291,0.4013,15,3,26,4,2,1,14
615698,"Quantrill, Cal",SI,2024,93.2681,202,0.4617,0.3923,34,7,34,9,2,10,36
615698,"Quantrill, Cal",SI,2025,26.6828,79,0.3378,0.3649,9,0,10,6,0,2,11
617228,"Sawamura, Hirokazu",FF,2022,33.4228,88,0.3798,0.4167,14,0,16,5,0,2,6
617228,"Sawamura, Hirokazu",FS,2022,12.3484,65,0.19,0.2253,6,0,9,1,0,0,24
621016,"Cuas, Jose",SI,2022,22.1534,70,0.3165,0.2979,9,0,12,5,0,0,8
621016,"Cuas, Jose",SI,2023,40.9554,118,0.3471,0.3888,17,1,25,4,1,1,16
621016,"Cuas, Jose",SL,2023,22.9876,64,0.3592,0.3213,5,2,9,3,0,3,22
621051,"Wilson, Steven",FF,2022,25.5139,83,0.3074,0.3145,11,3,11,4,0,1,21
621051,"Wilson, Steven",FF,2023,15.5362,62,0.2506,0.3094,12,1,8,1,0,0,14
621051,"Wilson, Steven",ST,2023,31.6597,110,0.2878,0.2619,9,1,5,7,0,5,28
621051,"Wilson, Steven",ST,2025,29.0575,125,0.2325,0.2895,12,0,17,4,0,1,23
621053,"Ferguson, Tyler",FF,2024,21.0464,67,0.3141,0.3062,9,1,6,2,0,3,31
621053,"Ferguson, Tyler",FF,2025,23.355,70,0.3336,0.3571,9,3,9,1,0,3,15
621074,"Rucker, Michael",FF,2022,29.4559,88,0.3347,0.3494,13,0,12,0,1,4,11
621074,"Rucker, Michael",FF,2023,27.2848,68,0.4012,0.4449,12,1,13,3,0,2,6
621076,"Kaprielian, James",FF,2022,86.0726,237,0.3632,0.3831,30,4,35,5,4,9,34
621076,"Kaprielian, James",FF,2023,27.9726,78,0.3586,0.3702,13,1,6,2,0,5,12
621076,"Kaprielian, James",SL,2022,34.3689,124,0.2772,0.2638,13,1,9,8,0,3,38
621076,"Kaprielian, James",SL,2023,19.6545,70,0.2808,0.2261,4,1,9,5,0,1,23
621107,"Eflin, Zach",CU,2023,37.3319,148,0.2522,0.2129,4,1,12,9,0,5,58
621107,"Eflin, Zach",CU,2024,36.1178,104,0.3473,0.2982,0,0,22,2,0,6,28
621107,"Eflin, Zach",FC,2023,53.6991,133,0.4038,0.3797,6,0,22,6,1,9,7
621107,"Eflin, Zach",FC,2024,41.2752,149,0.277,0.3071,8,0,20,6,1,4,31
621107,"Eflin, Zach",SI,2022,36.1906,109,0.332,0.3132,5,1,23,3,1,3,16
621107,"Eflin, Zach",SI,2023,51.6638,192,0.2691,0.2857,12,0,44,6,0,0,44
621107,"Eflin, Zach",SI,2024,51.2102,167,0.3066,0.2943,7,0,31,12,0,2,26
621107,"Eflin, Zach",SI,2025,19.9273,63,0.3163,0.3077,3,0,11,3,0,2,11
621111,"Buehler, Walker",FC,2022,12.9156,60,0.2153,0.2759,1,2,10,2,0,0,12
621111,"Buehler, Walker",FC,2025,31.2722,66,0.4738,0.4657,6,0,16,2,1,4,4
621111,"Buehler, Walker",FF,2022,32.5342,73,0.4457,0.4218,11,0,16,2,0,4,7
621111,"Buehler, Walker",FF,2025,25.6357,76,0.3373,0.4087,9,0,11,1,0,4,9
621111,"Buehler, Walker",SI,2025,14.549,67,0.2171,0.3459,10,2,9,0,0,0,14
621112,"Blackburn, Paul",CU,2022,14.9404,65,0.2299,0.2386,1,2,3,4,0,2,23
621112,"Blackburn, Paul",FC,2022,33.6341,72,0.4671,0.3255,3,0,12,9,1,3,8
621112,"Blackburn, Paul",SI,2022,51.4653,150,0.3431,0.3547,16,3,26,8,0,3,19
621112,"Blackburn, Paul",SI,2023,25.1484,66,0.381,0.2874,7,0,11,7,0,1,19
621114,"Burr, Ryan",SL,2024,20.2512,79,0.2563,0.2641,4,0,9,4,0,2,32
621121,"McCullers Jr., Lance",SL,2025,27.686,81,0.3418,0.3043,14,1,8,4,1,2,21
621237,"Alvarado, José",FC,2024,12.6484,64,0.1976,0.1719,6,1,7,2,0,0,31
621237,"Alvarado, José",SI,2022,20.6579,72,0.2869,0.2763,9,0,13,2,1,0,18
621237,"Alvarado, José",SI,2023,18.0308,65,0.2774,0.2871,7,0,9,3,0,1,18
621237,"Alvarado, José",SI,2024,37.6385,110,0.3422,0.3764,16,0,18,3,1,3,12
621242,"Díaz, Edwin",FF,2024,15.0315,60,0.2505,0.2536,5,1,7,1,1,1,25
621242,"Díaz, Edwin",FF,2025,15.3893,70,0.2198,0.2774,9,3,7,0,0,1,29
621242,"Díaz, Edwin",SL,2022,16.8965,118,0.1432,0.1999,8,1,14,0,0,0,62
621242,"Díaz, Edwin",SL,2024,17.2804,73,0.2367,0.2028,5,0,8,2,0,2,28
621242,"Díaz, Edwin",SL,2025,25.7058,92,0.2794,0.2259,7,3,8,6,0,2,36
621244,"Berríos, José",CH,2022,34.0246,99,0.3437,0.3195,6,0,21,4,0,3,11
621244,"Berríos, José",CH,2023,40.4739,116,0.3489,0.2767,7,1,16,8,1,4,32
621244,"Berríos, José",CH,2024,18.6355,77,0.242,0.3012,5,0,8,3,0,2,15
621244,"Berríos, José",CH,2025,29.6664,108,0.2747,0.2889,7,0,11,3,0,5,33
621244,"Berríos, José",FF,2022,64.1072,128,0.5008,0.429,10,3,23,11,1,8,22
621244,"Berríos, José",FF,2023,27.5063,91,0.3023,0.3083,3,1,12,4,0,4,24
621244,"Berríos, José",FF,2024,28.5638,63,0.4534,0.4259,5,2,11,2,0,5,10
621244,"Berríos, José",FF,2025,32.343,81,0.3993,0.4197,12,1,15,4,1,2,12
621244,"Berríos, José",SI,2022,40.0049,136,0.2942,0.349,10,1,26,5,0,2,20
621244,"Berríos, José",SI,2023,56.4415,176,0.3207,0.3572,19,4,28,2,0,7,34
621244,"Berríos, José",SI,2024,47.1604,167,0.2824,0.3471,13,1,28,6,0,3,21
621244,"Berríos, José",SI,2025,65.9538,191,0.3453,0.398,15,4,27,11,0,7,27
621244,"Berríos, José",SV,2022,28.7038,125,0.2296,0.2665,3,4,15,5,0,2,39
621244,"Berríos, José",SV,2023,43.7461,152,0.2878,0.3315,4,1,21,10,0,4,46
621244,"Berríos, José",SV,2024,40.1911,142,0.283,0.3218,8,1,13,3,0,8,44
621244,"Berríos, José",SV,2025,35.3344,128,0.276,0.3057,9,1,17,4,0,4,38
621345,"Minter, A.J.",FC,2023,28.6488,95,0.3016,0.3076,4,0,16,6,0,2,30
621345,"Minter, A.J.",FF,2022,23.7884,109,0.2182,0.2458,11,2,10,2,0,2,39
621345,"Minter, A.J.",FF,2023,23.4738,85,0.2762,0.2982,8,0,11,0,0,4,22
621363,"Poche, Colin",FF,2022,37.7307,119,0.3171,0.2787,9,0,12,4,1,6,29
621363,"Poche, Colin",FF,2023,35.5009,110,0.3227,0.2886,13,1,15,6,1,2,17
621363,"Poche, Colin",FF,2024,27.3525,81,0.3377,0.3192,6,0,12,1,0,5,13
621363,"Poche, Colin",SL,2023,11.6165,60,0.1936,0.2064,4,0,5,2,0,1,21
621368,"Hearn, Taylor",FF,2022,49.7267,174,0.2858,0.2965,27,1,18,6,0,4,48
621368,"Hearn, Taylor",SL,2022,37.1231,111,0.3344,0.3306,5,1,21,8,0,2,27
621381,"Strahm, Matt",FF,2023,36.3139,119,0.3052,0.2907,8,1,12,3,0,7,46
621381,"Strahm, Matt",FF,2024,19.878,90,0.2209,0.2417,3,0,6,6,0,2,35
621381,"Strahm, Matt",FF,2025,20.3622,64,0.3182,0.2782,8,0,7,0,0,4,25
621381,"Strahm, Matt",SL,2023,16.1583,80,0.202,0.1835,2,0,4,5,0,2,30
621383,"Banks, Tanner",FF,2022,15.5393,75,0.2072,0.2878,8,1,9,2,0,0,26
621383,"Banks, Tanner",FF,2023,23.1993,69,0.3362,0.3083,2,2,11,4,2,1,18
621383,"Banks, Tanner",FF,2024,23.5014,80,0.2938,0.3218,10,0,12,2,0,2,30
621383,"Banks, Tanner",SL,2023,21.2533,67,0.3172,0.2818,6,1,5,5,2,1,13
621383,"Banks, Tanner",SL,2024,23.1378,75,0.3085,0.3017,5,1,14,4,0,1,15
621383,"Banks, Tanner",SL,2025,21.1741,71,0.2982,0.3489,2,0,12,1,2,2,15
621389,"Blach, Ty",FF,2024,41.3656,90,0.4596,0.4554,8,2,24,4,0,4,7
621389,"Blach, Ty",SI,2022,18.1768,71,0.256,0.2822,4,0,8,3,0,2,13
621389,"Blach, Ty",SI,2023,54.658,140,0.3904,0.4001,12,2,25,5,1,7,21
622065,"Young, Alex",CH,2023,22.0053,76,0.2895,0.2779,7,0,7,0,0,5,26
622065,"Young, Alex",SI,2023,28.6864,68,0.4219,0.3965,6,1,12,4,1,3,2
622072,"Wood, Alex",CH,2022,26.8426,105,0.2556,0.248,0,0,26,2,0,1,13
622072,"Wood, Alex",CH,2023,21.2978,85,0.2506,0.318,2,1,14,4,0,1,8
622072,"Wood, Alex",SI,2022,78.5732,221,0.3555,0.3346,16,1,32,9,1,11,64
622072,"Wood, Alex",SI,2023,38.8299,120,0.3236,0.3227,20,0,11,7,2,2,31
622072,"Wood, Alex",SL,2022,64.7779,198,0.3272,0.3205,13,11,32,8,0,5,48
622072,"Wood, Alex",SL,2023,36.0373,97,0.3715,0.3482,7,3,18,4,0,4,22
622075,"Almonte, Yency",ST,2023,20.1748,78,0.2587,0.242,3,2,7,3,0,3,32
622098,"Smith, Drew",FF,2022,28.3922,74,0.3837,0.3836,11,0,11,2,0,4,13
622098,"Smith, Drew",FF,2023,36.5905,122,0.2999,0.3187,17,5,7,5,2,3,29
622098,"Smith, Drew",SL,2022,21.4848,62,0.3465,0.2911,2,0,9,2,0,4,19
622250,"Sborz, Josh",FF,2023,24.8945,66,0.3772,0.3555,9,1,9,0,1,4,16
622250,"Sborz, Josh",SL,2023,16.2437,68,0.2389,0.2675,4,0,6,3,0,2,20
622251,"Staumont, Josh",FF,2022,17.7955,61,0.2917,0.3366,15,0,7,1,1,0,15
622253,"Tate, Dillon",SI,2022,27.2881,116,0.2352,0.311,7,3,19,4,0,0,12
622253,"Tate, Dillon",SI,2024,32.4994,89,0.3652,0.3615,6,3,20,4,0,2,6
622491,"Castillo, Luis",CH,2022,24.8974,78,0.3192,0.3086,7,0,14,3,0,2,15
622491,"Castillo, Luis",CH,2023,35.5214,106,0.3351,0.3043,5,0,23,1,0,5,24
622491,"Castillo, Luis",CH,2024,27.6497,81,0.3414,0.312,4,0,7,7,0,4,15
622491,"Castillo, Luis",FF,2022,16.692,87,0.1919,0.251,11,0,6,2,0,1,43
622491,"Castillo, Luis",FF,2023,77.0388,241,0.3197,0.3089,25,2,9,14,3,12,80
622491,"Castillo, Luis",FF,2024,68.4279,234,0.2924,0.3002,22,0,29,9,1,7,67
622491,"Castillo, Luis",FF,2025,85.7992,253,0.3391,0.3015,17,3,27,12,3,12,65
622491,"Castillo, Luis",SI,2022,25.5784,78,0.3279,0.3477,6,2,12,6,0,1,8
622491,"Castillo, Luis",SI,2023,34.367,116,0.2963,0.3315,6,2,20,6,0,2,23
622491,"Castillo, Luis",SI,2024,42.8067,116,0.369,0.3636,9,2,21,7,1,3,11
622491,"Castillo, Luis",SI,2025,59.5247,160,0.372,0.3749,11,3,35,9,0,4,14
622491,"Castillo, Luis",SL,2022,13.2484,65,0.2038,0.2537,1,2,6,1,0,2,22
622491,"Castillo, Luis",SL,2023,36.7802,107,0.3437,0.2724,5,1,11,7,0,6,40
622491,"Castillo, Luis",SL,2024,24.8574,113,0.22,0.2471,4,1,14,2,0,3,36
622491,"Castillo, Luis",SL,2025,24.369,96,0.2538,0.2802,4,0,14,4,0,2,31
622503,"Crismatt, Nabil",CH,2022,28.1722,117,0.2408,0.2549,5,0,16,5,0,2,30
622554,"Domínguez, Seranthony",FF,2023,15.9247,67,0.2377,0.2922,7,1,9,1,0,1,16
622554,"Domínguez, Seranthony",FF,2024,24.3233,74,0.3287,0.3156,8,0,7,1,0,5,17
622554,"Domínguez, Seranthony",FF,2025,24.3657,71,0.3432,0.3441,13,0,8,2,0,3,20
622554,"Domínguez, Seranthony",SL,2024,24.0403,82,0.2932,0.2075,4,0,7,3,1,4,33
622608,"Senzatela, Antonio",CU,2025,22.2877,76,0.2933,0.3059,1,0,13,3,1,2,16
622608,"Senzatela, Antonio",FF,2022,62.9178,149,0.4223,0.3774,9,1,39,11,1,3,10
622608,"Senzatela, Antonio",FF,2025,132.0798,314,0.4206,0.4239,40,5,65,22,1,8,27
622608,"Senzatela, Antonio",SL,2022,38.3105,85,0.4507,0.4304,5,0,24,8,1,1,12
622608,"Senzatela, Antonio",SL,2025,43.1044,106,0.4066,0.3867,3,1,20,5,0,7,13
622663,"Severino, Luis",CH,2022,21.5979,74,0.2919,0.2469,6,1,13,3,0,1,19
622663,"Severino, Luis",FC,2025,22.6876,76,0.2985,0.3716,7,2,13,3,0,1,2
622663,"Severino, Luis",FF,2022,34.3172,140,0.2451,0.2673,7,2,10,4,0,6,29
622663,"Severino, Luis",FF,2023,71.8996,129,0.5574,0.4625,11,1,27,7,2,12,25
622663,"Severino, Luis",FF,2024,42.2807,167,0.2532,0.2428,10,1,28,1,2,3,42
622663,"Severino, Luis",FF,2025,37.4625,131,0.286,0.3325,7,0,26,5,0,2,29
622663,"Severino, Luis",SI,2024,39.0265,124,0.3147,0.3508,11,3,20,3,0,4,7
622663,"Severino, Luis",SI,2025,60.1669,160,0.376,0.3516,13,5,25,12,0,5,21
622663,"Severino, Luis",SL,2022,14.094,74,0.1905,0.1735,7,0,4,3,0,1,35
622663,"Severino, Luis",ST,2024,17.1929,69,0.2492,0.2389,5,2,8,1,0,2,31
622663,"Severino, Luis",ST,2025,37.4874,128,0.2929,0.3178,7,6,14,6,0,4,35
622694,"Hernández, Elieser",FF,2022,41.3224,96,0.4304,0.3574,11,3,14,5,1,5,19
622694,"Hernández, Elieser",SL,2022,37.9461,86,0.4412,0.3088,3,0,4,6,1,9,26
623149,"Sewald, Paul",FF,2022,20.7283,87,0.2383,0.2973,7,3,7,1,0,3,24
623149,"Sewald, Paul",FF,2023,25.2218,88,0.2866,0.2894,8,1,12,2,0,3,30
623149,"Sewald, Paul",FF,2024,26.1541,76,0.3441,0.3254,5,1,10,5,0,3,18
623149,"Sewald, Paul",ST,2022,15.6712,73,0.2147,0.2274,3,0,6,1,0,3,22
623149,"Sewald, Paul",ST,2023,24.453,70,0.3493,0.2914,6,0,7,4,0,4,24
623167,"Flexen, Chris",CH,2022,14.5098,69,0.2103,0.2844,3,1,6,2,1,1,15
623167,"Flexen, Chris",CH,2023,18.5083,68,0.2722,0.271,2,1,11,2,0,2,21
623167,"Flexen, Chris",CH,2024,25.7809,82,0.3144,0.26,4,0,11,5,0,3,26
623167,"Flexen, Chris",FC,2022,40.6033,135,0.3008,0.2985,7,0,26,4,1,3,22
623167,"Flexen, Chris",FC,2023,39.958,109,0.3666,0.3568,7,1,20,3,0,6,8
623167,"Flexen, Chris",FC,2024,59.0163,151,0.3908,0.361,14,0,23,11,1,6,19
623167,"Flexen, Chris",FF,2022,70.3872,167,0.4215,0.404,21,1,25,7,1,10,24
623167,"Flexen, Chris",FF,2023,74.6872,152,0.4914,0.4601,22,1,26,6,0,13,17
623167,"Flexen, Chris",FF,2024,75.0188,215,0.3489,0.3731,26,2,28,10,1,8,29
623211,"Brazobán, Huascar",CH,2025,30.9628,87,0.3559,0.3317,8,3,12,2,1,4,25
623352,"Hader, Josh",SI,2022,43.2062,122,0.3541,0.3173,16,1,19,4,1,4,37
623352,"Hader, Josh",SI,2023,33.8467,124,0.273,0.2935,20,1,17,2,0,2,35
623352,"Hader, Josh",SI,2024,48.8018,140,0.3486,0.2824,16,1,17,4,1,7,42
623352,"Hader, Josh",SI,2025,22.5582,76,0.2968,0.2725,6,2,3,4,0,4,24
623433,"Anderson, Nick",FF,2023,23.4505,71,0.3303,0.3891,6,0,12,2,0,3,17
623437,"Topa, Justin",SI,2023,26.1916,103,0.2543,0.2777,5,2,21,2,1,0,22
623437,"Topa, Justin",SI,2025,31.6832,88,0.36,0.3292,7,1,18,7,0,1,8
623465,"Phillips, Evan",ST,2022,15.2436,76,0.2006,0.2209,3,2,7,1,0,2,31
623465,"Phillips, Evan",ST,2023,12.3236,76,0.1622,0.2083,1,0,5,2,0,2,31
623465,"Phillips, Evan",ST,2024,18.8419,79,0.2385,0.2376,1,0,11,3,0,2,29
623474,"Herget, Jimmy",CU,2025,32.3783,109,0.297,0.241,4,5,15,7,0,2,30
623474,"Herget, Jimmy",SI,2025,19.403,64,0.3032,0.3925,9,1,13,2,0,0,5
623474,"Herget, Jimmy",SL,2022,12.3438,60,0.2057,0.2506,4,0,4,3,0,1,10
623474,"Herget, Jimmy",SL,2025,25.2519,86,0.2936,0.2799,5,0,16,3,0,2,19
624133,"Suárez, Ranger",CH,2022,32.9874,108,0.3054,0.2793,7,0,12,10,0,2,26
624133,"Suárez, Ranger",CH,2023,27.3046,85,0.3212,0.3297,6,0,13,6,0,2,15
624133,"Suárez, Ranger",CH,2024,23.6393,70,0.3377,0.3213,1,0,13,9,0,0,11
624133,"Suárez, Ranger",CH,2025,22.2855,109,0.2045,0.2324,4,1,17,2,0,1,34
624133,"Suárez, Ranger",CU,2023,12.747,75,0.17,0.2018,4,0,8,1,0,1,31
624133,"Suárez, Ranger",CU,2024,23.3223,100,0.2332,0.2804,6,0,11,1,1,3,30
624133,"Suárez, Ranger",CU,2025,12.2115,77,0.1586,0.1667,4,0,8,1,1,0,22
624133,"Suárez, Ranger",FC,2025,29.7882,70,0.4255,0.3616,3,0,12,6,0,4,5
624133,"Suárez, Ranger",FF,2022,41.0948,85,0.4835,0.3876,8,0,15,10,0,4,8
624133,"Suárez, Ranger",FF,2023,35.1095,90,0.3901,0.3857,9,1,15,7,0,3,21
624133,"Suárez, Ranger",FF,2024,22.3527,86,0.2599,0.275,6,1,11,3,0,2,21
624133,"Suárez, Ranger",FF,2025,19.8142,63,0.3145,0.3725,8,0,9,2,0,2,19
624133,"Suárez, Ranger",SI,2022,66.1249,234,0.2826,0.3212,27,0,36,8,1,3,44
624133,"Suárez, Ranger",SI,2023,54.0553,158,0.3421,0.3343,19,0,32,4,2,3,28
624133,"Suárez, Ranger",SI,2024,58.6005,182,0.322,0.295,12,3,33,9,0,4,42
624133,"Suárez, Ranger",SI,2025,37.7283,118,0.3197,0.3159,8,3,28,4,0,1,18
624522,"Thompson, Keegan",CU,2022,25.7542,74,0.348,0.2742,5,1,6,2,1,5,20
624522,"Thompson, Keegan",FC,2022,24.8436,77,0.3226,0.3085,6,1,13,4,1,1,15
624522,"Thompson, Keegan",FF,2022,60.9935,157,0.3885,0.3867,15,4,20,8,1,8,30
624647,"González, Victor",SI,2023,14.5999,60,0.2433,0.2826,8,1,8,2,0,0,7
625643,"López, Reynaldo",FF,2022,28.4614,109,0.2611,0.3252,8,1,19,4,1,0,23
625643,"López, Reynaldo",FF,2023,41.2158,133,0.3099,0.3621,22,1,18,1,1,4,35
625643,"López, Reynaldo",FF,2024,78.1116,255,0.3063,0.321,23,2,42,16,1,2,53
625643,"López, Reynaldo",SL,2024,37.1251,152,0.2442,0.2719,11,0,20,3,0,4,60
628317,"Maeda, Kenta",FF,2023,29.9378,85,0.3522,0.3132,4,0,12,8,1,2,26
628317,"Maeda, Kenta",FS,2023,26.9004,125,0.2152,0.246,9,0,17,2,0,2,40
628317,"Maeda, Kenta",FS,2024,18.7835,88,0.2134,0.2855,2,0,7,5,0,2,20
628317,"Maeda, Kenta",SL,2023,36.3763,86,0.423,0.319,4,1,5,9,0,7,21
628317,"Maeda, Kenta",SL,2024,25.118,75,0.3349,0.3057,3,1,15,2,0,3,8
628452,"Iglesias, Raisel",CH,2023,18.6952,78,0.2397,0.2046,3,0,8,4,0,2,29
628452,"Iglesias, Raisel",CH,2025,25.442,68,0.3741,0.2737,2,1,14,7,0,1,16
628452,"Iglesias, Raisel",FF,2022,15.9764,62,0.2577,0.3499,5,0,6,4,0,1,19
628452,"Iglesias, Raisel",FF,2025,11.7974,73,0.1616,0.2514,7,0,6,2,0,0,23
628708,"Marte, Yunior",SI,2022,18.6756,64,0.2918,0.3023,9,2,13,1,0,0,10
628708,"Marte, Yunior",SI,2023,25.4082,72,0.3529,0.3447,11,1,16,2,0,1,10
628708,"Marte, Yunior",SL,2022,23.4551,71,0.3304,0.2361,1,2,8,4,1,3,19
628711,"Urías, Julio",CH,2022,19.78,109,0.1815,0.1995,3,0,12,4,0,1,28
628711,"Urías, Julio",CH,2023,22.6037,60,0.3767,0.2414,0,0,6,4,0,5,22
628711,"Urías, Julio",FF,2022,81.9111,281,0.2915,0.2738,22,2,28,9,1,12,65
628711,"Urías, Julio",FF,2023,52.4916,129,0.4069,0.3813,9,1,18,9,0,8,24
628711,"Urías, Julio",SV,2022,49.7866,173,0.2878,0.2494,5,3,21,4,1,8,49
628711,"Urías, Julio",SV,2023,30.563,88,0.3473,0.2951,7,1,9,5,1,4,20
630023,"Chirinos, Yonny",FS,2023,20.7177,80,0.259,0.2883,2,2,9,3,1,2,27
630023,"Chirinos, Yonny",SI,2023,59.0496,142,0.4158,0.4178,14,1,25,11,0,6,12
640444,"Crowe, Wil",CH,2022,24.0838,71,0.3392,0.3011,6,0,9,4,0,3,17
640444,"Crowe, Wil",SI,2022,25.1068,67,0.3747,0.3889,9,2,13,2,0,2,8
640444,"Crowe, Wil",SL,2022,16.3388,77,0.2122,0.2656,10,0,11,1,0,0,24
640448,"Finnegan, Kyle",FF,2022,48.7168,154,0.3163,0.2906,13,0,21,8,0,5,46
640448,"Finnegan, Kyle",FF,2023,51.9941,141,0.3688,0.3756,14,1,26,7,0,5,29
640448,"Finnegan, Kyle",FF,2024,27.0494,98,0.276,0.3468,13,0,18,2,1,0,18
640448,"Finnegan, Kyle",FF,2025,24.4806,75,0.3264,0.3112,7,1,11,1,1,3,12
640451,"Harvey, Hunter",FF,2022,25.2174,100,0.2522,0.2728,8,0,10,7,0,1,24
640451,"Harvey, Hunter",FF,2023,27.4402,97,0.2829,0.3224,10,1,12,1,0,4,29
640451,"Harvey, Hunter",FF,2024,21.3544,74,0.2886,0.3124,7,0,11,6,0,0,24
640455,"Manaea, Sean",CH,2022,57.0884,152,0.3756,0.3159,4,1,25,10,1,7,37
640455,"Manaea, Sean",CH,2024,29.4343,79,0.3726,0.3249,6,0,11,5,0,4,9
640455,"Manaea, Sean",FF,2022,75.8874,248,0.306,0.3016,21,1,33,8,1,9,69
640455,"Manaea, Sean",FF,2023,66.2469,225,0.2944,0.3231,27,0,32,6,2,5,61
640455,"Manaea, Sean",FF,2024,21.3633,71,0.3009,0.3445,9,1,8,1,0,3,21
640455,"Manaea, Sean",FF,2025,38.5842,103,0.3746,0.346,6,2,15,3,0,7,30
640455,"Manaea, Sean",SI,2024,69.1315,230,0.3006,0.3342,26,1,28,13,0,5,46
640455,"Manaea, Sean",SL,2022,25.3139,62,0.4083,0.2956,3,0,9,3,1,4,12
640455,"Manaea, Sean",ST,2024,26.6474,113,0.2358,0.2252,6,3,13,4,0,2,44
640462,"Puk, A.J.",FF,2022,31.2253,87,0.3589,0.3292,10,1,11,4,0,4,18
640462,"Puk, A.J.",FF,2023,30.3191,101,0.3002,0.2739,5,1,14,4,0,4,37
640462,"Puk, A.J.",FF,2024,19.3676,97,0.1997,0.1973,5,0,10,6,0,0,35
640462,"Puk, A.J.",SL,2022,18.5378,70,0.2648,0.2416,2,2,10,2,0,2,24
640470,"Alzolay, Adbert",SL,2023,20.1481,82,0.2457,0.2803,5,0,12,0,0,3,26
641154,"López, Pablo",CH,2022,46.4499,182,0.2552,0.2593,9,1,24,4,0,6,58
641154,"López, Pablo",CH,2023,50.7143,135,0.3757,0.2962,13,0,23,6,2,5,27
641154,"López, Pablo",CH,2024,35.5589,121,0.2939,0.2817,9,0,22,7,0,1,24
641154,"López, Pablo",CH,2025,21.9004,67,0.3269,0.3234,4,1,10,1,1,3,14
641154,"López, Pablo",CU,2023,20.8889,68,0.3072,0.2667,1,1,11,1,1,3,23
641154,"López, Pablo",FF,2022,70.2565,194,0.3621,0.3139,13,1,32,12,2,6,47
641154,"López, Pablo",FF,2023,64.9585,182,0.3569,0.2954,17,2,28,10,0,7,61
641154,"López, Pablo",FF,2024,58.8958,208,0.2832,0.3017,12,3,23,8,0,8,60
641154,"López, Pablo",FF,2025,31.3746,106,0.296,0.3583,8,0,19,8,0,0,18
641154,"López, Pablo",ST,2023,25.6546,103,0.2491,0.2219,1,2,15,2,2,2,35
641154,"López, Pablo",ST,2024,48.8992,137,0.3569,0.2524,7,1,16,8,0,8,47
641302,"Alexander, Tyler",CH,2022,31.2495,86,0.3634,0.357,0,0,23,2,1,3,7
641302,"Alexander, Tyler",FC,2022,37.2657,107,0.3483,0.3351,4,0,16,7,1,4,21
641302,"Alexander, Tyler",FC,2024,33.1359,96,0.3452,0.3557,6,2,9,3,1,6,16
641302,"Alexander, Tyler",FF,2022,29.1966,82,0.3561,0.3893,8,0,6,5,0,5,14
641302,"Alexander, Tyler",FF,2024,26.1121,76,0.3436,0.3174,6,2,9,1,0,5,17
641302,"Alexander, Tyler",FF,2025,26.6143,69,0.3857,0.3939,6,0,11,3,0,4,15
641302,"Alexander, Tyler",SI,2022,32.2356,84,0.3838,0.345,11,0,17,3,0,3,11
641302,"Alexander, Tyler",SI,2025,19.7767,60,0.3296,0.2918,1,1,7,3,2,2,10
641302,"Alexander, Tyler",ST,2024,16.9114,66,0.2562,0.2455,0,0,11,2,0,2,14
641302,"Alexander, Tyler",ST,2025,21.2841,64,0.3326,0.3579,3,0,15,2,1,1,11
641329,"Baker, Bryan",FF,2022,33.5594,113,0.297,0.3151,11,1,20,4,1,1,27
641329,"Baker, Bryan",FF,2023,29.1186,84,0.3466,0.3058,9,1,14,5,0,2,23
641329,"Baker, Bryan",FF,2025,27.4557,86,0.3193,0.3589,9,0,9,4,1,3,27
641360,"Bickford, Phil",FF,2022,35.0352,117,0.2994,0.269,10,0,13,6,0,4,30
641360,"Bickford, Phil",FF,2023,42.7269,151,0.283,0.3294,25,2,15,4,1,3,44
641360,"Bickford, Phil",SL,2022,25.2147,73,0.3454,0.301,1,1,4,4,0,6,20
641360,"Bickford, Phil",SL,2023,31.0224,67,0.463,0.3737,2,1,12,7,0,4,14
641401,"Brogdon, Connor",CH,2022,21.9319,71,0.3089,0.2993,3,0,11,3,1,2,18
641401,"Brogdon, Connor",CH,2025,24.0939,62,0.3886,0.3275,5,0,10,4,0,3,12
641447,"Castano, Daniel",FC,2022,25.1419,63,0.3991,0.3469,6,0,7,1,1,5,6
641482,"Cortes, Nestor",CH,2024,14.9279,60,0.2488,0.2255,0,0,10,3,0,1,18
641482,"Cortes, Nestor",FC,2022,38.9072,123,0.3163,0.2998,8,0,13,6,0,6,26
641482,"Cortes, Nestor",FC,2023,29.4719,79,0.3731,0.3463,4,2,10,4,0,5,12
641482,"Cortes, Nestor",FC,2024,57.7352,177,0.3262,0.3252,14,1,24,14,0,4,32
641482,"Cortes, Nestor",FF,2022,37.0435,175,0.2117,0.2564,11,1,19,3,0,4,55
641482,"Cortes, Nestor",FF,2023,37.0482,128,0.2894,0.2548,10,1,15,8,0,3,37
641482,"Cortes, Nestor",FF,2024,76.1478,202,0.377,0.3312,13,2,25,14,0,11,38
641482,"Cortes, Nestor",ST,2022,16.7308,61,0.2743,0.2476,3,0,10,3,0,1,9
641482,"Cortes, Nestor",ST,2024,26.2437,68,0.3859,0.3135,3,0,9,7,0,3,8
641501,"Danish, Tyler",SI,2022,26.5754,62,0.4286,0.4481,6,4,14,1,0,3,8
641501,"Danish, Tyler",ST,2022,13.1518,61,0.2156,0.2506,3,0,6,1,0,2,19
641540,"Dunning, Dane",CH,2022,40.6727,116,0.3506,0.2948,7,0,18,7,1,4,27
641540,"Dunning, Dane",CH,2023,29.8211,74,0.403,0.3612,1,0,15,2,1,5,6
641540,"Dunning, Dane",FC,2023,23.0193,71,0.3242,0.3169,10,0,10,3,0,2,9
641540,"Dunning, Dane",SI,2022,75.113,213,0.3526,0.3501,25,4,36,13,0,4,34
641540,"Dunning, Dane",SI,2023,59.4635,203,0.2929,0.3369,17,3,33,10,1,2,34
641540,"Dunning, Dane",SI,2024,52.9099,150,0.3527,0.3869,17,3,23,7,0,5,27
641540,"Dunning, Dane",SL,2022,31.7772,91,0.3492,0.3272,6,3,8,2,1,6,34
641540,"Dunning, Dane",SL,2023,32.4238,123,0.2636,0.2889,3,1,16,2,1,5,41
641540,"Dunning, Dane",SL,2024,25.6263,71,0.3609,0.292,3,0,12,1,0,5,20
641582,"Foster, Matt",FF,2022,23.8378,78,0.3056,0.3246,7,0,10,1,0,4,19
641585,"France, J.P.",CH,2023,16.8613,82,0.2056,0.2415,3,0,12,2,0,1,18
641585,"France, J.P.",FC,2023,28.672,84,0.3413,0.3109,3,0,20,4,0,2,10
641585,"France, J.P.",FF,2023,71.4617,198,0.3609,0.4255,28,0,34,6,1,7,17
641627,"Gott, Trevor",FC,2023,21.9392,72,0.3047,0.2606,1,0,12,3,0,3,19
641627,"Gott, Trevor",SI,2023,21.4059,66,0.3243,0.3306,9,3,14,2,0,0,10
641656,"Hamilton, Ian",SI,2025,24.9851,67,0.3729,0.4324,14,1,11,2,1,1,5
641656,"Hamilton, Ian",SL,2023,20.7067,94,0.2203,0.2548,6,0,9,4,1,1,38
641656,"Hamilton, Ian",SL,2024,19.6791,70,0.2811,0.2811,5,0,9,5,0,1,21
641703,"Honeywell, Brent",FF,2023,28.7482,89,0.323,0.393,14,2,12,2,1,2,13
641703,"Honeywell, Brent",FF,2024,22.09,67,0.3297,0.3417,9,1,7,4,0,2,8
641712,"Hudson, Dakota",FF,2022,20.3678,75,0.2716,0.3146,6,1,14,2,1,0,13
641712,"Hudson, Dakota",FF,2023,18.9243,60,0.3154,0.3709,7,0,13,3,0,0,4
641712,"Hudson, Dakota",SI,2022,72.3374,207,0.3495,0.3852,29,4,46,7,0,2,15
641712,"Hudson, Dakota",SI,2023,51.4494,123,0.4183,0.423,9,4,20,11,0,5,2
641712,"Hudson, Dakota",SI,2024,39.749,109,0.3647,0.4151,15,1,21,4,0,3,3
641712,"Hudson, Dakota",SL,2022,33.744,140,0.241,0.2835,10,2,18,3,0,3,23
641712,"Hudson, Dakota",SL,2023,30.9721,94,0.3295,0.3274,10,0,15,4,0,3,33
641712,"Hudson, Dakota",SL,2024,21.4107,66,0.3244,0.33,8,0,12,5,0,0,12
641729,"Jiménez, Joe",FF,2022,40.8049,131,0.3115,0.3122,12,0,18,5,1,4,42
641729,"Jiménez, Joe",FF,2023,33.0503,106,0.3118,0.2982,5,1,16,3,0,5,30
641729,"Jiménez, Joe",FF,2024,25.6083,83,0.3085,0.3233,12,1,17,1,0,1,21
641729,"Jiménez, Joe",SL,2022,11.5297,61,0.189,0.2012,0,0,10,1,1,0,24
641729,"Jiménez, Joe",SL,2023,22.0012,66,0.3334,0.2723,2,1,7,7,0,2,28
641729,"Jiménez, Joe",SL,2024,15.8235,87,0.1819,0.2057,3,1,8,5,0,0,31
641745,"Keller, Brad",FF,2022,55.7899,158,0.3531,0.3107,14,1,30,6,2,4,32
641745,"Keller, Brad",FF,2024,25.6404,64,0.4006,0.3564,5,1,14,4,0,2,6
641745,"Keller, Brad",FF,2025,22.8494,87,0.2626,0.3034,9,3,13,0,0,2,18
641745,"Keller, Brad",SI,2022,38.1084,89,0.4282,0.3852,13,0,21,4,0,3,3
641745,"Keller, Brad",SL,2022,49.5947,155,0.32,0.3392,19,0,22,6,1,4,31
641755,"Kinley, Tyler",FF,2024,31.3735,77,0.4074,0.4407,9,0,14,7,0,2,3
641755,"Kinley, Tyler",SL,2024,42.3256,133,0.3182,0.2659,12,2,11,6,1,6,49
641755,"Kinley, Tyler",SL,2025,36.5944,156,0.2346,0.274,12,2,17,5,0,3,39
641771,"Kuhl, Chad",SI,2022,67.6682,151,0.4481,0.4279,16,1,29,12,1,6,1
641771,"Kuhl, Chad",SL,2022,48.5652,181,0.2683,0.2618,14,0,19,6,2,5,66
641771,"Kuhl, Chad",SL,2023,24.5809,77,0.3192,0.3293,7,1,7,5,0,3,24
641771,"Kuhl, Chad",SL,2024,17.6611,70,0.2523,0.2609,4,1,13,1,0,1,22
641778,"Lauer, Eric",CU,2022,30.7784,66,0.4663,0.4222,6,0,13,1,0,6,6
641778,"Lauer, Eric",FC,2022,43.5941,131,0.3328,0.3694,17,1,19,7,0,3,16
641778,"Lauer, Eric",FC,2023,33.5985,80,0.42,0.3984,9,0,13,4,0,5,12
641778,"Lauer, Eric",FF,2022,58.6678,213,0.2754,0.2658,17,0,23,6,2,7,70
641778,"Lauer, Eric",FF,2023,31.6172,74,0.4273,0.4253,10,0,7,4,0,6,20
641778,"Lauer, Eric",FF,2025,47.495,160,0.2968,0.2919,8,0,17,7,1,7,43
641778,"Lauer, Eric",SL,2022,22.7108,93,0.2442,0.2487,7,0,10,2,0,3,28
641793,"Littell, Zack",FF,2022,28.1579,71,0.3966,0.2863,6,0,10,5,1,3,16
641793,"Littell, Zack",FF,2023,26.4058,84,0.3144,0.2847,1,1,14,5,1,2,22
641793,"Littell, Zack",FF,2024,29.762,89,0.3344,0.3478,6,1,15,6,0,2,20
641793,"Littell, Zack",FF,2025,32.5826,112,0.2909,0.2994,4,0,12,4,0,6,31
641793,"Littell, Zack",FS,2023,15.2374,71,0.2146,0.2657,4,0,9,4,0,0,19
641793,"Littell, Zack",FS,2024,42.4725,131,0.3242,0.2736,0,0,21,11,0,4,39
641793,"Littell, Zack",FS,2025,47.4452,172,0.2758,0.2522,0,0,34,5,0,5,37
641793,"Littell, Zack",SI,2024,30.9101,87,0.3553,0.3721,5,3,15,5,1,2,18
641793,"Littell, Zack",SI,2025,39.8277,104,0.383,0.3608,7,4,14,5,0,6,10
641793,"Littell, Zack",SL,2022,21.152,62,0.3412,0.2127,2,0,13,3,0,2,13
641793,"Littell, Zack",SL,2023,33.7306,96,0.3514,0.3537,5,0,13,4,0,6,8
641793,"Littell, Zack",SL,2024,61.6908,180,0.3427,0.3428,9,0,35,4,1,8,29
641793,"Littell, Zack",SL,2025,64.9528,158,0.4111,0.4201,9,1,26,8,1,10,17
641816,"Mahle, Tyler",FF,2022,74.5001,229,0.3253,0.2798,26,1,27,8,0,10,72
641816,"Mahle, Tyler",FF,2025,35.6693,122,0.2924,0.3557,15,0,16,5,1,2,29
641816,"Mahle, Tyler",FS,2022,36.7811,124,0.2966,0.2897,8,1,14,8,2,2,20
641816,"Mahle, Tyler",FS,2025,18.9835,98,0.1937,0.2826,7,0,13,3,0,0,20
641835,"Mayza, Tim",SI,2022,28.7888,108,0.2666,0.3165,6,0,15,2,0,4,26
641835,"Mayza, Tim",SI,2023,31.2905,112,0.2794,0.2879,6,0,24,4,0,1,28
641835,"Mayza, Tim",SI,2024,34.2005,104,0.3289,0.3532,7,0,22,5,0,2,14
641871,"Middleton, Keynan",CH,2023,26.1232,72,0.3628,0.328,4,1,10,2,0,5,17
641927,"Ober, Bailey",CH,2023,33.4452,124,0.2697,0.2694,4,2,20,3,1,3,29
641927,"Ober, Bailey",CH,2024,29.2851,138,0.2122,0.2175,5,1,11,3,0,5,49
641927,"Ober, Bailey",CH,2025,33.6025,137,0.2453,0.25,8,0,18,3,0,4,39
641927,"Ober, Bailey",FC,2024,42.5389,106,0.4013,0.3351,7,1,16,7,0,6,15
641927,"Ober, Bailey",FF,2022,32.1032,96,0.3344,0.3677,6,1,14,5,1,3,13
641927,"Ober, Bailey",FF,2023,58.0313,199,0.2916,0.2914,13,2,27,9,0,6,47
641927,"Ober, Bailey",FF,2024,76.8197,193,0.398,0.366,17,1,23,11,4,10,41
641927,"Ober, Bailey",FF,2025,51.8749,159,0.3263,0.3433,12,0,26,8,0,5,22
641927,"Ober, Bailey",SL,2022,14.1716,70,0.2025,0.2824,1,0,10,2,0,1,25
641927,"Ober, Bailey",SL,2023,29.5376,75,0.3938,0.3372,2,3,12,5,0,4,22
641927,"Ober, Bailey",SL,2025,42.4257,79,0.537,0.4465,7,2,14,6,0,7,8
641941,"Pagán, Emilio",FC,2023,14.878,69,0.2156,0.2916,3,0,8,2,2,0,8
641941,"Pagán, Emilio",FF,2022,29.9479,91,0.3291,0.3147,11,0,10,6,1,2,29
641941,"Pagán, Emilio",FF,2023,29.3556,122,0.2406,0.2743,9,1,13,4,0,3,36
641941,"Pagán, Emilio",FF,2024,15.0384,60,0.2506,0.3105,4,0,9,2,0,1,15
641941,"Pagán, Emilio",FF,2025,24.0917,113,0.2132,0.2753,13,0,9,3,0,2,30
641941,"Pagán, Emilio",FS,2022,20.6222,66,0.3125,0.2301,2,0,11,2,0,3,29
642048,"Saucedo, Tayler",SI,2023,21.3755,75,0.285,0.3435,14,1,12,2,0,0,8
642100,"Speier, Gabe",FF,2025,16.823,79,0.2129,0.2508,2,0,5,3,0,3,32
642100,"Speier, Gabe",SI,2023,23.7531,70,0.3393,0.3054,1,1,18,2,0,2,13
642121,"Sulser, Cole",FF,2022,22.9762,62,0.3706,0.4081,7,0,10,4,0,2,12
642152,"Trivino, Lou",SI,2022,23.6428,60,0.394,0.3433,4,0,19,4,0,0,6
642207,"Williams, Devin",CH,2022,24.7514,93,0.2661,0.2537,13,0,14,4,0,0,35
642207,"Williams, Devin",CH,2023,19.48,102,0.191,0.2473,12,0,6,2,0,2,39
642207,"Williams, Devin",CH,2025,20.3459,90,0.2261,0.2893,8,0,8,3,0,2,29
642207,"Williams, Devin",FF,2022,8.6125,69,0.1248,0.1777,8,1,4,0,0,0,35
642207,"Williams, Devin",FF,2025,22.4136,84,0.2668,0.2923,12,1,9,4,1,0,36
642232,"Yarbrough, Ryan",CH,2023,26.2479,63,0.4166,0.4044,2,0,9,4,0,5,5
642232,"Yarbrough, Ryan",CU,2022,17.9928,72,0.2499,0.2417,6,4,5,2,0,2,16
642232,"Yarbrough, Ryan",CU,2023,29.9258,94,0.3184,0.28,5,4,10,3,0,5,34
642232,"Yarbrough, Ryan",CU,2024,14.4827,80,0.181,0.2225,5,3,4,1,0,2,24
642232,"Yarbrough, Ryan",FC,2022,32.5127,79,0.4116,0.3453,3,3,19,4,0,3,13
642232,"Yarbrough, Ryan",FC,2023,26.4021,83,0.3181,0.3134,2,3,19,2,0,2,5
642232,"Yarbrough, Ryan",FF,2023,22.5957,83,0.2722,0.3089,1,0,17,4,0,1,14
642232,"Yarbrough, Ryan",SI,2024,30.3041,88,0.3444,0.3686,10,2,17,3,0,2,9
642397,"Soto, Gregory",FF,2022,22.2939,76,0.2933,0.3056,11,2,9,2,1,1,24
642397,"Soto, Gregory",SI,2022,22.9719,84,0.2735,0.3363,15,1,8,5,0,0,11
642397,"Soto, Gregory",SI,2023,15.9405,72,0.2214,0.2472,8,0,12,1,0,0,11
642397,"Soto, Gregory",SI,2024,28.2032,80,0.3525,0.3721,7,3,15,4,1,1,10
642397,"Soto, Gregory",SI,2025,33.6534,105,0.3205,0.3177,13,1,26,1,0,1,18
642397,"Soto, Gregory",SL,2023,13.2208,62,0.2132,0.2088,2,1,3,3,0,2,26
642397,"Soto, Gregory",SL,2024,20.2443,61,0.3319,0.3069,5,1,7,3,1,2,23
642397,"Soto, Gregory",SL,2025,15.6053,74,0.2109,0.2576,4,5,6,2,0,1,29
642528,"Loáisiga, Jonathan",SI,2022,30.9218,94,0.329,0.3465,15,0,19,1,0,2,9
642545,"Barria, Jaime",FF,2023,40.0401,74,0.5411,0.4731,7,0,13,6,0,7,5
642545,"Barria, Jaime",SL,2022,47.6434,125,0.3811,0.3794,14,0,19,8,0,5,22
642545,"Barria, Jaime",SL,2023,54.6248,153,0.357,0.3258,11,0,19,6,0,10,33
642546,"Hernández, Jonathan",SI,2024,28.1576,65,0.4332,0.4523,17,1,9,2,0,3,5
642547,"Peralta, Freddy",CH,2023,25.6065,77,0.3326,0.2945,3,1,11,5,0,3,16
642547,"Peralta, Freddy",CH,2024,27.0551,92,0.2941,0.3136,8,1,15,5,0,1,20
642547,"Peralta, Freddy",CH,2025,27.686,118,0.2346,0.2464,9,2,13,4,0,2,34
642547,"Peralta, Freddy",CU,2023,23.4505,81,0.2895,0.267,6,0,12,2,0,3,25
642547,"Peralta, Freddy",CU,2025,23.8199,101,0.2358,0.1866,5,0,11,5,0,2,41
642547,"Peralta, Freddy",FF,2022,35.7346,127,0.2814,0.2777,10,2,14,5,0,4,40
642547,"Peralta, Freddy",FF,2023,86.0037,288,0.2986,0.2916,24,4,30,15,0,10,88
642547,"Peralta, Freddy",FF,2024,99.5736,284,0.3506,0.3317,32,4,40,8,1,13,77
642547,"Peralta, Freddy",FF,2025,91.9879,306,0.3006,0.3554,38,7,33,8,0,11,72
642547,"Peralta, Freddy",SL,2023,46.3919,142,0.3267,0.316,15,1,16,5,0,7,47
642547,"Peralta, Freddy",SL,2024,33.4121,113,0.2957,0.2776,6,2,11,7,0,4,33
642585,"Bautista, Félix",FF,2022,29.4011,99,0.297,0.3533,15,1,12,0,0,4,16
642585,"Bautista, Félix",FF,2023,30.4784,108,0.2822,0.3045,19,1,12,3,0,2,36
642585,"Bautista, Félix",FS,2022,7.5444,64,0.1179,0.1087,1,0,2,2,0,1,41
642585,"Bautista, Félix",FS,2023,6.9698,62,0.1124,0.1034,2,0,7,0,0,0,42
642701,"Santana, Dennis",FF,2025,16.9618,65,0.261,0.4325,9,0,5,1,2,1,7
642701,"Santana, Dennis",SI,2022,27.029,60,0.4505,0.4658,9,2,15,4,0,1,2
642701,"Santana, Dennis",SL,2022,14.8967,65,0.2292,0.2226,4,1,8,2,0,1,25
642701,"Santana, Dennis",SL,2024,17.6977,76,0.2329,0.237,3,0,11,5,0,0,21
642701,"Santana, Dennis",SL,2025,23.0149,94,0.2448,0.2371,5,1,9,2,1,3,28
642758,"Acevedo, Domingo",FF,2022,31.5378,74,0.4262,0.4151,9,3,10,3,1,4,11
642758,"Acevedo, Domingo",SL,2022,19.4758,66,0.2951,0.2392,1,0,10,4,0,2,19
643256,"Cimber, Adam",FF,2022,17.1852,76,0.2261,0.2274,4,2,10,2,0,1,25
643256,"Cimber, Adam",SL,2022,22.5666,67,0.3368,0.3405,1,4,9,5,0,2,10
643290,"Dunn, Justin",FF,2022,33.3908,70,0.477,0.4694,12,2,4,3,0,7,10
643338,"Green, Chad",FF,2024,28.9098,91,0.3177,0.3607,6,0,9,4,0,5,15
643338,"Green, Chad",FF,2025,38.8847,81,0.4801,0.4247,4,0,12,5,0,8,15
643377,"Jax, Griffin",ST,2022,24.8909,105,0.2371,0.2353,5,2,15,1,1,2,35
643377,"Jax, Griffin",ST,2023,29.2972,103,0.2844,0.2667,6,1,17,1,0,4,30
643377,"Jax, Griffin",ST,2025,17.3458,78,0.2224,0.2061,5,1,12,1,0,1,42
643410,"Leiter Jr., Mark",FS,2022,13.9306,92,0.1514,0.1573,7,3,4,2,1,0,50
643410,"Leiter Jr., Mark",FS,2023,25.1591,108,0.233,0.2371,11,3,8,4,0,2,56
643410,"Leiter Jr., Mark",FS,2024,9.1022,72,0.1264,0.1712,6,1,6,0,0,0,41
643410,"Leiter Jr., Mark",FS,2025,20.5958,73,0.2821,0.2573,4,1,12,2,0,2,32
643410,"Leiter Jr., Mark",SI,2024,31.8581,64,0.4978,0.482,8,1,18,3,0,3,7
643410,"Leiter Jr., Mark",SI,2025,33.829,71,0.4765,0.3796,3,3,17,5,1,3,6
643493,"Pruitt, Austin",SL,2022,11.4414,70,0.1634,0.234,2,0,6,2,0,1,14
643511,"Rogers, Tyler",SI,2022,41.3869,142,0.2915,0.3161,13,2,32,3,1,0,9
643511,"Rogers, Tyler",SI,2023,38.9158,109,0.357,0.3237,5,1,23,7,1,2,11
643511,"Rogers, Tyler",SI,2024,34.1538,141,0.2422,0.2491,2,2,22,8,0,1,20
643511,"Rogers, Tyler",SI,2025,38.3213,164,0.2337,0.2844,4,1,33,4,0,1,14
643511,"Rogers, Tyler",SL,2022,33.2162,114,0.2914,0.2455,7,2,13,6,2,2,27
643511,"Rogers, Tyler",SL,2023,29.1886,108,0.2703,0.2072,5,1,11,5,0,4,29
643511,"Rogers, Tyler",SL,2024,30.0378,76,0.3952,0.309,1,5,10,4,0,5,18
644364,"Arano, Víctor",SI,2022,19.6898,63,0.3125,0.3151,5,2,14,1,0,1,4
645261,"Alcantara, Sandy",CH,2022,33.1349,192,0.1726,0.1922,8,0,17,9,1,0,60
645261,"Alcantara, Sandy",CH,2023,54.974,175,0.3141,0.3107,10,1,30,12,0,3,34
645261,"Alcantara, Sandy",CH,2025,34.6318,137,0.2528,0.2966,11,2,18,7,0,1,22
645261,"Alcantara, Sandy",CU,2025,28.7766,95,0.3029,0.3191,2,2,10,6,0,4,27
645261,"Alcantara, Sandy",FF,2022,41.1819,142,0.29,0.2957,9,1,17,8,0,4,37
645261,"Alcantara, Sandy",FF,2023,49.3672,151,0.3269,0.2846,6,0,21,7,1,7,49
645261,"Alcantara, Sandy",FF,2025,51.0929,137,0.3729,0.3574,15,1,13,10,0,7,39
645261,"Alcantara, Sandy",SI,2022,56.0427,192,0.2919,0.2752,10,3,38,4,2,3,25
645261,"Alcantara, Sandy",SI,2023,69.915,228,0.3066,0.373,19,4,38,4,0,8,25
645261,"Alcantara, Sandy",SI,2025,44.7067,145,0.3083,0.3559,13,3,25,7,0,2,11
645261,"Alcantara, Sandy",SL,2022,26.5756,111,0.2394,0.2427,5,0,14,6,2,0,32
645261,"Alcantara, Sandy",SL,2023,38.8822,132,0.2946,0.297,9,0,19,6,0,4,30
645261,"Alcantara, Sandy",SL,2025,19.9523,65,0.307,0.312,4,0,9,2,0,3,16
647315,"Pop, Zach",SI,2022,23.2096,104,0.2232,0.2662,2,2,17,3,0,1,16
647315,"Pop, Zach",SI,2024,42.4505,118,0.3598,0.3679,13,1,18,5,0,5,18
647336,"Soroka, Michael",FF,2024,25.7356,84,0.3064,0.3488,18,0,7,2,1,2,19
647336,"Soroka, Michael",FF,2025,48.0765,139,0.3459,0.3425,14,1,19,5,1,6,30
647336,"Soroka, Michael",SI,2024,30.3847,84,0.3617,0.3917,11,2,11,5,1,2,10
647336,"Soroka, Michael",SL,2024,24.1232,85,0.2838,0.2466,6,1,9,0,0,5,36
647336,"Soroka, Michael",SV,2025,18.9055,91,0.2078,0.2083,7,4,4,3,0,2,43
650556,"Abreu, Bryan",FF,2022,23.4158,78,0.3002,0.345,9,2,14,2,0,1,16
650556,"Abreu, Bryan",FF,2023,15.4081,73,0.2111,0.2409,9,1,5,4,0,0,24
650556,"Abreu, Bryan",FF,2024,39.1913,100,0.3919,0.3554,10,1,14,5,1,5,19
650556,"Abreu, Bryan",FF,2025,20.0369,97,0.2066,0.286,11,1,14,1,0,0,33
650556,"Abreu, Bryan",SL,2022,21.9557,103,0.2132,0.2127,9,1,13,2,0,1,51
650556,"Abreu, Bryan",SL,2023,32.9567,133,0.2478,0.3019,15,2,17,3,0,2,47
650556,"Abreu, Bryan",SL,2024,33.965,138,0.2461,0.2338,10,3,19,4,0,2,53
650556,"Abreu, Bryan",SL,2025,27.5133,119,0.2312,0.2783,14,1,13,4,0,1,46
650633,"King, Michael",CH,2024,40.6303,183,0.222,0.2434,16,0,23,9,0,0,50
650633,"King, Michael",CH,2025,15.6139,83,0.1881,0.2415,4,0,13,0,0,1,18
650633,"King, Michael",FF,2023,17.1799,77,0.2231,0.2547,5,0,11,2,0,1,25
650633,"King, Michael",FF,2024,33.593,107,0.314,0.3246,13,2,17,6,0,1,28
650633,"King, Michael",SI,2023,31.296,96,0.326,0.3337,6,1,22,2,2,1,27
650633,"King, Michael",SI,2024,32.9118,129,0.2551,0.2921,14,2,13,2,0,4,35
650633,"King, Michael",SI,2025,23.014,86,0.2676,0.2883,3,1,11,3,0,3,28
650633,"King, Michael",ST,2023,24.2817,81,0.2998,0.2531,4,1,10,6,0,2,26
650633,"King, Michael",ST,2024,22.1505,82,0.2701,0.3012,6,2,10,3,0,2,32
650644,"Civale, Aaron",CU,2022,21.0356,98,0.2146,0.1763,6,0,5,6,0,2,53
650644,"Civale, Aaron",CU,2023,19.0833,86,0.2219,0.2584,3,1,11,2,0,2,30
650644,"Civale, Aaron",CU,2024,28.2469,75,0.3766,0.2972,5,2,9,3,0,5,25
650644,"Civale, Aaron",FC,2022,46.1809,112,0.4123,0.3447,7,1,17,7,0,7,17
650644,"Civale, Aaron",FC,2023,41.2589,129,0.3198,0.322,5,0,22,8,1,3,26
650644,"Civale, Aaron",FC,2024,54.93,170,0.3231,0.3204,16,1,26,8,0,5,35
650644,"Civale, Aaron",FC,2025,37.4251,109,0.3433,0.3301,13,2,13,4,0,5,25
650644,"Civale, Aaron",SI,2022,27.9967,82,0.3414,0.3864,4,5,13,3,0,3,9
650644,"Civale, Aaron",SI,2023,21.5271,89,0.2419,0.2919,12,1,9,3,0,1,19
650644,"Civale, Aaron",SI,2024,37.028,117,0.3165,0.3483,15,2,11,4,0,5,22
650644,"Civale, Aaron",ST,2024,28.6621,96,0.2986,0.2866,5,0,17,3,0,3,19
650671,"Quijada, José",FF,2022,32.4661,94,0.3454,0.2851,14,1,8,5,0,4,31
650893,"Cabrera, Génesis",FC,2024,19.943,77,0.259,0.2726,6,0,10,6,0,0,19
650893,"Cabrera, Génesis",FF,2022,27.4154,63,0.4352,0.4262,10,2,9,2,0,4,6
650893,"Cabrera, Génesis",FF,2023,27.5223,72,0.3823,0.3473,10,0,5,4,0,5,19
650895,"Castillo, Diego",SL,2022,24.3676,100,0.2437,0.2315,7,0,12,2,0,3,36
650911,"Sánchez, Cristopher",CH,2023,23.0698,106,0.2176,0.2202,4,0,10,2,0,4,47
650911,"Sánchez, Cristopher",CH,2024,32.1628,173,0.1859,0.1957,4,0,23,6,0,1,50
650911,"Sánchez, Cristopher",CH,2025,43.5857,214,0.2037,0.2135,6,3,22,11,0,2,78
650911,"Sánchez, Cristopher",SI,2022,27.985,90,0.3109,0.3512,12,2,11,4,0,2,16
650911,"Sánchez, Cristopher",SI,2023,53.2533,134,0.3974,0.3604,5,0,25,11,0,6,16
650911,"Sánchez, Cristopher",SI,2024,60.0485,177,0.3393,0.3544,12,0,40,9,0,3,19
650911,"Sánchez, Cristopher",SI,2025,78.3694,269,0.2913,0.3501,24,1,53,9,0,3,35
650911,"Sánchez, Cristopher",SL,2024,16.4411,64,0.2569,0.227,3,0,7,1,0,3,22
650911,"Sánchez, Cristopher",SL,2025,29.8228,82,0.3637,0.3153,2,1,12,6,0,4,23
656061,"Abreu, Albert",SI,2022,18.8529,68,0.2772,0.2847,8,1,13,2,0,0,8
656061,"Abreu, Albert",SI,2023,48.4384,123,0.3938,0.3496,18,4,18,8,0,4,29
656061,"Abreu, Albert",SL,2023,14.1998,64,0.2219,0.2763,7,1,4,1,0,2,19
656222,"Beeks, Jalen",CH,2022,18.9225,81,0.2336,0.2416,5,0,9,3,1,1,26
656222,"Beeks, Jalen",CH,2023,21.5274,70,0.3075,0.3028,4,0,12,5,0,1,18
656222,"Beeks, Jalen",FF,2022,23.4648,77,0.3047,0.3173,8,2,7,3,0,3,17
656222,"Beeks, Jalen",FF,2023,28.0273,81,0.346,0.3146,15,0,8,4,0,3,15
656222,"Beeks, Jalen",FF,2024,52.4999,156,0.3365,0.3101,17,1,36,7,0,1,20
656222,"Beeks, Jalen",FF,2025,28.6896,77,0.3726,0.3853,7,2,11,5,0,3,13
656232,"Bielak, Brandon",CH,2023,17.8864,73,0.245,0.2994,5,2,10,4,0,0,17
656232,"Bielak, Brandon",FF,2023,36.313,98,0.3705,0.3809,17,1,9,5,1,4,16
656234,"Bird, Jake",CU,2023,15.4233,66,0.2337,0.1929,0,2,5,2,0,3,34
656234,"Bird, Jake",SI,2022,28.4653,92,0.3094,0.3647,13,2,12,2,1,2,7
656234,"Bird, Jake",SI,2023,49.2623,159,0.3098,0.3597,13,2,36,6,0,1,17
656234,"Bird, Jake",SI,2024,22.9931,73,0.315,0.3807,10,2,11,5,0,0,9
656234,"Bird, Jake",SI,2025,32.5815,79,0.4124,0.3928,11,0,16,4,0,3,8
656240,"Blewett, Scott",SL,2025,29.4348,69,0.4266,0.349,7,0,14,1,0,5,13
656257,"Brigham, Jeff",ST,2023,17.9529,61,0.2943,0.2855,6,1,3,3,0,3,15
656271,"Burke, Brock",FF,2022,43.3918,159,0.2729,0.2834,15,2,15,6,0,5,49
656271,"Burke, Brock",FF,2023,33.0024,111,0.2973,0.2733,2,2,15,3,1,5,21
656271,"Burke, Brock",FF,2024,28.4842,65,0.4382,0.2982,5,2,5,8,1,3,19
656271,"Burke, Brock",FF,2025,25.8874,82,0.3157,0.3595,7,2,10,4,1,2,21
656288,"Canning, Griffin",CH,2023,35.3571,124,0.2851,0.3054,8,1,17,5,1,3,24
656288,"Canning, Griffin",CH,2024,30.7403,118,0.2605,0.2672,8,1,14,7,1,1,20
656288,"Canning, Griffin",CH,2025,15.4497,71,0.2176,0.3133,8,0,10,0,0,1,12
656288,"Canning, Griffin",FF,2023,48.0732,132,0.3642,0.3547,10,1,15,4,1,9,30
656288,"Canning, Griffin",FF,2024,57.3233,141,0.4065,0.385,13,1,13,9,2,9,19
656288,"Canning, Griffin",SL,2023,42.4904,155,0.2741,0.2579,8,3,26,7,0,2,52
656288,"Canning, Griffin",SL,2024,38.5311,110,0.3503,0.3156,12,0,18,3,0,5,32
656288,"Canning, Griffin",SL,2025,31.307,88,0.3558,0.3715,7,0,18,4,1,2,18
656302,"Cease, Dylan",FF,2022,71.9778,214,0.3363,0.3166,31,0,30,10,0,6,50
656302,"Cease, Dylan",FF,2023,86.2879,244,0.3536,0.3354,27,4,43,9,3,6,51
656302,"Cease, Dylan",FF,2024,90.7599,279,0.3253,0.3433,40,1,38,15,0,6,57
656302,"Cease, Dylan",FF,2025,87.5949,241,0.3635,0.3371,27,2,33,14,1,9,56
656302,"Cease, Dylan",KC,2022,21.0014,72,0.2917,0.2624,6,0,8,6,0,1,27
656302,"Cease, Dylan",KC,2023,36.7355,86,0.4272,0.3796,3,1,12,8,2,4,18
656302,"Cease, Dylan",SL,2022,53.8857,285,0.1891,0.2068,21,3,23,4,0,6,107
656302,"Cease, Dylan",SL,2023,66.5976,240,0.2775,0.2942,20,3,33,10,0,5,82
656302,"Cease, Dylan",SL,2024,60.0123,312,0.1923,0.2009,15,0,26,15,1,3,127
656302,"Cease, Dylan",SL,2025,79.0894,258,0.3065,0.2651,21,0,35,15,0,7,100
656353,"Davidson, Tucker",FF,2022,29.3291,77,0.3809,0.4039,13,1,11,5,0,2,2
656353,"Davidson, Tucker",SL,2022,24.1086,80,0.3014,0.2857,9,1,10,4,1,1,22
656353,"Davidson, Tucker",SL,2023,32.3319,88,0.3674,0.3725,7,0,18,8,0,1,15
656354,"Davis, Austin",FF,2022,32.5168,87,0.3738,0.3847,17,0,10,4,2,2,17
656354,"Davis, Austin",ST,2022,24.1441,82,0.2944,0.3147,7,5,14,2,0,1,22
656412,"Faedo, Alex",FF,2022,49.6675,107,0.4642,0.4209,14,1,19,9,0,5,17
656412,"Faedo, Alex",FF,2023,26.6714,84,0.3175,0.3578,8,0,7,3,0,5,14
656412,"Faedo, Alex",FF,2024,29.1892,80,0.3649,0.3025,13,1,7,2,0,5,20
656412,"Faedo, Alex",SL,2022,22.1136,77,0.2872,0.294,7,0,12,4,0,1,20
656412,"Faedo, Alex",SL,2023,22.8096,64,0.3564,0.2551,5,0,7,5,0,3,20
656427,"Flaherty, Jack",FF,2023,86.6469,246,0.3522,0.3419,33,5,46,9,1,5,64
656427,"Flaherty, Jack",FF,2024,85.7682,270,0.3177,0.3357,19,3,43,8,2,9,76
656427,"Flaherty, Jack",FF,2025,97.9161,276,0.3548,0.3688,29,1,43,11,0,12,65
656427,"Flaherty, Jack",KC,2023,33.4698,120,0.2789,0.2715,9,2,9,9,0,3,42
656427,"Flaherty, Jack",KC,2024,19.4227,121,0.1605,0.2006,2,0,14,3,0,1,52
656427,"Flaherty, Jack",KC,2025,43.2664,155,0.2791,0.2384,10,1,16,10,0,4,62
656427,"Flaherty, Jack",SL,2023,75.3891,186,0.4053,0.3931,17,2,33,15,1,6,27
656427,"Flaherty, Jack",SL,2024,60.6301,174,0.3484,0.2966,15,0,19,5,1,11,47
656427,"Flaherty, Jack",SL,2025,42.5899,148,0.2878,0.3038,14,1,21,7,1,2,38
656458,"Gilbreath, Lucas",FF,2022,30.0394,91,0.3301,0.3439,17,2,13,4,0,1,18
656464,"Ginkel, Kevin",FF,2023,21.636,78,0.2774,0.3003,9,1,5,5,0,2,16
656464,"Ginkel, Kevin",FF,2024,28.9293,103,0.2809,0.2923,8,0,18,5,0,1,21
656464,"Ginkel, Kevin",SL,2023,14.5576,80,0.182,0.1819,2,0,5,5,0,1,29
656464,"Ginkel, Kevin",SL,2024,22.9635,72,0.3189,0.2665,2,0,12,5,0,2,28
656529,"Hentges, Sam",FF,2022,20.5449,69,0.2978,0.2894,8,1,10,5,0,0,14
656546,"Hoffman, Jeff",FF,2022,21.5205,74,0.2908,0.3228,9,0,11,2,1,1,14
656546,"Hoffman, Jeff",FF,2024,19.3466,70,0.2764,0.3212,4,0,6,2,1,3,21
656546,"Hoffman, Jeff",FF,2025,29.6653,68,0.4363,0.4088,8,0,6,2,0,7,18
656546,"Hoffman, Jeff",SL,2023,6.4412,68,0.0947,0.1383,3,1,2,0,0,1,32
656550,"Holmes, Grant",CU,2025,18.3472,73,0.2513,0.2671,11,1,9,1,0,1,27
656550,"Holmes, Grant",FF,2024,30.3904,96,0.3166,0.3107,6,1,16,4,0,3,19
656550,"Holmes, Grant",FF,2025,58.946,133,0.4432,0.4367,19,4,21,6,0,8,22
656550,"Holmes, Grant",SL,2024,23.0252,85,0.2709,0.2838,3,0,16,4,0,1,22
656550,"Holmes, Grant",SL,2025,37.3744,178,0.21,0.2493,13,0,22,3,0,3,64
656557,"Houck, Tanner",FF,2022,20.0539,61,0.3288,0.4016,10,1,10,2,0,1,11
656557,"Houck, Tanner",FS,2024,27.8348,124,0.2245,0.2682,7,0,19,4,0,1,17
656557,"Houck, Tanner",SI,2022,19.3655,69,0.2807,0.2754,2,3,18,1,0,0,11
656557,"Houck, Tanner",SI,2023,46.2757,121,0.3824,0.3321,10,0,19,11,0,4,18
656557,"Houck, Tanner",SI,2024,47.7196,154,0.3099,0.3779,11,5,33,6,0,1,28
656557,"Houck, Tanner",SL,2022,17.9995,71,0.2535,0.2957,5,1,8,2,0,2,22
656557,"Houck, Tanner",SL,2023,40.5056,154,0.263,0.2881,14,2,16,6,0,4,47
656557,"Houck, Tanner",ST,2024,46.4984,177,0.2627,0.2934,6,5,26,6,0,4,53
656578,"Jackson, Andre",CH,2023,31.4608,76,0.414,0.3813,5,0,8,4,1,6,20
656605,"Keller, Mitch",CU,2022,28.0097,78,0.3591,0.2937,5,1,12,5,0,3,16
656605,"Keller, Mitch",FC,2023,60.1215,148,0.4062,0.3662,9,2,29,11,0,6,22
656605,"Keller, Mitch",FC,2024,36.2139,79,0.4584,0.4133,7,2,9,3,1,7,6
656605,"Keller, Mitch",FF,2022,53.2984,160,0.3331,0.3015,15,2,30,6,0,4,40
656605,"Keller, Mitch",FF,2023,47.0985,159,0.2962,0.2807,16,0,11,9,1,6,69
656605,"Keller, Mitch",FF,2024,59.3425,174,0.341,0.3415,15,2,28,11,2,3,43
656605,"Keller, Mitch",FF,2025,75.2161,217,0.3466,0.362,18,6,32,13,1,6,42
656605,"Keller, Mitch",SI,2022,42.4211,128,0.3314,0.3681,13,4,25,7,1,0,8
656605,"Keller, Mitch",SI,2023,44.9561,141,0.3188,0.2918,6,7,29,6,0,2,24
656605,"Keller, Mitch",SI,2024,57.1768,168,0.3403,0.2927,12,3,31,6,1,5,34
656605,"Keller, Mitch",SI,2025,32.5668,111,0.2934,0.2848,6,3,15,9,0,1,17
656605,"Keller, Mitch",SL,2024,29.7219,70,0.4246,0.3666,2,1,12,5,2,3,12
656605,"Keller, Mitch",SL,2025,42.7001,112,0.3813,0.3345,11,0,17,9,0,4,19
656605,"Keller, Mitch",ST,2022,20.2538,90,0.225,0.2726,5,2,13,2,0,1,35
656605,"Keller, Mitch",ST,2023,32.8949,109,0.3018,0.3269,7,1,17,5,0,3,31
656605,"Keller, Mitch",ST,2024,37.3252,132,0.2828,0.2718,7,4,17,4,2,3,44
656605,"Keller, Mitch",ST,2025,39.8294,147,0.2709,0.2697,3,1,22,5,0,5,43
656629,"Kopech, Michael",FF,2022,71.4468,242,0.2952,0.3145,31,1,27,6,1,8,55
656629,"Kopech, Michael",FF,2023,99.092,259,0.3826,0.3762,48,6,30,10,0,12,57
656629,"Kopech, Michael",FF,2024,49.5251,164,0.302,0.3017,22,3,19,3,0,6,56
656629,"Kopech, Michael",SL,2022,38.628,108,0.3577,0.3453,9,0,15,6,0,5,17
656629,"Kopech, Michael",SL,2023,47.9683,126,0.3807,0.3391,6,1,16,5,1,9,32
656638,"Lange, Alex",KC,2022,21.8286,97,0.225,0.1967,6,1,8,3,1,2,50
656638,"Lange, Alex",KC,2023,31.4219,119,0.264,0.2761,19,3,10,4,0,2,37
656638,"Lange, Alex",SI,2022,25.7094,70,0.3673,0.3933,11,3,11,1,1,2,9
656641,"Latz, Jacob",FF,2024,26.3805,82,0.3217,0.3566,13,1,11,3,0,2,17
656641,"Latz, Jacob",FF,2025,32.4715,105,0.3093,0.3588,10,0,13,3,1,4,24
656657,"Logue, Zach",FF,2022,50.6395,115,0.4403,0.4302,13,0,13,11,1,6,21
656730,"Megill, Trevor",FF,2022,26.8788,84,0.32,0.3615,10,0,17,5,0,0,14
656730,"Megill, Trevor",FF,2023,29.7557,91,0.327,0.3152,10,1,17,5,0,1,25
656730,"Megill, Trevor",FF,2024,22.3527,83,0.2693,0.3003,6,1,11,3,0,2,19
656730,"Megill, Trevor",FF,2025,27.7636,76,0.3653,0.3836,8,0,12,6,0,2,20
656731,"Megill, Tylor",CH,2023,26.3096,70,0.3759,0.392,7,1,14,2,0,3,10
656731,"Megill, Tylor",FF,2022,25.686,66,0.3892,0.3707,5,0,15,2,0,3,15
656731,"Megill, Tylor",FF,2023,79.8843,216,0.3698,0.407,22,4,41,10,0,7,30
656731,"Megill, Tylor",FF,2024,33.5888,113,0.2972,0.3183,17,2,11,8,0,1,34
656731,"Megill, Tylor",FF,2025,34.1675,106,0.3223,0.3419,17,1,14,2,1,3,39
656731,"Megill, Tylor",SL,2023,29.1228,85,0.3426,0.3292,4,0,14,4,0,4,24
656756,"Montgomery, Jordan",CH,2022,36.1045,117,0.3086,0.2678,4,0,19,8,1,2,19
656756,"Montgomery, Jordan",CH,2023,35.4479,121,0.293,0.2845,5,0,14,10,0,3,30
656756,"Montgomery, Jordan",CH,2024,28.8535,61,0.473,0.3908,5,0,8,5,0,5,11
656756,"Montgomery, Jordan",CU,2022,25.1879,102,0.2469,0.2462,1,5,7,4,0,4,47
656756,"Montgomery, Jordan",CU,2023,34.0596,121,0.2815,0.2463,4,1,12,7,1,4,40
656756,"Montgomery, Jordan",CU,2024,32.7062,100,0.3271,0.282,4,1,11,12,1,1,21
656756,"Montgomery, Jordan",FF,2022,32.2063,96,0.3355,0.3432,6,1,13,7,0,3,21
656756,"Montgomery, Jordan",FF,2024,22.5624,66,0.3419,0.3407,4,1,14,4,0,1,9
656756,"Montgomery, Jordan",SI,2022,53.2707,181,0.2943,0.326,14,0,33,6,1,3,30
656756,"Montgomery, Jordan",SI,2023,74.1266,251,0.2953,0.3213,20,1,38,12,1,5,38
656756,"Montgomery, Jordan",SI,2024,47.2431,125,0.3779,0.3934,12,0,29,5,1,3,7
656793,"Nelson, Nick",CH,2022,19.8004,62,0.3194,0.2406,4,0,11,6,0,0,18
656793,"Nelson, Nick",FF,2022,31.3934,95,0.3305,0.3459,12,0,18,5,0,1,17
656794,"Newcomb, Sean",FF,2022,18.6872,66,0.2831,0.3198,13,0,7,2,0,1,14
656794,"Newcomb, Sean",FF,2025,24.5049,86,0.2849,0.3016,8,0,13,3,0,2,26
656794,"Newcomb, Sean",SI,2025,23.1936,75,0.3092,0.3263,8,0,19,2,0,0,8
656794,"Newcomb, Sean",SV,2025,16.1126,74,0.2177,0.222,0,2,10,3,0,1,33
656849,"Peterson, David",CH,2025,18.9911,71,0.2675,0.2914,9,0,7,4,0,1,10
656849,"Peterson, David",CU,2025,15.1929,69,0.2202,0.2999,8,1,7,3,0,0,23
656849,"Peterson, David",FF,2022,38.898,116,0.3353,0.3386,21,0,18,3,0,3,23
656849,"Peterson, David",FF,2024,18.7005,76,0.2461,0.2837,8,0,12,3,0,0,23
656849,"Peterson, David",FF,2025,35.7639,101,0.3541,0.3854,7,1,14,7,0,4,23
656849,"Peterson, David",SI,2023,28.5775,78,0.3664,0.3808,9,1,16,2,1,2,9
656849,"Peterson, David",SI,2024,31.1943,109,0.2862,0.376,13,2,16,3,0,2,13
656849,"Peterson, David",SI,2025,53.3828,150,0.3559,0.3594,21,1,31,9,0,1,11
656849,"Peterson, David",SL,2022,31.1005,118,0.2636,0.2448,5,5,11,6,0,3,60
656849,"Peterson, David",SL,2023,26.0141,79,0.3293,0.3023,5,2,11,4,0,3,34
656849,"Peterson, David",SL,2024,18.1206,67,0.2705,0.2793,1,1,11,2,0,2,21
656849,"Peterson, David",SL,2025,34.8,118,0.2949,0.2758,3,2,18,6,2,2,50
656876,"Rasmussen, Drew",FC,2022,35.981,121,0.2974,0.3177,6,0,20,6,0,3,20
656876,"Rasmussen, Drew",FC,2025,32.5822,144,0.2263,0.2704,6,2,17,1,0,5,28
656876,"Rasmussen, Drew",FF,2022,35.8733,128,0.2803,0.2873,4,0,16,6,1,4,22
656876,"Rasmussen, Drew",FF,2025,50.5875,164,0.3085,0.3165,14,0,25,5,0,6,37
656876,"Rasmussen, Drew",SI,2025,34.0066,126,0.2699,0.3198,7,2,22,4,0,2,24
656876,"Rasmussen, Drew",ST,2022,29.6966,110,0.27,0.3286,10,1,13,4,1,2,29
656945,"Scott, Tanner",FF,2023,25.467,95,0.2681,0.2604,9,0,10,7,0,1,33
656945,"Scott, Tanner",FF,2024,18.6013,101,0.1842,0.2634,14,0,8,1,0,1,28
656945,"Scott, Tanner",FF,2025,24.6524,86,0.2867,0.3181,5,1,8,2,1,4,22
656945,"Scott, Tanner",SL,2022,42.2146,146,0.2891,0.2995,16,3,21,3,1,3,47
656945,"Scott, Tanner",SL,2023,25.0116,113,0.2213,0.2078,5,2,16,2,0,2,43
656945,"Scott, Tanner",SL,2024,21.7773,82,0.2656,0.2805,5,0,15,1,0,2,26
656970,"Smeltzer, Devin",CH,2022,16.7114,69,0.2422,0.231,2,0,9,4,0,1,7
656970,"Smeltzer, Devin",FF,2022,22.1468,61,0.3631,0.3263,7,0,11,1,0,3,12
656986,"Sousa, Bennett",SL,2025,14.3624,67,0.2144,0.2097,3,0,4,5,0,1,27
657006,"Steele, Justin",FF,2022,66.5419,171,0.3891,0.3431,23,0,39,10,1,2,28
657006,"Steele, Justin",FF,2023,107.37,348,0.3085,0.3182,24,2,64,17,2,5,69
657006,"Steele, Justin",FF,2024,91.43,269,0.3399,0.3034,29,1,45,14,0,7,56
657006,"Steele, Justin",SL,2022,16.0572,104,0.1544,0.1966,4,2,12,0,0,1,46
657006,"Steele, Justin",SL,2023,53.0305,211,0.2513,0.2367,4,4,27,10,0,5,69
657006,"Steele, Justin",SL,2024,32.0061,159,0.2013,0.2127,5,1,17,5,0,3,50
657024,"Swanson, Erik",FF,2022,13.4764,65,0.2073,0.2251,6,0,7,3,0,0,20
657024,"Swanson, Erik",FS,2023,27.3085,121,0.2257,0.2434,9,0,10,3,0,4,41
657044,"Thompson, Ryan",SI,2024,41.7949,131,0.319,0.327,7,0,27,3,2,3,13
657044,"Thompson, Ryan",SI,2025,22.2596,60,0.371,0.3488,6,0,16,4,0,0,7
657053,"Toussaint, Touki",CU,2023,14.8405,80,0.1855,0.2621,6,2,6,2,0,1,32
657053,"Toussaint, Touki",FF,2023,33.12,78,0.4246,0.4586,22,2,12,5,0,1,14
657053,"Toussaint, Touki",FS,2023,14.5526,60,0.2425,0.2791,2,0,8,0,1,2,18
657053,"Toussaint, Touki",SI,2023,29.5886,79,0.3745,0.4046,16,1,15,0,0,3,6
657093,"Watkins, Spenser",FC,2022,40.9912,116,0.3534,0.3125,8,0,26,7,0,2,23
657093,"Watkins, Spenser",FF,2022,48.2203,145,0.3326,0.371,13,2,20,6,1,5,11
657093,"Watkins, Spenser",ST,2022,17.5352,66,0.2657,0.279,0,0,5,6,0,2,12
657097,"Webb, Jacob",CH,2025,22.439,66,0.34,0.3125,3,0,13,0,0,4,12
657097,"Webb, Jacob",FF,2023,23.9003,97,0.2464,0.3309,15,3,7,2,0,2,28
657097,"Webb, Jacob",FF,2024,31.4974,92,0.3424,0.3689,21,1,7,4,0,3,25
657097,"Webb, Jacob",FF,2025,21.6309,79,0.2738,0.305,12,1,6,3,0,2,23
657140,"Wright, Kyle",CH,2022,14.0006,86,0.1628,0.2613,4,0,6,3,0,1,24
657140,"Wright, Kyle",FF,2022,43.0041,95,0.4527,0.3932,14,1,18,3,0,6,19
657140,"Wright, Kyle",KC,2022,53.1167,184,0.2887,0.2853,11,2,29,5,1,5,61
657140,"Wright, Kyle",KC,2023,19.2651,68,0.2833,0.2973,5,1,3,3,1,3,23
657140,"Wright, Kyle",SI,2022,43.7038,150,0.2914,0.3236,14,4,24,4,0,3,18
657240,"Merryweather, Julian",FF,2023,39.9389,114,0.3503,0.4038,26,0,18,2,0,3,27
657240,"Merryweather, Julian",SL,2023,25.9483,100,0.2595,0.2347,4,1,14,3,0,3,43
657248,"Otto, Glenn",FF,2022,43.5145,112,0.3885,0.4,23,1,17,2,0,5,18
657248,"Otto, Glenn",KC,2022,24.9122,65,0.3833,0.3437,6,0,10,4,0,3,10
657248,"Otto, Glenn",SI,2022,32.6831,103,0.3173,0.3554,13,6,11,2,1,3,14
657248,"Otto, Glenn",ST,2022,40.3897,137,0.2948,0.2646,4,4,14,5,1,6,44
657277,"Webb, Logan",CH,2022,50.8542,220,0.2312,0.2702,14,1,29,8,1,2,57
657277,"Webb, Logan",CH,2023,92.2234,375,0.2459,0.2612,13,0,65,14,1,4,80
657277,"Webb, Logan",CH,2024,96.3032,295,0.3265,0.3728,14,0,57,12,1,9,51
657277,"Webb, Logan",CH,2025,49.3259,174,0.2835,0.259,7,0,24,14,2,1,58
657277,"Webb, Logan",SI,2022,68.3014,184,0.3712,0.3482,16,2,35,17,0,2,24
657277,"Webb, Logan",SI,2023,77.964,214,0.3643,0.3711,11,1,44,10,2,7,33
657277,"Webb, Logan",SI,2024,84.737,297,0.2853,0.3071,22,2,59,10,3,1,48
657277,"Webb, Logan",SI,2025,75.6605,231,0.3275,0.3497,15,3,43,7,0,8,37
657277,"Webb, Logan",ST,2022,43.2504,178,0.243,0.2488,10,2,23,6,2,2,51
657277,"Webb, Logan",ST,2023,34.5367,122,0.2831,0.3107,4,3,16,4,1,4,44
657277,"Webb, Logan",ST,2024,35.0752,135,0.2598,0.2795,4,0,20,10,0,1,38
657277,"Webb, Logan",ST,2025,47.1438,149,0.3164,0.3285,8,1,28,10,0,2,38
657376,"Schmidt, Clarke",FC,2023,53.424,145,0.3684,0.2973,10,1,21,11,0,6,23
657376,"Schmidt, Clarke",FC,2024,36.5551,121,0.3021,0.2915,10,1,19,5,0,3,34
657376,"Schmidt, Clarke",FC,2025,29.9848,92,0.3259,0.2988,11,0,9,5,1,3,14
657376,"Schmidt, Clarke",KC,2023,25.318,98,0.2583,0.2455,4,4,11,3,0,3,40
657376,"Schmidt, Clarke",KC,2024,8.8458,60,0.1474,0.1991,3,2,7,0,0,0,25
657376,"Schmidt, Clarke",SI,2023,37.1478,121,0.307,0.365,9,2,19,6,1,2,14
657376,"Schmidt, Clarke",SI,2024,24.9949,61,0.4098,0.4332,5,3,9,3,2,2,9
657376,"Schmidt, Clarke",ST,2023,53.2377,124,0.4293,0.3596,10,1,12,11,0,9,27
657376,"Schmidt, Clarke",ST,2024,17.6557,62,0.2848,0.246,4,1,10,1,0,2,15
657508,"Baumann, Mike",FF,2022,27.8726,70,0.3982,0.3651,5,0,19,3,0,2,7
657508,"Baumann, Mike",FF,2023,28.0806,87,0.3228,0.3906,15,0,12,2,1,2,12
657508,"Baumann, Mike",FF,2024,30.3679,69,0.4401,0.3638,6,3,9,1,2,5,7
657508,"Baumann, Mike",KC,2023,14.1923,68,0.2087,0.2506,6,0,8,3,0,0,28
657508,"Baumann, Mike",KC,2024,23.0162,85,0.2708,0.2403,6,0,15,2,1,1,33
657514,"Bernardino, Brennan",SI,2023,33.566,112,0.2997,0.33,12,1,17,2,1,3,28
657514,"Bernardino, Brennan",SI,2024,21.5751,65,0.3319,0.3119,5,2,10,3,0,2,20
657514,"Bernardino, Brennan",SI,2025,20.6023,80,0.2575,0.34,13,1,10,3,0,0,11
657571,"Ferguson, Caleb",FF,2022,19.4962,73,0.2671,0.2777,12,0,7,3,0,1,22
657571,"Ferguson, Caleb",FF,2023,50.1381,152,0.3299,0.3194,16,6,33,4,1,1,38
657571,"Ferguson, Caleb",FF,2024,40.3469,92,0.4386,0.3795,13,0,13,7,0,5,25
657571,"Ferguson, Caleb",FF,2025,23.5796,67,0.3519,0.3034,7,0,9,7,0,1,16
657612,"Hill, Tim",FF,2023,24.969,70,0.3567,0.3425,7,2,10,3,0,3,12
657612,"Hill, Tim",SI,2022,23.6428,74,0.3195,0.2978,4,0,19,4,0,0,6
657612,"Hill, Tim",SI,2023,30.1211,67,0.4496,0.3664,5,0,22,3,0,2,3
657612,"Hill, Tim",SI,2024,49.5429,159,0.3116,0.3109,10,2,46,3,0,0,10
657612,"Hill, Tim",SI,2025,54.9194,181,0.3034,0.3005,11,0,32,7,0,5,21
657649,"Koenig, Jared",SI,2024,27.5388,103,0.2674,0.3037,13,1,17,2,0,1,25
657649,"Koenig, Jared",SI,2025,20.7154,98,0.2114,0.2406,8,1,12,4,0,0,28
657746,"Ryan, Joe",FF,2022,76.347,263,0.2903,0.3152,27,5,29,10,1,7,65
657746,"Ryan, Joe",FF,2023,99.0035,293,0.3379,0.2748,14,0,39,13,1,16,93
657746,"Ryan, Joe",FF,2024,50.3352,198,0.2542,0.2543,12,2,16,8,3,5,62
657746,"Ryan, Joe",FF,2025,77.2369,248,0.3114,0.2901,15,4,29,9,0,12,74
657746,"Ryan, Joe",FS,2023,60.4638,186,0.3251,0.3066,8,1,25,11,0,8,40
657746,"Ryan, Joe",FS,2024,20.5085,94,0.2182,0.2372,1,0,10,3,0,3,23
657746,"Ryan, Joe",SI,2025,32.7266,74,0.4423,0.3829,12,3,7,6,0,4,18
657746,"Ryan, Joe",SL,2022,38.8136,100,0.3881,0.2936,5,1,12,6,1,6,30
657746,"Ryan, Joe",ST,2024,20.6475,69,0.2992,0.1923,1,0,8,3,1,3,21
657756,"Seabold, Connor",FF,2023,86.4566,187,0.4623,0.3897,16,3,31,14,2,11,28
657756,"Seabold, Connor",SL,2023,49.2586,106,0.4647,0.339,7,3,14,9,0,8,15
658648,"Avila, Pedro",CH,2024,23.762,98,0.2425,0.3045,9,0,13,2,0,2,32
658648,"Avila, Pedro",FF,2023,22.2501,61,0.3648,0.3981,13,0,7,3,0,2,8
658648,"Avila, Pedro",FF,2024,40.3433,118,0.3419,0.3594,16,0,15,5,1,4,22
659262,"Espinoza, Anderson",FF,2022,25.723,65,0.3957,0.3769,13,4,5,1,0,4,13
659275,"Lamet, Dinelson",SL,2022,11.7893,60,0.1965,0.1953,1,1,3,4,0,1,32
660261,"Fujinami, Shintaro",FF,2023,59.8904,161,0.372,0.3778,32,5,22,8,1,3,25
660261,"Fujinami, Shintaro",FS,2023,17.4079,66,0.2638,0.2474,3,1,8,3,1,1,23
660271,"Ohtani, Shohei",FF,2022,50.5405,143,0.3534,0.3448,15,0,29,6,1,3,28
660271,"Ohtani, Shohei",FF,2023,29.5686,118,0.2506,0.3108,20,3,12,1,0,2,35
660271,"Ohtani, Shohei",FS,2022,11.7206,90,0.1302,0.0988,1,0,4,2,0,2,60
660271,"Ohtani, Shohei",ST,2022,42.0394,189,0.2224,0.2405,14,1,19,4,1,4,67
660271,"Ohtani, Shohei",ST,2023,36.4882,145,0.2516,0.2378,11,3,7,4,0,7,55
660730,"Rodriguez, Elvin",FF,2022,29.0591,64,0.454,0.4454,11,1,6,5,0,4,9
660761,"Suarez, José",CH,2022,35.1536,120,0.2929,0.2578,6,0,17,9,0,2,35
660761,"Suarez, José",FF,2022,43.3384,113,0.3835,0.3559,11,1,21,5,1,4,23
660761,"Suarez, José",SL,2022,15.5087,61,0.2542,0.2565,3,1,2,1,0,4,19
660787,"De los Santos, Yerry",SI,2025,19.3519,73,0.2651,0.3406,8,1,12,3,0,0,9
660813,"Graterol, Brusdar",SI,2022,18.033,75,0.2404,0.2457,5,2,12,1,0,1,9
660813,"Graterol, Brusdar",SI,2023,20.8703,92,0.2269,0.2399,3,1,19,2,0,0,17
660825,"Bazardo, Eduard",SI,2025,22.0441,96,0.2296,0.254,7,1,10,3,0,2,31
660825,"Bazardo, Eduard",SL,2025,19.0868,77,0.2479,0.3212,2,0,11,1,0,3,14
660853,"De Los Santos, Enyel",FF,2022,30.3091,88,0.3444,0.3892,9,1,15,5,0,2,17
660853,"De Los Santos, Enyel",FF,2023,34.2155,113,0.3028,0.3389,11,2,18,5,0,2,26
660853,"De Los Santos, Enyel",FF,2024,47.9844,106,0.4527,0.4002,9,4,14,10,0,6,23
660853,"De Los Santos, Enyel",FF,2025,40.8145,106,0.385,0.3721,9,1,20,8,0,3,27
660853,"De Los Santos, Enyel",SL,2024,20.8688,67,0.3115,0.2968,4,0,4,2,0,5,22
660853,"De Los Santos, Enyel",SL,2025,17.2099,83,0.2073,0.2339,6,0,8,2,1,1,20
660896,"Alcala, Jorge",FF,2025,30.0511,77,0.3903,0.3129,11,1,3,6,0,5,18
661269,"Gutierrez, Vladimir",FF,2022,33.1694,62,0.535,0.4547,9,4,4,5,0,6,7
661309,"Martínez, Adrián",SI,2022,41.0091,96,0.4272,0.3525,9,0,21,1,1,6,16
661309,"Martínez, Adrián",SI,2023,34.2605,109,0.3143,0.3457,9,1,16,3,2,3,19
661383,"Ortega, Oliver",FF,2022,20.5696,63,0.3265,0.3872,11,0,9,3,0,1,7
661395,"Duran, Jhoan",CU,2022,10.1177,61,0.1659,0.1596,2,1,5,3,0,0,33
661395,"Duran, Jhoan",FF,2022,21.0135,71,0.296,0.2657,5,1,15,0,0,2,22
661395,"Duran, Jhoan",FF,2025,11.7637,62,0.1897,0.2753,5,0,9,1,0,0,18
661395,"Duran, Jhoan",FS,2025,14.1482,73,0.1938,0.28,2,0,11,1,0,1,8
661403,"Clase, Emmanuel",FC,2022,21.5591,101,0.2135,0.2414,4,1,11,5,0,1,24
661403,"Clase, Emmanuel",FC,2023,30.1442,116,0.2599,0.2599,5,1,18,5,0,2,24
661403,"Clase, Emmanuel",FC,2024,22.5237,116,0.1942,0.2579,7,2,13,1,0,2,21
661403,"Clase, Emmanuel",FC,2025,26.6779,90,0.2964,0.2985,3,2,20,2,1,1,19
661403,"Clase, Emmanuel",SL,2022,10.3476,79,0.131,0.1691,2,0,5,0,0,2,31
661440,"Llovera, Mauricio",SI,2023,22.1483,86,0.2575,0.3213,9,2,14,3,0,0,16
661563,"Gil, Luis",CH,2024,30.009,114,0.2632,0.3056,10,5,13,2,0,3,25
661563,"Gil, Luis",FF,2024,72.0756,256,0.2815,0.3006,29,2,20,12,2,7,77
661563,"Gil, Luis",FF,2025,31.519,102,0.309,0.3655,11,1,15,7,0,1,16
661563,"Gil, Luis",SL,2024,36.4008,158,0.2304,0.263,19,1,11,6,0,3,46
662253,"Muñoz, Andrés",SL,2022,15.1868,102,0.1489,0.1664,7,0,7,2,0,1,43
662253,"Muñoz, Andrés",SL,2023,19.3592,64,0.3025,0.2321,4,1,9,3,0,2,24
662253,"Muñoz, Andrés",SL,2024,13.7342,78,0.1761,0.2315,5,0,7,0,0,2,36
662253,"Muñoz, Andrés",SL,2025,6.9371,75,0.0925,0.1773,1,0,6,1,0,0,36
663158,"Suarez, Robert",FF,2024,35.1491,125,0.2812,0.2693,9,0,25,3,0,2,32
663158,"Suarez, Robert",FF,2025,28.0111,117,0.2394,0.3137,10,2,13,2,0,3,35
663362,"Waldron, Matt",FF,2024,37.0865,89,0.4167,0.3462,6,0,12,5,1,6,23
663362,"Waldron, Matt",KN,2024,49.7244,162,0.3069,0.2908,4,5,25,8,0,5,50
663362,"Waldron, Matt",SI,2024,32.0094,86,0.3722,0.3942,7,0,21,4,0,2,8
663362,"Waldron, Matt",ST,2024,26.3488,74,0.3561,0.3235,7,0,5,6,0,4,10
663372,"Feltner, Ryan",CH,2024,30.7969,87,0.354,0.2458,4,0,17,5,0,3,27
663372,"Feltner, Ryan",CU,2024,12.8515,61,0.2107,0.325,0,2,6,3,0,1,19
663372,"Feltner, Ryan",FF,2022,53.837,114,0.4723,0.4492,12,4,19,7,2,6,18
663372,"Feltner, Ryan",FF,2024,72.8074,231,0.3152,0.324,19,1,35,8,2,7,45
663372,"Feltner, Ryan",SI,2022,21.8225,62,0.352,0.3517,4,1,15,1,0,2,8
663372,"Feltner, Ryan",SI,2024,32.0866,78,0.4114,0.3771,14,2,18,2,0,2,10
663372,"Feltner, Ryan",SL,2022,22.8731,69,0.3315,0.2994,7,0,11,2,1,2,13
663372,"Feltner, Ryan",SL,2024,37.1326,97,0.3828,0.3522,9,1,22,4,0,3,11
663423,"Thornton, Trent",ST,2022,10.9257,66,0.1655,0.1905,1,1,7,1,0,1,19
663423,"Thornton, Trent",ST,2024,16.401,71,0.231,0.228,2,1,11,4,0,0,17
663432,"Rainey, Tanner",FF,2024,56.6331,141,0.4017,0.3939,20,2,15,7,1,8,23
663436,"Martin, Davis",CH,2025,32.6368,118,0.2766,0.333,5,0,21,4,1,2,20
663436,"Martin, Davis",FC,2025,37.3392,113,0.3304,0.3223,11,2,10,3,0,7,24
663436,"Martin, Davis",FF,2022,29.2452,77,0.3798,0.3675,7,2,11,7,0,2,9
663436,"Martin, Davis",FF,2025,43.8519,128,0.3426,0.3645,12,2,15,7,2,4,26
663436,"Martin, Davis",SI,2025,28.0992,67,0.4194,0.4149,4,2,17,4,0,2,2
663436,"Martin, Davis",SL,2022,17.892,65,0.2753,0.2614,3,0,7,2,0,3,20
663455,"Pilkington, Konnor",FF,2022,44.4419,129,0.3445,0.3676,18,1,21,6,0,3,20
663455,"Pilkington, Konnor",FF,2025,21.0992,73,0.289,0.4016,12,1,7,2,0,2,18
663460,"Bubic, Kris",CH,2022,41.3745,132,0.3134,0.3412,14,0,20,7,1,2,25
663460,"Bubic, Kris",CH,2025,18.8106,68,0.2766,0.2969,10,0,11,1,0,1,13
663460,"Bubic, Kris",CU,2022,20.6902,61,0.3392,0.3546,2,2,17,3,0,0,11
663460,"Bubic, Kris",FF,2022,80.0549,182,0.4399,0.3885,27,1,31,11,0,9,36
663460,"Bubic, Kris",FF,2025,40.4229,114,0.3546,0.3193,11,0,19,7,2,2,28
663460,"Bubic, Kris",ST,2025,16.0278,73,0.2196,0.2076,2,1,7,3,1,1,21
663465,"Allard, Kolby",FF,2025,24.8775,79,0.3149,0.2614,2,1,16,4,1,1,22
663474,"McKenzie, Triston",CU,2022,17.8578,120,0.1488,0.17,3,0,10,2,0,2,66
663474,"McKenzie, Triston",FF,2022,93.5384,323,0.2896,0.3407,33,4,33,12,0,11,57
663474,"McKenzie, Triston",FF,2024,56.5408,116,0.4874,0.4364,25,1,13,6,0,9,11
663474,"McKenzie, Triston",SL,2022,48.8713,135,0.362,0.3161,1,1,22,4,2,8,22
663485,"Sands, Cole",FC,2024,16.359,61,0.2682,0.2655,3,2,10,0,0,2,18
663485,"Sands, Cole",FF,2024,15.352,61,0.2517,0.2354,2,1,7,2,0,2,19
663485,"Sands, Cole",FF,2025,23.2621,60,0.3877,0.344,5,0,9,4,0,3,20
663542,"Hudson, Bryan",FF,2024,15.0297,71,0.2117,0.2495,2,0,6,1,0,3,17
663546,"Hjelle, Sean",KC,2024,23.1908,86,0.2697,0.2456,4,2,11,4,0,2,32
663546,"Hjelle, Sean",SI,2024,36.0477,119,0.3029,0.3123,4,2,28,3,0,2,15
663554,"Mize, Casey",FF,2024,49.5492,146,0.3394,0.3241,7,0,33,4,0,5,29
663554,"Mize, Casey",FF,2025,48.1278,152,0.3166,0.3365,17,0,22,6,1,4,35
663554,"Mize, Casey",FS,2024,20.2024,64,0.3157,0.322,1,0,14,4,0,1,17
663554,"Mize, Casey",FS,2025,49.5901,128,0.3874,0.3116,2,1,24,10,1,5,31
663554,"Mize, Casey",SI,2025,22.1485,73,0.3034,0.3173,1,1,13,2,0,3,7
663554,"Mize, Casey",SL,2024,32.5968,89,0.3663,0.3378,9,0,13,4,2,3,13
663556,"McClanahan, Shane",CH,2022,20.0444,115,0.1743,0.2294,3,0,14,3,0,1,36
663556,"McClanahan, Shane",CH,2023,13.0228,70,0.186,0.1926,2,0,11,2,0,0,28
663556,"McClanahan, Shane",CU,2022,18.8279,87,0.2164,0.2305,5,1,9,2,0,2,29
663556,"McClanahan, Shane",FF,2022,46.6903,132,0.3537,0.3425,16,1,18,3,0,7,25
663556,"McClanahan, Shane",FF,2023,41.223,103,0.4002,0.3681,16,0,17,5,2,3,22
663556,"McClanahan, Shane",SL,2022,24.5192,60,0.4087,0.3077,3,0,15,2,0,3,18
663558,"Moran, Jovani",CH,2022,8.751,67,0.1306,0.1974,5,0,2,3,0,0,25
663558,"Moran, Jovani",CH,2023,14.846,73,0.2034,0.1924,4,0,5,2,3,0,25
663558,"Moran, Jovani",FF,2023,20.9913,60,0.3499,0.4073,17,0,6,1,0,2,12
663559,"Falter, Bailey",FF,2022,30.0374,130,0.2311,0.2751,7,2,19,1,0,3,21
663559,"Falter, Bailey",FF,2023,33.8937,102,0.3323,0.3223,6,0,18,6,0,3,22
663559,"Falter, Bailey",FF,2024,73.7489,230,0.3206,0.3155,13,0,34,15,0,7,39
663559,"Falter, Bailey",FF,2025,65.7197,198,0.3319,0.3533,23,0,29,8,0,7,29
663559,"Falter, Bailey",SI,2022,34.6224,85,0.4073,0.3508,6,2,11,5,2,4,20
663559,"Falter, Bailey",SI,2024,24.5384,76,0.3229,0.4142,6,0,13,2,0,3,11
663559,"Falter, Bailey",SI,2025,18.4179,79,0.2331,0.2687,6,1,9,5,0,0,11
663559,"Falter, Bailey",SL,2024,23.4844,85,0.2763,0.2725,5,0,16,4,1,0,25
663559,"Falter, Bailey",SL,2025,28.7498,86,0.3343,0.3596,4,0,12,3,0,5,17
663567,"Lambert, Peter",CH,2023,24.7094,70,0.353,0.2776,5,0,8,4,0,4,25
663567,"Lambert, Peter",FF,2023,51.7544,118,0.4386,0.4171,15,1,14,6,3,7,16
663567,"Lambert, Peter",FF,2024,25.7683,77,0.3347,0.3393,10,1,8,3,2,2,11
663567,"Lambert, Peter",SL,2023,23.5253,67,0.3511,0.3341,2,3,11,2,2,2,11
663568,"Kolek, Stephen",FF,2025,27.9622,88,0.3178,0.3557,6,1,8,4,1,4,21
663568,"Kolek, Stephen",SI,2024,24.6693,72,0.3426,0.3243,6,2,19,3,0,0,9
663568,"Kolek, Stephen",SI,2025,28.5959,91,0.3142,0.344,7,3,21,2,0,1,9
663574,"Santillan, Tony",FF,2025,29.5301,123,0.2401,0.3456,10,1,12,1,1,4,32
663623,"Irvin, Jake",CH,2025,33.0815,75,0.4411,0.3928,4,0,12,3,1,6,6
663623,"Irvin, Jake",CU,2023,28.576,94,0.304,0.2841,8,3,10,2,2,3,26
663623,"Irvin, Jake",CU,2024,42.0836,157,0.268,0.3027,6,2,20,6,0,5,32
663623,"Irvin, Jake",CU,2025,80.3862,204,0.394,0.3489,14,1,22,16,1,12,46
663623,"Irvin, Jake",FF,2023,38.4659,117,0.3288,0.3365,12,2,14,3,0,6,23
663623,"Irvin, Jake",FF,2024,62.3144,191,0.3263,0.3193,14,0,22,8,0,10,52
663623,"Irvin, Jake",FF,2025,86.8303,240,0.3618,0.4246,26,3,30,8,1,13,39
663623,"Irvin, Jake",SI,2023,48.0076,119,0.4034,0.3949,13,2,27,7,0,3,13
663623,"Irvin, Jake",SI,2024,53.8673,125,0.4309,0.3974,13,1,26,9,1,4,14
663623,"Irvin, Jake",SI,2025,62.5598,178,0.3515,0.3494,14,1,41,9,0,3,18
663671,"Enright, Nic",FF,2025,18.82,67,0.2809,0.3584,6,2,11,0,0,2,11
663687,"Harris, Hogan",FF,2023,48.9014,116,0.4216,0.3897,22,2,16,7,0,5,24
663687,"Harris, Hogan",FF,2024,50.572,148,0.3417,0.4163,24,2,24,4,0,4,22
663687,"Harris, Hogan",FF,2025,43.8385,126,0.3479,0.3621,20,0,18,9,0,2,30
663704,"McArthur, James",CU,2024,19.7872,60,0.3298,0.2948,1,1,10,2,0,3,24
663704,"McArthur, James",SI,2024,33.7344,85,0.3969,0.3597,6,1,20,4,0,3,11
663738,"Lynch IV, Daniel",CH,2022,34.9076,118,0.2958,0.2689,7,0,18,6,0,3,22
663738,"Lynch IV, Daniel",FF,2022,80.3877,223,0.3605,0.3727,24,1,46,9,0,6,39
663738,"Lynch IV, Daniel",FF,2023,23.9971,61,0.3934,0.3724,6,1,8,3,1,3,7
663738,"Lynch IV, Daniel",SL,2022,64.4788,170,0.3793,0.3272,12,3,21,8,1,10,53
663765,"Woodford, Jake",SI,2022,22.5888,82,0.2755,0.3102,6,0,18,3,0,0,8
663765,"Woodford, Jake",SI,2023,37.8514,91,0.4159,0.3973,11,1,15,5,1,4,11
663765,"Woodford, Jake",SI,2024,34.8586,79,0.4412,0.4183,7,1,15,8,1,2,9
663773,"Hoeing, Bryan",SI,2023,56.7213,123,0.4611,0.4041,12,2,16,12,1,7,20
663773,"Hoeing, Bryan",SI,2024,20.737,74,0.2802,0.3939,7,0,14,0,0,2,7
663773,"Hoeing, Bryan",SL,2023,16.1815,76,0.2129,0.2524,1,0,8,3,0,2,22
663776,"Sandoval, Patrick",CH,2022,31.4366,131,0.24,0.2819,16,1,22,1,1,0,52
663776,"Sandoval, Patrick",CH,2023,43.8902,164,0.2676,0.2963,14,0,17,7,0,5,47
663776,"Sandoval, Patrick",CH,2024,21.6755,96,0.2258,0.2331,3,1,15,5,0,0,30
663776,"Sandoval, Patrick",FF,2022,48.574,106,0.4582,0.4195,14,2,23,9,0,3,9
663776,"Sandoval, Patrick",FF,2023,54.1741,136,0.3983,0.3969,26,0,22,10,0,3,18
663776,"Sandoval, Patrick",SL,2022,38.0548,164,0.232,0.2613,12,0,23,5,0,2,50
663776,"Sandoval, Patrick",SL,2023,40.9748,145,0.2826,0.3217,16,1,27,5,1,0,28
663776,"Sandoval, Patrick",SL,2024,26.6169,75,0.3549,0.3464,4,0,12,5,0,3,13
663855,"Hicks, Jordan",FS,2024,14.5756,60,0.2429,0.2918,5,1,7,2,0,1,18
663855,"Hicks, Jordan",SI,2022,44.9017,142,0.3162,0.3584,21,4,21,6,1,1,13
663855,"Hicks, Jordan",SI,2023,44.6548,141,0.3167,0.3188,21,2,22,6,0,2,23
663855,"Hicks, Jordan",SI,2024,65.8618,171,0.3852,0.3907,15,3,38,10,0,4,15
663855,"Hicks, Jordan",SI,2025,48.2414,138,0.3496,0.33,14,3,26,9,1,1,18
663855,"Hicks, Jordan",ST,2022,21.1009,74,0.2851,0.2375,9,3,3,1,0,4,38
663878,"Pearson, Nate",FF,2023,32.2416,102,0.3161,0.337,10,3,13,3,0,4,17
663878,"Pearson, Nate",FF,2024,46.7276,113,0.4135,0.3637,9,1,24,8,0,4,22
663878,"Pearson, Nate",SL,2024,15.2427,63,0.2419,0.2729,2,0,9,3,0,1,21
663893,"Little, Brendon",KC,2025,13.4628,84,0.1603,0.179,6,1,9,0,1,0,51
663893,"Little, Brendon",SI,2024,31.3336,81,0.3868,0.3656,8,1,16,2,0,4,5
663893,"Little, Brendon",SI,2025,29.7077,80,0.3713,0.3628,17,0,11,6,0,1,9
663903,"Singer, Brady",SI,2022,78.7166,245,0.3213,0.3136,13,4,44,5,0,10,51
663903,"Singer, Brady",SI,2023,95.6957,234,0.409,0.3817,22,2,38,18,2,9,37
663903,"Singer, Brady",SI,2024,83.9707,260,0.323,0.3375,22,2,45,11,0,7,54
663903,"Singer, Brady",SI,2025,61.2297,181,0.3383,0.3376,18,7,21,9,1,6,49
663903,"Singer, Brady",SL,2022,54.7345,179,0.3058,0.3051,12,3,25,9,0,5,49
663903,"Singer, Brady",SL,2023,63.4206,216,0.2936,0.3174,10,3,28,9,3,6,50
663903,"Singer, Brady",SL,2024,69.9756,257,0.2723,0.2905,20,2,28,8,3,7,73
663903,"Singer, Brady",SL,2025,33.8022,145,0.2331,0.2527,8,1,13,8,1,2,39
663941,"Beck, Tristan",FF,2023,21.5234,103,0.209,0.3101,11,0,15,2,0,0,16
663941,"Beck, Tristan",SL,2023,32.2152,85,0.379,0.3534,4,0,21,2,0,4,12
663941,"Beck, Tristan",ST,2023,32.6926,93,0.3515,0.259,0,2,15,5,0,5,25
663947,"Holton, Tyler",FC,2025,24.394,60,0.4066,0.3364,5,0,12,3,0,3,10
663947,"Holton, Tyler",FF,2023,14.5147,62,0.2341,0.2762,8,0,9,0,0,1,19
663947,"Holton, Tyler",SI,2024,16.0984,67,0.2403,0.3522,4,3,5,2,0,2,10
663969,"Phillips, Tyler",SI,2025,25.029,86,0.291,0.306,6,0,18,3,0,1,7
663978,"Paddack, Chris",CH,2024,29.2321,82,0.3565,0.3896,6,0,14,3,0,4,12
663978,"Paddack, Chris",CH,2025,40.9506,124,0.3302,0.3265,6,0,18,2,0,8,22
663978,"Paddack, Chris",FF,2024,38.3772,124,0.3095,0.2893,5,0,27,4,0,3,34
663978,"Paddack, Chris",FF,2025,64.5012,210,0.3071,0.3444,11,2,31,11,2,5,35
663986,"Stephan, Trevor",FF,2022,25.3486,62,0.4088,0.2643,3,0,14,5,0,2,14
663986,"Stephan, Trevor",FF,2023,28.61,85,0.3366,0.3523,6,0,12,4,0,4,17
663986,"Stephan, Trevor",FS,2022,7.3523,62,0.1186,0.1448,3,1,6,0,0,0,38
664062,"Gonsolin, Tony",FF,2022,57.1644,156,0.3664,0.368,14,4,20,7,0,8,20
664062,"Gonsolin, Tony",FF,2023,40.7468,113,0.3606,0.3789,9,1,15,4,0,7,17
664062,"Gonsolin, Tony",FS,2022,18.9021,145,0.1304,0.2094,4,0,10,1,1,2,49
664062,"Gonsolin, Tony",FS,2023,21.9082,101,0.2169,0.2922,9,0,9,5,0,1,26
664062,"Gonsolin, Tony",SL,2022,18.0114,86,0.2094,0.2293,9,0,7,5,0,0,24
664062,"Gonsolin, Tony",SL,2023,25.0975,71,0.3535,0.3637,5,1,11,2,0,4,14
664123,"Effross, Scott",SI,2022,21.7022,61,0.3558,0.3001,3,0,14,6,0,0,11
664126,"Fairbanks, Pete",FF,2023,11.4718,63,0.1821,0.2271,10,3,3,1,0,0,25
664126,"Fairbanks, Pete",FF,2024,21.8369,70,0.312,0.3723,8,0,16,1,0,1,12
664126,"Fairbanks, Pete",FF,2025,23.9819,83,0.2889,0.3198,9,0,13,4,0,1,16
664139,"Gibaut, Ian",FF,2023,25.4655,100,0.2547,0.2701,6,4,16,1,0,2,34
664141,"Brubaker, JT",CU,2022,18.1232,70,0.2589,0.2631,3,0,10,4,0,1,19
664141,"Brubaker, JT",SI,2022,85.18,223,0.382,0.3506,21,6,40,15,0,6,33
664141,"Brubaker, JT",SL,2022,56.7694,168,0.3379,0.2963,13,1,25,6,1,7,60
664161,"Swarmer, Matt",SL,2022,33.0783,78,0.4241,0.3144,10,0,6,2,1,7,24
664192,"Lucchesi, Joey",SI,2023,34.4882,96,0.3593,0.4003,9,0,15,7,0,3,12
664199,"Clarke, Taylor",FF,2022,18.3682,63,0.2916,0.2789,2,0,11,4,0,1,12
664199,"Clarke, Taylor",SL,2023,19.9268,70,0.2847,0.2632,7,0,8,5,0,1,19
664208,"Maton, Phil",CU,2022,20.8055,84,0.2477,0.2759,4,5,6,2,0,3,26
664208,"Maton, Phil",CU,2023,19.3861,92,0.2107,0.2306,4,2,7,2,0,3,38
664208,"Maton, Phil",CU,2024,17.7614,64,0.2775,0.2642,7,3,6,0,1,2,27
664208,"Maton, Phil",CU,2025,20.7411,94,0.2206,0.2218,7,3,5,6,0,1,40
664208,"Maton, Phil",FC,2024,15.9903,68,0.2352,0.2982,8,1,8,3,0,0,12
664208,"Maton, Phil",FF,2022,25.6225,93,0.2755,0.2954,10,1,12,3,0,2,29
664285,"Valdez, Framber",CH,2022,13.5734,63,0.2155,0.2251,1,0,14,1,0,0,12
664285,"Valdez, Framber",CH,2023,25.9978,99,0.2626,0.3134,4,1,16,4,1,1,20
664285,"Valdez, Framber",CH,2024,27.6305,107,0.2582,0.2612,9,0,19,3,0,1,23
664285,"Valdez, Framber",CH,2025,34.2645,111,0.3087,0.2852,8,0,10,7,1,4,24
664285,"Valdez, Framber",CU,2022,40.4332,199,0.2032,0.2114,11,6,22,5,0,2,100
664285,"Valdez, Framber",CU,2023,26.2237,141,0.186,0.2166,7,2,19,2,0,1,62
664285,"Valdez, Framber",CU,2024,30.8211,156,0.1976,0.2007,12,2,13,5,0,2,70
664285,"Valdez, Framber",CU,2025,56.7703,222,0.2557,0.2448,24,3,23,11,1,2,95
664285,"Valdez, Framber",SI,2022,116.834,338,0.3457,0.3498,32,2,68,12,2,8,23
664285,"Valdez, Framber",SI,2023,106.283,307,0.3462,0.3933,32,1,40,19,2,10,30
664285,"Valdez, Framber",SI,2024,84.3757,256,0.3296,0.3758,21,2,47,11,1,6,22
664285,"Valdez, Framber",SI,2025,97.904,299,0.3274,0.375,25,1,63,10,1,6,19
664285,"Valdez, Framber",SL,2022,13.1528,73,0.1802,0.2099,3,0,4,4,0,1,24
664294,"Moreta, Dauri",FF,2022,33.8078,74,0.4569,0.3925,8,2,7,5,0,6,13
664294,"Moreta, Dauri",SL,2023,25.3369,112,0.2262,0.2113,7,3,8,8,1,0,42
664299,"Javier, Cristian",FF,2022,91.2994,319,0.2862,0.2711,39,3,31,10,1,10,89
664299,"Javier, Cristian",FF,2023,128.5587,373,0.3447,0.35,33,3,40,13,3,21,89
664299,"Javier, Cristian",SL,2022,23.8388,125,0.1907,0.1694,7,0,8,4,0,3,53
664299,"Javier, Cristian",SL,2023,40.4114,141,0.2866,0.2729,12,2,15,6,1,4,40
664353,"Urquidy, José",CH,2022,33.7944,99,0.3414,0.271,6,0,16,5,0,4,22
664353,"Urquidy, José",CU,2022,26.6183,65,0.4095,0.3481,5,1,10,7,0,2,16
664353,"Urquidy, José",FF,2022,96.8815,277,0.3498,0.3714,18,2,30,13,1,16,47
664353,"Urquidy, José",FF,2023,39.3405,76,0.5176,0.4643,11,1,9,4,0,8,6
664353,"Urquidy, José",ST,2022,19.5777,70,0.2797,0.2815,1,1,8,3,0,3,17
664747,"Díaz, Alexis",FF,2022,21.9652,108,0.2034,0.2467,16,2,9,1,0,1,31
664747,"Díaz, Alexis",FF,2023,28.9312,81,0.3572,0.3643,14,4,11,5,0,1,20
664747,"Díaz, Alexis",FF,2024,25.4561,81,0.3143,0.3122,19,2,8,3,0,1,16
664747,"Díaz, Alexis",SL,2022,15.7195,63,0.2495,0.2451,2,1,6,1,0,3,25
664747,"Díaz, Alexis",SL,2023,26.7134,112,0.2385,0.232,9,2,12,4,0,2,43
664747,"Díaz, Alexis",SL,2024,23.7012,81,0.2926,0.2738,2,1,11,2,0,4,22
664776,"Cousins, Jake",SL,2024,15.7198,72,0.2183,0.2365,3,1,7,0,0,3,33
664849,"Young, Danny",SI,2024,16.7137,72,0.2321,0.3141,6,0,11,3,0,0,15
664854,"Helsley, Ryan",FF,2022,23.2942,101,0.2306,0.2458,8,0,10,2,0,3,36
664854,"Helsley, Ryan",FF,2023,15.6094,60,0.2602,0.2897,9,0,7,2,1,0,13
664854,"Helsley, Ryan",FF,2024,25.1788,90,0.2798,0.3352,10,0,17,2,0,1,9
664854,"Helsley, Ryan",FF,2025,43.3012,85,0.5094,0.4098,8,1,24,6,0,4,10
664854,"Helsley, Ryan",SL,2024,17.0306,96,0.1774,0.2179,6,0,13,2,0,0,44
664854,"Helsley, Ryan",SL,2025,13.3501,73,0.1829,0.2232,4,0,7,2,0,1,27
664875,"Lawrence, Justin",SI,2022,23.8684,76,0.3141,0.3623,12,0,17,2,0,0,7
664875,"Lawrence, Justin",SI,2023,36.6045,94,0.3894,0.3465,13,0,20,6,1,1,4
664875,"Lawrence, Justin",SI,2024,62.5468,127,0.4925,0.4192,21,2,26,6,1,7,10
664875,"Lawrence, Justin",ST,2022,23.5196,81,0.2904,0.2043,6,1,7,3,1,3,35
664875,"Lawrence, Justin",ST,2023,19.3197,109,0.1772,0.218,6,3,9,3,0,1,43
664875,"Lawrence, Justin",ST,2024,15.9891,65,0.246,0.2713,4,2,7,3,0,1,21
665001,"Kelley, Trevor",FF,2022,18.744,64,0.2929,0.3285,9,2,7,1,0,2,13
665152,"Kremer, Dean",CH,2023,19.4408,66,0.2946,0.3185,6,1,9,4,0,1,13
665152,"Kremer, Dean",CU,2025,22.5954,65,0.3476,0.3537,3,0,9,3,1,3,8
665152,"Kremer, Dean",FC,2022,40.4088,138,0.2928,0.3158,7,0,24,10,0,1,22
665152,"Kremer, Dean",FC,2023,53.0241,163,0.3253,0.3334,11,0,20,6,0,9,34
665152,"Kremer, Dean",FC,2024,37.3348,121,0.3086,0.3827,9,0,23,4,0,3,16
665152,"Kremer, Dean",FC,2025,37.8753,118,0.321,0.3074,6,1,15,7,1,4,24
665152,"Kremer, Dean",FF,2022,25.4054,105,0.242,0.3175,9,2,12,1,0,3,19
665152,"Kremer, Dean",FF,2023,62.7668,195,0.3219,0.3577,20,0,32,6,1,6,49
665152,"Kremer, Dean",FF,2024,61.6086,144,0.4278,0.4063,20,2,19,4,0,11,34
665152,"Kremer, Dean",FF,2025,51.976,133,0.3908,0.3709,15,0,23,5,0,7,16
665152,"Kremer, Dean",FS,2024,21.2486,104,0.2043,0.2361,9,0,7,2,0,3,33
665152,"Kremer, Dean",FS,2025,29.6338,132,0.2245,0.226,4,0,19,3,0,3,43
665152,"Kremer, Dean",SI,2023,24.8636,91,0.2732,0.3353,5,3,18,2,0,1,13
665152,"Kremer, Dean",SI,2024,28.725,90,0.3192,0.3093,10,1,14,6,0,1,23
665152,"Kremer, Dean",SI,2025,34.6583,107,0.3239,0.3228,6,0,22,4,0,3,20
665621,"García, Rony",FF,2022,25.2312,74,0.341,0.4243,7,0,8,5,0,3,14
665622,"Medina, Luis",FF,2023,67.1482,174,0.3859,0.3832,24,1,22,10,2,7,19
665622,"Medina, Luis",SL,2023,35.6066,96,0.3709,0.2855,9,2,9,7,0,5,40
665625,"Peguero, Elvis",SI,2023,26.5387,97,0.2736,0.3107,11,1,19,1,0,1,12
665625,"Peguero, Elvis",SI,2024,28.0058,90,0.3112,0.3347,8,0,25,0,0,1,13
665625,"Peguero, Elvis",SL,2023,21.1375,88,0.2402,0.2595,7,1,13,1,1,1,25
665660,"Alvarado, Elvis",FF,2025,19.4271,67,0.29,0.3499,13,0,8,2,0,1,19
665665,"Sanmartin, Reiver",CH,2022,27.941,61,0.458,0.3371,5,0,13,3,0,4,9
665795,"Cabrera, Edward",CH,2022,21.8866,91,0.2405,0.2685,12,2,7,2,0,2,22
665795,"Cabrera, Edward",CH,2023,27.3933,111,0.2468,0.2653,14,2,11,3,0,2,28
665795,"Cabrera, Edward",CH,2024,24.864,91,0.2732,0.2948,8,1,14,4,0,1,27
665795,"Cabrera, Edward",CH,2025,26.5904,115,0.2312,0.2634,4,0,18,5,0,1,34
665795,"Cabrera, Edward",CU,2023,25.9642,78,0.3329,0.2822,8,0,12,3,0,3,33
665795,"Cabrera, Edward",CU,2025,17.1053,89,0.1922,0.1994,5,2,8,1,0,2,37
665795,"Cabrera, Edward",FF,2024,41.459,91,0.4556,0.4566,18,1,12,4,0,6,13
665795,"Cabrera, Edward",SI,2025,39.1951,95,0.4126,0.4284,6,3,20,9,0,2,3
665795,"Cabrera, Edward",SL,2025,20.0898,71,0.283,0.2766,3,3,6,3,0,3,22
665871,"Assad, Javier",FC,2023,38.9393,111,0.3508,0.362,13,1,12,5,1,5,13
665871,"Assad, Javier",FC,2024,35.3602,95,0.3722,0.4188,11,2,15,2,0,5,8
665871,"Assad, Javier",FF,2023,23.2795,68,0.3423,0.3569,9,0,13,0,0,3,15
665871,"Assad, Javier",FF,2024,22.356,70,0.3194,0.3311,8,0,15,2,0,1,18
665871,"Assad, Javier",SI,2023,39.0013,141,0.2766,0.315,10,1,20,5,1,3,33
665871,"Assad, Javier",SI,2024,51.9155,189,0.2747,0.2997,19,3,27,9,1,1,44
666120,"Anderson, Ian",CH,2022,50.7506,163,0.3114,0.2904,17,1,21,6,1,5,49
666120,"Anderson, Ian",CU,2022,23.4274,60,0.3905,0.2438,3,0,10,6,0,2,10
666120,"Anderson, Ian",FF,2022,75.9728,202,0.3761,0.385,27,0,39,11,0,5,19
666129,"Garrett, Braxton",FC,2023,23.2477,75,0.31,0.3503,3,0,5,6,1,3,15
666129,"Garrett, Braxton",SI,2023,51.0558,174,0.2934,0.312,9,1,28,8,2,3,38
666129,"Garrett, Braxton",SL,2022,34.8008,105,0.3314,0.3036,6,6,14,6,0,3,38
666129,"Garrett, Braxton",SL,2023,30.9084,129,0.2396,0.2768,6,2,11,4,1,4,53
666142,"Ragans, Cole",CH,2023,17.8598,94,0.19,0.2567,10,0,10,1,0,1,21
666142,"Ragans, Cole",CH,2024,38.0186,145,0.2622,0.2672,16,1,15,6,0,3,45
666142,"Ragans, Cole",FF,2022,34.8923,64,0.5452,0.4074,8,0,14,3,1,5,9
666142,"Ragans, Cole",FF,2023,43.3255,123,0.3522,0.3374,20,1,17,4,1,4,36
666142,"Ragans, Cole",FF,2024,76.9547,252,0.3054,0.3052,27,3,27,13,1,7,66
666142,"Ragans, Cole",SL,2024,19.1588,86,0.2228,0.2044,1,1,9,4,0,2,40
666157,"Lodolo, Nick",CH,2025,25.2171,103,0.2448,0.3079,4,0,14,1,0,4,16
666157,"Lodolo, Nick",CU,2022,26.4254,92,0.2872,0.2561,8,9,5,0,1,4,37
666157,"Lodolo, Nick",CU,2024,22.6719,101,0.2245,0.2175,1,9,12,1,0,2,47
666157,"Lodolo, Nick",CU,2025,29.0692,106,0.2742,0.2172,1,7,10,8,0,2,41
666157,"Lodolo, Nick",FF,2022,22.6214,67,0.3376,0.3112,9,3,7,2,1,2,26
666157,"Lodolo, Nick",FF,2023,28.8344,61,0.4727,0.366,6,0,10,4,1,4,14
666157,"Lodolo, Nick",FF,2024,41.1583,126,0.3267,0.3214,18,2,15,7,0,3,32
666157,"Lodolo, Nick",FF,2025,43.61,108,0.4038,0.3606,3,1,16,6,0,8,30
666157,"Lodolo, Nick",SI,2022,24.8489,68,0.3654,0.3446,8,0,11,3,1,2,11
666157,"Lodolo, Nick",SI,2024,22.9239,62,0.3697,0.3977,11,1,5,5,0,2,8
666157,"Lodolo, Nick",SI,2025,32.9423,104,0.3168,0.341,10,1,21,3,0,2,19
666159,"Manning, Matt",FF,2022,24.1476,96,0.2515,0.2962,11,0,15,2,0,1,17
666159,"Manning, Matt",FF,2023,36.3792,128,0.2842,0.3595,11,3,16,2,0,5,27
666159,"Manning, Matt",ST,2023,23.9243,71,0.337,0.3034,4,1,7,4,0,4,13
666168,"Thompson, Mason",SI,2023,39.3908,102,0.3862,0.3779,12,1,21,7,0,2,13
666171,"Zeferjahn, Ryan",FC,2025,25.6183,63,0.4066,0.4155,10,0,7,3,0,4,12
666171,"Zeferjahn, Ryan",FF,2025,27.0088,64,0.422,0.3254,7,1,13,3,0,3,17
666200,"Luzardo, Jesús",CH,2022,16.5792,60,0.2763,0.3087,7,0,7,3,0,1,15
666200,"Luzardo, Jesús",CH,2023,36.1743,109,0.3319,0.306,11,0,16,5,0,4,22
666200,"Luzardo, Jesús",CH,2025,26.7513,99,0.2702,0.3022,9,0,15,3,0,2,23
666200,"Luzardo, Jesús",FF,2022,22.8052,77,0.2962,0.2953,7,0,7,3,2,2,20
666200,"Luzardo, Jesús",FF,2023,80.8853,246,0.3288,0.3555,19,3,31,14,2,8,43
666200,"Luzardo, Jesús",FF,2024,25.1192,61,0.4118,0.4304,7,1,12,4,0,2,6
666200,"Luzardo, Jesús",FF,2025,53.5461,144,0.3718,0.3639,14,0,22,9,0,6,29
666200,"Luzardo, Jesús",SL,2022,18.6516,80,0.2331,0.2278,6,2,7,4,0,1,34
666200,"Luzardo, Jesús",SL,2023,48.8503,137,0.3566,0.2409,3,1,19,14,1,4,70
666200,"Luzardo, Jesús",ST,2025,33.8602,143,0.2368,0.2117,8,0,18,5,0,3,61
666201,"Manoah, Alek",FF,2022,55.6468,205,0.2714,0.3113,18,2,26,7,0,5,51
666201,"Manoah, Alek",FF,2023,49.566,114,0.4348,0.4369,20,1,18,4,0,7,20
666201,"Manoah, Alek",SI,2022,45.4822,178,0.2555,0.2656,15,6,30,4,0,1,36
666201,"Manoah, Alek",SI,2023,45.789,134,0.3417,0.391,22,3,19,6,0,3,21
666201,"Manoah, Alek",SL,2022,39.6421,182,0.2178,0.2261,8,3,14,10,0,3,57
666201,"Manoah, Alek",SL,2023,34.4937,98,0.352,0.2926,11,4,12,3,1,4,27
666204,"Jiménez, Dany",SL,2022,8.7898,60,0.1465,0.1677,7,0,4,1,0,0,21
666205,"Muller, Kyle",FF,2023,68.0779,131,0.5197,0.4883,18,0,29,9,1,8,13
666205,"Muller, Kyle",FF,2024,25.8501,89,0.2905,0.3188,3,1,17,5,0,1,18
666205,"Muller, Kyle",SL,2023,19.1649,71,0.2699,0.3089,5,1,11,3,0,1,12
666214,"Wentz, Joey",CH,2023,21.6867,67,0.3237,0.3244,5,0,8,0,0,5,13
666214,"Wentz, Joey",CU,2023,17.8744,61,0.293,0.2174,2,0,10,3,1,1,23
666214,"Wentz, Joey",CU,2025,20.3936,68,0.2999,0.2696,0,0,19,2,1,0,16
666214,"Wentz, Joey",FC,2023,38.3073,101,0.3793,0.3615,11,0,14,6,0,5,15
666214,"Wentz, Joey",FC,2024,17.3409,67,0.2588,0.2237,2,1,11,1,0,2,19
666214,"Wentz, Joey",FC,2025,32.3347,97,0.3333,0.3028,4,0,16,5,0,4,19
666214,"Wentz, Joey",FF,2022,17.7116,72,0.246,0.3233,9,1,7,3,1,0,11
666214,"Wentz, Joey",FF,2023,73.6259,147,0.5009,0.4215,13,0,30,11,1,10,27
666214,"Wentz, Joey",FF,2024,36.777,92,0.3998,0.3674,12,2,19,2,0,4,19
666214,"Wentz, Joey",FF,2025,60.5194,169,0.3581,0.3929,27,1,26,7,3,3,29
666277,"Soriano, George",FF,2023,29.6505,81,0.3661,0.4152,14,2,15,4,0,1,6
666277,"Soriano, George",SL,2023,17.9529,66,0.272,0.2242,6,1,3,3,0,3,31
666374,"Brash, Matt",FF,2023,31.7622,75,0.4235,0.3978,13,1,21,0,2,1,17
666374,"Brash, Matt",SL,2022,11.5627,60,0.1927,0.2091,3,1,5,0,0,2,27
666374,"Brash, Matt",SL,2023,24.2618,116,0.2092,0.2172,7,2,15,3,0,1,49
666619,"Santos, Gregory",SI,2023,35.5044,93,0.3818,0.3332,8,2,19,7,1,1,13
666619,"Santos, Gregory",SL,2023,25.4349,118,0.2156,0.2326,5,2,24,1,0,0,37
666745,"Brito, Jhony",CH,2023,29.5071,96,0.3074,0.2778,4,1,15,5,0,3,21
666745,"Brito, Jhony",SI,2023,29.0137,93,0.312,0.3507,5,1,15,6,0,2,5
666808,"Doval, Camilo",FC,2025,25.6266,71,0.3609,0.3979,13,2,11,2,0,2,7
666808,"Doval, Camilo",SL,2022,16.6675,105,0.1587,0.1918,5,0,11,2,1,0,44
666808,"Doval, Camilo",SL,2023,21.1141,82,0.2575,0.2711,8,5,5,5,0,1,32
666808,"Doval, Camilo",SL,2024,28.9394,113,0.2561,0.2014,14,1,12,2,0,3,45
666808,"Doval, Camilo",SL,2025,25.629,102,0.2513,0.259,7,1,14,5,0,1,35
666974,"Cano, Yennier",CH,2023,15.3928,66,0.2332,0.2325,2,0,8,2,0,2,24
666974,"Cano, Yennier",CH,2024,17.1133,67,0.2554,0.2727,5,0,10,3,1,0,20
666974,"Cano, Yennier",SI,2023,31.2708,99,0.3159,0.3037,6,2,11,11,0,1,10
666974,"Cano, Yennier",SI,2024,33.4771,104,0.3219,0.2916,9,1,19,5,0,2,20
666974,"Cano, Yennier",SI,2025,22.1724,76,0.2917,0.2891,9,1,15,1,0,1,15
667427,"Jackson, Zach",FF,2022,17.4559,77,0.2267,0.3369,16,1,6,0,0,1,21
667427,"Jackson, Zach",SL,2022,14.9076,74,0.2015,0.1977,8,0,9,2,0,0,34
667463,"King, John",SI,2022,26.6716,83,0.3213,0.3165,3,0,22,3,0,1,11
667463,"King, John",SI,2023,26.8771,72,0.3733,0.3688,7,0,18,4,0,1,6
667463,"King, John",SI,2024,38.5494,121,0.3186,0.3139,10,0,30,2,0,2,17
667463,"King, John",SI,2025,33.5949,100,0.3359,0.3485,6,0,24,2,0,3,9
667755,"Soriano, José",KC,2023,14.4435,61,0.2368,0.2454,5,4,8,0,0,1,28
667755,"Soriano, José",KC,2024,29.7859,89,0.3347,0.2788,4,5,12,5,0,3,36
667755,"Soriano, José",KC,2025,30.6794,114,0.2691,0.2452,12,1,13,4,1,2,41
667755,"Soriano, José",SI,2024,54.5076,210,0.2596,0.3377,25,3,33,6,0,1,19
667755,"Soriano, José",SI,2025,106.8332,319,0.3349,0.3561,42,1,70,10,0,4,21
668338,"Miller, Tyson",FF,2024,20.5681,72,0.2857,0.3366,4,1,7,5,0,2,19
668338,"Miller, Tyson",ST,2024,21.2495,95,0.2237,0.2662,3,1,9,1,0,4,16
668674,"Erceg, Lucas",FF,2024,20.1637,65,0.3102,0.343,4,2,9,3,0,2,22
668676,"Plesac, Zach",CH,2022,30.3884,74,0.4107,0.4095,3,0,12,8,0,3,10
668676,"Plesac, Zach",FF,2022,52.1947,133,0.3924,0.4083,11,3,26,7,0,5,7
668676,"Plesac, Zach",SL,2022,21.2112,94,0.2257,0.2853,5,0,14,3,0,1,35
668678,"Gallen, Zac",CH,2022,24.1998,91,0.2659,0.3311,5,2,10,3,0,3,19
668678,"Gallen, Zac",CH,2023,29.7367,104,0.2859,0.3034,6,0,13,6,0,3,25
668678,"Gallen, Zac",CH,2024,22.962,75,0.3062,0.3208,3,1,13,4,1,1,15
668678,"Gallen, Zac",CH,2025,28.2083,99,0.2849,0.2892,13,0,12,6,0,1,17
668678,"Gallen, Zac",FC,2022,21.3765,88,0.2429,0.2927,3,3,13,5,0,0,14
668678,"Gallen, Zac",FC,2023,30.3622,67,0.4532,0.4031,1,0,13,5,0,5,8
668678,"Gallen, Zac",FF,2022,68.6903,249,0.2759,0.3062,25,5,17,12,0,8,68
668678,"Gallen, Zac",FF,2023,85.645,310,0.2763,0.329,21,4,44,15,1,5,71
668678,"Gallen, Zac",FF,2024,87.3237,240,0.3638,0.3749,31,2,32,15,2,7,47
668678,"Gallen, Zac",FF,2025,80.7544,286,0.2824,0.3457,27,2,38,10,2,6,55
668678,"Gallen, Zac",KC,2022,23.6285,111,0.2129,0.2214,5,0,13,4,1,1,35
668678,"Gallen, Zac",KC,2023,43.8047,162,0.2704,0.2701,9,0,20,9,0,4,62
668678,"Gallen, Zac",KC,2024,23.709,161,0.1473,0.1939,10,0,12,4,0,1,67
668678,"Gallen, Zac",KC,2025,49.45,159,0.311,0.2501,10,0,16,10,1,6,65
668868,"Thompson, Zack",CU,2023,13.8932,60,0.2316,0.2584,6,0,6,4,0,0,18
668868,"Thompson, Zack",FF,2022,11.5542,61,0.1894,0.2697,6,0,5,1,0,1,12
668868,"Thompson, Zack",FF,2023,51.1979,143,0.358,0.3678,14,0,30,8,0,3,33
668881,"Greene, Hunter",FF,2022,80.2478,186,0.4314,0.383,23,4,26,9,0,12,50
668881,"Greene, Hunter",FF,2023,82.245,226,0.3639,0.3427,30,4,21,16,2,8,62
668881,"Greene, Hunter",FF,2024,67.9093,257,0.2642,0.2844,29,5,29,7,1,5,75
668881,"Greene, Hunter",FF,2025,35.5758,173,0.2056,0.2681,11,0,19,3,1,3,57
668881,"Greene, Hunter",SL,2022,33.7715,152,0.2222,0.2323,11,5,12,3,0,4,56
668881,"Greene, Hunter",SL,2023,31.7945,133,0.2391,0.2041,8,1,14,6,1,2,52
668881,"Greene, Hunter",SL,2024,40.6583,157,0.259,0.2545,15,8,10,5,1,4,48
668881,"Greene, Hunter",SL,2025,24.3244,99,0.2457,0.2678,6,0,2,5,0,5,36
668909,"Williams, Gavin",CU,2024,19.6647,79,0.2489,0.2401,8,0,5,3,1,2,27
668909,"Williams, Gavin",CU,2025,19.5378,98,0.1994,0.2941,14,1,7,0,0,2,33
668909,"Williams, Gavin",FF,2023,41.99,143,0.2936,0.3448,19,1,18,6,0,3,31
668909,"Williams, Gavin",FF,2024,54.6754,158,0.346,0.3589,16,3,28,8,1,3,29
668909,"Williams, Gavin",FF,2025,63.0873,159,0.3968,0.4117,20,0,22,8,0,9,32
668909,"Williams, Gavin",SL,2023,16.359,70,0.2337,0.2273,5,1,5,5,1,0,21
668909,"Williams, Gavin",ST,2025,20.0632,84,0.2388,0.2533,7,0,10,2,0,2,35
668933,"Ashcraft, Graham",FC,2022,61.226,191,0.3206,0.313,19,0,43,5,0,3,21
668933,"Ashcraft, Graham",FC,2023,99.9536,276,0.3622,0.3674,31,4,57,8,1,8,30
668933,"Ashcraft, Graham",FC,2024,60.8913,154,0.3954,0.3687,16,2,31,7,0,6,19
668933,"Ashcraft, Graham",FC,2025,33.397,91,0.367,0.3913,11,0,18,7,0,1,7
668933,"Ashcraft, Graham",SI,2022,32.3762,88,0.3679,0.3208,6,4,17,7,0,1,6
668933,"Ashcraft, Graham",SL,2022,33.0034,100,0.33,0.2908,1,2,14,5,0,5,35
668933,"Ashcraft, Graham",SL,2023,52.9089,149,0.3551,0.2947,6,2,16,5,2,10,44
668933,"Ashcraft, Graham",SL,2024,14.1461,70,0.2021,0.2547,3,0,7,3,0,1,25
668933,"Ashcraft, Graham",SL,2025,13.0163,70,0.1859,0.1754,2,0,8,2,0,1,28
668941,"Romero, JoJo",SI,2024,15.6722,64,0.2449,0.3821,4,1,9,2,0,1,3
668941,"Romero, JoJo",SL,2024,14.1062,65,0.217,0.2055,2,3,1,2,0,3,28
668941,"Romero, JoJo",SL,2025,16.1032,78,0.2065,0.21,4,0,10,4,0,0,28
668964,"Myers, Tobias",FC,2024,33.3001,87,0.3828,0.4333,3,1,21,3,1,3,7
668964,"Myers, Tobias",FF,2024,69.2168,187,0.3701,0.3565,18,1,24,6,0,12,44
668964,"Myers, Tobias",FF,2025,29.0847,75,0.3878,0.3602,5,0,16,4,0,3,14
668964,"Myers, Tobias",SL,2024,16.7104,77,0.217,0.2104,4,0,11,2,0,1,21
668984,"Legumina, Casey",FF,2025,23.7068,74,0.3204,0.3259,10,0,9,4,0,2,19
669020,"Rolison, Ryan",FF,2025,32.3738,72,0.4496,0.3805,13,0,12,0,0,6,10
669022,"Gore, MacKenzie",CU,2023,28.4496,93,0.3059,0.2847,8,0,16,1,1,3,33
669022,"Gore, MacKenzie",CU,2024,27.8354,95,0.293,0.2647,6,3,15,6,1,0,31
669022,"Gore, MacKenzie",CU,2025,38.8053,130,0.2985,0.3252,17,0,16,6,0,3,51
669022,"Gore, MacKenzie",FF,2022,49.3487,150,0.329,0.3483,20,0,23,3,1,5,33
669022,"Gore, MacKenzie",FF,2023,99.1043,244,0.4062,0.3799,26,1,33,13,1,15,54
669022,"Gore, MacKenzie",FF,2024,87.891,229,0.3838,0.3642,32,2,48,12,1,4,46
669022,"Gore, MacKenzie",FF,2025,83.1947,206,0.4039,0.4274,24,2,34,11,0,10,30
669022,"Gore, MacKenzie",SL,2023,19.5888,74,0.2647,0.3321,6,0,7,4,0,2,20
669022,"Gore, MacKenzie",SL,2024,24.5072,75,0.3268,0.3432,7,3,10,2,0,3,20
669060,"Wilson, Bryse",FC,2023,20.2959,83,0.2445,0.3097,3,0,7,4,0,3,11
669060,"Wilson, Bryse",FC,2024,24.4168,93,0.2625,0.3005,7,0,10,2,1,3,17
669060,"Wilson, Bryse",FF,2022,33.3044,77,0.4325,0.3771,8,0,14,5,0,4,18
669060,"Wilson, Bryse",SI,2022,42.8715,134,0.3199,0.3283,9,3,30,6,0,1,19
669060,"Wilson, Bryse",SI,2023,30.8777,81,0.3812,0.3247,6,1,11,8,1,2,18
669060,"Wilson, Bryse",SI,2024,33.8491,115,0.2943,0.335,6,2,21,3,0,3,21
669062,"Miller, Erik",CH,2024,25.7785,95,0.2714,0.263,11,0,10,5,1,1,22
669062,"Miller, Erik",FF,2024,30.0827,97,0.3101,0.2994,18,0,10,1,0,4,27
669084,"Hall, DL",FF,2024,36.3529,77,0.4721,0.3841,10,1,22,3,0,3,8
669093,"Estrada, Jeremiah",FF,2024,29.2896,111,0.2639,0.2786,11,0,12,4,0,3,33
669093,"Estrada, Jeremiah",FF,2025,48.6747,125,0.3894,0.336,13,1,20,3,0,8,38
669145,"Zimmermann, Bruce",CH,2022,38.4754,91,0.4228,0.331,3,0,16,6,0,6,14
669145,"Zimmermann, Bruce",FF,2022,28.3976,60,0.4733,0.4684,3,1,13,6,1,2,4
669160,"May, Dustin",FF,2025,19.1214,65,0.2942,0.2629,6,0,6,1,1,3,24
669160,"May, Dustin",SI,2023,13.0692,61,0.2142,0.2779,4,1,6,2,0,1,8
669160,"May, Dustin",SI,2025,70.236,152,0.4621,0.4661,16,5,20,8,3,10,20
669160,"May, Dustin",ST,2025,32.0612,139,0.2307,0.2408,3,3,25,2,0,2,48
669169,"Heasley, Jonathan",CH,2022,25.4946,79,0.3227,0.3148,7,0,12,1,0,4,13
669169,"Heasley, Jonathan",CU,2022,19.0256,60,0.3171,0.3863,5,0,8,5,0,1,11
669169,"Heasley, Jonathan",FF,2022,70.5783,185,0.3815,0.3524,22,5,23,12,2,6,26
669169,"Heasley, Jonathan",SL,2022,20.4449,61,0.3352,0.3197,3,1,11,1,0,3,5
669194,"Nelson, Ryne",CH,2023,19.2168,61,0.315,0.2888,5,0,5,3,3,1,12
669194,"Nelson, Ryne",FC,2023,29.4715,76,0.3878,0.3762,7,0,13,4,1,3,15
669194,"Nelson, Ryne",FC,2024,44.731,122,0.3666,0.3328,2,1,24,6,4,3,13
669194,"Nelson, Ryne",FF,2023,128.7215,311,0.4139,0.3993,27,1,48,21,4,15,44
669194,"Nelson, Ryne",FF,2024,95.625,305,0.3135,0.3022,22,4,39,16,2,9,86
669194,"Nelson, Ryne",FF,2025,77.5037,278,0.2788,0.3134,22,1,33,11,1,8,60
669199,"Bachar, Lake",FF,2025,38.3111,97,0.395,0.3951,13,1,9,3,2,6,24
669199,"Bachar, Lake",ST,2025,12.3646,60,0.2061,0.3469,3,2,8,2,0,0,16
669203,"Burnes, Corbin",CH,2023,13.2598,69,0.1922,0.2307,2,0,10,1,0,1,18
669203,"Burnes, Corbin",CU,2022,19.4465,98,0.1984,0.1587,3,1,5,3,2,2,47
669203,"Burnes, Corbin",CU,2023,11.9156,74,0.161,0.1681,4,0,7,1,0,1,38
669203,"Burnes, Corbin",CU,2024,26.3021,116,0.2267,0.2397,2,0,13,5,0,3,41
669203,"Burnes, Corbin",FC,2022,89.9568,338,0.2661,0.3022,32,4,39,10,4,6,87
669203,"Burnes, Corbin",FC,2023,69.7098,262,0.2661,0.3193,27,2,35,5,0,7,58
669203,"Burnes, Corbin",FC,2024,97.1083,348,0.279,0.296,25,0,58,11,1,7,61
669203,"Burnes, Corbin",FC,2025,35.6162,96,0.371,0.3539,13,0,12,6,0,4,13
669203,"Burnes, Corbin",SL,2022,11.1372,62,0.1796,0.1577,0,0,4,2,0,2,27
669203,"Burnes, Corbin",SL,2024,20.6265,81,0.2546,0.2245,3,0,15,1,0,2,34
669211,"Akin, Keegan",FF,2022,34.3788,102,0.337,0.2793,7,0,14,8,0,3,30
669211,"Akin, Keegan",FF,2024,44.925,146,0.3077,0.27,13,2,14,8,2,4,45
669211,"Akin, Keegan",FF,2025,32.6152,84,0.3883,0.3611,13,0,13,5,0,3,18
669211,"Akin, Keegan",SL,2022,12.7986,74,0.173,0.2434,2,0,11,0,0,1,17
669211,"Akin, Keegan",SL,2024,12.5271,71,0.1764,0.1995,2,0,6,1,0,2,27
669212,"Morgan, Eli",CH,2022,16.9067,69,0.245,0.2461,5,1,5,3,0,2,17
669212,"Morgan, Eli",CH,2023,20.4861,75,0.2731,0.2364,6,0,13,1,0,2,30
669212,"Morgan, Eli",FF,2022,34.8135,105,0.3316,0.3144,7,1,8,6,0,6,33
669212,"Morgan, Eli",FF,2023,19.95,62,0.3218,0.338,6,0,12,3,0,1,10
669270,"Kuhnel, Joel",SI,2022,27.5285,63,0.437,0.3079,4,3,15,6,0,1,9
669276,"Lee, Dylan",FF,2022,20.7748,79,0.263,0.2651,8,0,10,2,0,2,21
669276,"Lee, Dylan",SL,2022,15.8626,62,0.2558,0.2751,1,0,9,2,0,2,16
669276,"Lee, Dylan",SL,2024,26.0903,88,0.2965,0.2221,6,0,7,5,0,4,33
669276,"Lee, Dylan",SL,2025,27.4711,107,0.2567,0.2385,7,0,10,2,0,5,33
669302,"Gilbert, Logan",CU,2024,16.135,82,0.1968,0.1859,3,1,7,4,0,1,32
669302,"Gilbert, Logan",FC,2024,27.3858,73,0.3751,0.3506,3,0,6,6,0,5,15
669302,"Gilbert, Logan",FF,2022,91.1417,278,0.3278,0.329,21,3,39,14,0,10,66
669302,"Gilbert, Logan",FF,2023,90.6347,235,0.3857,0.3627,18,0,47,11,1,10,36
669302,"Gilbert, Logan",FF,2024,65.2783,198,0.3297,0.3554,14,0,25,7,1,10,32
669302,"Gilbert, Logan",FF,2025,43.0607,124,0.3473,0.358,8,2,20,6,0,5,16
669302,"Gilbert, Logan",FS,2023,28.5394,116,0.246,0.2106,0,2,12,2,0,6,49
669302,"Gilbert, Logan",FS,2024,12.2719,86,0.1427,0.1473,3,1,4,3,0,1,50
669302,"Gilbert, Logan",FS,2025,10.9067,91,0.1199,0.1074,2,1,8,0,0,1,63
669302,"Gilbert, Logan",SL,2022,38.3447,146,0.2626,0.2609,5,0,21,8,1,2,44
669302,"Gilbert, Logan",SL,2023,48.1667,179,0.2691,0.2727,10,0,21,8,1,5,45
669302,"Gilbert, Logan",SL,2024,65.0178,209,0.3111,0.2697,10,0,24,16,0,7,55
669302,"Gilbert, Logan",SL,2025,38.1658,113,0.3378,0.2952,8,0,15,5,1,5,27
669330,"Wells, Tyler",CH,2023,28.2331,92,0.3069,0.2586,4,0,12,1,0,6,24
669330,"Wells, Tyler",FC,2022,27.6531,93,0.2973,0.277,9,0,12,4,1,2,18
669330,"Wells, Tyler",FC,2023,26.4846,73,0.3628,0.3871,10,1,5,1,0,6,13
669330,"Wells, Tyler",FF,2022,36.4157,115,0.3167,0.3531,6,1,14,4,0,6,16
669330,"Wells, Tyler",FF,2023,40.1434,127,0.3161,0.3278,7,2,11,5,1,7,40
669330,"Wells, Tyler",SL,2023,11.3601,64,0.1775,0.2272,5,0,4,2,0,1,19
669358,"Baz, Shane",CH,2025,20.5351,62,0.3312,0.2769,5,0,9,2,0,3,9
669358,"Baz, Shane",CU,2024,14.3192,69,0.2075,0.2408,2,2,8,2,0,1,22
669358,"Baz, Shane",FC,2025,28.0124,68,0.4119,0.339,5,1,11,4,0,4,13
669358,"Baz, Shane",FF,2024,38.5032,126,0.3056,0.3174,15,2,19,2,0,4,21
669358,"Baz, Shane",FF,2025,58.2596,166,0.351,0.3387,23,0,23,8,0,6,37
669358,"Baz, Shane",KC,2025,40.4468,127,0.3185,0.282,6,2,16,11,0,3,42
669371,"Henry, Cole",FF,2025,39.2405,122,0.3216,0.337,22,4,12,3,0,4,30
669372,"Ginn, J.T.",SI,2025,53.8871,168,0.3208,0.3195,20,2,20,7,0,6,41
669372,"Ginn, J.T.",SL,2025,22.3029,61,0.3656,0.273,0,1,6,5,0,4,22
669373,"Skubal, Tarik",CH,2023,11.449,65,0.1761,0.1842,2,1,10,1,0,0,30
669373,"Skubal, Tarik",CH,2024,41.6595,159,0.262,0.2409,4,0,27,5,0,4,49
669373,"Skubal, Tarik",CH,2025,29.2315,167,0.175,0.1968,2,0,15,6,0,3,71
669373,"Skubal, Tarik",FF,2022,31.9676,81,0.3947,0.3124,9,0,8,9,0,3,19
669373,"Skubal, Tarik",FF,2023,22.6722,90,0.2519,0.246,4,1,12,4,1,1,32
669373,"Skubal, Tarik",FF,2024,42.4056,181,0.2343,0.2616,11,3,23,6,1,2,60
669373,"Skubal, Tarik",FF,2025,37.3664,156,0.2395,0.2728,10,2,18,4,0,4,56
669373,"Skubal, Tarik",SI,2022,24.6869,92,0.2683,0.3281,8,1,15,5,0,0,17
669373,"Skubal, Tarik",SI,2024,25.5799,117,0.2186,0.2304,2,4,14,3,2,1,34
669373,"Skubal, Tarik",SI,2025,31.0404,94,0.3302,0.3339,2,2,16,4,0,4,19
669373,"Skubal, Tarik",SL,2022,29.7417,104,0.286,0.2817,4,0,13,7,1,2,18
669373,"Skubal, Tarik",SL,2024,18.4258,62,0.2972,0.3085,7,0,5,2,0,3,18
669387,"Mlodzinski, Carmen",FF,2024,18.4854,70,0.2641,0.284,10,0,6,2,0,2,18
669387,"Mlodzinski, Carmen",FF,2025,47.923,142,0.3375,0.3447,20,1,18,7,2,3,27
669387,"Mlodzinski, Carmen",SL,2025,25.7325,71,0.3624,0.3724,4,0,14,5,0,2,12
669395,"Coleman, Dylan",FF,2022,36.491,119,0.3066,0.328,18,2,12,7,0,2,18
669424,"Lambert, Jimmy",FF,2022,25.4323,74,0.3437,0.2771,9,0,11,3,1,2,17
669432,"Rogers, Trevor",CH,2022,36.4888,111,0.3287,0.2982,13,0,10,13,0,1,16
669432,"Rogers, Trevor",CH,2024,37.1129,113,0.3284,0.2779,7,0,19,9,0,2,23
669432,"Rogers, Trevor",CH,2025,17.734,93,0.1907,0.2957,4,0,13,2,1,0,16
669432,"Rogers, Trevor",FF,2022,78.0209,191,0.4085,0.4043,23,1,28,13,0,9,41
669432,"Rogers, Trevor",FF,2024,49.0514,127,0.3862,0.386,15,1,14,12,1,4,27
669432,"Rogers, Trevor",FF,2025,20.2033,110,0.1837,0.2538,4,0,13,2,1,1,32
669432,"Rogers, Trevor",SI,2024,44.6374,112,0.3985,0.4334,17,0,17,6,0,5,12
669432,"Rogers, Trevor",SI,2025,18.0669,60,0.3011,0.3942,4,0,14,3,0,0,8
669432,"Rogers, Trevor",SL,2022,17.7383,65,0.2729,0.2318,0,3,8,3,0,2,24
669438,"Englert, Mason",CH,2023,21.234,60,0.3539,0.3279,6,0,11,0,2,2,16
669438,"Englert, Mason",SL,2023,23.7067,61,0.3886,0.3923,3,1,10,6,0,2,9
669456,"Bieber, Shane",FC,2022,25.6666,72,0.3565,0.339,4,0,14,3,0,3,7
669456,"Bieber, Shane",FC,2023,30.6924,86,0.3569,0.3996,9,0,15,6,0,2,5
669456,"Bieber, Shane",FF,2022,63.065,185,0.3409,0.3684,13,0,38,10,0,4,26
669456,"Bieber, Shane",FF,2023,36.8882,104,0.3547,0.3945,7,0,17,7,1,3,12
669456,"Bieber, Shane",KC,2022,21.4562,124,0.173,0.2031,4,0,15,3,0,1,53
669456,"Bieber, Shane",SL,2022,45.3981,188,0.2415,0.2428,8,0,23,7,1,4,59
669456,"Bieber, Shane",SL,2023,23.5983,77,0.3065,0.2739,4,0,7,6,0,3,26
669459,"Nelson, Kyle",FF,2023,31.9356,74,0.4316,0.3556,6,0,16,4,0,4,13
669459,"Nelson, Kyle",SL,2022,22.471,77,0.2918,0.3237,3,2,7,8,0,1,19
669459,"Nelson, Kyle",SL,2023,32.6891,91,0.3592,0.2903,5,1,11,4,0,6,34
669461,"Liberatore, Matthew",FF,2023,36.6159,99,0.3699,0.401,4,1,18,7,1,3,15
669461,"Liberatore, Matthew",FF,2025,54.9484,141,0.3897,0.3911,8,0,27,5,2,7,23
669461,"Liberatore, Matthew",SI,2024,26.6732,66,0.4041,0.3546,5,0,13,4,0,3,13
669461,"Liberatore, Matthew",SI,2025,23.9565,60,0.3993,0.4418,4,2,11,1,0,4,3
669461,"Liberatore, Matthew",SL,2024,21.2981,91,0.234,0.254,6,0,10,7,0,0,26
669461,"Liberatore, Matthew",SL,2025,36.8623,117,0.3151,0.3228,7,0,22,7,0,2,35
669467,"Pallante, Andre",FF,2022,63.0694,199,0.3169,0.3152,15,1,40,8,1,3,20
669467,"Pallante, Andre",FF,2023,39.8605,157,0.2539,0.2747,14,2,24,6,0,1,18
669467,"Pallante, Andre",FF,2024,50.9905,190,0.2684,0.3261,26,0,32,5,0,1,17
669467,"Pallante, Andre",FF,2025,104.9281,264,0.3975,0.3758,23,0,48,17,2,10,25
669467,"Pallante, Andre",SI,2024,25.3268,70,0.3618,0.3154,7,1,12,6,0,1,8
669467,"Pallante, Andre",SI,2025,23.649,81,0.292,0.2594,4,1,17,3,0,1,9
669467,"Pallante, Andre",SL,2022,15.2062,63,0.2414,0.3233,8,0,8,1,0,1,12
669467,"Pallante, Andre",SL,2024,17.6435,67,0.2633,0.2106,0,0,13,5,0,0,21
669467,"Pallante, Andre",SL,2025,47.622,158,0.3014,0.321,20,0,19,3,2,5,30
669618,"Barlow, Joe",SL,2022,19.8174,73,0.2715,0.3819,8,2,9,1,0,2,12
669622,"Bender, Anthony",SI,2024,30.9203,82,0.3771,0.3759,6,1,21,5,0,1,12
669622,"Bender, Anthony",ST,2024,12.0994,65,0.1861,0.1928,3,0,7,2,1,0,25
669674,"Long, Sam",CH,2022,21.9797,61,0.3603,0.3091,2,1,3,1,2,5,11
669674,"Long, Sam",FF,2022,29.168,75,0.3889,0.3521,10,0,12,6,0,2,12
669674,"Long, Sam",FF,2023,27.1957,80,0.3399,0.3841,9,0,17,4,0,1,10
669674,"Long, Sam",FF,2024,19.8935,64,0.3108,0.3446,9,0,7,1,0,3,16
669711,"Weissert, Greg",FF,2025,17.834,65,0.2744,0.2915,6,1,4,4,0,2,15
669713,"Wesneski, Hayden",FF,2023,32.6302,73,0.447,0.4134,6,0,10,5,1,5,13
669713,"Wesneski, Hayden",FF,2024,31.7922,94,0.3382,0.3685,11,0,12,4,0,4,11
669713,"Wesneski, Hayden",ST,2023,10.2955,80,0.1287,0.2018,5,0,6,0,0,1,38
669713,"Wesneski, Hayden",ST,2024,17.3334,78,0.2222,0.2084,4,1,5,2,0,3,38
669721,"Daniel, Davis",FF,2024,25.1492,60,0.4192,0.3163,2,0,10,6,0,3,13
669724,"Hanifee, Brenan",SI,2024,13.745,64,0.2148,0.2682,5,0,13,0,0,0,7
669724,"Hanifee, Brenan",SI,2025,50.6446,143,0.3542,0.3431,10,1,25,9,2,3,14
669796,"Hernandez, Jose E.",FF,2023,34.825,69,0.5047,0.4421,14,1,8,4,1,5,9
669796,"Hernandez, Jose E.",SL,2023,16.7332,95,0.1761,0.1759,0,0,9,5,0,1,43
669854,"Blanco, Ronel",CH,2024,37.6628,147,0.2562,0.2504,16,0,11,6,2,3,48
669854,"Blanco, Ronel",FF,2023,29.6354,66,0.449,0.4346,13,1,8,2,0,5,10
669854,"Blanco, Ronel",FF,2024,70.8843,195,0.3635,0.3961,27,2,18,9,1,10,34
669854,"Blanco, Ronel",SL,2023,21.496,87,0.2471,0.2461,4,1,9,1,0,4,27
669854,"Blanco, Ronel",SL,2024,41.2446,185,0.2229,0.2974,14,0,18,6,0,4,48
669912,"Snead, Kirby",SI,2022,28.6329,68,0.4211,0.4061,8,1,12,6,0,2,5
669912,"Snead, Kirby",SL,2022,27.6371,74,0.3735,0.2743,3,1,16,5,0,2,14
669920,"Alexander, Jason",CH,2025,36.4413,107,0.3406,0.2736,7,0,8,3,1,8,38
669920,"Alexander, Jason",SI,2022,55.8576,144,0.3879,0.3932,14,2,31,5,2,4,11
669920,"Alexander, Jason",SI,2025,46.9022,124,0.3782,0.4063,12,2,34,4,0,2,4
669923,"Kirby, George",FF,2022,55.044,190,0.2897,0.2669,6,2,27,11,0,5,57
669923,"Kirby, George",FF,2023,74.856,253,0.2959,0.3072,12,1,37,8,2,9,74
669923,"Kirby, George",FF,2024,62.035,198,0.3133,0.2534,7,0,20,12,0,10,69
669923,"Kirby, George",FF,2025,25.2667,106,0.2384,0.29,11,2,9,2,0,3,37
669923,"Kirby, George",KC,2023,25.97,66,0.3935,0.3352,0,0,13,3,2,3,11
669923,"Kirby, George",SI,2022,20.5097,70,0.293,0.2792,8,1,15,2,0,0,22
669923,"Kirby, George",SI,2023,49.5338,164,0.302,0.3213,4,4,29,8,0,4,32
669923,"Kirby, George",SI,2024,37.552,155,0.2423,0.2707,5,2,24,8,0,1,19
669923,"Kirby, George",SI,2025,45.2743,131,0.3456,0.3292,9,2,23,4,1,5,26
669923,"Kirby, George",SL,2023,24.839,87,0.2855,0.2799,2,1,17,2,2,1,9
669923,"Kirby, George",SL,2024,29.7057,121,0.2455,0.2751,5,0,18,5,0,2,27
669923,"Kirby, George",SL,2025,28.6748,92,0.3117,0.3017,1,0,18,6,0,2,21
669947,"Scholtens, Jesse",FF,2023,50.7201,140,0.3623,0.3505,14,0,23,3,0,8,15
669947,"Scholtens, Jesse",SL,2023,40.4043,97,0.4165,0.3354,4,2,29,4,0,3,14
669952,"White, Mitch",FF,2022,58.526,160,0.3658,0.3478,18,2,23,10,2,4,20
669952,"White, Mitch",ST,2022,28.8245,104,0.2772,0.2641,3,0,19,5,1,1,31
670036,"Festa, Matt",FF,2022,20.4951,67,0.3059,0.3175,9,0,4,0,1,4,18
670036,"Festa, Matt",FF,2025,22.7126,66,0.3441,0.4029,8,2,11,2,0,2,12
670036,"Festa, Matt",ST,2022,25.9116,88,0.2944,0.2582,3,0,15,3,0,3,27
670059,"Holderman, Colin",SI,2023,38.264,113,0.3386,0.3503,9,1,25,5,0,2,13
670059,"Holderman, Colin",ST,2024,12.5337,71,0.1765,0.1877,6,0,6,3,0,0,28
670102,"Francis, Bowden",FF,2023,20.2139,74,0.2732,0.3213,6,1,9,1,0,3,18
670102,"Francis, Bowden",FF,2024,49.3763,177,0.279,0.2978,8,2,14,5,0,10,35
670102,"Francis, Bowden",FF,2025,44.8533,112,0.4005,0.371,10,3,23,1,1,6,16
670102,"Francis, Bowden",FS,2024,10.032,61,0.1645,0.221,0,0,12,0,0,0,20
670124,"Oller, Adam",FC,2022,28.1814,68,0.4144,0.3901,12,0,7,2,0,5,9
670124,"Oller, Adam",FF,2022,45.5209,92,0.4948,0.4418,12,1,9,11,0,6,10
670124,"Oller, Adam",FF,2024,31.1239,60,0.5187,0.4713,10,2,9,3,0,5,8
670167,"Schreiber, John",FF,2022,13.285,62,0.2143,0.2263,8,0,4,2,0,1,26
670167,"Schreiber, John",FF,2025,20.9829,62,0.3384,0.3032,4,0,8,2,1,3,23
670167,"Schreiber, John",SI,2024,20.7478,68,0.3051,0.3141,7,2,12,4,0,0,10
670167,"Schreiber, John",ST,2022,15.8086,69,0.2291,0.2186,3,2,4,5,0,1,27
670174,"Winckowski, Josh",FC,2023,25.3654,91,0.2787,0.2595,7,1,20,3,0,0,24
670174,"Winckowski, Josh",FC,2024,21.5751,70,0.3082,0.3798,5,2,10,3,0,2,8
670174,"Winckowski, Josh",SI,2022,52.9265,119,0.4448,0.37,10,1,28,5,2,5,9
670174,"Winckowski, Josh",SI,2023,45.1796,102,0.4429,0.3711,7,1,23,5,0,6,14
670174,"Winckowski, Josh",SI,2024,32.3263,92,0.3514,0.3309,7,1,19,5,0,2,18
670174,"Winckowski, Josh",SL,2022,28.2513,76,0.3717,0.3197,9,0,8,5,1,3,18
670280,"Bednar, David",FF,2022,24.0312,83,0.2895,0.2721,5,0,9,8,0,1,30
670280,"Bednar, David",FF,2023,29.8202,111,0.2687,0.2595,10,0,12,4,2,2,35
670280,"Bednar, David",FF,2024,39.3153,122,0.3223,0.3439,17,0,15,7,0,3,22
670280,"Bednar, David",FF,2025,31.2316,94,0.3323,0.3229,5,1,15,3,2,3,24
670912,"Oviedo, Johan",CU,2023,22.3852,86,0.2603,0.2529,8,0,6,8,1,0,18
670912,"Oviedo, Johan",FF,2022,28.2106,88,0.3206,0.3183,10,2,11,5,0,2,13
670912,"Oviedo, Johan",FF,2023,97.218,252,0.3858,0.3874,27,10,36,12,0,12,45
670912,"Oviedo, Johan",SL,2022,22.2897,75,0.2972,0.2308,6,0,11,2,1,2,24
670912,"Oviedo, Johan",SL,2023,82.1858,256,0.321,0.3021,33,0,31,13,4,5,69
670950,"Richards, Trevor",CH,2022,17.672,87,0.2031,0.2008,7,0,10,2,0,1,45
670950,"Richards, Trevor",CH,2023,35.5482,142,0.2503,0.2257,6,2,13,4,0,6,61
670950,"Richards, Trevor",CH,2024,23.6991,104,0.2279,0.1923,4,1,8,3,0,4,31
670950,"Richards, Trevor",FF,2022,37.4612,93,0.4028,0.4163,17,0,13,3,0,5,17
670950,"Richards, Trevor",FF,2023,42.6382,103,0.414,0.3713,17,0,17,7,1,3,22
670950,"Richards, Trevor",FF,2024,41.0645,116,0.354,0.3917,24,1,18,3,0,3,22
670955,"Uceta, Edwin",CH,2025,23.8532,99,0.2409,0.2993,9,2,13,3,0,1,34
670955,"Uceta, Edwin",FF,2025,23.4414,89,0.2634,0.3028,7,6,5,3,0,3,33
670970,"Morejon, Adrian",FF,2022,24.4353,88,0.2777,0.3004,7,1,13,1,0,3,15
670970,"Morejon, Adrian",SI,2024,24.9569,71,0.3515,0.2972,8,0,13,7,0,0,9
670970,"Morejon, Adrian",SI,2025,33.7078,134,0.2516,0.2615,10,0,28,2,1,0,25
670990,"Ramírez, Yohan",SI,2022,17.9762,68,0.2644,0.2922,9,0,12,2,0,0,8
670990,"Ramírez, Yohan",SI,2023,37.0995,105,0.3533,0.3425,13,7,19,2,1,2,11
670990,"Ramírez, Yohan",SI,2024,27.5981,62,0.4451,0.4322,6,5,11,5,0,2,6
671096,"Abbott, Andrew",CH,2023,18.9049,76,0.2487,0.2722,8,0,11,2,0,1,25
671096,"Abbott, Andrew",CH,2024,18.1131,62,0.2921,0.2579,3,0,9,1,0,3,4
671096,"Abbott, Andrew",CH,2025,34.5724,118,0.293,0.3127,4,0,19,3,0,5,20
671096,"Abbott, Andrew",CU,2025,21.642,80,0.2705,0.2433,4,0,14,2,0,2,20
671096,"Abbott, Andrew",FF,2023,74.3055,200,0.3715,0.3635,26,1,26,8,1,10,59
671096,"Abbott, Andrew",FF,2024,83.6453,240,0.3485,0.3612,35,2,31,7,1,10,36
671096,"Abbott, Andrew",FF,2025,78.788,266,0.2962,0.3058,26,1,35,14,0,6,61
671096,"Abbott, Andrew",ST,2023,14.0059,64,0.2188,0.1722,3,0,4,3,0,2,16
671096,"Abbott, Andrew",ST,2024,22.3881,110,0.2035,0.1588,1,0,12,5,0,2,37
671106,"Allen, Logan",CH,2023,14.1728,71,0.1996,0.2258,4,0,11,2,0,0,26
671106,"Allen, Logan",CH,2024,22.9524,64,0.3586,0.3276,7,0,8,4,1,2,14
671106,"Allen, Logan",CH,2025,35.3542,121,0.2922,0.307,2,0,24,5,0,3,18
671106,"Allen, Logan",FF,2023,64.3606,194,0.3318,0.3505,22,1,22,8,0,9,36
671106,"Allen, Logan",FF,2024,65.1256,143,0.4554,0.4071,11,1,27,12,1,7,23
671106,"Allen, Logan",FF,2025,59.5468,154,0.3867,0.3586,19,1,22,9,0,7,28
671106,"Allen, Logan",SI,2025,18.3733,63,0.2916,0.338,11,1,12,1,0,0,7
671106,"Allen, Logan",ST,2023,25.2105,95,0.2654,0.2584,7,0,14,7,0,0,29
671106,"Allen, Logan",ST,2025,34.1429,98,0.3484,0.3132,9,0,16,6,0,3,24
671131,"Rutledge, Jackson",FF,2025,23.9228,61,0.3922,0.3997,7,1,9,0,1,4,14
671131,"Rutledge, Jackson",SI,2025,42.8628,96,0.4465,0.4079,10,2,20,5,0,5,7
671131,"Rutledge, Jackson",SL,2025,12.8963,60,0.2149,0.265,3,2,7,3,0,0,23
671212,"Boyle, Joe",FF,2024,39.3946,105,0.3752,0.3772,22,1,19,2,0,3,21
671212,"Boyle, Joe",FF,2025,25.378,66,0.3845,0.418,12,0,5,5,0,3,7
671212,"Boyle, Joe",SL,2024,15.3496,69,0.2225,0.2266,9,1,6,2,1,0,25
671345,"Foley, Jason",SI,2022,38.8439,137,0.2835,0.2948,7,0,33,4,1,0,23
671345,"Foley, Jason",SI,2023,44.4329,158,0.2812,0.2954,7,0,29,7,1,2,36
671345,"Foley, Jason",SI,2024,38.4808,105,0.3665,0.3599,10,2,20,4,1,3,12
671737,"Bradley, Taj",FC,2023,37.9498,92,0.4125,0.3654,8,0,16,4,0,6,17
671737,"Bradley, Taj",FC,2024,21.2549,94,0.2261,0.2702,3,2,8,3,0,3,31
671737,"Bradley, Taj",FC,2025,25.9541,102,0.2545,0.3405,8,1,14,3,0,2,18
671737,"Bradley, Taj",FF,2023,77.8754,202,0.3855,0.352,23,0,23,11,2,11,51
671737,"Bradley, Taj",FF,2024,79.2689,184,0.4308,0.4094,22,0,27,9,1,12,34
671737,"Bradley, Taj",FF,2025,85.5442,212,0.4035,0.3958,32,2,30,14,1,8,25
671737,"Bradley, Taj",FS,2024,36.3508,151,0.2407,0.2377,12,1,19,4,0,3,58
671737,"Bradley, Taj",FS,2025,19.4467,81,0.2401,0.2393,4,0,13,1,0,2,20
671922,"Smith, Cade",FF,2024,28.4686,145,0.1963,0.2377,7,2,15,6,0,1,55
671922,"Smith, Cade",FF,2025,22.9962,124,0.1855,0.1961,9,3,6,8,0,0,54
672282,"Detmers, Reid",CU,2023,19.9679,84,0.2377,0.2317,6,5,7,2,0,2,29
672282,"Detmers, Reid",FF,2022,47.2609,156,0.303,0.3483,18,1,18,8,0,4,29
672282,"Detmers, Reid",FF,2023,77.7505,200,0.3888,0.3789,21,4,33,7,1,10,41
672282,"Detmers, Reid",FF,2024,51.4856,120,0.429,0.3765,18,2,17,6,0,7,22
672282,"Detmers, Reid",FF,2025,25.4311,86,0.2957,0.3407,9,1,14,4,0,1,21
672282,"Detmers, Reid",SL,2022,33.9172,132,0.2569,0.2372,4,1,22,6,1,1,41
672282,"Detmers, Reid",SL,2023,50.813,192,0.2647,0.2927,17,1,28,9,0,2,64
672282,"Detmers, Reid",SL,2024,36.7465,109,0.3371,0.2578,10,0,14,5,0,5,42
672282,"Detmers, Reid",SL,2025,22.1226,74,0.299,0.3085,3,0,12,4,0,2,24
672335,"Pérez, Cionel",FF,2022,14.6323,62,0.236,0.3275,4,1,6,3,0,1,17
672335,"Pérez, Cionel",SI,2023,26.348,73,0.3609,0.3355,10,2,20,2,0,0,6
672335,"Pérez, Cionel",SI,2024,22.9299,84,0.273,0.3223,10,2,12,3,1,0,12
672335,"Pérez, Cionel",SL,2022,15.9606,65,0.2455,0.313,6,0,12,0,0,1,15
672335,"Pérez, Cionel",SL,2024,16.3378,71,0.2301,0.1985,2,3,4,6,1,0,25
672391,"Ort, Kaleb",FF,2022,24.7296,70,0.3533,0.3216,5,2,12,4,0,2,16
672391,"Ort, Kaleb",FF,2025,28.3855,85,0.3339,0.3248,18,0,8,1,0,4,19
672456,"Montero, Keider",FF,2024,49.3245,136,0.3627,0.3786,13,0,18,5,0,8,25
672456,"Montero, Keider",FF,2025,29.0834,87,0.3343,0.4273,10,1,18,2,0,2,13
672456,"Montero, Keider",SL,2024,29.171,94,0.3103,0.292,4,0,18,0,1,4,24
672578,"Hernández, Carlos",FF,2022,39.3288,86,0.4573,0.4196,16,0,19,3,0,4,7
672578,"Hernández, Carlos",FF,2023,48.4455,116,0.4176,0.3821,20,0,18,8,2,3,28
672578,"Hernández, Carlos",FF,2024,13.4823,61,0.221,0.3087,8,1,5,3,0,0,10
672578,"Hernández, Carlos",FF,2025,33.8504,93,0.364,0.3998,14,0,23,3,0,1,10
672578,"Hernández, Carlos",SL,2023,17.2888,69,0.2506,0.2543,2,0,7,4,0,2,21
672582,"Zerpa, Angel",SI,2024,27.2845,101,0.2701,0.2746,8,2,21,1,0,1,30
672582,"Zerpa, Angel",SI,2025,32.5041,97,0.3351,0.304,14,1,19,4,0,1,19
672582,"Zerpa, Angel",SL,2025,24.3003,64,0.3797,0.3428,2,1,7,5,0,4,18
672710,"Contreras, Roansy",FF,2022,61.5315,137,0.4491,0.4277,17,1,12,15,0,8,17
672710,"Contreras, Roansy",FF,2023,51.2564,108,0.4746,0.4601,20,0,21,11,0,3,11
672710,"Contreras, Roansy",FF,2024,25.0662,97,0.2584,0.3397,8,1,11,6,0,1,20
672710,"Contreras, Roansy",SL,2022,27.1243,125,0.217,0.2379,9,0,8,6,1,2,44
672710,"Contreras, Roansy",SL,2023,34.4531,120,0.2871,0.3019,8,0,18,2,0,5,28
672710,"Contreras, Roansy",SL,2024,26.4018,62,0.4258,0.3453,6,0,6,4,0,5,15
672782,"Gómez, Yoendrys",FF,2025,19.5652,73,0.268,0.3802,9,0,8,2,0,2,21
672841,"Vargas, Carlos",SI,2025,37.1359,113,0.3286,0.3301,9,2,26,3,0,2,13
672851,"Adon, Joan",FF,2022,70.0465,162,0.4324,0.4335,24,2,21,12,3,6,21
672851,"Adon, Joan",FF,2023,21.271,62,0.3431,0.3617,5,0,11,5,0,1,12
673513,"Matsui, Yuki",FF,2024,32.4185,83,0.3906,0.3645,13,0,10,3,0,5,14
673513,"Matsui, Yuki",FF,2025,24.0308,73,0.3292,0.3401,12,0,4,1,0,5,14
673513,"Matsui, Yuki",FS,2025,26.3403,80,0.3293,0.2675,6,0,12,4,0,3,27
673540,"Senga, Kodai",FC,2023,46.3835,159,0.2917,0.3443,21,2,29,3,0,2,13
673540,"Senga, Kodai",FC,2025,33.9189,79,0.4294,0.4274,11,0,13,5,0,4,2
673540,"Senga, Kodai",FF,2023,67.4492,202,0.3339,0.3539,22,1,27,9,0,8,50
673540,"Senga, Kodai",FF,2025,44.9436,114,0.3942,0.3514,9,1,12,10,3,4,24
673540,"Senga, Kodai",FO,2023,27.4713,152,0.1807,0.1943,18,1,12,3,0,1,87
673540,"Senga, Kodai",FO,2025,24.9668,136,0.1836,0.2092,13,1,9,5,0,1,58
673929,"Leasure, Jordan",FF,2024,14.9425,63,0.2372,0.2925,12,1,1,3,0,1,11
673929,"Leasure, Jordan",FF,2025,38.4298,117,0.3285,0.3119,15,1,11,6,1,4,34
673929,"Leasure, Jordan",SL,2025,18.3822,80,0.2298,0.2423,8,0,4,4,0,2,24
674003,"Bradford, Cody",CH,2023,15.5133,66,0.235,0.2609,5,0,7,5,0,0,14
674003,"Bradford, Cody",CH,2024,18.2278,67,0.2721,0.2902,3,1,10,0,0,3,17
674003,"Bradford, Cody",FF,2023,47.7187,132,0.3615,0.3072,6,1,16,7,2,7,34
674003,"Bradford, Cody",FF,2024,31.3037,121,0.2587,0.2732,5,0,15,3,1,4,30
674072,"Henry, Tommy",CU,2023,18.5277,66,0.2807,0.2887,1,1,13,3,0,1,13
674072,"Henry, Tommy",FF,2022,32.7048,90,0.3634,0.3569,11,2,13,3,0,4,8
674072,"Henry, Tommy",FF,2023,46.2899,122,0.3794,0.3786,20,1,16,5,1,5,14
674370,"Bido, Osvaldo",FF,2024,22.0567,75,0.2941,0.2898,12,2,9,1,0,2,20
674370,"Bido, Osvaldo",FF,2025,32.1527,85,0.3783,0.4426,11,2,14,4,0,3,11
674370,"Bido, Osvaldo",SL,2023,18.6822,69,0.2708,0.3225,8,1,9,3,1,0,10
674370,"Bido, Osvaldo",SL,2025,32.1953,86,0.3744,0.3482,7,1,9,2,0,7,23
674444,"Cruz, Steven",FF,2025,21.5876,67,0.3222,0.3303,12,0,7,1,0,3,16
675540,"Curry, Xzavion",FF,2023,50.6221,135,0.375,0.3799,12,0,20,6,1,7,22
675540,"Curry, Xzavion",FF,2024,23.739,64,0.3709,0.3739,5,0,6,8,0,2,9
675540,"Curry, Xzavion",SL,2023,32.859,110,0.2987,0.3199,5,1,17,8,1,1,19
675540,"Curry, Xzavion",SL,2024,19.5,64,0.3047,0.3393,1,0,8,4,1,2,13
675627,"Grove, Michael",FF,2023,37.9993,75,0.5067,0.4447,8,0,18,5,1,4,6
675627,"Grove, Michael",SL,2023,25.95,101,0.2569,0.2457,4,2,10,4,2,2,39
675627,"Grove, Michael",SL,2024,17.8091,76,0.2343,0.2113,1,0,16,1,0,1,26
675848,"Mejia, Juan",FF,2025,44.2779,148,0.2992,0.2879,18,4,18,7,1,2,34
675848,"Mejia, Juan",SL,2025,25.0975,74,0.3392,0.2735,3,0,8,5,0,4,24
675911,"Strider, Spencer",FF,2022,55.9573,219,0.2555,0.2841,22,1,24,9,0,4,75
675911,"Strider, Spencer",FF,2023,109.2209,336,0.3251,0.3171,27,4,50,15,0,12,96
675911,"Strider, Spencer",FF,2025,79.9543,203,0.3939,0.4245,23,3,36,11,0,8,29
675911,"Strider, Spencer",SL,2022,18.2843,86,0.2126,0.1819,6,1,9,3,0,1,41
675911,"Strider, Spencer",SL,2023,47.5397,214,0.2221,0.2231,14,2,15,9,2,4,105
675911,"Strider, Spencer",SL,2025,44.0799,131,0.3365,0.2589,11,0,16,7,0,6,55
675916,"Karinchak, James",FF,2022,20.648,87,0.2373,0.2953,15,1,8,2,1,0,26
675916,"Karinchak, James",FF,2023,24.8282,75,0.331,0.391,14,2,6,1,1,3,17
675921,"Howard, Spencer",FF,2022,29.6716,72,0.4121,0.3678,7,1,9,4,1,4,15
676083,"Junk, Janson",FF,2025,38.6397,110,0.3513,0.3362,5,1,16,11,1,2,24
676083,"Junk, Janson",SL,2025,27.9789,96,0.2914,0.3659,5,0,16,5,0,2,17
676106,"Hancock, Emerson",FF,2024,15.7285,64,0.2458,0.3965,5,1,10,1,0,1,11
676106,"Hancock, Emerson",SI,2025,44.1991,122,0.3623,0.4091,17,2,21,6,0,3,7
676130,"Buttó, José",CH,2024,20.6169,73,0.2824,0.2731,7,0,6,3,0,3,33
676130,"Buttó, José",FF,2023,19.2041,71,0.2705,0.3061,11,0,8,1,0,2,13
676130,"Buttó, José",FF,2024,17.7165,77,0.2301,0.2819,11,1,8,3,0,0,24
676130,"Buttó, José",SI,2024,20.8163,64,0.3253,0.3671,12,4,6,1,0,2,2
676130,"Buttó, José",SL,2025,22.1052,72,0.307,0.2764,4,0,8,6,0,2,24
676254,"Walker, Ryan",SI,2023,28.3457,83,0.3415,0.292,11,0,17,4,0,1,24
676254,"Walker, Ryan",SI,2024,22.7277,103,0.2207,0.2816,10,3,11,3,1,0,28
676254,"Walker, Ryan",SI,2025,31.3316,113,0.2773,0.3012,8,3,20,6,0,0,27
676254,"Walker, Ryan",SL,2023,33.967,99,0.3431,0.2758,8,2,11,5,0,5,37
676254,"Walker, Ryan",SL,2024,23.2384,100,0.2324,0.2408,3,2,9,2,0,4,34
676254,"Walker, Ryan",SL,2025,17.8349,64,0.2787,0.255,3,2,7,3,0,2,15
676263,"Dreyer, Jack",FF,2025,26.1607,93,0.2813,0.2883,12,0,8,6,1,1,20
676263,"Dreyer, Jack",SL,2025,24.0111,118,0.2035,0.1981,3,0,15,4,1,1,36
676265,"Abbott, Cory",FF,2022,21.3719,82,0.2606,0.275,11,3,6,4,0,1,15
676265,"Abbott, Cory",FF,2023,34.5759,76,0.4549,0.3871,10,2,13,2,1,5,12
676265,"Abbott, Cory",KC,2023,17.9918,64,0.2811,0.2739,3,0,15,1,0,1,19
676272,"Miller, Bobby",CH,2023,12.9093,64,0.2017,0.1911,4,0,3,1,1,2,18
676272,"Miller, Bobby",CU,2023,16.5001,60,0.275,0.263,3,0,7,3,0,2,23
676272,"Miller, Bobby",FF,2023,34.3119,116,0.2958,0.3378,7,1,21,4,1,2,22
676272,"Miller, Bobby",FF,2024,33.4486,78,0.4288,0.4416,10,0,13,0,1,6,10
676272,"Miller, Bobby",SI,2023,31.9777,95,0.3366,0.3388,10,2,16,5,0,2,10
676272,"Miller, Bobby",SL,2023,26.7759,92,0.291,0.2628,4,1,13,6,0,2,27
676282,"Cantillo, Joey",CH,2025,18.1256,67,0.2705,0.2445,7,0,9,3,0,1,28
676282,"Cantillo, Joey",FF,2025,36.3349,107,0.3396,0.3815,18,0,11,5,0,4,21
676395,"Garcia, Robert",FF,2024,27.4262,93,0.2949,0.2932,11,1,15,4,0,1,30
676395,"Garcia, Robert",FF,2025,20.0632,69,0.2908,0.2559,7,0,10,2,0,2,24
676428,"Hurter, Brant",SI,2024,20.6583,84,0.2459,0.2524,1,0,14,3,1,1,10
676428,"Hurter, Brant",SI,2025,36.1643,110,0.3288,0.3754,17,5,17,3,0,2,16
676440,"Bibee, Tanner",CH,2023,21.8498,60,0.3642,0.2821,6,0,13,2,0,2,20
676440,"Bibee, Tanner",CH,2024,26.152,96,0.2724,0.2105,7,0,11,4,0,3,36
676440,"Bibee, Tanner",CH,2025,29.4375,110,0.2676,0.2233,6,2,12,4,1,3,41
676440,"Bibee, Tanner",FC,2023,26.648,88,0.3028,0.2847,3,0,13,5,0,3,20
676440,"Bibee, Tanner",FC,2024,22.2976,98,0.2275,0.2728,9,1,7,6,0,1,34
676440,"Bibee, Tanner",FC,2025,33.9794,107,0.3176,0.2821,8,2,14,3,0,5,18
676440,"Bibee, Tanner",FF,2023,46.2629,173,0.2674,0.3338,19,3,22,4,0,4,34
676440,"Bibee, Tanner",FF,2024,76.6648,201,0.3814,0.358,9,2,40,6,2,10,38
676440,"Bibee, Tanner",FF,2025,53.1478,144,0.3691,0.3855,11,0,30,6,2,4,16
676440,"Bibee, Tanner",SI,2025,36.5105,116,0.3147,0.2568,6,3,22,4,0,3,22
676440,"Bibee, Tanner",ST,2025,21.7623,95,0.2291,0.278,8,1,10,1,1,2,28
676467,"Gordon, Colton",FF,2025,56.8327,125,0.4547,0.402,7,1,16,9,1,10,28
676467,"Gordon, Colton",ST,2025,26.4706,79,0.3351,0.2564,1,1,10,7,0,3,22
676477,"Whitlock, Garrett",CH,2023,29.5697,70,0.4224,0.326,2,0,11,7,0,4,14
676477,"Whitlock, Garrett",SI,2022,37.1437,123,0.302,0.2994,13,0,22,5,1,1,19
676477,"Whitlock, Garrett",SI,2023,44.8202,107,0.4189,0.3973,6,1,22,3,2,6,19
676477,"Whitlock, Garrett",SI,2025,19.0518,79,0.2412,0.2425,8,1,10,4,0,0,24
676477,"Whitlock, Garrett",SL,2025,12.133,64,0.1896,0.2669,3,2,11,0,0,0,24
676508,"Casparius, Ben",FF,2025,30.3175,79,0.3838,0.3706,9,1,8,4,0,5,17
676534,"Faucher, Calvin",FC,2025,23.3663,65,0.3595,0.3511,8,0,14,2,1,1,8
676596,"Fleming, Josh",SI,2022,27.2698,77,0.3542,0.2523,3,0,18,4,0,2,18
676596,"Fleming, Josh",SI,2023,19.0565,63,0.3025,0.3771,6,0,8,3,0,2,12
676617,"O'Brien, Riley",SI,2025,17.0098,76,0.2238,0.3086,11,1,12,0,0,0,11
676661,"Lazar, Max",FF,2025,22.5912,68,0.3322,0.3969,10,0,5,2,0,4,8
676664,"Sears, JP",CH,2023,31.5693,89,0.3547,0.3735,3,0,19,0,1,5,9
676664,"Sears, JP",CH,2024,31.9531,108,0.2959,0.3221,6,0,20,5,0,2,8
676664,"Sears, JP",CH,2025,24.4145,63,0.3875,0.3301,1,0,9,7,1,2,6
676664,"Sears, JP",FF,2022,45.9805,109,0.4218,0.3926,9,0,25,4,1,5,19
676664,"Sears, JP",FF,2023,104.1188,272,0.3828,0.3597,27,5,33,18,1,13,65
676664,"Sears, JP",FF,2024,77.1314,184,0.4192,0.3559,20,4,19,10,2,12,51
676664,"Sears, JP",FF,2025,77.9562,204,0.3821,0.3754,20,1,25,13,0,11,49
676664,"Sears, JP",SL,2023,22.0546,73,0.3021,0.2559,5,1,6,5,1,2,18
676664,"Sears, JP",SL,2025,30.9014,65,0.4754,0.2924,3,1,4,4,0,8,16
676664,"Sears, JP",ST,2023,43.6079,111,0.3929,0.3467,4,5,15,5,1,7,29
676664,"Sears, JP",ST,2024,35.2668,123,0.2867,0.2808,1,5,19,6,0,3,24
676664,"Sears, JP",ST,2025,30.0357,107,0.2807,0.2481,5,2,13,2,0,5,26
676680,"Cosgrove, Tom",ST,2023,16.5302,78,0.2119,0.2172,6,3,6,1,0,2,20
676684,"Vest, Will",FF,2022,46.8563,132,0.355,0.3319,11,3,29,5,0,3,28
676684,"Vest, Will",FF,2023,15.4744,68,0.2276,0.2313,4,0,8,3,0,1,25
676684,"Vest, Will",FF,2024,20.9479,113,0.1854,0.3108,9,0,14,3,0,0,30
676684,"Vest, Will",FF,2025,31.1602,98,0.318,0.345,10,0,19,2,1,2,26
676684,"Vest, Will",SL,2022,16.5246,69,0.2395,0.3032,6,0,11,1,0,1,20
676710,"Crawford, Kutter",FC,2022,25.6021,75,0.3414,0.3471,9,1,13,1,0,3,14
676710,"Crawford, Kutter",FC,2023,42.3162,127,0.3332,0.2872,8,1,26,6,0,3,13
676710,"Crawford, Kutter",FC,2024,60.1868,204,0.295,0.2987,18,2,22,8,1,7,36
676710,"Crawford, Kutter",FF,2023,41.1418,152,0.2707,0.2504,11,2,14,4,1,6,56
676710,"Crawford, Kutter",FF,2024,69.8396,190,0.3676,0.3415,18,2,20,14,0,9,42
676710,"Crawford, Kutter",FS,2024,14.2066,62,0.2291,0.2242,0,1,10,2,0,1,27
676710,"Crawford, Kutter",ST,2024,39.2994,109,0.3605,0.3138,6,2,15,2,1,7,18
676714,"Hughes, Brandon",FF,2022,28.1909,80,0.3524,0.3628,9,1,5,4,0,5,19
676714,"Hughes, Brandon",SL,2022,20.7572,76,0.2731,0.2625,5,4,6,2,0,3,28
676755,"Mattson, Isaac",FF,2025,21.7514,94,0.2314,0.3004,13,2,9,4,0,0,25
676760,"Marinaccio, Ron",CH,2023,21.465,61,0.3519,0.3283,12,1,6,3,0,2,17
676760,"Marinaccio, Ron",FF,2023,21.8725,75,0.2916,0.3644,11,2,11,2,0,1,21
676775,"Winn, Keaton",FS,2023,18.5615,70,0.2652,0.257,3,2,7,4,1,1,18
676775,"Winn, Keaton",FS,2024,24.3006,90,0.27,0.3308,8,0,10,2,2,2,22
676879,"Ashby, Aaron",CH,2022,41.2357,109,0.3783,0.2692,7,0,19,5,1,5,23
676879,"Ashby, Aaron",SI,2022,48.9252,126,0.3883,0.3898,15,2,22,4,0,6,23
676879,"Ashby, Aaron",SI,2025,26.9392,96,0.2806,0.3224,11,1,18,0,0,2,14
676879,"Ashby, Aaron",SL,2022,38.0922,143,0.2664,0.2563,17,2,20,2,0,3,62
676962,"Brown, Ben",FF,2024,24.693,64,0.3858,0.4423,7,0,12,6,0,1,9
676962,"Brown, Ben",FF,2025,71.1773,178,0.3999,0.3916,16,3,36,8,1,7,28
676962,"Brown, Ben",KC,2025,56.3467,176,0.3202,0.2741,9,0,29,8,2,5,65
676974,"Meyer, Max",FF,2024,45.3297,99,0.4579,0.4204,8,0,14,9,1,6,10
676974,"Meyer, Max",SL,2024,36.828,108,0.341,0.241,5,0,14,4,1,6,34
676974,"Meyer, Max",SL,2025,33.6101,106,0.3171,0.3362,10,0,12,4,0,5,39
676979,"Crochet, Garrett",FC,2024,45.6101,131,0.3482,0.2935,4,0,22,11,0,4,41
676979,"Crochet, Garrett",FC,2025,51.7149,177,0.2922,0.2891,9,0,27,9,1,4,31
676979,"Crochet, Garrett",FF,2024,55.8819,215,0.2599,0.2633,20,2,25,9,0,4,63
676979,"Crochet, Garrett",FF,2025,77.6494,197,0.3942,0.3289,20,1,27,12,1,10,76
676979,"Crochet, Garrett",SI,2025,24.8059,89,0.2787,0.3507,5,1,18,1,0,2,13
676979,"Crochet, Garrett",ST,2025,18.0243,141,0.1278,0.1468,2,1,10,4,0,1,75
677053,"Nardi, Andrew",FF,2023,32.6933,109,0.2999,0.2955,13,0,13,7,0,2,24
677053,"Nardi, Andrew",FF,2024,28.2281,97,0.291,0.2619,12,0,9,7,1,1,32
677053,"Nardi, Andrew",SL,2023,19.3829,65,0.2982,0.2206,1,0,6,3,0,4,29
677161,"Kelly, Zack",FF,2024,19.9585,61,0.3272,0.4185,12,0,11,1,0,1,16
677651,"Garcia, Luis",FC,2022,29.559,130,0.2274,0.249,13,0,11,2,0,4,44
677651,"Garcia, Luis",FF,2022,73.7171,205,0.3596,0.3532,20,1,31,13,0,7,39
677944,"Cecconi, Slade",CU,2025,15.8029,75,0.2107,0.2347,2,1,6,3,0,2,24
677944,"Cecconi, Slade",FF,2024,65.9286,141,0.4676,0.372,9,2,28,10,0,9,26
677944,"Cecconi, Slade",FF,2025,64.4483,176,0.3662,0.4,13,0,30,8,2,7,27
677944,"Cecconi, Slade",SL,2024,23.8504,63,0.3786,0.3752,3,1,7,6,0,3,9
677944,"Cecconi, Slade",SL,2025,28.192,90,0.3132,0.3058,4,0,10,2,0,6,23
677952,"Ashcraft, Braxton",SL,2025,23.0151,82,0.2807,0.2661,7,0,11,4,1,1,22
677960,"Weathers, Ryan",CH,2024,26.6136,99,0.2688,0.2595,2,0,12,4,0,4,29
677960,"Weathers, Ryan",FF,2023,31.5238,73,0.4318,0.3347,9,0,16,6,0,2,13
677960,"Weathers, Ryan",FF,2024,44.0782,109,0.4044,0.3985,16,1,22,8,0,2,13
678022,"Perkins, Jack",FF,2025,23.4578,62,0.3784,0.3716,11,0,8,4,0,2,10
678024,"Vasil, Mike",SI,2025,39.7306,132,0.301,0.3457,18,0,20,2,0,4,17
678226,"Hernández, Daysbel",SL,2025,23.5435,69,0.3412,0.3499,11,1,9,3,0,2,10
678368,"Bellozo, Valente",FC,2025,37.4208,95,0.3939,0.3613,7,1,20,5,1,3,12
678368,"Bellozo, Valente",FF,2024,27.3525,63,0.4342,0.4245,6,1,8,3,0,5,6
678368,"Bellozo, Valente",FF,2025,30.3271,85,0.3568,0.3884,7,2,10,5,0,4,12
678394,"Bello, Brayan",CH,2023,35.6187,139,0.2562,0.2208,9,0,18,6,0,3,48
678394,"Bello, Brayan",CH,2024,36.7453,124,0.2963,0.269,6,1,13,5,0,6,38
678394,"Bello, Brayan",CH,2025,22.0715,83,0.2659,0.3123,2,0,11,5,0,2,16
678394,"Bello, Brayan",FC,2025,21.9332,75,0.2924,0.3072,4,1,9,3,0,3,13
678394,"Bello, Brayan",FF,2023,45.7568,97,0.4717,0.357,6,1,12,8,2,7,17
678394,"Bello, Brayan",FF,2025,22.6104,66,0.3426,0.2979,6,2,9,4,0,2,7
678394,"Bello, Brayan",SI,2022,27.1871,66,0.4119,0.3238,4,0,18,4,1,1,9
678394,"Bello, Brayan",SI,2023,77.1767,210,0.3675,0.3469,16,3,41,11,0,7,25
678394,"Bello, Brayan",SI,2024,68.9401,190,0.3628,0.3578,26,2,33,13,0,3,26
678394,"Bello, Brayan",SI,2025,57.7799,181,0.3192,0.3672,27,1,37,6,0,1,27
678394,"Bello, Brayan",SL,2023,25.0116,78,0.3207,0.3083,5,2,16,2,0,2,17
678394,"Bello, Brayan",SL,2024,35.6391,107,0.3331,0.3194,8,4,20,5,0,2,26
678495,"Rodríguez, Randy",FF,2024,31.2189,83,0.3761,0.3157,8,1,11,5,0,4,21
678495,"Rodríguez, Randy",FF,2025,14.7993,60,0.2467,0.2728,4,1,8,2,0,1,20
678495,"Rodríguez, Randy",SL,2024,17.1397,63,0.2721,0.274,3,0,6,5,2,0,11
678495,"Rodríguez, Randy",SL,2025,21.0764,76,0.2773,0.2463,3,1,10,4,0,2,26
678606,"Ferrer, Jose A.",SI,2025,50.1888,160,0.3137,0.3249,11,3,37,5,1,1,18
678692,"Henriquez, Ronny",FF,2025,24.2479,65,0.373,0.3293,6,2,8,4,0,3,20
678692,"Henriquez, Ronny",ST,2025,11.6017,65,0.1785,0.2342,1,0,7,2,0,1,25
679525,"Marsh, Alec",CU,2024,28.2841,72,0.3928,0.3689,3,3,7,7,1,3,18
679525,"Marsh, Alec",FF,2023,34.2089,72,0.4751,0.4542,11,5,7,4,2,4,20
679525,"Marsh, Alec",FF,2024,48.6682,152,0.3202,0.3095,16,2,18,6,0,6,42
679525,"Marsh, Alec",SI,2024,32.6267,89,0.3666,0.4028,12,1,14,3,1,3,9
679525,"Marsh, Alec",SL,2024,30.2269,90,0.3359,0.3021,3,1,16,7,0,2,20
679885,"Martinez, Justin",FS,2024,7.7804,72,0.1081,0.116,3,0,4,2,0,0,50
679885,"Martinez, Justin",SI,2024,33.4837,100,0.3348,0.3231,13,0,23,5,0,0,12
680570,"Rodriguez, Grayson",CH,2023,32.8593,129,0.2547,0.2468,10,0,15,4,1,3,32
680570,"Rodriguez, Grayson",CH,2024,24.4114,98,0.2491,0.2398,7,0,7,2,1,4,34
680570,"Rodriguez, Grayson",FF,2023,73.4881,187,0.393,0.3692,17,2,37,8,2,7,43
680570,"Rodriguez, Grayson",FF,2024,55.3954,172,0.3221,0.3078,20,4,34,4,0,3,43
680570,"Rodriguez, Grayson",SL,2024,23.0917,65,0.3553,0.3093,2,0,4,5,1,4,20
680573,"Woods Richardson, Simeon",CH,2024,35.017,72,0.4863,0.343,5,0,14,4,0,6,11
680573,"Woods Richardson, Simeon",FF,2024,42.8291,121,0.354,0.3293,14,1,24,3,0,4,27
680573,"Woods Richardson, Simeon",FF,2025,56.177,175,0.321,0.328,25,1,24,5,1,5,38
680573,"Woods Richardson, Simeon",SL,2024,27.2648,128,0.213,0.267,6,1,18,6,0,0,29
680573,"Woods Richardson, Simeon",SL,2025,32.4445,99,0.3277,0.3018,8,0,12,4,0,5,25
680686,"Gray, Josiah",CU,2022,28.1698,114,0.2471,0.2708,8,2,13,1,0,4,44
680686,"Gray, Josiah",CU,2023,22.9286,90,0.2548,0.2657,3,1,13,4,1,1,26
680686,"Gray, Josiah",FC,2023,39.7833,118,0.3371,0.3478,13,1,14,4,0,6,22
680686,"Gray, Josiah",FF,2022,96.8315,188,0.5151,0.4213,32,2,18,7,1,20,20
680686,"Gray, Josiah",FF,2023,40.137,93,0.4316,0.396,16,1,10,9,0,4,10
680686,"Gray, Josiah",SI,2023,34.849,92,0.3788,0.3593,14,1,22,4,0,1,10
680686,"Gray, Josiah",SL,2022,46.1176,160,0.2882,0.2376,9,1,18,6,1,6,57
680686,"Gray, Josiah",SL,2023,57.0875,179,0.3189,0.346,21,1,26,6,0,6,41
680694,"Bradish, Kyle",CU,2023,18.0307,120,0.1503,0.222,4,0,14,3,0,0,42
680694,"Bradish, Kyle",FF,2022,88.027,199,0.4423,0.4063,26,4,38,8,0,11,31
680694,"Bradish, Kyle",FF,2023,42.4643,95,0.447,0.4128,11,0,19,6,0,5,12
680694,"Bradish, Kyle",SI,2023,41.6413,136,0.3062,0.3251,11,7,18,5,1,3,28
680694,"Bradish, Kyle",SL,2022,31.5038,126,0.25,0.2547,9,2,16,3,0,3,43
680694,"Bradish, Kyle",SL,2023,40.8245,187,0.2183,0.2593,8,1,18,8,0,4,70
680704,"Sandlin, Nick",SL,2023,18.6564,82,0.2275,0.222,5,0,4,2,0,4,27
680704,"Sandlin, Nick",SL,2024,22.6037,62,0.3646,0.3575,9,0,7,3,0,3,14
680730,"Parker, Mitchell",CU,2025,40.2685,110,0.3661,0.3706,4,1,16,9,1,4,22
680730,"Parker, Mitchell",FF,2024,65.8678,191,0.3449,0.3527,17,0,31,8,1,7,31
680730,"Parker, Mitchell",FF,2025,122.8784,336,0.3657,0.4138,37,2,51,21,1,11,29
680730,"Parker, Mitchell",FS,2024,25.901,74,0.35,0.2949,4,2,11,6,0,2,24
680730,"Parker, Mitchell",FS,2025,21.8899,63,0.3475,0.393,4,0,10,1,0,4,9
680730,"Parker, Mitchell",SL,2025,19.5096,68,0.2869,0.2392,0,0,12,2,1,2,21
680732,"Burke, Sean",CU,2025,25.7932,84,0.3071,0.3789,8,0,12,5,1,1,19
680732,"Burke, Sean",FF,2025,61.6634,204,0.3023,0.3169,27,3,28,8,0,4,58
680732,"Burke, Sean",SL,2025,39.5784,117,0.3383,0.372,8,0,13,5,0,7,18
680736,"Wrobleski, Justin",FF,2024,26.7804,68,0.3938,0.3418,7,1,8,4,0,4,9
680736,"Wrobleski, Justin",FF,2025,22.3096,81,0.2754,0.2854,8,0,12,2,0,2,34
680736,"Wrobleski, Justin",SL,2025,14.1654,66,0.2146,0.2169,2,1,7,3,0,1,19
680739,"Winder, Josh",FF,2022,51.5225,95,0.5423,0.5341,12,3,14,6,0,9,10
680739,"Winder, Josh",SL,2022,15.3394,76,0.2018,0.2288,3,0,8,5,0,0,19
680767,"Vodnik, Victor",FF,2024,61.7336,159,0.3883,0.3793,22,0,31,2,3,6,26
680767,"Vodnik, Victor",FF,2025,32.7814,102,0.3214,0.3698,10,0,19,5,1,1,14
680885,"Schwellenbach, Spencer",FC,2024,27.446,72,0.3812,0.3494,5,2,7,6,1,3,3
680885,"Schwellenbach, Spencer",FF,2024,39.6826,117,0.3392,0.3252,5,0,15,6,2,5,30
680885,"Schwellenbach, Spencer",FF,2025,25.9728,103,0.2522,0.3215,2,0,16,3,0,3,28
680885,"Schwellenbach, Spencer",FS,2024,13.1079,66,0.1986,0.2311,3,1,5,3,0,1,28
680885,"Schwellenbach, Spencer",SL,2024,28.0888,116,0.2421,0.2436,2,0,20,2,0,3,40
680885,"Schwellenbach, Spencer",SL,2025,20.4434,61,0.3351,0.2871,3,1,7,4,1,2,13
680897,"Nastrini, Nick",FF,2024,26.0174,71,0.3664,0.4269,18,1,6,0,0,4,8
680897,"Nastrini, Nick",SL,2024,25.0533,73,0.3432,0.3431,10,0,6,5,0,3,13
681035,"Scott, Christian",FF,2024,27.1324,86,0.3155,0.3131,7,0,13,4,1,2,20
681190,"Vásquez, Randy",FC,2025,37.0891,115,0.3225,0.3581,19,2,13,3,0,4,13
681190,"Vásquez, Randy",FF,2024,26.1316,86,0.3039,0.4021,8,3,14,4,0,1,16
681190,"Vásquez, Randy",SI,2024,30.5444,63,0.4848,0.4,2,2,22,4,1,1,3
681190,"Vásquez, Randy",SI,2025,27.8928,106,0.2631,0.3566,7,1,20,3,0,1,10
681190,"Vásquez, Randy",ST,2025,22.0117,65,0.3386,0.39,0,0,11,4,0,3,11
681293,"Arrighetti, Spencer",CU,2024,19.1309,92,0.2079,0.1932,4,3,10,3,0,1,43
681293,"Arrighetti, Spencer",FC,2024,36.7599,102,0.3604,0.3647,18,0,12,1,0,6,18
681293,"Arrighetti, Spencer",FF,2024,67.7276,189,0.3583,0.3357,23,2,29,14,0,4,44
681343,"Smith, Shane",CH,2025,21.7545,75,0.2901,0.3101,7,2,8,4,1,1,19
681343,"Smith, Shane",FF,2025,57.0782,206,0.2771,0.3124,25,2,27,7,1,3,48
681347,"Burrows, Mike",CH,2025,19.0516,85,0.2241,0.2285,6,2,8,2,0,2,39
681347,"Burrows, Mike",FF,2025,55.1682,128,0.431,0.4214,13,0,26,5,1,7,14
681432,"Little, Luke",FF,2024,20.7361,64,0.324,0.3186,13,0,8,3,0,1,11
681517,"Leahy, Kyle",FF,2025,22.0182,68,0.3238,0.3449,9,0,9,5,0,1,17
681517,"Leahy, Kyle",SL,2025,20.0132,62,0.3228,0.4447,5,0,14,4,0,0,2
681676,"Fernandez, Ryan",FF,2024,30.6471,86,0.3564,0.407,13,2,17,3,2,0,14
681676,"Fernandez, Ryan",SL,2024,18.6409,95,0.1962,0.2106,5,0,11,3,0,1,34
681806,"Wantz, Andrew",FF,2022,17.5148,71,0.2467,0.2954,9,0,4,1,0,3,18
681857,"Olson, Reese",CH,2024,16.9147,61,0.2773,0.233,2,0,11,3,0,1,22
681857,"Olson, Reese",CH,2025,14.6451,61,0.2401,0.2472,4,0,2,6,0,1,24
681857,"Olson, Reese",FF,2023,30.9013,83,0.3723,0.437,13,0,8,2,1,5,16
681857,"Olson, Reese",FF,2024,22.6112,67,0.3375,0.3668,7,0,13,2,0,2,12
681857,"Olson, Reese",SI,2023,16.2432,74,0.2195,0.3035,6,1,13,1,0,0,9
681857,"Olson, Reese",SI,2024,22.6011,69,0.3276,0.3375,1,0,15,7,0,0,5
681857,"Olson, Reese",SI,2025,26.9912,80,0.3374,0.4275,12,2,16,4,0,0,5
681857,"Olson, Reese",SL,2023,34.5388,102,0.3386,0.3284,6,0,10,6,0,6,31
681857,"Olson, Reese",SL,2024,15.4026,67,0.2299,0.2633,8,1,7,0,1,1,22
681867,"Criswell, Cooper",CH,2024,27.7806,103,0.2697,0.2851,4,0,21,4,0,1,14
681867,"Criswell, Cooper",SI,2024,26.9955,76,0.3552,0.3088,5,1,14,5,0,2,10
681867,"Criswell, Cooper",ST,2024,28.0247,74,0.3787,0.337,8,1,11,5,1,2,17
681869,"Dubin, Shawn",FF,2024,18.6651,73,0.2557,0.2867,13,1,11,1,0,0,21
681911,"Vesia, Alex",FF,2022,22.5539,106,0.2128,0.2375,9,1,9,3,0,2,43
681911,"Vesia, Alex",FF,2023,30.4967,109,0.2798,0.2725,8,1,19,2,1,2,34
681911,"Vesia, Alex",FF,2024,33.935,115,0.2951,0.3264,18,1,3,4,0,6,37
681911,"Vesia, Alex",FF,2025,22.3362,92,0.2428,0.2587,4,3,8,3,0,3,31
681982,"Anderson, Grant",FF,2025,16.0747,62,0.2593,0.283,10,1,4,1,0,2,26
681982,"Anderson, Grant",SI,2025,19.0857,64,0.2982,0.4102,9,0,15,1,0,0,5
681982,"Anderson, Grant",SL,2023,20.1637,66,0.3055,0.2758,4,0,12,4,0,1,10
682051,"Hill, Garrett",FF,2022,29.0404,92,0.3157,0.3467,17,0,15,3,0,1,20
682052,"Lopez, Jacob",FF,2025,36.8923,99,0.3726,0.3522,14,2,9,2,0,7,36
682052,"Lopez, Jacob",SL,2025,30.2588,114,0.2654,0.2308,6,1,13,4,0,4,35
682120,"Herrin, Tim",CU,2024,14.0511,73,0.1925,0.1889,5,1,5,1,0,2,33
682171,"Murfee, Penn",FF,2022,23.3631,70,0.3338,0.3555,5,0,13,2,1,2,12
682171,"Murfee, Penn",ST,2022,26.299,109,0.2413,0.1789,4,0,7,4,0,5,46
682175,"Jacques, Joe",SI,2023,19.9694,61,0.3274,0.2568,5,0,14,4,0,0,12
682227,"Williamson, Brandon",CH,2023,16.4807,63,0.2616,0.3089,4,0,5,2,0,3,16
682227,"Williamson, Brandon",FC,2023,27.7164,98,0.2828,0.2822,3,0,13,4,0,4,21
682227,"Williamson, Brandon",FF,2023,50.8792,145,0.3509,0.3425,13,1,23,12,0,3,29
682243,"Miller, Bryce",FF,2023,87.4147,256,0.3415,0.3323,15,2,29,16,0,13,68
682243,"Miller, Bryce",FF,2024,57.9993,215,0.2698,0.3232,15,1,23,7,0,8,51
682243,"Miller, Bryce",FF,2025,32.7281,82,0.3991,0.3562,11,0,8,4,1,5,13
682243,"Miller, Bryce",FS,2024,19.2789,122,0.158,0.2109,1,2,13,3,0,1,44
682243,"Miller, Bryce",SI,2024,38.2271,133,0.2874,0.3336,10,0,25,3,0,3,22
682243,"Miller, Bryce",SL,2023,20.1052,79,0.2545,0.3046,2,1,8,5,0,2,21
682254,"Montgomery, Mason",FF,2025,36.9784,91,0.4064,0.3707,18,1,14,5,0,3,25
682610,"Muñoz, Roddery",FC,2024,22.143,63,0.3515,0.3793,8,1,8,2,0,3,7
682610,"Muñoz, Roddery",FF,2024,33.5118,72,0.4654,0.4355,10,1,8,4,0,6,10
682610,"Muñoz, Roddery",SI,2024,31.0125,75,0.4135,0.3991,12,1,8,5,0,4,11
682610,"Muñoz, Roddery",SL,2024,25.7033,68,0.378,0.3104,7,1,4,3,2,4,24
682825,"Mey, Luis",SI,2025,19.1183,60,0.3186,0.3521,12,0,7,1,0,2,12
682842,"Uribe, Abner",SI,2023,14.9149,60,0.2486,0.3503,12,0,8,1,0,0,14
682842,"Uribe, Abner",SI,2025,23.5794,109,0.2163,0.2791,8,1,22,0,0,0,19
682842,"Uribe, Abner",SL,2025,20.7654,88,0.236,0.2247,10,1,8,2,0,2,43
682847,"Ortiz, Luis L.",FC,2024,25.5209,79,0.323,0.3308,4,1,14,3,1,2,6
682847,"Ortiz, Luis L.",FF,2023,34.6358,74,0.4681,0.4791,14,0,15,5,0,3,11
682847,"Ortiz, Luis L.",FF,2024,39.0523,139,0.281,0.303,10,1,16,5,0,5,41
682847,"Ortiz, Luis L.",FF,2025,28.8074,95,0.3032,0.3225,14,0,11,3,0,3,34
682847,"Ortiz, Luis L.",SI,2023,22.5953,78,0.2897,0.3793,6,1,19,2,0,0,5
682847,"Ortiz, Luis L.",SI,2024,41.6205,125,0.333,0.3723,12,3,20,5,1,3,7
682847,"Ortiz, Luis L.",SI,2025,20.7241,79,0.2623,0.3182,6,1,17,0,0,1,13
682847,"Ortiz, Luis L.",SL,2023,34.7948,90,0.3866,0.3938,10,1,13,4,0,5,16
682847,"Ortiz, Luis L.",SL,2024,37.9576,133,0.2854,0.2688,6,0,12,8,2,4,42
682847,"Ortiz, Luis L.",SL,2025,22.1639,79,0.2806,0.2993,4,0,9,0,0,5,27
682990,"Priester, Quinn",FC,2025,31.3242,88,0.356,0.2985,7,1,14,6,1,2,25
682990,"Priester, Quinn",SI,2023,27.8171,79,0.3521,0.3854,12,1,12,4,0,2,6
682990,"Priester, Quinn",SI,2024,27.1578,67,0.4053,0.3882,4,2,13,2,0,4,4
682990,"Priester, Quinn",SI,2025,64.5392,221,0.292,0.3223,20,4,35,12,0,2,33
682990,"Priester, Quinn",SL,2025,42.8391,145,0.2954,0.2663,9,0,15,8,1,5,31
683003,"Jones, Jared",FF,2024,68.6783,214,0.3209,0.3322,20,3,20,11,2,8,54
683003,"Jones, Jared",SL,2024,44.5242,164,0.2715,0.2626,10,2,18,6,1,5,52
683004,"Leiter, Jack",CH,2025,18.9746,80,0.2372,0.2943,7,1,6,5,0,1,25
683004,"Leiter, Jack",FF,2024,32.2259,69,0.467,0.4406,9,2,14,3,0,4,11
683004,"Leiter, Jack",FF,2025,61.7982,196,0.3153,0.3598,32,3,22,6,0,6,47
683004,"Leiter, Jack",SI,2025,22.0191,70,0.3146,0.444,6,1,12,4,0,1,8
683004,"Leiter, Jack",SL,2025,37.4092,111,0.337,0.3112,8,0,15,4,0,6,15
683155,"Estes, Joey",FF,2024,68.232,196,0.3481,0.3656,16,4,25,12,1,7,25
683155,"Estes, Joey",SL,2024,20.1407,75,0.2685,0.2736,0,0,10,5,0,2,19
683155,"Estes, Joey",ST,2024,25.0638,97,0.2584,0.2001,0,2,13,4,0,3,25
683232,"Mears, Nick",FF,2024,29.3405,94,0.3121,0.3402,12,0,10,3,0,4,22
683232,"Mears, Nick",FF,2025,21.4363,82,0.2614,0.3538,5,1,12,4,0,1,13
683409,"Chivilli, Angel",CH,2025,20.038,75,0.2672,0.2643,4,1,10,1,0,3,21
683409,"Chivilli, Angel",FF,2025,55.6556,128,0.4348,0.4427,16,5,27,8,0,4,8
683627,"Molina, Anthony",FF,2024,45.749,108,0.4236,0.4456,12,2,23,8,0,3,14
683627,"Molina, Anthony",FF,2025,44.4764,78,0.5702,0.4633,2,2,17,6,0,8,7
683769,"Gaddis, Hunter",FF,2024,20.1296,68,0.296,0.281,5,0,6,4,1,2,12
683769,"Gaddis, Hunter",FF,2025,25.0395,68,0.3682,0.33,5,0,4,2,2,5,10
683769,"Gaddis, Hunter",SL,2024,10.7146,75,0.1429,0.2442,3,2,3,2,0,1,19
683769,"Gaddis, Hunter",SL,2025,20.8439,72,0.2895,0.2916,6,0,10,3,0,2,23
684007,"Imanaga, Shota",FF,2024,96.4202,268,0.3598,0.3293,15,1,29,10,1,19,46
684007,"Imanaga, Shota",FF,2025,64.7259,200,0.3236,0.3652,13,0,17,8,0,13,22
684007,"Imanaga, Shota",FS,2024,45.528,196,0.2323,0.2402,4,0,33,6,0,3,64
684007,"Imanaga, Shota",FS,2025,42.8219,163,0.2627,0.2765,4,0,24,6,0,5,42
684320,"Rodríguez, Yariel",FF,2024,20.1925,74,0.2729,0.2576,10,0,7,5,1,0,13
684320,"Rodríguez, Yariel",FF,2025,23.3465,69,0.3384,0.4097,10,2,12,1,0,2,5
684320,"Rodríguez, Yariel",SL,2024,22.4632,73,0.3077,0.2902,10,1,10,2,0,2,23
684320,"Rodríguez, Yariel",SL,2025,16.5131,90,0.1835,0.2441,8,0,8,2,0,1,33
685126,"Eisert, Brandon",CH,2025,27.5177,79,0.3483,0.2402,3,0,10,6,1,3,24
685126,"Eisert, Brandon",SL,2025,37.0002,99,0.3737,0.3364,6,0,15,5,1,5,25
685299,"Gordon, Tanner",FF,2025,40.6699,109,0.3731,0.3977,9,0,17,7,1,4,21
685410,"Battenfield, Peyton",FC,2023,13.7727,65,0.2119,0.2918,3,0,7,1,0,2,19
685410,"Battenfield, Peyton",FF,2023,31.893,70,0.4556,0.4675,8,0,10,5,0,5,5
686218,"Sheehan, Emmet",FF,2023,27.4096,68,0.4031,0.363,13,0,7,5,0,3,9
686218,"Sheehan, Emmet",FF,2025,33.0715,105,0.315,0.3521,11,1,9,5,1,4,25
686218,"Sheehan, Emmet",SL,2025,10.4348,82,0.1273,0.1917,4,1,9,0,0,0,34
686539,"Cronin, Declan",SI,2024,29.3621,72,0.4078,0.3537,12,1,18,5,0,0,7
686539,"Cronin, Declan",SL,2024,23.1453,94,0.2462,0.2729,3,1,20,3,0,0,25
686563,"Cannon, Jonathan",CH,2024,19.9981,88,0.2273,0.2599,3,0,14,3,0,1,18
686563,"Cannon, Jonathan",CH,2025,25.965,76,0.3416,0.3314,6,0,9,6,1,2,18
686563,"Cannon, Jonathan",FC,2024,23.9079,68,0.3516,0.3437,8,0,9,5,0,2,4
686563,"Cannon, Jonathan",FC,2025,27.8241,71,0.3919,0.3991,10,1,8,4,1,3,11
686563,"Cannon, Jonathan",FF,2025,22.2585,70,0.318,0.2982,7,0,11,3,0,2,17
686563,"Cannon, Jonathan",SI,2024,46.2516,123,0.376,0.395,17,1,19,6,1,4,14
686563,"Cannon, Jonathan",SI,2025,46.2496,108,0.4282,0.4282,10,3,22,4,0,6,12
686563,"Cannon, Jonathan",ST,2024,28.5075,75,0.3801,0.2797,4,2,10,3,0,5,16
686610,"Waldichuk, Ken",CH,2023,30.6408,81,0.3783,0.3128,5,0,20,5,1,1,13
686610,"Waldichuk, Ken",FF,2022,29.7553,69,0.4312,0.3824,6,1,7,7,0,4,13
686610,"Waldichuk, Ken",FF,2023,97.9189,264,0.3709,0.3696,44,2,35,10,1,11,41
686610,"Waldichuk, Ken",ST,2023,39.3237,119,0.3305,0.2595,5,5,12,10,0,4,43
686613,"Brown, Hunter",CH,2024,18.8098,71,0.2649,0.2847,8,0,14,0,0,1,7
686613,"Brown, Hunter",CH,2025,15.8551,64,0.2477,0.2639,7,0,7,3,1,0,15
686613,"Brown, Hunter",FC,2023,46.1199,118,0.3908,0.3428,4,1,20,7,0,7,18
686613,"Brown, Hunter",FC,2024,29.3798,102,0.288,0.2843,8,0,15,4,1,2,19
686613,"Brown, Hunter",FF,2023,71.3482,183,0.3899,0.33,23,4,17,13,1,9,51
686613,"Brown, Hunter",FF,2024,55.6656,188,0.2961,0.2761,18,1,26,4,0,7,72
686613,"Brown, Hunter",FF,2025,29.3913,139,0.2114,0.2567,14,0,16,4,0,1,55
686613,"Brown, Hunter",KC,2023,38.0154,115,0.3306,0.289,3,1,23,5,0,4,42
686613,"Brown, Hunter",KC,2024,18.8982,66,0.2863,0.2398,2,0,12,2,0,2,25
686613,"Brown, Hunter",KC,2025,17.1492,95,0.1805,0.2361,2,0,10,2,0,2,46
686613,"Brown, Hunter",SI,2024,35.4965,114,0.3114,0.3272,11,3,28,1,0,1,15
686613,"Brown, Hunter",SI,2025,37.5128,126,0.2977,0.3061,9,4,22,3,0,3,16
686701,"Bergert, Ryan",FF,2025,31.0875,108,0.2878,0.3605,17,0,10,4,0,3,23
686701,"Bergert, Ryan",SL,2025,19.7053,74,0.2663,0.3178,6,0,11,2,1,1,19
686730,"Spiers, Carson",FF,2024,31.5004,99,0.3182,0.3208,13,1,16,0,0,4,23
686730,"Spiers, Carson",SI,2024,23.7078,63,0.3763,0.3309,6,1,11,4,0,2,6
686730,"Spiers, Carson",ST,2024,22.3881,61,0.367,0.3058,1,1,8,7,0,2,17
686752,"Pepiot, Ryan",CH,2024,37.4175,127,0.2946,0.2857,8,0,20,5,1,3,37
686752,"Pepiot, Ryan",CH,2025,41.715,162,0.2575,0.2737,5,0,19,6,0,6,51
686752,"Pepiot, Ryan",FF,2023,17.6806,63,0.2806,0.2828,3,2,4,3,0,3,15
686752,"Pepiot, Ryan",FF,2024,73.019,241,0.303,0.3058,34,3,25,6,0,9,68
686752,"Pepiot, Ryan",FF,2025,85.7223,227,0.3776,0.3529,39,2,24,8,2,11,56
686752,"Pepiot, Ryan",SL,2024,20.049,76,0.2638,0.344,4,0,12,2,0,2,14
686752,"Pepiot, Ryan",SL,2025,31.8648,80,0.3983,0.3662,1,0,11,4,1,6,9
686799,"Kochanowicz, Jack",CH,2025,29.8565,64,0.4665,0.3919,6,0,10,1,1,6,19
686799,"Kochanowicz, Jack",FF,2025,21.2625,63,0.3375,0.4156,11,0,7,3,0,2,17
686799,"Kochanowicz, Jack",SI,2024,39.224,130,0.3017,0.3324,5,2,26,8,0,1,7
686799,"Kochanowicz, Jack",SI,2025,70.557,189,0.3733,0.371,21,1,45,4,0,6,19
686826,"Jarvis, Bryce",FF,2024,20.5923,66,0.312,0.4,12,1,11,1,0,1,9
686826,"Jarvis, Bryce",SL,2024,15.5317,63,0.2465,0.3203,5,2,12,1,0,0,11
686973,"Varland, Louie",FC,2023,25.3377,82,0.309,0.309,6,0,12,2,1,3,20
686973,"Varland, Louie",FF,2023,35.103,100,0.351,0.2812,6,0,13,4,3,4,28
686973,"Varland, Louis",FF,2025,28.9908,83,0.3493,0.3981,11,1,13,5,1,1,18
686973,"Varland, Louis",KC,2025,18.5214,84,0.2205,0.2272,3,0,9,5,0,1,36
686993,"Sterner, Justin",FF,2025,29.5103,99,0.2981,0.3312,12,3,10,0,0,5,20
687064,"Young, Brandon",FF,2025,26.4001,81,0.3259,0.328,8,0,12,5,0,2,12
687134,"Blalock, Bradley",FF,2025,61.8032,128,0.4828,0.469,13,0,27,7,0,9,9
687223,"Palmquist, Carson",FF,2025,49.4304,93,0.5315,0.452,16,0,17,5,1,7,14
687330,"Kelly, Kevin",SI,2023,25.6913,98,0.2622,0.291,8,3,12,5,0,1,17
687330,"Kelly, Kevin",SI,2024,38.3125,134,0.2859,0.3193,6,3,21,5,2,2,19
687330,"Kelly, Kevin",SI,2025,27.4722,77,0.3568,0.4024,6,0,15,3,0,3,9
687330,"Kelly, Kevin",ST,2023,18.8461,83,0.2271,0.2092,1,2,9,7,0,0,17
687473,"Gusto, Ryan",FF,2025,44.8087,154,0.291,0.3034,18,3,20,3,1,4,43
687765,"Spence, Mitch",FC,2024,60.2132,166,0.3627,0.3222,16,2,18,10,2,7,25
687765,"Spence, Mitch",FC,2025,48.4092,113,0.4284,0.4062,12,2,18,4,0,8,16
687765,"Spence, Mitch",SL,2024,53.4557,158,0.3383,0.3009,10,2,20,9,0,7,39
687765,"Spence, Mitch",SL,2025,23.236,69,0.3368,0.3532,5,0,6,4,0,4,16
687792,"Herz, DJ",CH,2024,18.377,69,0.2663,0.2857,4,0,10,2,0,2,14
687792,"Herz, DJ",FF,2024,36.9801,129,0.2867,0.297,21,1,19,3,1,1,35
687792,"Herz, DJ",SL,2024,20.619,60,0.3436,0.2824,5,0,9,2,0,3,13
687863,"Hodge, Porter",FF,2024,15.4568,70,0.2208,0.2843,11,1,5,0,1,1,16
687863,"Hodge, Porter",ST,2025,26.3421,64,0.4116,0.309,10,0,8,2,2,3,18
687911,"King, Bryan",FF,2025,38.8508,130,0.2989,0.2791,6,1,22,3,0,5,33
688138,"Evans, Logan",FC,2025,22.1376,79,0.2802,0.3457,11,1,7,5,0,1,14
688297,"Roycroft, Chris",SI,2024,20.823,65,0.3204,0.3235,8,0,11,2,1,1,9
689017,"Knack, Landon",FF,2024,38.9717,90,0.433,0.3455,6,1,11,1,1,9,26
689017,"Knack, Landon",FF,2025,36.6631,76,0.4824,0.4469,13,0,10,3,1,6,12
689017,"Knack, Landon",SL,2024,11.6929,64,0.1827,0.2551,5,1,6,1,1,0,16
689147,"Kerkering, Orion",FF,2025,16.8219,64,0.2628,0.3021,9,0,9,3,0,0,18
689147,"Kerkering, Orion",ST,2024,23.0503,92,0.2505,0.2863,5,3,14,3,0,1,25
689147,"Kerkering, Orion",ST,2025,22.7909,74,0.308,0.2892,2,2,11,1,0,4,16
689225,"Brieske, Beau",CH,2022,20.8876,98,0.2131,0.2383,2,0,11,4,0,2,22
689225,"Brieske, Beau",CH,2024,22.6927,68,0.3337,0.2524,2,1,9,3,1,3,18
689225,"Brieske, Beau",FF,2022,52.1677,149,0.3501,0.4416,20,0,20,5,1,6,21
689225,"Brieske, Beau",FF,2024,17.4559,73,0.2391,0.3082,12,1,7,3,0,0,22
689225,"Brieske, Beau",SL,2022,20.3226,61,0.3332,0.3683,2,0,14,0,0,3,7
689254,"Fluharty, Mason",FC,2025,28.07,96,0.2924,0.3271,15,1,10,4,0,2,21
689266,"Dodd, Dylan",FC,2025,20.8524,63,0.331,0.3681,5,1,7,3,0,3,10
689266,"Dodd, Dylan",FF,2023,35.4128,83,0.4267,0.437,4,0,17,5,0,5,8
689672,"Thorpe, Drew",CH,2024,16.4423,65,0.253,0.2655,7,0,4,3,0,2,17
690928,"Dobbins, Hunter",FF,2025,31.4592,76,0.4139,0.4068,9,1,15,6,0,2,6
690953,"Abel, Mick",FF,2025,29.639,63,0.4705,0.4514,12,1,10,1,0,5,11
690986,"Harrison, Kyle",CH,2024,29.6074,78,0.3796,0.4102,5,1,16,2,0,4,8
690986,"Harrison, Kyle",FF,2024,77.9641,237,0.329,0.3171,21,4,31,11,0,9,65
690986,"Harrison, Kyle",FF,2025,17.7657,75,0.2369,0.2717,5,0,7,3,0,2,21
690990,"Horton, Cade",FF,2025,42.7093,154,0.2773,0.3552,11,3,24,7,0,2,27
690990,"Horton, Cade",ST,2025,15.5454,78,0.1993,0.1891,4,0,8,3,0,1,20
691587,"Pérez, Eury",FF,2023,59.3367,137,0.4331,0.3885,15,0,14,13,1,8,23
691587,"Pérez, Eury",FF,2025,33.3553,130,0.2566,0.3122,11,1,12,7,1,2,32
691587,"Pérez, Eury",SL,2023,32.0941,107,0.2999,0.2244,6,0,9,7,1,4,41
691587,"Pérez, Eury",SL,2025,17.5272,63,0.2782,0.2349,6,1,6,3,1,1,23
693312,"Nicolas, Kyle",FF,2024,32.0803,112,0.2864,0.336,20,0,17,1,0,2,20
693312,"Nicolas, Kyle",FF,2025,31.4766,88,0.3577,0.3885,13,0,14,4,1,2,9
693313,"Seymour, Carson",SI,2025,23.3893,65,0.3598,0.3938,8,0,9,1,0,4,8
693433,"Woo, Bryan",FF,2023,40.0573,115,0.3483,0.3184,16,1,9,5,2,5,35
693433,"Woo, Bryan",FF,2024,41.5007,170,0.2441,0.259,7,0,22,3,0,6,44
693433,"Woo, Bryan",FF,2025,45.7337,159,0.2876,0.3038,11,0,14,4,0,9,50
693433,"Woo, Bryan",SI,2023,23.1388,79,0.2929,0.3103,8,3,8,2,0,3,9
693433,"Woo, Bryan",SI,2024,28.0013,102,0.2745,0.2836,2,2,20,1,0,3,11
693433,"Woo, Bryan",SI,2025,39.5554,136,0.2908,0.2911,3,1,23,6,0,4,24
693645,"Schlittler, Cam",FF,2025,28.3701,92,0.3084,0.3584,15,1,12,3,0,2,24
693821,"Elder, Bryce",CH,2023,18.2978,78,0.2346,0.2802,5,0,13,2,1,0,14
693821,"Elder, Bryce",CH,2025,20.9559,62,0.338,0.3465,2,0,7,3,0,4,9
693821,"Elder, Bryce",FF,2023,28.4618,79,0.3603,0.3619,4,2,11,8,0,2,11
693821,"Elder, Bryce",SI,2022,23.7542,85,0.2795,0.3196,11,2,13,2,0,1,18
693821,"Elder, Bryce",SI,2023,79.3747,225,0.3528,0.3831,25,3,41,11,1,5,28
693821,"Elder, Bryce",SI,2025,81.9789,219,0.3743,0.3541,18,3,36,11,0,10,43
693821,"Elder, Bryce",SL,2023,60.5016,199,0.304,0.2897,12,1,24,5,1,10,51
693821,"Elder, Bryce",SL,2025,68.0928,200,0.3405,0.3207,13,1,32,9,2,7,43
693855,"Seymour, Ian",CH,2025,13.6252,69,0.1975,0.2549,3,0,11,2,0,0,26
694037,"Palencia, Daniel",FF,2025,29.5397,108,0.2735,0.2883,8,2,14,2,1,3,31
694297,"Pfaadt, Brandon",CH,2024,16.0841,63,0.2553,0.2416,2,0,13,3,0,0,12
694297,"Pfaadt, Brandon",CH,2025,24.5658,68,0.3613,0.3962,3,0,9,4,0,4,7
694297,"Pfaadt, Brandon",FF,2023,74.0378,161,0.4599,0.3737,13,0,25,9,1,13,23
694297,"Pfaadt, Brandon",FF,2024,65.2286,174,0.3749,0.3722,17,0,24,10,1,8,34
694297,"Pfaadt, Brandon",FF,2025,44.432,123,0.3612,0.466,12,1,16,10,0,4,18
694297,"Pfaadt, Brandon",SI,2024,46.6806,158,0.2954,0.2733,9,2,30,8,1,1,39
694297,"Pfaadt, Brandon",SI,2025,48.4493,128,0.3785,0.3717,5,2,29,8,1,3,21
694297,"Pfaadt, Brandon",ST,2023,34.4598,136,0.2534,0.2458,8,1,11,8,1,3,43
694297,"Pfaadt, Brandon",ST,2024,58.5532,176,0.3327,0.2483,2,1,19,4,3,12,63
694297,"Pfaadt, Brandon",ST,2025,36.305,108,0.3362,0.2941,3,3,13,7,0,5,34
694335,"Svanson, Matt",SI,2025,19.8758,93,0.2137,0.2843,9,1,10,1,1,1,24
694350,"Brzykcy, Zach",FF,2025,30.3599,61,0.4977,0.4362,9,1,10,1,0,6,10
694363,"Shuster, Jared",CH,2024,24.5992,70,0.3514,0.357,13,0,11,4,0,1,12
694363,"Shuster, Jared",FF,2023,29.6101,75,0.3948,0.3956,10,1,11,4,2,2,8
694363,"Shuster, Jared",FF,2024,40.6605,104,0.391,0.3688,11,0,15,5,0,6,22
694363,"Shuster, Jared",SL,2024,19.3065,74,0.2609,0.3024,3,0,14,3,1,0,15
694462,"Waldrep, Hurston",FS,2025,15.9484,82,0.1945,0.2156,4,2,7,3,0,1,41
694477,"Patrick, Chad",FC,2025,53.0758,153,0.3469,0.3263,11,3,21,11,0,5,36
694477,"Patrick, Chad",FF,2025,16.1282,65,0.2481,0.2734,5,0,8,3,0,1,19
694477,"Patrick, Chad",SI,2025,27.2743,89,0.3065,0.3439,8,0,15,2,0,3,13
694738,"Roupp, Landen",CU,2024,26.0427,70,0.372,0.2749,7,0,9,7,0,2,24
694738,"Roupp, Landen",CU,2025,35.6171,120,0.2968,0.2694,10,1,15,5,0,4,39
694738,"Roupp, Landen",SI,2025,47.7764,127,0.3762,0.378,15,2,31,7,0,1,18
694813,"Stone, Gavin",CH,2024,29.6353,124,0.239,0.2784,2,0,11,5,0,5,34
694813,"Stone, Gavin",FF,2024,37.8164,125,0.3025,0.3075,16,1,18,4,0,3,33
694813,"Stone, Gavin",SI,2024,48.0683,126,0.3815,0.3556,12,1,20,7,1,5,11
694813,"Stone, Gavin",SL,2024,20.7778,82,0.2534,0.2677,2,0,14,4,0,1,23
694819,"Misiorowski, Jacob",FF,2025,23.0118,90,0.2557,0.2637,11,1,10,2,0,2,36
694973,"Skenes, Paul",CH,2025,7.4688,63,0.1186,0.1442,1,0,5,2,0,0,30
694973,"Skenes, Paul",FF,2024,50.7629,180,0.282,0.2617,14,1,30,7,0,3,64
694973,"Skenes, Paul",FF,2025,61.8831,207,0.299,0.2994,16,2,23,15,1,4,59
694973,"Skenes, Paul",FS,2025,24.6941,64,0.3858,0.3294,5,0,14,2,0,3,7
694973,"Skenes, Paul",SI,2024,24.1406,129,0.1871,0.264,10,1,15,2,0,1,27
694973,"Skenes, Paul",SI,2025,14.1491,60,0.2358,0.2654,4,0,9,0,1,1,13
694973,"Skenes, Paul",ST,2025,15.58,80,0.1947,0.2123,3,1,8,3,0,1,25
695243,"Miller, Mason",FF,2023,23.865,78,0.306,0.2943,10,1,8,3,1,2,18
695243,"Miller, Mason",FF,2024,23.1845,104,0.2229,0.2189,10,0,10,3,0,2,41
695243,"Miller, Mason",FF,2025,27.0695,81,0.3342,0.3749,16,0,6,3,2,2,28
695243,"Miller, Mason",SL,2025,8.6864,78,0.1114,0.1515,1,1,9,0,0,0,41
695418,"Lord, Brad",CH,2025,21.4896,72,0.2985,0.3356,3,0,9,4,1,2,13
695418,"Lord, Brad",FF,2025,62.8664,188,0.3344,0.3269,22,0,27,8,1,6,46
695418,"Lord, Brad",SI,2025,27.3133,92,0.2969,0.3214,2,0,21,5,1,0,11
695418,"Lord, Brad",SL,2025,28.6818,84,0.3415,0.3489,3,3,15,2,0,4,16
695505,"Burns, Chase",FF,2025,21.2886,72,0.2957,0.3185,11,0,10,3,0,1,20
695549,"Jobe, Jackson",FF,2025,24.1892,61,0.3965,0.3788,8,1,8,4,1,2,6
696136,"Wicks, Jordan",FF,2024,30.1786,88,0.3429,0.3232,10,0,14,2,0,4,17
700241,"McGreevy, Michael",FF,2025,29.34,72,0.4075,0.4317,11,1,13,3,0,3,12
700241,"McGreevy, Michael",SI,2025,25.4949,83,0.3072,0.2958,2,2,16,4,1,1,5
700241,"McGreevy, Michael",ST,2025,23.9339,60,0.3989,0.3496,2,0,11,5,1,2,10
700249,"Povich, Cade",CU,2025,23.871,63,0.3789,0.3601,6,0,12,4,0,2,18
700249,"Povich, Cade",FF,2024,27.9929,97,0.2886,0.2774,10,1,12,3,0,3,14
700249,"Povich, Cade",FF,2025,42.0223,128,0.3283,0.4194,14,1,15,3,1,6,29
700669,"Graceffo, Gordon",FF,2025,26.2073,74,0.3542,0.3793,5,0,14,4,2,1,17
701542,"Warren, Will",CH,2025,19.7033,65,0.3031,0.3331,5,0,8,2,0,3,16
701542,"Warren, Will",FF,2025,75.8042,240,0.3159,0.3642,33,0,28,9,2,7,58
701542,"Warren, Will",SI,2025,41.784,140,0.2985,0.3068,7,3,26,5,0,3,28
701542,"Warren, Will",ST,2025,43.5154,108,0.4029,0.3651,9,1,17,10,0,4,28
701581,"Festa, David",FF,2024,29.496,71,0.4154,0.3504,7,1,11,6,0,3,19
701581,"Festa, David",SL,2024,16.2177,69,0.235,0.3,2,0,8,3,1,1,18
701643,"Hartwig, Grant",SI,2023,29.3391,77,0.381,0.3412,8,4,14,6,0,1,13
702070,"Cameron, Noah",CH,2025,20.6982,70,0.2957,0.2778,2,0,7,1,0,5,19
702070,"Cameron, Noah",CU,2025,11.9105,77,0.1547,0.1722,2,0,8,3,0,0,34
702070,"Cameron, Noah",FC,2025,29.5629,70,0.4223,0.3993,10,1,11,3,0,4,4
702070,"Cameron, Noah",FF,2025,39.0322,105,0.3717,0.4057,12,0,11,5,2,5,10
702070,"Cameron, Noah",SL,2025,13.3856,65,0.2059,0.2209,0,2,10,1,0,1,18
702352,"Bivens, Spencer",FC,2025,24.8023,65,0.3816,0.3498,7,0,10,5,3,0,11
702352,"Bivens, Spencer",SI,2024,30.9041,73,0.4233,0.3676,6,0,16,3,0,4,10
702352,"Bivens, Spencer",SI,2025,24.7383,79,0.3131,0.3185,2,2,16,3,0,2,13
800049,"Mazur, Adam",FF,2024,28.8511,62,0.4653,0.443,12,0,7,5,1,3,7
801403,"Dollander, Chase",CU,2025,14.1043,74,0.1906,0.2596,5,2,9,0,0,1,24
801403,"Dollander, Chase",FF,2025,70.6213,166,0.4254,0.4114,30,0,26,5,0,10,32
805673,"Matthews, Zebby",FF,2024,29.2267,66,0.4428,0.3966,6,1,7,5,0,5,17
805673,"Matthews, Zebby",FF,2025,40.3863,99,0.4079,0.3809,6,0,21,7,0,4,27
805673,"Matthews, Zebby",SL,2025,19.4543,79,0.2463,0.2661,6,0,7,2,0,3,37
806185,"Birdsong, Hayden",FF,2024,43.0669,116,0.3713,0.4263,24,1,9,5,1,5,21
806185,"Birdsong, Hayden",FF,2025,36.2932,106,0.3424,0.3542,18,1,5,5,1,5,16
806960,"Morales, Luis",FF,2025,30.0533,69,0.4356,0.4207,11,0,14,2,1,3,7
808963,"Sasaki, Roki",FF,2025,31.8508,82,0.3884,0.4381,14,0,12,1,0,5,7
808967,"Yamamoto, Yoshinobu",CU,2025,19.3008,88,0.2193,0.2375,7,1,11,4,0,0,28
808967,"Yamamoto, Yoshinobu",FF,2024,35.4319,91,0.3894,0.3882,10,0,16,7,1,2,18
808967,"Yamamoto, Yoshinobu",FF,2025,35.2215,143,0.2463,0.2967,16,0,17,5,0,2,35
808967,"Yamamoto, Yoshinobu",FS,2024,13.8807,62,0.2239,0.2581,3,1,7,1,1,1,24
808967,"Yamamoto, Yoshinobu",FS,2025,30.5926,148,0.2067,0.2032,8,1,12,4,0,4,62
829272,"Ogasawara, Shinnosuke",FF,2025,27.8397,65,0.4283,0.4362,10,0,11,4,0,3,4
