pitcher,player_name,game_year,woba_num,woba_denom,wOBAA,xwOBAA,BB,HBP,singles,doubles,triples,HR,K,league_wOBAA,wOBAA_minus,woba_minus_xwoba
425794,"Wainwright, Adam",2022,206.833,643,0.3217,0.3262,44,7,117,28,3,14,106,0.3104,103.6,-0.0045
425794,"Wainwright, Adam",2023,182.9867,444,0.4121,0.4035,40,1,82,32,2,18,50,0.3204,128.6,0.0086
425844,"Greinke, Zack",2022,113.0156,348,0.3248,0.332,18,2,69,19,0,7,42,0.3104,104.6,-0.0072
425844,"Greinke, Zack",2023,125.7385,365,0.3445,0.3394,14,3,67,11,2,17,63,0.3204,107.5,0.0051
434378,"Verlander, Justin",2022,99.7913,465,0.2146,0.2444,21,5,56,11,0,9,131,0.3104,69.1,-0.0298
434378,"Verlander, Justin",2023,141.3381,498,0.2838,0.298,29,4,68,20,1,15,107,0.3204,88.6,-0.0142
434378,"Verlander, Justin",2024,121.3492,343,0.3538,0.3096,23,6,61,14,1,13,63,0.3123,113.3,0.0442
434378,"Verlander, Justin",2025,146.6003,426,0.3441,0.3197,26,4,68,35,0,10,91,0.3147,109.3,0.0244
434671,"Sánchez, Aníbal",2022,83.3465,264,0.3157,0.3278,29,4,28,8,1,11,45,0.3104,101.7,-0.0121
445276,"Jansen, Kenley",2022,46.7934,177,0.2644,0.2342,13,1,18,3,1,7,57,0.3104,85.2,0.0302
445276,"Jansen, Kenley",2023,46.003,142,0.324,0.2844,12,2,22,9,0,3,39,0.3204,101.1,0.0396
445276,"Jansen, Kenley",2024,20.4201,107,0.1908,0.2518,7,0,12,1,0,2,35,0.3123,61.1,-0.061
445276,"Jansen, Kenley",2025,43.7894,159,0.2754,0.3427,11,0,17,3,1,7,35,0.3147,87.5,-0.0673
445926,"Chavez, Jesse",2022,72.3303,204,0.3546,0.3304,16,1,36,9,4,5,56,0.3104,114.2,0.0242
445926,"Chavez, Jesse",2023,31.7161,112,0.2832,0.2887,9,3,15,4,1,2,34,0.3204,88.4,-0.0055
445926,"Chavez, Jesse",2024,70.6166,216,0.3269,0.3206,14,1,32,8,1,9,49,0.3123,104.7,0.0063
446321,"Detwiler, Ross",2022,40.1847,106,0.3791,0.3628,7,3,16,6,0,5,24,0.3104,122.1,0.0163
446372,"Kluber, Corey",2022,149.8114,456,0.3285,0.3178,10,4,84,20,2,16,89,0.3104,105.8,0.0107
446372,"Kluber, Corey",2023,90.8527,225,0.4038,0.3702,20,3,28,13,0,15,39,0.3204,126.0,0.0336
448179,"Hill, Rich",2022,132.9189,420,0.3165,0.3071,29,3,57,21,4,12,92,0.3104,102.0,0.0094
448179,"Hill, Rich",2023,184.2626,518,0.3557,0.3522,48,6,70,35,3,17,104,0.3204,111.0,0.0035
450203,"Morton, Charlie",2022,175.785,552,0.3185,0.314,48,16,74,16,2,20,155,0.3104,102.6,0.0045
450203,"Morton, Charlie",2023,162.4582,492,0.3302,0.3463,57,8,74,19,3,13,120,0.3204,103.1,-0.0161
450203,"Morton, Charlie",2024,151.6837,435,0.3487,0.3188,46,12,56,19,0,18,102,0.3123,111.7,0.0299
450203,"Morton, Charlie",2025,181.2098,483,0.3752,0.3458,50,12,74,22,2,20,116,0.3147,119.2,0.0294
453178,"Kennedy, Ian",2022,72.7402,186,0.3911,0.3753,16,1,28,9,1,10,38,0.3104,126.0,0.0158
453268,"Bard, Daniel",2022,36.7297,166,0.2213,0.246,15,3,17,5,0,2,53,0.3104,71.3,-0.0247
453268,"Bard, Daniel",2023,55.3297,157,0.3524,0.3802,33,4,14,6,1,5,34,0.3204,110.0,-0.0278
453286,"Scherzer, Max",2022,96.2023,415,0.2318,0.2408,20,9,47,16,0,7,129,0.3104,74.7,-0.009
453286,"Scherzer, Max",2023,161.5107,499,0.3237,0.2906,36,4,67,16,0,25,139,0.3204,101.0,0.0331
453286,"Scherzer, Max",2024,53.6016,156,0.3436,0.3162,9,1,20,10,0,7,31,0.3123,110.0,0.0274
453286,"Scherzer, Max",2025,99.2731,273,0.3636,0.3455,17,1,30,16,0,17,61,0.3147,115.5,0.0181
453343,"Melancon, Mark",2022,61.5489,183,0.3363,0.345,15,1,36,7,0,5,27,0.3104,108.3,-0.0087
455119,"Martin, Chris",2022,48.1174,169,0.2847,0.2505,3,1,26,7,1,5,57,0.3104,91.7,0.0342
455119,"Martin, Chris",2023,38.0933,147,0.2591,0.288,4,0,29,5,0,2,33,0.3204,80.9,-0.0289
455119,"Martin, Chris",2024,44.9711,127,0.3541,0.3153,1,3,31,3,0,5,34,0.3123,113.4,0.0388
455119,"Martin, Chris",2025,25.5279,117,0.2182,0.2839,1,1,23,2,0,1,32,0.3147,69.3,-0.0657
456034,"Price, David",2022,39.0108,127,0.3072,0.2876,5,0,21,8,0,3,31,0.3104,99.0,0.0196
456501,"Cueto, Johnny",2022,164.6381,513,0.3209,0.317,22,5,85,30,2,13,81,0.3104,103.4,0.0039
456501,"Cueto, Johnny",2023,83.296,217,0.3839,0.3453,15,3,28,6,0,17,39,0.3204,119.8,0.0386
456713,"Bush, Matt",2022,38.8558,153,0.254,0.2372,12,2,17,1,0,6,52,0.3104,81.8,0.0168
458677,"Wilson, Justin",2024,58.4717,163,0.3587,0.3124,10,1,30,7,0,7,39,0.3123,114.9,0.0463
458677,"Wilson, Justin",2025,36.612,134,0.2732,0.28,13,1,23,5,0,1,39,0.3147,86.8,-0.0068
458681,"Lynn, Lance",2022,125.3585,389,0.3223,0.2984,13,7,64,18,0,14,92,0.3104,103.8,0.0239
458681,"Lynn, Lance",2023,236.3617,626,0.3776,0.3415,52,6,94,23,3,36,141,0.3204,117.9,0.0361
458681,"Lynn, Lance",2024,100.605,328,0.3067,0.3435,28,3,44,14,1,10,72,0.3123,98.2,-0.0368
459429,"McGee, Jake",2022,51.7808,136,0.3807,0.3469,9,0,20,8,2,6,21,0.3104,122.6,0.0338
468504,"Chacín, Jhoulys",2022,71.4971,187,0.3823,0.3405,20,2,25,15,1,6,30,0.3104,123.2,0.0418
471911,"Carrasco, Carlos",2022,159.9258,497,0.3218,0.3147,33,6,82,26,0,13,115,0.3104,103.7,0.0071
471911,"Carrasco, Carlos",2023,139.6933,356,0.3924,0.391,30,6,57,21,2,16,57,0.3204,122.5,0.0014
471911,"Carrasco, Carlos",2024,117.5551,311,0.378,0.3234,22,3,41,19,3,15,68,0.3123,121.0,0.0546
471911,"Carrasco, Carlos",2025,56.7363,137,0.4141,0.3763,11,0,22,9,0,8,26,0.3147,131.6,0.0378
472610,"García, Luis",2022,50.5372,171,0.2955,0.2694,11,4,31,6,0,3,43,0.3104,95.2,0.0261
472610,"García, Luis",2023,60.0533,188,0.3194,0.3119,14,5,35,6,1,4,37,0.3204,99.7,0.0075
472610,"García, Luis",2024,58.171,185,0.3144,0.2974,10,3,29,12,0,4,37,0.3123,100.7,0.017
472610,"García, Luis",2025,50.907,174,0.2926,0.3328,17,0,28,8,1,2,39,0.3147,93.0,-0.0402
475479,"Phelps, David",2022,57.7551,200,0.2888,0.3188,21,3,32,6,2,2,43,0.3104,93.0,-0.03
476595,"Luetge, Lucas",2022,57.9989,190,0.3053,0.279,13,4,33,8,1,3,45,0.3104,98.4,0.0263
477132,"Kershaw, Clayton",2022,94.5491,393,0.2406,0.248,21,1,48,12,0,10,112,0.3104,77.5,-0.0074
477132,"Kershaw, Clayton",2023,124.1441,432,0.2874,0.2972,30,3,50,18,0,16,112,0.3204,89.7,-0.0098
477132,"Kershaw, Clayton",2024,34.252,104,0.3293,0.3273,7,2,20,4,1,2,18,0.3123,105.4,0.002
477132,"Kershaw, Clayton",2025,79.1184,281,0.2816,0.3153,19,1,44,14,1,4,50,0.3147,89.5,-0.0337
489119,"Miley, Wade",2022,32.706,122,0.2681,0.291,8,1,15,4,1,3,25,0.3104,86.4,-0.0229
489119,"Miley, Wade",2023,118.021,413,0.2858,0.3216,31,3,54,16,0,13,70,0.3204,89.2,-0.0358
489334,"Stammen, Craig",2022,48.1603,141,0.3416,0.3108,10,1,24,3,0,7,28,0.3104,110.1,0.0308
489446,"Yates, Kirby",2023,50.2259,185,0.2715,0.3239,29,3,14,4,0,6,58,0.3204,84.7,-0.0524
489446,"Yates, Kirby",2024,26.0648,143,0.1823,0.2153,17,0,10,4,0,1,50,0.3123,58.4,-0.033
489446,"Yates, Kirby",2025,50.7417,135,0.3759,0.3195,14,1,10,12,0,7,38,0.3147,119.4,0.0564
493603,"Ottavino, Adam",2022,44.9009,182,0.2467,0.2151,8,3,29,4,2,2,60,0.3104,79.5,0.0316
493603,"Ottavino, Adam",2023,52.1754,186,0.2805,0.2767,20,5,24,4,0,5,50,0.3204,87.5,0.0038
493603,"Ottavino, Adam",2024,43.0088,166,0.2591,0.2445,17,4,21,6,0,2,51,0.3123,83.0,0.0146
500779,"Quintana, Jose",2022,140.7791,464,0.3034,0.3138,29,1,74,30,0,8,100,0.3104,97.7,-0.0104
500779,"Quintana, Jose",2023,76.3361,263,0.2903,0.316,19,1,44,9,2,5,53,0.3204,90.6,-0.0257
500779,"Quintana, Jose",2024,205.7197,640,0.3214,0.3258,59,10,88,25,3,21,121,0.3123,102.9,-0.0044
500779,"Quintana, Jose",2025,140.6078,430,0.327,0.3676,36,5,67,12,0,18,69,0.3147,103.9,-0.0406
501381,"Pineda, Michael",2022,62.3336,156,0.3996,0.3521,8,0,26,7,2,9,22,0.3104,128.7,0.0475
501985,"Minor, Mike",2022,165.693,409,0.4051,0.3278,31,6,65,23,0,23,69,0.3104,130.5,0.0773
502042,"Archer, Chris",2022,76.0612,250,0.3042,0.3292,31,2,25,15,0,6,49,0.3104,98.0,-0.025
502043,"Gibson, Kyle",2022,194.5473,564,0.3449,0.3281,36,5,97,24,2,21,111,0.3104,111.1,0.0168
502043,"Gibson, Kyle",2023,201.4004,618,0.3259,0.329,45,3,94,32,3,19,123,0.3204,101.7,-0.0031
502043,"Gibson, Kyle",2024,203.2687,620,0.3279,0.3363,57,4,88,25,3,22,134,0.3123,105.0,-0.0084
502085,"Robertson, David",2022,43.8236,163,0.2689,0.2804,20,2,12,6,0,5,50,0.3104,86.6,-0.0115
502085,"Robertson, David",2023,50.3183,189,0.2662,0.2772,19,2,25,6,1,3,60,0.3204,83.1,-0.011
502085,"Robertson, David",2024,47.2927,183,0.2584,0.292,17,4,25,3,0,4,59,0.3123,82.7,-0.0336
502171,"Cobb, Alex",2022,151.0641,510,0.2962,0.2796,38,3,94,19,0,9,127,0.3104,95.4,0.0166
502171,"Cobb, Alex",2023,153.4183,496,0.3093,0.3187,28,5,86,24,3,10,109,0.3204,96.5,-0.0094
502179,"Espino, Paolo",2022,137.5721,368,0.3738,0.3395,16,2,63,18,1,19,59,0.3104,120.4,0.0343
502202,"Boxberger, Brad",2022,53.2402,198,0.2689,0.2848,19,2,26,4,2,4,51,0.3104,86.6,-0.0159
502624,"Anderson, Chase",2023,99.7662,270,0.3695,0.3496,25,5,40,10,2,13,47,0.3204,115.3,0.0199
502624,"Anderson, Chase",2024,63.5907,205,0.3102,0.3029,16,2,25,9,0,8,34,0.3123,99.3,0.0073
503449,"Peralta, Wily",2022,40.2315,129,0.3119,0.316,18,1,22,6,0,1,23,0.3104,100.5,-0.0041
506433,"Darvish, Yu",2022,165.361,618,0.2676,0.2956,26,10,87,19,0,18,151,0.3104,86.2,-0.028
506433,"Darvish, Yu",2023,146.0112,453,0.3223,0.3012,33,6,71,19,1,15,113,0.3204,100.6,0.0211
506433,"Darvish, Yu",2024,66.8649,205,0.3262,0.31,12,3,26,7,1,10,50,0.3123,104.5,0.0162
506433,"Darvish, Yu",2025,63.8277,215,0.2969,0.286,13,6,26,10,0,7,49,0.3147,94.3,0.0109
517008,"Colomé, Alex",2022,66.596,157,0.4242,0.3784,14,0,29,13,2,5,27,0.3104,136.7,0.0458
518397,"Alexander, Scott",2023,46.4179,152,0.3054,0.311,7,1,29,8,1,2,23,0.3204,95.3,-0.0056
518397,"Alexander, Scott",2024,28.7801,112,0.257,0.3061,7,2,14,5,0,2,24,0.3123,82.3,-0.0491
518489,"Brasier, Ryan",2022,67.477,193,0.3496,0.3128,8,0,31,14,0,7,50,0.3104,112.6,0.0368
518489,"Brasier, Ryan",2023,50.8435,176,0.2889,0.3038,15,3,25,9,0,3,40,0.3204,90.2,-0.0149
518516,"Bumgarner, Madison",2022,191.4282,511,0.3746,0.3541,37,7,73,37,3,19,84,0.3104,120.7,0.0205
518553,"Cishek, Steve",2022,63.2777,215,0.2943,0.3235,21,9,24,2,0,9,60,0.3104,94.8,-0.0292
518585,"Cruz, Fernando",2023,58.6161,215,0.2726,0.2779,25,2,22,10,2,3,76,0.3204,85.1,-0.0053
518585,"Cruz, Fernando",2024,68.6864,215,0.3195,0.317,23,1,23,12,1,7,78,0.3123,102.3,0.0025
518585,"Cruz, Fernando",2025,48.3742,166,0.2914,0.2965,18,3,17,7,0,5,61,0.3147,92.6,-0.0051
518617,"Diekman, Jake",2022,58.6946,190,0.3089,0.3032,31,4,21,4,0,6,59,0.3104,99.5,0.0057
518617,"Diekman, Jake",2023,47.7933,183,0.2612,0.2894,29,1,22,4,1,2,51,0.3204,81.5,-0.0282
518876,"Kelly, Merrill",2022,200.2598,715,0.2801,0.2853,50,2,90,35,2,17,156,0.3104,90.2,-0.0052
518876,"Kelly, Merrill",2023,144.0502,543,0.2653,0.2954,48,3,68,18,1,13,147,0.3204,82.8,-0.0301
518876,"Kelly, Merrill",2024,62.9908,184,0.3423,0.3455,12,1,27,10,1,7,40,0.3123,109.6,-0.0032
518876,"Kelly, Merrill",2025,168.3436,510,0.3301,0.3327,36,1,68,29,2,19,117,0.3147,104.9,-0.0026
518886,"Kimbrel, Craig",2022,59.4716,191,0.3114,0.2918,17,3,26,12,1,3,54,0.3104,100.3,0.0196
518886,"Kimbrel, Craig",2023,50.8439,197,0.2581,0.2769,23,2,18,5,0,6,68,0.3204,80.6,-0.0188
518886,"Kimbrel, Craig",2024,49.7279,177,0.2809,0.3011,21,4,20,3,1,5,60,0.3123,89.9,-0.0202
519008,"McFarland, T.J.",2022,41.554,103,0.4034,0.3791,8,1,24,5,1,3,12,0.3104,130.0,0.0243
519008,"McFarland, T.J.",2024,53.7888,179,0.3005,0.2805,10,2,31,8,0,4,30,0.3123,96.2,0.02
519043,"Moore, Matt",2022,50.4532,191,0.2642,0.2805,24,0,22,5,2,3,49,0.3104,85.1,-0.0163
519043,"Moore, Matt",2023,44.5456,148,0.301,0.2618,8,1,14,10,1,5,46,0.3204,93.9,0.0392
519043,"Moore, Matt",2024,55.3454,153,0.3617,0.3042,16,2,20,6,0,8,33,0.3123,115.8,0.0575
519141,"Pomeranz, Drew",2025,42.9659,145,0.2963,0.3188,9,3,25,2,0,5,37,0.3147,94.2,-0.0225
519151,"Pressly, Ryan",2022,31.5297,120,0.2627,0.2685,9,0,17,2,1,3,41,0.3104,84.6,-0.0058
519151,"Pressly, Ryan",2023,56.2512,196,0.287,0.2868,11,1,28,7,1,6,54,0.3204,89.6,0.0002
519151,"Pressly, Ryan",2024,52.3786,173,0.3028,0.316,13,2,27,10,0,3,40,0.3123,97.0,-0.0132
519151,"Pressly, Ryan",2025,46.3698,126,0.368,0.3536,11,0,25,5,0,5,14,0.3147,116.9,0.0144
519242,"Sale, Chris",2023,101.5145,311,0.3264,0.2936,21,6,31,18,2,13,88,0.3204,101.9,0.0328
519242,"Sale, Chris",2024,123.6836,450,0.2749,0.2653,29,4,67,22,2,6,139,0.3123,88.0,0.0096
519242,"Sale, Chris",2025,110.6833,388,0.2853,0.2814,24,10,59,10,3,9,120,0.3147,90.7,0.0039
519293,"Smith, Will",2022,67.0586,185,0.3625,0.2923,15,2,23,11,0,9,46,0.3104,116.8,0.0702
519293,"Smith, Will",2023,45.7773,169,0.2709,0.2952,11,0,22,7,1,4,42,0.3204,84.6,-0.0243
519293,"Smith, Will",2024,59.6246,166,0.3592,0.3527,10,3,25,10,0,7,26,0.3123,115.0,0.0065
519326,"Strickland, Hunter",2022,77.0949,224,0.3442,0.3256,28,4,29,16,1,4,52,0.3104,110.9,0.0186
519326,"Strickland, Hunter",2024,67.2142,205,0.3279,0.2971,15,1,24,10,1,9,40,0.3123,105.0,0.0308
521230,"Hendriks, Liam",2022,44.8179,170,0.2636,0.2447,12,2,23,4,1,4,63,0.3104,84.9,0.0189
523260,"Kelly, Joe",2022,36.7275,123,0.2986,0.2525,20,1,13,8,0,1,44,0.3104,96.2,0.0461
523260,"Kelly, Joe",2023,35.6132,130,0.2739,0.2769,15,2,15,3,1,3,44,0.3204,85.5,-0.003
523260,"Kelly, Joe",2024,34.2765,101,0.3394,0.3516,10,3,18,3,0,3,26,0.3123,108.7,-0.0122
527048,"Pérez, Martín",2022,174.0574,633,0.275,0.2895,54,4,99,29,0,7,134,0.3104,88.6,-0.0145
527048,"Pérez, Martín",2023,144.5161,451,0.3204,0.3289,37,4,67,16,1,17,71,0.3204,100.0,-0.0085
527048,"Pérez, Martín",2024,136.121,368,0.3699,0.3512,29,4,66,16,0,16,77,0.3123,118.4,0.0187
527048,"Pérez, Martín",2025,63.501,225,0.2822,0.3607,22,2,23,10,1,6,44,0.3147,89.7,-0.0785
527054,"Teheran, Julio",2023,56.1876,184,0.3054,0.33,10,3,19,7,2,8,28,0.3204,95.3,-0.0246
528748,"Castellanos, Humberto",2022,59.0332,169,0.3493,0.3361,10,3,28,8,1,6,27,0.3104,112.5,0.0132
541640,"Ramírez, Erasmo",2022,86.1,284,0.3032,0.2919,11,5,49,10,1,8,49,0.3104,97.7,0.0113
541640,"Ramírez, Erasmo",2023,84.3593,215,0.3924,0.3581,12,3,43,10,1,10,35,0.3204,122.5,0.0343
542585,"Cisnero, José",2023,52.9452,174,0.3043,0.3025,14,3,28,2,0,7,53,0.3204,95.0,0.0018
542881,"Anderson, Tyler",2022,160.496,569,0.2821,0.2739,29,8,78,27,6,10,112,0.3104,90.9,0.0082
542881,"Anderson, Tyler",2023,154.1969,458,0.3367,0.3312,43,5,58,26,2,16,85,0.3204,105.1,0.0055
542881,"Anderson, Tyler",2024,188.6427,591,0.3192,0.3288,58,7,86,21,3,18,112,0.3123,102.2,-0.0096
542881,"Anderson, Tyler",2025,173.4242,500,0.3468,0.3557,45,3,61,25,2,23,89,0.3147,110.2,-0.0089
542888,"Armstrong, Shawn",2022,57.4453,198,0.2901,0.254,10,3,28,10,0,5,50,0.3104,93.5,0.0361
542888,"Armstrong, Shawn",2023,36.32,146,0.2488,0.2712,7,3,17,7,1,2,41,0.3204,77.7,-0.0224
542888,"Armstrong, Shawn",2024,89.8788,233,0.3857,0.3742,20,2,44,16,2,6,50,0.3123,123.5,0.0115
542888,"Armstrong, Shawn",2025,43.2065,185,0.2335,0.2906,15,6,16,6,1,3,47,0.3147,74.2,-0.0571
542914,"Bass, Anthony",2022,50.0061,197,0.2538,0.271,13,0,22,7,1,5,55,0.3104,81.8,-0.0172
542947,"Bleier, Richard",2022,59.2828,174,0.3407,0.2989,6,0,31,18,0,2,22,0.3104,109.8,0.0418
542947,"Bleier, Richard",2023,39.4681,102,0.3869,0.3558,3,2,24,5,0,4,11,0.3204,120.8,0.0311
543037,"Cole, Gerrit",2022,175.525,602,0.2916,0.284,41,1,67,22,1,25,190,0.3104,93.9,0.0076
543037,"Cole, Gerrit",2023,119.8811,496,0.2417,0.2788,27,5,65,15,0,11,133,0.3204,75.4,-0.0371
543037,"Cole, Gerrit",2024,73.0179,275,0.2655,0.2746,19,5,39,7,1,6,75,0.3123,85.0,-0.0091
543056,"Coulombe, Danny",2023,47.6695,174,0.274,0.2743,9,2,31,6,0,3,51,0.3204,85.5,-0.0003
543056,"Coulombe, Danny",2025,30.4036,115,0.2644,0.3269,10,0,19,1,0,3,28,0.3147,84.0,-0.0625
543101,"DeSclafani, Anthony",2023,120.9803,342,0.3537,0.356,19,4,53,22,1,13,64,0.3204,110.4,-0.0023
543101,"DeSclafani, Anthony",2025,60.7575,151,0.4024,0.339,9,4,18,8,0,11,33,0.3147,127.9,0.0634
543135,"Eovaldi, Nathan",2022,106.5144,284,0.3751,0.3385,11,0,50,15,0,15,60,0.3104,120.8,0.0366
543135,"Eovaldi, Nathan",2023,167.7254,551,0.3044,0.3118,43,6,68,27,5,15,126,0.3204,95.0,-0.0074
543135,"Eovaldi, Nathan",2024,152.1039,535,0.2843,0.2884,31,2,69,21,1,18,137,0.3123,91.0,-0.0041
543135,"Eovaldi, Nathan",2025,73.9913,372,0.1989,0.2565,17,3,44,12,1,3,106,0.3147,63.2,-0.0576
543243,"Gray, Sonny",2022,118.0722,400,0.2952,0.3019,29,5,61,12,3,10,94,0.3104,95.1,-0.0067
543243,"Gray, Sonny",2023,129.7796,513,0.253,0.2937,42,4,76,19,1,5,118,0.3204,79.0,-0.0407
543243,"Gray, Sonny",2024,169.1717,561,0.3016,0.2938,32,3,69,25,4,20,178,0.3123,96.6,0.0078
543243,"Gray, Sonny",2025,173.3875,558,0.3107,0.3167,30,2,89,22,2,19,147,0.3147,98.7,-0.006
543272,"Hand, Brad",2022,44.6814,154,0.2901,0.3058,15,3,21,7,1,2,31,0.3104,93.5,-0.0157
543272,"Hand, Brad",2023,70.2582,190,0.3698,0.3391,17,4,27,13,3,5,50,0.3204,115.4,0.0307
543294,"Hendricks, Kyle",2022,109.6661,289,0.3795,0.3534,21,3,40,15,2,15,56,0.3104,122.3,0.0261
543294,"Hendricks, Kyle",2023,133.5528,432,0.3092,0.3081,18,3,63,26,1,13,72,0.3204,96.5,0.0011
543294,"Hendricks, Kyle",2024,133.427,401,0.3327,0.339,29,2,83,10,0,13,59,0.3123,106.5,-0.0063
543294,"Hendricks, Kyle",2025,183.5381,547,0.3355,0.3098,36,5,79,28,2,21,88,0.3147,106.6,0.0257
543339,"Hudson, Daniel",2024,49.323,178,0.2771,0.2938,14,1,19,4,1,7,48,0.3123,88.7,-0.0167
543475,"Lyles, Jordan",2022,178.9506,556,0.3219,0.3368,38,5,77,27,1,20,113,0.3104,103.7,-0.0149
543475,"Lyles, Jordan",2023,210.819,588,0.3585,0.3404,38,5,66,38,2,31,94,0.3204,111.9,0.0181
543507,"May, Trevor",2023,40.5784,130,0.3121,0.3524,16,2,17,5,1,3,27,0.3204,97.4,-0.0403
543518,"McGough, Scott",2023,70.6737,215,0.3287,0.3098,22,2,21,11,0,10,60,0.3204,102.6,0.0189
543518,"McGough, Scott",2024,47.4797,117,0.4058,0.355,18,1,13,7,2,5,20,0.3123,129.9,0.0508
543521,"McHugh, Collin",2022,46.7132,197,0.2371,0.272,12,4,26,4,0,4,57,0.3104,76.4,-0.0349
543521,"McHugh, Collin",2023,69.4066,217,0.3198,0.3363,18,2,46,9,0,3,38,0.3204,99.8,-0.0165
543606,"Odorizzi, Jake",2022,124.6755,385,0.3238,0.3137,26,2,64,13,1,14,77,0.3104,104.3,0.0101
543766,"Shaw, Bryan",2022,76.4107,205,0.3727,0.338,22,3,35,9,0,8,40,0.3104,120.1,0.0347
543766,"Shaw, Bryan",2023,40.4929,141,0.2872,0.3094,13,5,19,5,0,3,33,0.3204,89.6,-0.0222
543859,"Tonkin, Michael",2023,73.9747,256,0.289,0.3089,17,2,36,5,1,10,60,0.3204,90.2,-0.0199
543859,"Tonkin, Michael",2024,61.3274,238,0.2577,0.3119,22,3,31,8,0,4,61,0.3123,82.5,-0.0542
544150,"Suárez, Albert",2024,170.3252,530,0.3214,0.3113,40,3,72,32,1,16,102,0.3123,102.9,0.0101
544365,"Bañuelos, Manny",2022,35.8528,104,0.3447,0.3422,16,3,13,5,1,2,27,0.3104,111.1,0.0025
544727,"Familia, Jeurys",2022,57.8773,141,0.4105,0.3513,12,2,29,8,1,5,26,0.3104,132.2,0.0592
547179,"Lorenzen, Michael",2022,106.3972,320,0.3325,0.3228,38,4,43,15,0,10,59,0.3104,107.1,0.0097
547179,"Lorenzen, Michael",2023,134.9565,454,0.2973,0.3206,38,2,65,21,0,12,76,0.3204,92.8,-0.0233
547179,"Lorenzen, Michael",2024,100.3919,361,0.2781,0.3265,36,5,44,9,0,11,58,0.3123,89.0,-0.0484
547179,"Lorenzen, Michael",2025,172.9259,464,0.3727,0.3554,32,3,68,25,4,22,90,0.3147,118.4,0.0173
547184,"Kelly, Michael",2024,30.6989,105,0.2924,0.3108,8,3,17,1,2,2,16,0.3123,93.6,-0.0184
547184,"Kelly, Michael",2025,26.4347,101,0.2617,0.2994,7,1,12,5,0,2,22,0.3147,83.2,-0.0377
547943,"Ryu, Hyun Jin",2023,62.7444,181,0.3467,0.3015,13,1,23,10,0,9,30,0.3204,108.2,0.0452
547973,"Chapman, Aroldis",2022,34.5399,110,0.314,0.3388,20,1,11,4,0,3,29,0.3104,101.2,-0.0248
547973,"Chapman, Aroldis",2023,48.5056,191,0.254,0.2615,28,0,22,5,0,3,79,0.3204,79.3,-0.0075
547973,"Chapman, Aroldis",2024,49.1352,189,0.26,0.2441,26,0,23,6,1,2,75,0.3123,83.3,0.0159
547973,"Chapman, Aroldis",2025,17.0111,115,0.1479,0.2182,6,0,10,2,0,1,47,0.3147,47.0,-0.0703
548384,"Raley, Brooks",2022,34.4509,127,0.2713,0.2661,9,2,17,5,1,2,37,0.3104,87.4,0.0052
548384,"Raley, Brooks",2023,52.4938,188,0.2792,0.2838,20,6,20,8,0,4,56,0.3204,87.1,-0.0046
548389,"Stripling, Ross",2022,114.1722,437,0.2613,0.2893,16,2,61,20,0,10,94,0.3104,84.2,-0.028
548389,"Stripling, Ross",2023,115.6936,321,0.3604,0.3572,14,0,62,13,1,15,57,0.3204,112.5,0.0032
548389,"Stripling, Ross",2024,96.1586,283,0.3398,0.3428,14,1,54,22,0,5,33,0.3123,108.8,-0.003
552640,"Kittredge, Andrew",2024,66.4944,208,0.3197,0.3162,14,0,27,8,0,10,45,0.3123,102.4,0.0035
552640,"Kittredge, Andrew",2025,46.0476,153,0.301,0.2746,7,0,17,5,2,7,47,0.3147,95.6,0.0264
554340,"García, Yimi",2022,32.4545,146,0.2223,0.2517,10,3,14,4,0,3,39,0.3104,71.6,-0.0294
554340,"García, Yimi",2023,60.7197,186,0.3264,0.2957,9,2,33,9,0,6,53,0.3204,101.9,0.0307
554340,"García, Yimi",2024,30.9571,108,0.2866,0.2746,5,2,9,5,0,5,34,0.3123,91.8,0.012
554430,"Wheeler, Zack",2022,130.0388,455,0.2858,0.2864,26,5,65,15,5,11,119,0.3104,92.1,-0.0006
554430,"Wheeler, Zack",2023,165.8432,581,0.2854,0.2818,24,7,95,28,2,11,156,0.3204,89.1,0.0036
554430,"Wheeler, Zack",2024,166.2964,640,0.2598,0.2529,38,7,69,24,4,17,185,0.3123,83.2,0.0069
554430,"Wheeler, Zack",2025,132.5283,492,0.2694,0.2502,28,7,56,18,2,15,161,0.3147,85.6,0.0192
554431,"Matzek, Tyler",2022,36.3105,141,0.2575,0.306,24,1,10,6,0,2,26,0.3104,83.0,-0.0485
570257,"Rodríguez, Joely",2022,44.1091,169,0.261,0.2726,18,1,25,7,0,1,47,0.3104,84.1,-0.0116
570632,"Ureña, José",2022,124.1882,362,0.3431,0.333,35,1,68,16,1,9,54,0.3104,110.5,0.0101
570632,"Ureña, José",2023,57.7296,137,0.4214,0.357,13,1,20,4,3,9,24,0.3204,131.5,0.0644
570632,"Ureña, José",2024,93.3721,321,0.2909,0.3134,29,3,49,7,1,9,51,0.3123,93.1,-0.0225
570632,"Ureña, José",2025,68.0643,194,0.3508,0.4092,17,3,25,12,1,7,29,0.3147,111.5,-0.0584
570666,"Cessa, Luis",2022,95.1706,289,0.3293,0.3154,24,2,39,8,2,13,52,0.3104,106.1,0.0139
570666,"Cessa, Luis",2023,58.5347,130,0.4503,0.4368,12,1,30,11,2,3,11,0.3204,140.5,0.0135
571479,"Bellatti, Andrew",2022,44.0851,161,0.2738,0.2626,15,1,19,10,0,2,55,0.3104,88.2,0.0112
571510,"Boyd, Matthew",2023,95.1886,281,0.3387,0.3191,22,2,41,15,0,11,70,0.3204,105.7,0.0196
571510,"Boyd, Matthew",2024,30.3958,124,0.2451,0.2402,6,2,15,6,0,2,39,0.3123,78.5,0.0049
571510,"Boyd, Matthew",2025,103.0477,379,0.2719,0.3069,24,3,47,14,1,11,100,0.3147,86.4,-0.035
571539,"Carasiti, Matt",2023,33.3183,104,0.3204,0.3297,10,1,20,4,0,2,15,0.3204,100.0,-0.0093
571578,"Corbin, Patrick",2022,192.4781,468,0.4113,0.3817,29,5,100,21,4,21,88,0.3104,132.5,0.0296
571578,"Corbin, Patrick",2023,162.1583,415,0.3907,0.4008,33,4,78,15,1,22,64,0.3204,121.9,-0.0101
571578,"Corbin, Patrick",2024,204.2643,538,0.3797,0.3553,37,2,88,33,6,21,96,0.3123,121.6,0.0244
571578,"Corbin, Patrick",2025,151.6043,494,0.3069,0.3321,36,2,76,20,1,15,100,0.3147,97.5,-0.0252
571656,"Farmer, Buck",2022,48.9233,164,0.2983,0.3003,20,1,23,9,0,2,42,0.3104,96.1,-0.002
571656,"Farmer, Buck",2023,68.7344,217,0.3167,0.3316,24,4,20,12,0,8,48,0.3204,98.8,-0.0149
571656,"Farmer, Buck",2024,75.2911,244,0.3086,0.3197,19,6,25,15,1,7,60,0.3123,98.8,-0.0111
571670,"Floro, Dylan",2022,32.6235,138,0.2364,0.2727,9,0,18,4,1,2,31,0.3104,76.2,-0.0363
571670,"Floro, Dylan",2023,58.0112,170,0.3412,0.2824,8,0,43,8,1,2,40,0.3204,106.5,0.0588
571670,"Floro, Dylan",2024,55.2544,193,0.2863,0.3318,14,1,34,6,0,4,31,0.3123,91.7,-0.0455
571710,"Givens, Mychal",2022,60.9884,175,0.3485,0.315,13,4,25,9,0,7,44,0.3104,112.3,0.0335
571760,"Heaney, Andrew",2022,97.3926,289,0.337,0.2918,18,9,28,15,1,14,102,0.3104,108.6,0.0452
571760,"Heaney, Andrew",2023,204.523,602,0.3397,0.3284,57,10,81,30,2,22,137,0.3204,106.0,0.0113
571760,"Heaney, Andrew",2024,202.9608,619,0.3279,0.3275,36,10,100,28,1,21,144,0.3123,105.0,0.0004
571760,"Heaney, Andrew",2025,165.7504,426,0.3891,0.382,33,8,59,28,0,22,63,0.3147,123.6,0.0071
571800,"Hutchison, Drew",2022,141.4568,397,0.3563,0.3518,35,2,72,17,2,13,60,0.3104,114.8,0.0045
571863,"Koch, Matt",2023,34.4761,104,0.3315,0.3355,5,1,19,4,0,4,15,0.3204,103.5,-0.004
571882,"Law, Derek",2023,56.7558,188,0.3019,0.3486,21,2,33,5,1,3,33,0.3204,94.2,-0.0467
571882,"Law, Derek",2024,64.4693,228,0.2828,0.3072,14,0,39,7,1,5,47,0.3123,90.6,-0.0244
571901,"Loup, Aaron",2022,45.7631,153,0.2991,0.3238,14,5,19,8,0,3,33,0.3104,96.4,-0.0247
571901,"Loup, Aaron",2023,70.4986,186,0.379,0.3372,16,2,35,12,0,6,31,0.3204,118.3,0.0418
571927,"Matz, Steven",2022,60.4202,181,0.3338,0.2991,8,2,28,8,0,8,47,0.3104,107.5,0.0347
571927,"Matz, Steven",2023,107.7906,327,0.3296,0.3088,25,3,50,21,1,8,74,0.3204,102.9,0.0208
571927,"Matz, Steven",2024,48.5122,144,0.3369,0.3377,11,1,28,6,0,4,22,0.3123,107.9,-0.0008
571927,"Matz, Steven",2025,71.4579,246,0.2905,0.2875,8,1,37,11,3,6,49,0.3147,92.3,0.003
571945,"Mikolas, Miles",2022,180.7788,621,0.2911,0.312,32,3,90,24,1,20,115,0.3104,93.8,-0.0209
571945,"Mikolas, Miles",2023,226.5955,661,0.3428,0.3547,33,8,119,39,1,20,107,0.3204,107.0,-0.0119
571945,"Mikolas, Miles",2024,208.534,561,0.3717,0.332,15,4,87,46,4,22,95,0.3123,119.0,0.0397
571945,"Mikolas, Miles",2025,169.2923,468,0.3617,0.3623,25,2,66,27,4,22,78,0.3147,114.9,-0.0006
571946,"Miller, Shelby",2023,28.1199,122,0.2305,0.3034,13,2,8,4,0,3,30,0.3204,71.9,-0.0729
571946,"Miller, Shelby",2024,43.8086,143,0.3064,0.3094,5,3,19,6,0,6,31,0.3123,98.1,-0.003
571946,"Miller, Shelby",2025,32.4017,139,0.2331,0.27,10,2,15,4,0,3,41,0.3147,74.1,-0.0369
571948,"Milner, Hoby",2022,59.2106,194,0.3052,0.2776,12,4,29,13,0,3,48,0.3104,98.3,0.0276
571948,"Milner, Hoby",2023,42.0704,181,0.2324,0.2405,8,1,28,5,1,2,43,0.3204,72.5,-0.0081
571948,"Milner, Hoby",2024,61.9038,192,0.3224,0.2949,9,1,34,8,1,6,48,0.3123,103.2,0.0275
571948,"Milner, Hoby",2025,52.1208,196,0.2659,0.2997,12,2,27,8,3,2,43,0.3147,84.5,-0.0338
572020,"Paxton, James",2023,116.9375,353,0.3313,0.2982,30,2,47,15,0,16,87,0.3204,103.4,0.0331
572020,"Paxton, James",2024,96.2198,306,0.3144,0.3275,36,0,45,10,1,9,53,0.3123,100.7,-0.0131
572070,"Richards, Garrett",2022,53.2895,159,0.3352,0.3239,11,3,25,12,0,3,33,0.3104,108.0,0.0113
572143,"Smith, Burch",2024,59.1984,176,0.3364,0.3283,10,1,29,10,0,6,33,0.3123,107.7,0.0081
572193,"Tepera, Ryan",2022,39.0972,146,0.2678,0.2802,9,2,11,6,0,6,33,0.3104,86.3,-0.0124
572403,"VerHagen, Drew",2023,78.6863,235,0.3348,0.3234,20,9,31,12,0,8,50,0.3204,104.5,0.0114
572955,"Johnson, Pierce",2023,67.8692,205,0.3311,0.2883,20,0,26,13,0,7,73,0.3204,103.3,0.0428
572955,"Johnson, Pierce",2024,60.3048,192,0.3141,0.3153,20,2,27,6,1,6,53,0.3123,100.6,-0.0012
572955,"Johnson, Pierce",2025,49.9806,166,0.3011,0.2865,14,0,25,5,1,5,42,0.3147,95.7,0.0146
572971,"Keuchel, Dallas",2022,122.6801,274,0.4477,0.3646,26,0,56,20,3,11,41,0.3104,144.2,0.0831
572971,"Keuchel, Dallas",2023,46.1147,114,0.4045,0.3719,15,2,22,10,1,1,17,0.3204,126.2,0.0326
573009,"Mantiply, Joe",2022,50.704,183,0.2771,0.2742,3,2,37,5,0,4,46,0.3104,89.3,0.0029
573009,"Mantiply, Joe",2023,41.4407,139,0.2981,0.2867,7,0,14,9,2,4,26,0.3204,93.0,0.0114
573009,"Mantiply, Joe",2024,36.6484,143,0.2563,0.2686,6,0,17,10,3,0,31,0.3123,82.1,-0.0123
573124,"Rogers, Taylor",2022,57.6885,168,0.3434,0.3265,12,7,18,9,2,6,53,0.3104,110.6,0.0169
573124,"Rogers, Taylor",2023,49.0405,169,0.2902,0.2954,19,1,20,5,1,5,51,0.3204,90.6,-0.0052
573124,"Rogers, Taylor",2024,56.6317,179,0.3164,0.2711,16,1,24,11,1,4,45,0.3123,101.3,0.0453
573124,"Rogers, Taylor",2025,51.5048,152,0.3388,0.346,15,2,19,8,0,6,39,0.3147,107.7,-0.0072
573186,"Stroman, Marcus",2022,124.9989,397,0.3149,0.318,22,3,65,17,0,13,80,0.3104,101.4,-0.0031
573186,"Stroman, Marcus",2023,140.1665,495,0.2832,0.315,45,2,67,26,0,9,105,0.3204,88.4,-0.0318
573186,"Stroman, Marcus",2024,182.109,545,0.3341,0.3316,49,8,82,22,3,18,99,0.3123,107.0,0.0025
573186,"Stroman, Marcus",2025,48.3679,143,0.3382,0.3694,11,2,21,8,0,5,22,0.3147,107.5,-0.0312
573204,"Thielbar, Caleb",2022,44.9663,166,0.2709,0.2678,13,0,24,4,1,4,52,0.3104,87.3,0.0031
573204,"Thielbar, Caleb",2024,60.1449,175,0.3437,0.3104,14,0,33,7,0,6,47,0.3123,110.1,0.0333
573204,"Thielbar, Caleb",2025,36.4522,164,0.2223,0.2298,6,0,17,7,1,3,44,0.3147,70.6,-0.0075
579328,"Kikuchi, Yusei",2022,136.3762,377,0.3617,0.3479,42,7,38,18,3,18,113,0.3104,116.5,0.0138
579328,"Kikuchi, Yusei",2023,134.3937,447,0.3007,0.306,27,0,67,16,0,17,121,0.3204,93.9,-0.0053
579328,"Kikuchi, Yusei",2024,189.7685,637,0.2979,0.2949,38,2,103,23,1,19,176,0.3123,95.4,0.003
579328,"Kikuchi, Yusei",2025,209.4277,626,0.3345,0.338,59,3,105,29,1,18,134,0.3147,106.3,-0.0035
592094,"Adam, Jason",2022,21.5237,110,0.1957,0.2152,4,2,13,2,1,1,32,0.3104,63.0,-0.0195
592094,"Adam, Jason",2023,30.8741,140,0.2205,0.2731,10,3,11,5,0,3,44,0.3204,68.8,-0.0526
592094,"Adam, Jason",2024,51.6396,205,0.2519,0.2878,14,3,23,6,1,5,58,0.3123,80.7,-0.0359
592094,"Adam, Jason",2025,52.7324,207,0.2547,0.2373,14,2,35,5,0,3,56,0.3147,80.9,0.0174
592155,"Booser, Cam",2024,36.3197,122,0.2977,0.2868,5,0,21,3,1,4,32,0.3123,95.3,0.0109
592155,"Booser, Cam",2025,41.8407,104,0.4023,0.3471,14,2,13,5,0,6,29,0.3147,127.8,0.0552
592229,"Covey, Dylan",2023,55.521,165,0.3365,0.3353,14,0,32,5,1,5,28,0.3204,105.0,0.0012
592332,"Gausman, Kevin",2022,151.2183,483,0.3131,0.2793,18,0,88,23,3,12,137,0.3104,100.9,0.0338
592332,"Gausman, Kevin",2023,194.2229,622,0.3123,0.3206,52,3,84,38,1,16,187,0.3204,97.5,-0.0083
592332,"Gausman, Kevin",2024,172.9126,543,0.3184,0.3337,37,2,76,30,2,17,124,0.3123,102.0,-0.0153
592332,"Gausman, Kevin",2025,135.5163,526,0.2576,0.3173,31,3,59,18,0,17,120,0.3147,81.9,-0.0597
592351,"Gray, Jon",2022,109.0476,342,0.3189,0.295,23,5,46,16,1,12,81,0.3104,102.7,0.0239
592351,"Gray, Jon",2023,165.522,534,0.31,0.3223,44,6,85,13,1,19,124,0.3204,96.8,-0.0123
592351,"Gray, Jon",2024,87.5894,294,0.2979,0.3423,20,0,53,6,2,8,57,0.3123,95.4,-0.0444
592426,"Jackson, Luke",2024,57.8675,186,0.3111,0.2953,18,2,29,7,0,5,52,0.3123,99.6,0.0158
592426,"Jackson, Luke",2025,46.2043,144,0.3209,0.3495,20,1,24,3,0,4,23,0.3147,102.0,-0.0286
592454,"Kahnle, Tommy",2023,33.3185,120,0.2777,0.2865,16,1,10,4,0,4,30,0.3204,86.7,-0.0088
592454,"Kahnle, Tommy",2024,36.287,119,0.3049,0.3021,13,1,12,6,0,4,35,0.3123,97.6,0.0028
592454,"Kahnle, Tommy",2025,57.7547,195,0.2962,0.3387,23,1,23,4,1,7,34,0.3147,94.1,-0.0425
592662,"Ray, Robbie",2022,219.6097,652,0.3368,0.3039,51,7,85,23,4,30,171,0.3104,108.5,0.0329
592662,"Ray, Robbie",2024,28.1327,107,0.2629,0.2664,12,6,7,3,0,3,39,0.3123,84.2,-0.0035
592662,"Ray, Robbie",2025,144.5309,496,0.2914,0.3017,44,3,59,29,2,10,124,0.3147,92.6,-0.0103
592716,"Sampson, Adrian",2022,116.6962,382,0.3055,0.3179,25,2,65,13,2,10,68,0.3104,98.4,-0.0124
592717,"Sanchez, Aaron",2022,81.0762,221,0.3669,0.325,10,4,48,11,0,7,31,0.3104,118.2,0.0419
592741,"Shreve, Chasen",2023,48.2168,135,0.3572,0.3167,9,1,23,5,1,6,35,0.3204,111.5,0.0405
592761,"Smith, Caleb",2022,83.0541,235,0.3534,0.3165,31,1,23,9,0,13,48,0.3104,113.9,0.0369
592767,"Smyly, Drew",2022,136.0001,423,0.3215,0.3126,25,4,57,23,1,15,87,0.3104,103.6,0.0089
592767,"Smyly, Drew",2023,192.4961,529,0.3639,0.3107,43,6,73,32,2,23,116,0.3204,113.6,0.0532
592767,"Smyly, Drew",2024,53.7935,163,0.33,0.3157,16,3,22,5,0,7,33,0.3123,105.7,0.0143
592773,"Stanek, Ryne",2022,33.5412,166,0.2021,0.2363,20,0,18,5,0,0,52,0.3104,65.1,-0.0342
592773,"Stanek, Ryne",2023,42.8719,146,0.2936,0.2986,13,1,19,5,0,5,35,0.3204,91.6,-0.005
592773,"Stanek, Ryne",2024,57.4263,176,0.3263,0.2858,16,3,28,5,2,5,51,0.3123,104.5,0.0405
592773,"Stanek, Ryne",2025,56.5045,186,0.3038,0.3065,20,0,27,6,1,5,46,0.3147,96.5,-0.0027
592779,"Stewart, Brock",2025,38.8522,130,0.2989,0.2757,10,4,22,4,1,2,37,0.3147,95.0,0.0232
592789,"Syndergaard, Noah",2022,116.8013,389,0.3003,0.3181,19,2,62,17,5,8,73,0.3104,96.7,-0.0178
592789,"Syndergaard, Noah",2023,108.0952,280,0.3861,0.3797,14,7,47,12,2,15,39,0.3204,120.5,0.0064
592791,"Taillon, Jameson",2022,192.2169,586,0.328,0.3166,25,4,77,37,1,23,122,0.3104,105.7,0.0114
592791,"Taillon, Jameson",2023,146.1171,449,0.3254,0.3413,29,3,69,18,1,18,101,0.3204,101.6,-0.0159
592791,"Taillon, Jameson",2024,168.912,570,0.2963,0.3069,30,1,93,20,2,17,106,0.3123,94.9,-0.0106
592791,"Taillon, Jameson",2025,138.7004,423,0.3279,0.3208,22,0,51,20,1,22,80,0.3147,104.2,0.0071
592826,"Velasquez, Vince",2022,99.1693,293,0.3385,0.3364,23,1,34,21,0,11,67,0.3104,109.1,0.0021
592826,"Velasquez, Vince",2023,36.0457,123,0.2931,0.3177,10,1,20,6,0,2,28,0.3204,91.5,-0.0246
592836,"Walker, Taijuan",2022,135.3102,441,0.3068,0.3071,29,3,71,22,1,10,91,0.3104,98.8,-0.0003
592836,"Walker, Taijuan",2023,192.4486,590,0.3262,0.3204,57,5,80,28,3,19,115,0.3204,101.8,0.0058
592836,"Walker, Taijuan",2024,122.9493,296,0.4154,0.3829,27,3,54,15,0,16,45,0.3123,133.0,0.0325
592836,"Walker, Taijuan",2025,139.2982,396,0.3518,0.327,29,2,66,16,0,18,65,0.3147,111.8,0.0248
592858,"Wick, Rowan",2022,78.1487,219,0.3568,0.348,20,0,46,10,1,5,54,0.3104,114.9,0.0088
592866,"Williams, Trevor",2022,94.7823,306,0.3097,0.2823,16,4,52,11,1,9,70,0.3104,99.8,0.0274
592866,"Williams, Trevor",2023,217.3806,541,0.4018,0.3675,46,4,93,27,2,29,91,0.3204,125.4,0.0343
592866,"Williams, Trevor",2024,47.6175,198,0.2405,0.2796,17,0,29,5,1,2,40,0.3123,77.0,-0.0391
592866,"Williams, Trevor",2025,97.7373,284,0.3441,0.332,14,2,58,14,2,7,48,0.3147,109.3,0.0121
593334,"Germán, Domingo",2022,40.2298,117,0.3438,0.3396,11,2,14,6,0,5,22,0.3104,110.8,0.0042
593334,"Germán, Domingo",2023,128.5084,419,0.3067,0.318,34,6,34,18,2,20,109,0.3204,95.7,-0.0113
593423,"Montas, Frankie",2022,169.9799,544,0.3125,0.308,37,6,83,26,1,15,127,0.3104,100.7,0.0045
593423,"Montas, Frankie",2024,173.6765,503,0.3453,0.3323,54,2,67,21,1,22,124,0.3123,110.6,0.013
593423,"Montas, Frankie",2025,69.2468,174,0.398,0.3604,14,1,26,14,0,8,32,0.3147,126.5,0.0376
593576,"Neris, Héctor",2022,51.4263,189,0.2721,0.2893,14,4,21,10,1,3,56,0.3104,87.7,-0.0172
593576,"Neris, Héctor",2023,55.4474,208,0.2666,0.2885,26,3,22,6,0,5,59,0.3204,83.2,-0.0219
593576,"Neris, Héctor",2024,64.0424,186,0.3443,0.318,20,1,23,8,1,8,49,0.3123,110.2,0.0263
593576,"Neris, Héctor",2025,41.1211,102,0.4031,0.3396,12,1,11,7,0,6,30,0.3147,128.1,0.0635
593958,"Rodriguez, Eduardo",2022,96.2285,302,0.3186,0.3142,29,0,47,15,1,7,54,0.3104,102.6,0.0044
593958,"Rodriguez, Eduardo",2023,124.7713,434,0.2875,0.3059,34,3,61,18,2,10,108,0.3204,89.7,-0.0184
593958,"Rodriguez, Eduardo",2024,72.4411,199,0.364,0.3541,17,1,30,13,1,7,42,0.3123,116.6,0.0099
593958,"Rodriguez, Eduardo",2025,187.3001,499,0.3754,0.3473,44,1,95,28,1,17,91,0.3147,119.3,0.0281
593974,"Peralta, Wandy",2022,41.1911,156,0.264,0.2702,13,1,27,4,0,2,32,0.3104,85.1,-0.0062
593974,"Peralta, Wandy",2023,50.1422,163,0.3076,0.3585,25,6,20,1,1,5,34,0.3204,96.0,-0.0509
593974,"Peralta, Wandy",2024,36.4223,107,0.3404,0.3686,9,5,14,1,0,6,15,0.3123,109.0,-0.0282
593974,"Peralta, Wandy",2025,71.5124,234,0.3056,0.3152,24,1,37,11,2,3,54,0.3147,97.1,-0.0096
594577,"Mayers, Mike",2022,61.4436,148,0.4152,0.367,11,2,20,5,0,12,32,0.3104,133.8,0.0482
594577,"Mayers, Mike",2023,44.1377,118,0.374,0.331,10,0,24,5,1,4,17,0.3204,116.7,0.043
594580,"Moll, Sam",2022,34.5787,138,0.2506,0.2484,12,1,15,5,0,3,37,0.3104,80.7,0.0022
594580,"Moll, Sam",2023,48.5558,176,0.2759,0.2583,12,7,23,7,2,2,50,0.3204,86.1,0.0176
594580,"Moll, Sam",2024,25.744,116,0.2219,0.2587,10,2,11,2,1,2,32,0.3123,71.1,-0.0368
594798,"deGrom, Jacob",2022,44.706,199,0.2247,0.2266,8,0,20,6,0,6,85,0.3104,72.4,-0.0019
594798,"deGrom, Jacob",2025,155.8555,566,0.2754,0.2973,33,3,62,18,1,23,153,0.3147,87.5,-0.0219
594835,"Gonzales, Marco",2022,218.349,625,0.3494,0.3337,44,4,93,36,0,25,78,0.3104,112.6,0.0157
594835,"Gonzales, Marco",2023,49.1506,152,0.3234,0.3464,12,0,24,11,0,3,27,0.3204,100.9,-0.023
594835,"Gonzales, Marco",2024,43.5912,127,0.3432,0.3684,9,0,24,8,0,3,20,0.3123,109.9,-0.0252
594902,"Lively, Ben",2023,106.6104,288,0.3702,0.3563,19,3,48,11,0,16,57,0.3204,115.5,0.0139
594902,"Lively, Ben",2024,143.5944,433,0.3316,0.3119,35,4,57,20,2,17,79,0.3123,106.2,0.0197
594902,"Lively, Ben",2025,33.1643,113,0.2935,0.3636,12,0,16,4,0,3,20,0.3147,93.3,-0.0701
594943,"Neal, Zach",2023,51.2559,118,0.4344,0.4139,13,2,13,9,0,8,23,0.3204,135.6,0.0205
595014,"Treinen, Blake",2024,28.9206,111,0.2605,0.2337,6,1,11,6,0,3,33,0.3123,83.4,0.0268
595345,"Okert, Steven",2022,46.704,152,0.3073,0.2774,18,4,14,5,0,6,47,0.3104,99.0,0.0299
595345,"Okert, Steven",2023,58.5743,196,0.2988,0.275,15,2,24,9,1,6,62,0.3204,93.3,0.0238
595345,"Okert, Steven",2024,34.4712,112,0.3078,0.3226,12,2,13,4,0,4,26,0.3123,98.6,-0.0148
595345,"Okert, Steven",2025,47.9134,198,0.242,0.2697,12,2,26,6,0,4,57,0.3147,76.9,-0.0277
595881,"Beede, Tyler",2022,78.8132,225,0.3503,0.3366,23,3,38,9,1,7,33,0.3104,112.9,0.0137
596001,"Junis, Jakob",2022,106.797,326,0.3276,0.3089,20,3,47,25,1,7,74,0.3104,105.5,0.0187
596001,"Junis, Jakob",2023,100.6492,286,0.3519,0.2997,16,5,41,17,1,12,74,0.3204,109.8,0.0522
596001,"Junis, Jakob",2024,37.9932,160,0.2375,0.2909,4,1,14,8,0,5,34,0.3123,76.0,-0.0534
596001,"Junis, Jakob",2025,49.6736,179,0.2775,0.3125,10,2,24,8,1,4,38,0.3147,88.2,-0.035
596057,"Norris, Daniel",2022,61.5219,182,0.338,0.3229,18,6,17,8,1,8,46,0.3104,108.9,0.0151
596071,"Peters, Dillon",2022,45.368,132,0.3437,0.3458,13,0,22,5,0,5,21,0.3104,110.7,-0.0021
596112,"Stephenson, Robert",2022,69.1678,198,0.3493,0.3227,8,1,27,14,1,8,45,0.3104,112.5,0.0266
596112,"Stephenson, Robert",2023,39.0766,148,0.264,0.2626,11,0,12,6,0,6,58,0.3204,82.4,0.0014
596133,"Weaver, Luke",2022,50.1331,133,0.3769,0.3598,9,3,27,13,0,1,30,0.3104,121.4,0.0171
596133,"Weaver, Luke",2023,150.5778,382,0.3942,0.3503,27,3,48,26,1,23,77,0.3204,123.0,0.0439
596133,"Weaver, Luke",2024,71.4888,259,0.276,0.2948,23,3,21,8,3,9,77,0.3123,88.4,-0.0188
596133,"Weaver, Luke",2025,57.1212,181,0.3156,0.3121,14,0,22,8,0,8,47,0.3147,100.3,0.0035
596295,"Gomber, Austin",2022,159.5322,446,0.3577,0.3353,29,1,74,25,3,16,79,0.3104,115.2,0.0224
596295,"Gomber, Austin",2023,167.3796,430,0.3893,0.3746,30,3,71,27,2,20,60,0.3204,121.5,0.0147
596295,"Gomber, Austin",2024,191.2878,551,0.3472,0.3457,35,1,74,30,3,25,92,0.3123,111.2,0.0015
596295,"Gomber, Austin",2025,99.2958,224,0.4433,0.3812,13,0,38,16,2,14,31,0.3147,140.9,0.0621
598264,"Barnes, Matt",2022,26.971,101,0.267,0.2994,13,1,14,2,1,1,23,0.3104,86.0,-0.0324
598286,"Ramirez, Nick",2023,37.0976,135,0.2748,0.2925,7,1,22,9,1,0,21,0.3204,85.8,-0.0177
598287,"Ramirez, Noé",2022,67.6517,170,0.398,0.3335,20,2,23,8,1,9,35,0.3104,128.2,0.0645
600917,"Leclerc, José",2022,45.1765,173,0.2611,0.2653,18,3,17,8,0,3,45,0.3104,84.1,-0.0042
600917,"Leclerc, José",2023,42.3355,172,0.2461,0.2709,21,2,15,5,0,4,57,0.3204,76.8,-0.0248
600917,"Leclerc, José",2024,61.3262,218,0.2813,0.2893,18,4,30,8,0,5,68,0.3123,90.1,-0.008
600921,"Machado, Andrés",2022,76.9725,228,0.3376,0.3541,27,1,30,13,0,7,43,0.3104,108.8,-0.0165
600921,"Machado, Andrés",2023,58.7427,142,0.4137,0.3905,8,1,22,8,0,10,29,0.3204,129.1,0.0232
600986,"Vieira, Thyago",2024,51.9469,143,0.3633,0.3414,18,2,20,5,1,6,30,0.3123,116.3,0.0219
601713,"Pivetta, Nick",2022,189.5236,567,0.3343,0.323,53,3,72,34,1,19,123,0.3104,107.7,0.0113
601713,"Pivetta, Nick",2023,150.5732,510,0.2952,0.3039,37,5,50,25,1,20,162,0.3204,92.1,-0.0087
601713,"Pivetta, Nick",2024,144.8177,447,0.324,0.3007,26,1,56,17,1,23,131,0.3123,103.7,0.0233
601713,"Pivetta, Nick",2025,132.2855,519,0.2549,0.3023,35,3,59,13,2,16,137,0.3147,81.0,-0.0474
605121,"Anderson, Justin",2024,58.0676,176,0.3299,0.3431,20,1,27,8,0,5,43,0.3123,105.6,-0.0132
605130,"Barlow, Scott",2022,56.6986,183,0.3098,0.285,16,3,28,2,1,7,47,0.3104,99.8,0.0248
605130,"Barlow, Scott",2023,53.4105,202,0.2644,0.274,17,3,29,8,1,2,59,0.3204,82.5,-0.0096
605130,"Barlow, Scott",2024,49.1043,162,0.3031,0.3094,22,3,18,7,0,4,45,0.3123,97.1,-0.0063
605130,"Barlow, Scott",2025,60.9171,223,0.2732,0.3094,30,4,21,5,1,6,61,0.3147,86.8,-0.0362
605135,"Bassitt, Chris",2022,184.2161,631,0.2919,0.2872,41,10,98,22,1,16,139,0.3104,94.0,0.0047
605135,"Bassitt, Chris",2023,187.2173,564,0.3319,0.3148,36,5,82,31,1,21,124,0.3204,103.6,0.0171
605135,"Bassitt, Chris",2024,212.1908,628,0.3379,0.3265,58,13,114,26,0,16,137,0.3123,108.2,0.0114
605135,"Bassitt, Chris",2025,163.9819,492,0.3333,0.3289,36,8,80,23,3,14,114,0.3147,105.9,0.0044
605154,"Brebbia, John",2022,73.6805,226,0.326,0.2727,12,0,30,17,3,5,47,0.3104,105.0,0.0533
605154,"Brebbia, John",2023,40.6452,131,0.3103,0.2956,9,0,13,6,1,6,40,0.3204,96.8,0.0147
605154,"Brebbia, John",2024,73.9288,199,0.3715,0.3482,16,3,29,10,0,10,58,0.3123,119.0,0.0233
605164,"Bundy, Dylan",2022,154.3291,431,0.3581,0.3347,19,1,79,22,2,17,69,0.3104,115.4,0.0234
605177,"Chafin, Andrew",2022,57.6165,206,0.2797,0.2661,14,2,34,4,1,5,57,0.3104,90.1,0.0136
605177,"Chafin, Andrew",2023,57.8385,183,0.3161,0.3145,23,1,18,10,3,4,51,0.3204,98.7,0.0016
605177,"Chafin, Andrew",2024,48.6898,169,0.2881,0.2629,16,1,34,4,0,2,53,0.3123,92.3,0.0252
605177,"Chafin, Andrew",2025,34.5093,130,0.2655,0.2693,17,0,22,1,0,2,35,0.3147,84.4,-0.0038
605182,"Clevinger, Mike",2022,94.0716,300,0.3136,0.3214,25,5,41,11,1,10,55,0.3104,101.0,-0.0078
605182,"Clevinger, Mike",2023,148.617,461,0.3224,0.3138,37,7,66,24,2,13,95,0.3204,100.6,0.0086
605194,"Cotton, Jharel",2022,48.8282,149,0.3277,0.3133,20,2,15,6,0,6,31,0.3104,105.6,0.0144
605200,"Davies, Zach",2022,141.2707,437,0.3233,0.3145,39,1,67,15,2,15,80,0.3104,104.2,0.0088
605200,"Davies, Zach",2023,106.767,287,0.372,0.3645,30,2,53,14,3,8,51,0.3204,116.1,0.0075
605218,"Edwards Jr., Carl",2022,55.5242,183,0.3034,0.2775,17,0,24,4,0,8,44,0.3104,97.7,0.0259
605218,"Edwards Jr., Carl",2023,29.2623,101,0.2897,0.3079,11,1,17,6,0,0,19,0.3204,90.4,-0.0182
605242,"Fulmer, Michael",2022,54.8185,202,0.2714,0.2994,18,4,27,9,1,2,46,0.3104,87.4,-0.028
605242,"Fulmer, Michael",2023,61.0663,184,0.3319,0.3114,19,0,26,12,0,5,47,0.3204,103.6,0.0205
605280,"Holmes, Clay",2022,43.7337,158,0.2768,0.2604,12,5,21,8,0,2,44,0.3104,89.2,0.0164
605280,"Holmes, Clay",2023,53.7876,191,0.2816,0.2759,21,2,32,7,1,1,44,0.3204,87.9,0.0057
605280,"Holmes, Clay",2024,53.8517,186,0.2895,0.2917,15,2,32,9,0,2,47,0.3123,92.7,-0.0022
605280,"Holmes, Clay",2025,186.3271,608,0.3065,0.3387,59,11,93,23,1,14,111,0.3147,97.4,-0.0322
605288,"Houser, Adrian",2022,116.2975,381,0.3052,0.3317,38,2,58,20,1,6,61,0.3104,98.3,-0.0265
605288,"Houser, Adrian",2023,120.1145,387,0.3104,0.3158,27,1,66,15,1,11,81,0.3204,96.9,-0.0054
605288,"Houser, Adrian",2024,84.8454,224,0.3788,0.3546,19,4,35,20,0,6,32,0.3123,121.3,0.0242
605288,"Houser, Adrian",2025,108.1032,357,0.3028,0.3036,25,4,62,14,3,6,68,0.3147,96.2,-0.0008
605347,"López, Jorge",2022,47.3182,197,0.2402,0.2789,21,3,25,4,1,2,48,0.3104,77.4,-0.0387
605347,"López, Jorge",2023,73.7179,198,0.3723,0.3413,16,7,28,11,0,9,39,0.3204,116.2,0.031
605347,"López, Jorge",2024,49.2035,179,0.2749,0.2836,16,2,26,7,0,3,40,0.3123,88.0,-0.0087
605397,"Musgrove, Joe",2022,168.1913,542,0.3103,0.2781,23,12,75,29,1,17,126,0.3104,100.0,0.0322
605397,"Musgrove, Joe",2023,74.7465,254,0.2943,0.2689,9,9,43,10,0,6,59,0.3204,91.9,0.0254
605397,"Musgrove, Joe",2024,114.5297,344,0.3329,0.3341,21,8,53,17,0,12,82,0.3123,106.6,-0.0012
605400,"Nola, Aaron",2022,170.2633,630,0.2703,0.2572,21,8,83,32,1,15,181,0.3104,87.1,0.0131
605400,"Nola, Aaron",2023,172.7563,521,0.3316,0.3031,34,1,71,27,3,21,131,0.3204,103.5,0.0285
605400,"Nola, Aaron",2024,202.6227,664,0.3052,0.2906,38,3,94,27,2,24,160,0.3123,97.7,0.0146
605400,"Nola, Aaron",2025,113.0737,283,0.3996,0.3497,22,3,49,16,2,13,64,0.3147,127.0,0.0499
605447,"Romano, Jordan",2022,36.0575,163,0.2212,0.2834,13,3,24,3,0,1,46,0.3104,71.3,-0.0622
605447,"Romano, Jordan",2023,46.484,158,0.2942,0.2908,13,1,24,5,1,4,47,0.3204,91.8,0.0034
605447,"Romano, Jordan",2025,48.1091,115,0.4183,0.3366,12,2,16,5,0,8,26,0.3147,132.9,0.0817
605452,"Ross, Joe",2024,86.9978,286,0.3042,0.3035,22,1,51,10,0,7,56,0.3123,97.4,0.0007
605452,"Ross, Joe",2025,64.8678,176,0.3686,0.3803,13,2,29,13,1,5,28,0.3147,117.1,-0.0117
605463,"Scott, Tayler",2024,60.0651,207,0.2902,0.2832,27,4,22,5,1,6,55,0.3123,92.9,0.007
605483,"Snell, Blake",2022,130.8606,444,0.2947,0.2778,42,2,57,19,2,11,146,0.3104,94.9,0.0169
605483,"Snell, Blake",2023,169.5183,643,0.2636,0.3032,80,3,68,21,0,15,207,0.3204,82.3,-0.0396
605483,"Snell, Blake",2024,69.4373,302,0.2299,0.2401,31,0,30,9,1,5,107,0.3123,73.6,-0.0102
605483,"Snell, Blake",2025,46.3763,178,0.2605,0.286,20,0,23,6,0,3,58,0.3147,82.8,-0.0255
605488,"Springs, Jeffrey",2022,96.4907,355,0.2718,0.2836,19,1,52,11,2,9,90,0.3104,87.6,-0.0118
605488,"Springs, Jeffrey",2024,34.6192,104,0.3329,0.3035,9,1,16,4,0,4,26,0.3123,106.6,0.0294
605488,"Springs, Jeffrey",2025,164.6534,513,0.321,0.3203,35,2,68,29,0,19,102,0.3147,102.0,0.0007
605498,"Suárez, Andrew",2023,41.3018,104,0.3971,0.3739,12,0,13,7,1,5,13,0.3204,123.9,0.0232
605507,"Thompson, Zach",2022,155.2694,452,0.3435,0.3439,36,3,80,19,1,15,77,0.3104,110.7,-0.0004
605513,"Turnbull, Spencer",2023,44.981,120,0.3748,0.374,14,3,17,10,0,3,17,0.3204,117.0,0.0008
605513,"Turnbull, Spencer",2024,45.1607,163,0.2771,0.3054,13,1,18,7,0,5,46,0.3123,88.7,-0.0283
605521,"Warren, Art",2022,41.3175,125,0.3305,0.3363,16,2,21,1,1,4,31,0.3104,106.5,-0.0058
605525,"Wendelken, J.B.",2022,34.0341,101,0.337,0.3793,13,1,17,3,0,3,19,0.3104,108.6,-0.0423
605540,"Woodruff, Brandon",2022,114.4222,429,0.2667,0.2629,30,5,53,20,1,8,138,0.3104,85.9,0.0038
605540,"Woodruff, Brandon",2023,43.9476,176,0.2497,0.2576,12,3,12,6,0,7,55,0.3204,77.9,-0.0079
605540,"Woodruff, Brandon",2025,58.1253,230,0.2527,0.2368,11,3,28,5,0,8,77,0.3147,80.3,0.0159
606149,"Gallegos, Giovanny",2022,41.2122,162,0.2544,0.2605,14,0,19,7,0,3,46,0.3104,82.0,-0.0061
606149,"Gallegos, Giovanny",2023,57.6474,167,0.3452,0.3356,8,0,24,10,0,8,44,0.3204,107.7,0.0096
606160,"Montero, Rafael",2022,44.5872,196,0.2275,0.2537,12,2,28,4,0,3,53,0.3104,73.3,-0.0262
606160,"Montero, Rafael",2023,70.8725,214,0.3312,0.3088,23,2,32,7,3,6,57,0.3204,103.4,0.0224
606160,"Montero, Rafael",2024,46.2938,124,0.3733,0.3739,16,1,14,4,1,7,16,0.3123,119.5,-0.0006
606160,"Montero, Rafael",2025,46.7438,161,0.2903,0.3243,24,0,19,7,0,3,30,0.3147,92.2,-0.034
606303,"Payamps, Joel",2022,68.3872,212,0.3226,0.2988,14,2,35,8,2,6,41,0.3104,103.9,0.0238
606303,"Payamps, Joel",2023,52.0282,207,0.2513,0.2593,6,3,35,4,0,5,58,0.3204,78.4,-0.008
606303,"Payamps, Joel",2024,46.963,157,0.2991,0.3068,11,1,15,6,1,7,43,0.3123,95.8,-0.0077
606424,"García, Jarlín",2022,73.4808,247,0.2975,0.3024,15,1,34,10,1,8,52,0.3104,95.8,-0.0049
606625,"Moronta, Reyes",2022,41.8575,132,0.3171,0.2847,13,2,14,5,1,5,32,0.3104,102.2,0.0324
606930,"Barnes, Jacob",2024,61.6426,187,0.3296,0.3409,11,0,29,10,0,7,37,0.3123,105.5,-0.0113
606965,"Devenski, Chris",2023,36.3866,128,0.2843,0.3265,7,1,18,2,1,5,29,0.3204,88.7,-0.0422
606965,"Devenski, Chris",2024,46.1195,112,0.4118,0.3646,13,0,12,5,1,8,24,0.3123,131.9,0.0472
606996,"Hart, Kyle",2025,46.6184,136,0.3428,0.3088,9,2,16,7,0,7,30,0.3147,108.9,0.034
607067,"Rea, Colin",2023,136.3491,410,0.3326,0.3262,30,3,55,14,2,20,83,0.3204,103.8,0.0064
607067,"Rea, Colin",2024,162.6184,473,0.3438,0.3467,32,5,74,22,1,19,93,0.3123,110.1,-0.0029
607067,"Rea, Colin",2025,155.3519,484,0.321,0.3374,32,4,68,23,1,18,89,0.3147,102.0,-0.0164
607074,"Rodón, Carlos",2022,148.9841,633,0.2354,0.2453,48,3,71,27,0,9,220,0.3104,75.8,-0.0099
607074,"Rodón, Carlos",2023,96.3462,262,0.3677,0.3459,28,3,32,13,0,14,63,0.3204,114.8,0.0218
607074,"Rodón, Carlos",2024,193.8315,593,0.3269,0.3129,50,9,72,23,3,25,153,0.3123,104.7,0.014
607074,"Rodón, Carlos",2025,164.2165,613,0.2679,0.2938,62,6,63,22,0,17,157,0.3147,85.1,-0.0259
607179,"Weems, Jordan",2022,47.9032,148,0.3237,0.2764,9,0,17,7,2,6,38,0.3104,104.3,0.0473
607179,"Weems, Jordan",2023,43.2943,135,0.3207,0.3182,13,2,9,6,1,7,38,0.3204,100.1,0.0025
607179,"Weems, Jordan",2024,61.482,158,0.3891,0.3541,20,2,23,8,2,6,29,0.3123,124.6,0.035
607192,"Glasnow, Tyler",2023,104.0916,384,0.2711,0.2927,29,1,46,15,2,10,131,0.3204,84.6,-0.0216
607192,"Glasnow, Tyler",2024,97.3132,373,0.2609,0.2558,25,0,36,16,2,11,132,0.3123,83.5,0.0051
607192,"Glasnow, Tyler",2025,89.7586,333,0.2695,0.2934,39,3,29,12,0,10,98,0.3147,85.6,-0.0239
607200,"Fedde, Erick",2022,179.6682,480,0.3743,0.3591,48,0,90,21,0,19,74,0.3104,120.6,0.0152
607200,"Fedde, Erick",2024,160.9723,561,0.2869,0.2929,35,3,80,27,3,12,131,0.3123,91.9,-0.006
607200,"Fedde, Erick",2025,178.8804,492,0.3636,0.3593,46,3,86,26,2,16,69,0.3147,115.5,0.0043
607216,"Krehbiel, Joey",2022,60.3715,169,0.3572,0.3345,12,3,21,10,0,8,31,0.3104,115.1,0.0227
607237,"Garrett, Amir",2022,31.7069,130,0.2439,0.2698,21,2,13,4,1,0,37,0.3104,78.6,-0.0259
607259,"Martinez, Nick",2022,94.6312,296,0.3197,0.3049,23,4,38,14,0,11,66,0.3104,103.0,0.0148
607259,"Martinez, Nick",2023,99.7955,328,0.3043,0.3167,26,3,62,7,0,9,81,0.3204,95.0,-0.0124
607259,"Martinez, Nick",2024,118.7393,399,0.2976,0.27,13,4,61,27,2,7,86,0.3123,95.3,0.0276
607259,"Martinez, Nick",2025,142.7903,472,0.3025,0.3121,26,4,62,25,0,16,82,0.3147,96.1,-0.0096
607455,"Banda, Anthony",2024,41.51,148,0.2805,0.2648,8,2,25,4,1,3,36,0.3123,89.8,0.0157
607455,"Banda, Anthony",2025,53.2793,194,0.2746,0.3013,23,1,17,8,1,5,47,0.3147,87.3,-0.0267
607481,"Bummer, Aaron",2023,65.5093,209,0.3134,0.3074,27,5,25,12,0,4,54,0.3204,97.8,0.006
607481,"Bummer, Aaron",2024,60.8267,196,0.3103,0.2531,12,2,37,11,1,2,57,0.3123,99.4,0.0572
607481,"Bummer, Aaron",2025,56.1166,191,0.2938,0.3104,9,9,29,11,2,1,42,0.3147,93.4,-0.0166
607536,"Freeland, Kyle",2022,178.3342,507,0.3517,0.3377,34,9,83,32,5,12,86,0.3104,113.3,0.014
607536,"Freeland, Kyle",2023,170.57,434,0.393,0.376,30,0,82,24,2,20,50,0.3204,122.7,0.017
607536,"Freeland, Kyle",2024,139.1201,361,0.3854,0.3517,18,1,58,17,5,19,68,0.3123,123.4,0.0337
607536,"Freeland, Kyle",2025,208.1817,585,0.3559,0.3492,28,6,113,31,4,18,103,0.3147,113.1,0.0067
607625,"Lugo, Seth",2022,58.6249,196,0.2991,0.2883,11,3,28,5,0,8,51,0.3104,96.4,0.0108
607625,"Lugo, Seth",2023,108.6148,364,0.2984,0.3125,29,1,53,19,1,8,84,0.3204,93.1,-0.0141
607625,"Lugo, Seth",2024,231.9232,824,0.2815,0.3002,47,9,119,36,6,16,180,0.3123,90.1,-0.0187
607625,"Lugo, Seth",2025,156.6173,468,0.3347,0.358,36,5,58,17,1,24,94,0.3147,106.4,-0.0233
607755,"Vasquez, Andrew",2023,55.5258,174,0.3191,0.3065,16,6,33,3,2,3,36,0.3204,99.6,0.0126
608032,"Estévez, Carlos",2022,52.6296,179,0.294,0.3102,20,0,18,7,2,5,43,0.3104,94.7,-0.0162
608032,"Estévez, Carlos",2023,55.3304,185,0.2991,0.3044,18,4,27,4,0,6,53,0.3204,93.4,-0.0053
608032,"Estévez, Carlos",2024,36.0537,125,0.2884,0.298,6,0,17,3,1,5,29,0.3123,92.3,-0.0096
608032,"Estévez, Carlos",2025,40.7989,159,0.2566,0.3151,9,2,17,8,1,3,32,0.3147,81.5,-0.0585
608328,"De Jong, Chase",2022,72.0039,250,0.288,0.3012,25,5,21,12,0,8,52,0.3104,92.8,-0.0132
608331,"Fried, Max",2022,153.0678,565,0.2709,0.2709,24,4,98,19,2,10,128,0.3104,87.3,0.0
608331,"Fried, Max",2023,68.3499,247,0.2767,0.262,14,2,42,7,0,6,65,0.3204,86.4,0.0147
608331,"Fried, Max",2024,140.7122,549,0.2563,0.2917,45,5,82,12,1,10,133,0.3123,82.1,-0.0354
608331,"Fried, Max",2025,181.6599,637,0.2852,0.2957,43,8,92,22,7,13,142,0.3147,90.6,-0.0105
608334,"Fulmer, Carson",2024,94.709,279,0.3395,0.3272,26,3,37,18,0,9,54,0.3123,108.7,0.0123
608334,"Fulmer, Carson",2025,31.9224,107,0.2983,0.3195,11,0,10,4,1,4,24,0.3147,94.8,-0.0212
608337,"Giolito, Lucas",2022,206.781,585,0.3535,0.3151,46,4,89,32,2,22,141,0.3104,113.9,0.0384
608337,"Giolito, Lucas",2023,195.204,546,0.3575,0.3281,45,6,65,20,6,30,140,0.3204,111.6,0.0294
608337,"Giolito, Lucas",2025,123.4038,447,0.2761,0.3293,33,1,69,18,1,8,96,0.3147,87.7,-0.0532
608344,"Irvin, Cole",2022,176.6662,557,0.3172,0.3267,27,4,93,25,2,17,90,0.3104,102.2,-0.0095
608344,"Irvin, Cole",2023,83.2321,230,0.3619,0.3759,18,5,36,10,1,10,45,0.3204,113.0,-0.014
608344,"Irvin, Cole",2024,163.6942,452,0.3622,0.3675,26,5,73,28,5,15,71,0.3123,116.0,-0.0053
608349,"Knebel, Corey",2022,33.8202,126,0.2684,0.2873,19,1,13,5,1,1,24,0.3104,86.5,-0.0189
608371,"Sims, Lucas",2023,53.0094,180,0.2945,0.3127,28,7,13,11,1,2,46,0.3204,91.9,-0.0182
608371,"Sims, Lucas",2024,56.8074,169,0.3361,0.319,23,2,21,4,1,7,37,0.3123,107.6,0.0171
608372,"Sugano, Tomoyuki",2025,162.0001,482,0.3361,0.3804,25,7,79,16,2,21,75,0.3147,106.8,-0.0443
608379,"Wacha, Michael",2022,149.8835,484,0.3097,0.3227,27,3,62,22,4,17,99,0.3104,99.8,-0.013
608379,"Wacha, Michael",2023,116.2183,383,0.3034,0.3265,31,1,46,28,1,8,89,0.3204,94.7,-0.0231
608379,"Wacha, Michael",2024,189.221,625,0.3028,0.3101,43,4,98,26,4,15,133,0.3123,97.0,-0.0073
608379,"Wacha, Michael",2025,180.6736,569,0.3175,0.3399,38,4,90,26,6,14,92,0.3147,100.9,-0.0224
608566,"Márquez, Germán",2022,241.7825,693,0.3489,0.3278,53,4,96,37,5,27,134,0.3104,112.4,0.0211
608566,"Márquez, Germán",2025,184.5461,441,0.4185,0.3806,34,3,78,32,4,19,63,0.3147,133.0,0.0379
608638,"Chargois, JT",2023,41.7107,127,0.3284,0.3149,13,0,16,10,0,3,25,0.3204,102.5,0.0135
608638,"Chargois, JT",2024,30.6869,110,0.279,0.3277,10,0,7,3,0,6,25,0.3123,89.3,-0.0487
608648,"Duffey, Tyler",2022,50.7215,154,0.3294,0.3417,12,1,20,10,0,5,33,0.3104,106.1,-0.0123
608650,"Enns, Dietrich",2025,49.7849,135,0.3688,0.3151,8,0,26,5,1,6,32,0.3147,117.2,0.0537
608665,"Graveman, Kendall",2022,64.0577,210,0.305,0.291,18,3,39,4,2,4,54,0.3104,98.3,0.014
608665,"Graveman, Kendall",2023,58.8199,194,0.3032,0.3123,22,2,27,4,0,7,46,0.3204,94.6,-0.0091
608678,"Leone, Dominic",2022,65.0617,180,0.3615,0.2933,15,0,27,14,1,5,45,0.3104,116.5,0.0682
608678,"Leone, Dominic",2023,59.2455,180,0.3291,0.3203,23,2,19,6,2,7,42,0.3204,102.7,0.0088
608717,"Stratton, Chris",2022,75.5753,228,0.3315,0.3213,22,2,41,13,1,3,51,0.3104,106.8,0.0102
608717,"Stratton, Chris",2023,81.3051,277,0.2935,0.303,24,2,35,12,2,7,61,0.3204,91.6,-0.0095
608717,"Stratton, Chris",2024,69.7563,211,0.3306,0.3587,29,2,27,11,1,5,32,0.3123,105.9,-0.0281
608718,"Suter, Brent",2022,65.8147,201,0.3274,0.2749,16,2,26,12,1,6,38,0.3104,105.5,0.0525
608718,"Suter, Brent",2023,66.1538,214,0.3091,0.2869,20,2,43,8,1,2,41,0.3204,96.5,0.0222
608718,"Suter, Brent",2024,68.1182,209,0.3259,0.3323,10,2,34,8,1,8,39,0.3123,104.4,-0.0064
608718,"Suter, Brent",2025,69.6413,214,0.3254,0.3323,12,2,34,8,0,9,39,0.3147,103.4,-0.0069
608723,"Voth, Austin",2022,89.7359,275,0.3263,0.3203,19,1,48,13,0,8,55,0.3104,105.1,0.006
608723,"Voth, Austin",2023,50.8658,136,0.374,0.328,10,3,24,5,1,6,26,0.3204,116.7,0.046
608723,"Voth, Austin",2024,49.131,179,0.2745,0.2736,15,1,20,6,0,6,40,0.3123,87.9,0.0009
612434,"Castro, Miguel",2023,47.2654,187,0.2528,0.2806,19,3,17,6,0,5,46,0.3204,78.9,-0.0278
613534,"Adams, Austin",2024,39.3739,115,0.3424,0.3025,13,9,11,7,0,3,33,0.3123,109.6,0.0399
614179,"Ruiz, José",2022,76.8359,229,0.3355,0.3315,27,0,27,12,1,8,60,0.3104,108.1,0.004
614179,"Ruiz, José",2023,63.4453,161,0.3941,0.3648,16,5,24,9,1,7,27,0.3204,123.0,0.0293
614179,"Ruiz, José",2024,57.7462,161,0.3587,0.3295,14,1,28,6,0,7,33,0.3123,114.9,0.0292
615698,"Quantrill, Cal",2022,169.643,567,0.2992,0.3133,30,9,95,22,1,14,96,0.3104,96.4,-0.0141
615698,"Quantrill, Cal",2023,108.3475,319,0.3396,0.3674,28,4,59,15,3,6,37,0.3204,106.0,-0.0278
615698,"Quantrill, Cal",2024,177.648,472,0.3764,0.3596,48,11,68,20,5,20,89,0.3123,120.5,0.0168
615698,"Quantrill, Cal",2025,169.6045,430,0.3944,0.3869,25,5,61,28,6,21,66,0.3147,125.3,0.0075
617228,"Sawamura, Hirokazu",2022,47.428,173,0.2742,0.3052,20,0,27,6,0,2,34,0.3104,88.3,-0.031
621016,"Cuas, Jose",2022,40.3827,129,0.313,0.2909,17,3,18,8,0,1,27,0.3104,100.8,0.0221
621016,"Cuas, Jose",2023,83.4483,239,0.3492,0.3581,30,6,37,8,2,7,58,0.3204,109.0,-0.0089
621051,"Wilson, Steven",2022,45.4353,152,0.2989,0.2749,16,3,16,6,0,5,37,0.3104,96.3,0.024
621051,"Wilson, Steven",2023,53.4859,185,0.2891,0.2771,21,2,16,9,0,6,47,0.3204,90.2,0.012
621051,"Wilson, Steven",2024,40.3049,109,0.3698,0.3602,14,2,8,5,0,7,25,0.3123,118.4,0.0096
621051,"Wilson, Steven",2025,55.8865,195,0.2866,0.3056,18,3,29,7,0,4,40,0.3147,91.1,-0.019
621053,"Ferguson, Tyler",2024,41.146,154,0.2672,0.3116,19,2,14,4,1,4,46,0.3123,85.6,-0.0444
621053,"Ferguson, Tyler",2025,43.9865,147,0.2992,0.3095,16,4,21,4,1,3,34,0.3147,95.1,-0.0103
621074,"Rucker, Michael",2022,64.8331,204,0.3178,0.2967,17,0,33,4,1,8,41,0.3104,102.4,0.0211
621074,"Rucker, Michael",2023,51.6273,155,0.3331,0.3369,17,3,23,5,1,5,34,0.3204,104.0,-0.0038
621076,"Kaprielian, James",2022,164.9576,505,0.3266,0.338,50,5,68,21,5,15,87,0.3104,105.2,-0.0114
621076,"Kaprielian, James",2023,75.6883,204,0.371,0.3441,22,5,29,12,0,8,38,0.3204,115.8,0.0269
621107,"Eflin, Zach",2022,69.4636,241,0.2882,0.2839,11,5,35,10,1,6,45,0.3104,92.8,0.0043
621107,"Eflin, Zach",2023,163.3166,568,0.2875,0.2725,22,2,90,23,1,17,152,0.3204,89.7,0.015
621107,"Eflin, Zach",2024,170.9387,559,0.3058,0.2946,18,2,91,25,1,19,108,0.3123,97.9,0.0112
621107,"Eflin, Zach",2025,89.8872,240,0.3745,0.3265,10,2,41,14,0,12,41,0.3147,119.0,0.048
621111,"Buehler, Walker",2022,71.5783,232,0.3085,0.3142,16,2,38,9,1,6,49,0.3104,99.4,-0.0057
621111,"Buehler, Walker",2024,84.042,227,0.3702,0.3089,16,4,39,10,2,9,44,0.3123,118.5,0.0613
621111,"Buehler, Walker",2025,121.0587,360,0.3363,0.369,36,5,60,6,1,15,57,0.3147,106.9,-0.0327
621112,"Blackburn, Paul",2022,137.6868,400,0.3442,0.3188,23,5,56,27,1,14,76,0.3104,110.9,0.0254
621112,"Blackburn, Paul",2023,78.5078,232,0.3384,0.3163,18,2,38,16,2,4,52,0.3204,105.6,0.0221
621112,"Blackburn, Paul",2024,91.9347,242,0.3799,0.3549,17,3,39,13,0,12,48,0.3123,121.6,0.025
621112,"Blackburn, Paul",2025,57.4128,137,0.4191,0.3557,10,1,26,7,4,5,25,0.3147,133.2,0.0634
621114,"Burr, Ryan",2024,38.6294,129,0.2995,0.2907,12,1,12,10,0,3,44,0.3123,95.9,0.0088
621121,"McCullers Jr., Lance",2022,40.9672,146,0.2806,0.2923,15,0,18,7,0,3,32,0.3104,90.4,-0.0117
621121,"McCullers Jr., Lance",2025,76.2668,214,0.3564,0.343,28,4,30,8,1,8,52,0.3147,113.3,0.0134
621199,"Bowman, Matt",2024,31.2752,112,0.2792,0.311,9,2,8,6,0,4,21,0.3123,89.4,-0.0318
621237,"Alvarado, José",2022,27.7264,129,0.2149,0.2011,11,1,16,4,1,0,57,0.3104,69.2,0.0138
621237,"Alvarado, José",2023,30.4787,120,0.254,0.2381,11,0,15,5,0,2,47,0.3204,79.3,0.0159
621237,"Alvarado, José",2024,50.2869,174,0.289,0.3016,22,1,25,5,1,3,43,0.3123,92.5,-0.0126
621242,"Díaz, Edwin",2022,38.1902,173,0.2208,0.2228,12,2,25,3,0,2,83,0.3104,71.1,-0.002
621242,"Díaz, Edwin",2024,32.3119,133,0.2429,0.2254,10,1,15,3,1,3,53,0.3123,77.8,0.0175
621242,"Díaz, Edwin",2025,41.9269,163,0.2572,0.2519,16,6,16,6,0,3,65,0.3147,81.7,0.0053
621244,"Berríos, José",2022,166.8405,488,0.3419,0.3426,29,8,85,25,1,15,92,0.3104,110.1,-0.0007
621244,"Berríos, José",2023,168.1678,535,0.3143,0.3242,33,7,77,24,1,19,136,0.3204,98.1,-0.0099
621244,"Berríos, José",2024,140.8344,466,0.3022,0.3467,31,6,66,14,0,18,90,0.3123,96.8,-0.0445
621244,"Berríos, José",2025,174.8993,539,0.3245,0.3527,44,6,77,24,1,19,110,0.3147,103.1,-0.0282
621248,"Garza Jr., Ralph",2022,42.9852,129,0.3332,0.3477,10,1,26,4,1,3,16,0.3104,107.3,-0.0145
621249,"Underwood Jr., Duane",2022,51.2756,175,0.293,0.3046,15,2,33,10,0,0,37,0.3104,94.4,-0.0116
621295,"Wittgren, Nick",2022,36.4212,107,0.3404,0.3274,8,4,16,7,2,1,14,0.3104,109.7,0.013
621295,"Wittgren, Nick",2023,35.7697,105,0.3407,0.3315,10,2,14,9,0,2,14,0.3204,106.3,0.0092
621345,"Minter, A.J.",2022,46.5982,193,0.2414,0.233,13,2,23,8,0,3,70,0.3104,77.8,0.0084
621345,"Minter, A.J.",2023,60.9689,213,0.2862,0.2855,12,0,36,7,0,6,64,0.3204,89.3,0.0007
621363,"Poche, Colin",2022,46.9661,150,0.3131,0.2639,10,0,13,6,1,8,38,0.3104,100.9,0.0492
621363,"Poche, Colin",2023,47.1174,170,0.2772,0.2588,17,1,20,8,1,3,38,0.3204,86.5,0.0184
621363,"Poche, Colin",2024,38.2076,124,0.3081,0.2917,8,0,16,2,0,7,28,0.3123,98.7,0.0164
621366,"Borucki, Ryan",2023,28.4692,105,0.2711,0.283,2,3,12,6,0,3,24,0.3204,84.6,-0.0119
621366,"Borucki, Ryan",2025,37.8461,124,0.3052,0.357,12,1,13,7,0,4,27,0.3147,97.0,-0.0518
621368,"Hearn, Taylor",2022,120.5176,368,0.3275,0.3268,35,2,58,22,0,8,84,0.3104,105.5,0.0007
621381,"Strahm, Matt",2022,42.4982,145,0.2931,0.2705,10,4,22,6,0,3,39,0.3104,94.4,0.0226
621381,"Strahm, Matt",2023,83.8428,285,0.2942,0.2891,17,3,34,13,1,10,88,0.3204,91.8,0.0051
621381,"Strahm, Matt",2024,39.2749,164,0.2395,0.2546,6,4,16,11,0,2,54,0.3123,76.7,-0.0151
621381,"Strahm, Matt",2025,52.1344,179,0.2913,0.2887,16,0,22,8,2,4,48,0.3147,92.6,0.0026
621383,"Banks, Tanner",2022,44.8579,174,0.2578,0.3268,14,1,26,5,0,3,40,0.3104,83.1,-0.069
621383,"Banks, Tanner",2023,73.3928,202,0.3633,0.3223,9,3,28,10,4,9,39,0.3204,113.4,0.041
621383,"Banks, Tanner",2024,77.0338,253,0.3045,0.2979,17,2,48,8,0,6,61,0.3123,97.5,0.0066
621383,"Banks, Tanner",2025,58.0266,202,0.2873,0.3169,9,0,30,5,2,7,50,0.3147,91.3,-0.0296
621389,"Blach, Ty",2022,42.942,140,0.3067,0.3157,6,0,22,8,0,4,20,0.3104,98.8,-0.009
621389,"Blach, Ty",2023,96.1803,253,0.3802,0.3975,19,4,51,9,2,10,34,0.3204,118.7,-0.0173
621389,"Blach, Ty",2024,107.8636,233,0.4629,0.4187,13,6,52,12,1,14,23,0.3123,148.2,0.0442
622065,"Young, Alex",2023,63.6757,177,0.3597,0.3238,17,1,26,4,1,10,38,0.3204,112.3,0.0359
622072,"Wood, Alex",2022,170.1937,524,0.3248,0.3117,29,12,90,19,1,17,125,0.3104,104.6,0.0131
622072,"Wood, Alex",2023,96.165,302,0.3184,0.3296,29,4,43,15,2,7,61,0.3204,99.4,-0.0112
622072,"Wood, Alex",2024,42.3996,110,0.3855,0.3874,12,1,20,6,0,4,18,0.3123,123.4,-0.0019
622075,"Almonte, Yency",2022,20.4491,105,0.1948,0.2708,8,3,9,1,0,2,27,0.3104,62.8,-0.076
622075,"Almonte, Yency",2023,53.7492,163,0.3297,0.3325,20,4,25,5,0,5,36,0.3204,102.9,-0.0028
622098,"Smith, Drew",2022,51.5338,153,0.3368,0.3217,13,0,22,4,0,8,38,0.3104,108.5,0.0151
622098,"Smith, Drew",2023,61.093,187,0.3267,0.3075,23,5,16,10,3,5,44,0.3204,102.0,0.0192
622250,"Sborz, Josh",2023,50.8354,177,0.2872,0.2869,15,1,22,5,1,6,56,0.3204,89.6,0.0003
622251,"Staumont, Josh",2022,41.6688,119,0.3502,0.3613,22,1,17,7,1,1,30,0.3104,112.8,-0.0111
622253,"Tate, Dillon",2022,58.3689,203,0.2875,0.2954,11,7,24,9,0,6,40,0.3104,92.6,-0.0079
622253,"Tate, Dillon",2024,48.9546,146,0.3353,0.3105,11,4,29,8,0,2,23,0.3123,107.4,0.0248
622491,"Castillo, Luis",2022,80.4162,308,0.2611,0.2908,25,4,38,12,0,6,88,0.3104,84.1,-0.0297
622491,"Castillo, Luis",2023,183.7074,570,0.3223,0.3058,41,5,63,28,3,25,167,0.3204,100.6,0.0165
622491,"Castillo, Luis",2024,163.7417,544,0.301,0.3047,39,3,71,25,2,17,129,0.3123,96.4,-0.0037
622491,"Castillo, Luis",2025,186.268,563,0.3308,0.3211,34,6,85,29,3,19,117,0.3147,105.1,0.0097
622503,"Crismatt, Nabil",2022,58.6582,204,0.2875,0.2858,16,2,24,13,0,4,47,0.3104,92.6,0.0017
622503,"Crismatt, Nabil",2025,33.2792,106,0.314,0.321,6,1,19,3,1,3,20,0.3147,99.8,-0.007
622554,"Domínguez, Seranthony",2022,42.9913,152,0.2828,0.2759,15,1,18,8,0,3,46,0.3104,91.1,0.0069
622554,"Domínguez, Seranthony",2023,44.0787,157,0.2808,0.3205,12,5,26,2,0,4,36,0.3204,87.6,-0.0397
622554,"Domínguez, Seranthony",2024,61.4748,194,0.3169,0.2844,17,0,23,6,1,9,51,0.3123,101.5,0.0325
622554,"Domínguez, Seranthony",2025,52.7295,168,0.3139,0.3068,21,0,24,6,0,5,50,0.3147,99.7,0.0071
622608,"Senzatela, Antonio",2022,113.2531,287,0.3946,0.3687,17,1,69,21,2,5,32,0.3104,127.1,0.0259
622608,"Senzatela, Antonio",2025,236.8151,567,0.4177,0.4113,44,7,116,37,3,22,66,0.3147,132.7,0.0064
622663,"Severino, Luis",2022,77.6406,310,0.2505,0.2428,22,4,31,10,0,9,88,0.3104,80.7,0.0077
622663,"Severino, Luis",2023,132.1992,291,0.4543,0.3891,23,5,53,16,2,19,58,0.3204,141.8,0.0652
622663,"Severino, Luis",2024,130.3915,454,0.2872,0.2884,31,6,72,11,2,12,97,0.3123,92.0,-0.0012
622663,"Severino, Luis",2025,174.1073,537,0.3242,0.3383,35,14,89,29,1,12,95,0.3147,103.0,-0.0141
622694,"Hernández, Elieser",2022,99.4648,229,0.4343,0.3391,16,4,21,17,2,17,49,0.3104,139.9,0.0952
622786,"Tinoco, Jesus",2024,20.6175,105,0.1964,0.2745,6,1,10,1,1,2,28,0.3123,62.9,-0.0781
623149,"Sewald, Paul",2022,36.3995,160,0.2275,0.2654,10,3,13,2,0,6,46,0.3104,73.3,-0.0379
623149,"Sewald, Paul",2023,49.6748,158,0.3144,0.2903,14,1,19,6,0,7,54,0.3204,98.1,0.0241
623149,"Sewald, Paul",2024,36.6468,118,0.3106,0.2978,6,2,13,10,0,3,29,0.3123,99.5,0.0128
623167,"Flexen, Chris",2022,138.8777,424,0.3275,0.3363,32,2,63,15,3,16,71,0.3104,105.5,-0.0088
623167,"Flexen, Chris",2023,152.8117,382,0.4,0.3803,32,4,73,13,0,22,56,0.3204,124.8,0.0197
623167,"Flexen, Chris",2024,193.5891,552,0.3507,0.3296,47,2,83,33,2,19,97,0.3123,112.3,0.0211
623167,"Flexen, Chris",2025,47.2179,145,0.3256,0.3808,11,0,25,2,0,7,17,0.3147,103.5,-0.0552
623211,"Brazobán, Huascar",2023,56.5782,176,0.3215,0.2935,18,2,28,7,0,5,45,0.3204,100.3,0.028
623211,"Brazobán, Huascar",2024,33.7496,151,0.2235,0.2725,17,3,15,2,1,2,41,0.3123,71.6,-0.049
623211,"Brazobán, Huascar",2025,59.2396,189,0.3134,0.3147,21,3,29,5,1,5,42,0.3147,99.6,-0.0013
623352,"Hader, Josh",2022,59.293,176,0.3369,0.3027,18,3,23,6,1,7,61,0.3104,108.5,0.0342
623352,"Hader, Josh",2023,40.3073,164,0.2458,0.2584,22,2,21,3,0,2,59,0.3204,76.7,-0.0126
623352,"Hader, Josh",2024,64.143,199,0.3223,0.2784,18,1,22,4,1,11,68,0.3123,103.2,0.0439
623352,"Hader, Josh",2025,35.0254,131,0.2674,0.2398,9,2,8,7,0,5,52,0.3147,85.0,0.0276
623433,"Anderson, Nick",2023,33.0818,121,0.2734,0.2924,8,0,14,7,0,3,34,0.3204,85.3,-0.019
623433,"Anderson, Nick",2024,41.7571,115,0.3631,0.361,10,1,13,7,0,6,23,0.3123,116.3,0.0021
623437,"Topa, Justin",2023,45.5471,190,0.2397,0.25,8,2,36,4,1,1,44,0.3204,74.8,-0.0103
623437,"Topa, Justin",2025,61.6691,197,0.313,0.3214,12,2,37,13,0,2,38,0.3147,99.5,-0.0084
623451,"Stephens, Jackson",2022,43.5138,163,0.267,0.3131,13,2,26,4,0,3,34,0.3104,86.0,-0.0461
623465,"Phillips, Evan",2022,34.1511,170,0.2009,0.2447,12,3,16,5,0,2,55,0.3104,64.7,-0.0438
623465,"Phillips, Evan",2023,44.6811,167,0.2676,0.2879,9,2,18,5,1,6,47,0.3204,83.5,-0.0203
623465,"Phillips, Evan",2024,46.6725,165,0.2829,0.2768,12,0,24,9,0,3,47,0.3123,90.6,0.0061
623474,"Herget, Jimmy",2022,41.442,178,0.2328,0.2507,7,2,19,11,0,2,41,0.3104,75.0,-0.0179
623474,"Herget, Jimmy",2023,45.3543,111,0.4086,0.346,5,2,16,8,0,7,20,0.3204,127.5,0.0626
623474,"Herget, Jimmy",2025,90.0589,300,0.3002,0.2889,21,7,47,13,1,6,70,0.3147,95.4,0.0113
624133,"Suárez, Ranger",2022,171.486,529,0.3242,0.3117,43,1,74,34,1,14,105,0.3104,104.4,0.0125
624133,"Suárez, Ranger",2023,150.4201,458,0.3284,0.3249,41,2,76,22,3,11,103,0.3204,102.5,0.0035
624133,"Suárez, Ranger",2024,153.7397,490,0.3138,0.3044,31,5,75,25,2,13,108,0.3123,100.5,0.0094
624133,"Suárez, Ranger",2025,125.9606,454,0.2774,0.2836,27,4,76,15,1,9,108,0.3147,88.1,-0.0062
624522,"Thompson, Keegan",2022,121.463,349,0.348,0.3347,29,7,45,14,3,15,75,0.3104,112.1,0.0133
624522,"Thompson, Keegan",2023,30.3735,112,0.2712,0.3108,15,1,13,4,0,2,25,0.3204,84.6,-0.0396
624647,"González, Victor",2023,25.9014,106,0.2444,0.2723,8,2,13,5,0,1,22,0.3204,76.3,-0.0279
625643,"López, Reynaldo",2022,44.08,177,0.249,0.3,10,1,25,9,1,1,42,0.3104,80.2,-0.051
625643,"López, Reynaldo",2023,59.1223,202,0.2927,0.3215,26,1,26,4,1,6,61,0.3204,91.4,-0.0288
625643,"López, Reynaldo",2024,128.2796,471,0.2724,0.3022,34,2,67,20,1,9,131,0.3123,87.2,-0.0298
628317,"Maeda, Kenta",2023,113.1062,357,0.3168,0.2991,23,1,45,19,1,14,101,0.3204,98.9,0.0177
628317,"Maeda, Kenta",2024,79.5352,284,0.2801,0.3006,13,4,43,10,0,8,54,0.3123,89.7,-0.0205
628452,"Iglesias, Raisel",2022,43.4556,172,0.2526,0.2874,10,2,23,7,0,3,54,0.3104,81.4,-0.0348
628452,"Iglesias, Raisel",2023,50.5181,171,0.2954,0.2818,12,0,26,9,0,4,52,0.3204,92.2,0.0136
628452,"Iglesias, Raisel",2024,33.9264,150,0.2262,0.2702,5,2,15,4,1,4,37,0.3123,72.4,-0.044
628452,"Iglesias, Raisel",2025,56.274,195,0.2886,0.2925,11,1,25,10,0,6,51,0.3147,91.7,-0.0039
628708,"Marte, Yunior",2022,62.106,191,0.3252,0.2892,16,5,29,8,1,5,42,0.3104,104.8,0.036
628708,"Marte, Yunior",2023,49.767,137,0.3633,0.3426,15,1,22,6,1,5,28,0.3204,113.4,0.0207
628711,"Urías, Julio",2022,151.4777,563,0.2691,0.2522,30,5,61,17,2,21,142,0.3104,86.7,0.0169
628711,"Urías, Julio",2023,114.3804,315,0.3631,0.3053,16,2,36,19,1,19,84,0.3204,113.3,0.0578
630023,"Chirinos, Yonny",2023,107.5495,283,0.38,0.3864,20,4,44,19,1,12,45,0.3204,118.6,-0.0064
630023,"Chirinos, Yonny",2024,46.9813,115,0.4085,0.3238,9,2,23,7,1,4,24,0.3123,130.8,0.0847
640444,"Crowe, Wil",2022,75.0736,259,0.2899,0.3042,30,2,41,7,0,5,60,0.3104,93.4,-0.0143
640448,"Finnegan, Kyle",2022,61.3194,193,0.3177,0.2931,15,0,24,9,0,8,57,0.3104,102.4,0.0246
640448,"Finnegan, Kyle",2023,67.0062,190,0.3527,0.3513,14,1,32,9,0,8,46,0.3204,110.1,0.0014
640448,"Finnegan, Kyle",2024,39.3126,143,0.2749,0.3282,14,0,23,2,1,3,31,0.3123,88.0,-0.0533
640448,"Finnegan, Kyle",2025,38.1946,126,0.3031,0.2785,9,1,17,2,3,4,27,0.3147,96.3,0.0246
640451,"Harvey, Hunter",2022,35.6737,132,0.2703,0.2638,9,0,18,8,1,1,36,0.3104,87.1,0.0065
640451,"Harvey, Hunter",2023,38.5011,150,0.2567,0.3004,12,1,19,4,0,4,42,0.3204,80.1,-0.0437
640451,"Harvey, Hunter",2024,33.9453,125,0.2716,0.3183,8,2,16,9,0,1,35,0.3123,87.0,-0.0467
640455,"Manaea, Sean",2022,182.0931,519,0.3509,0.3128,35,3,77,22,4,23,128,0.3104,113.0,0.0381
640455,"Manaea, Sean",2023,118.1256,393,0.3006,0.3142,36,7,50,14,3,11,96,0.3204,93.8,-0.0136
640455,"Manaea, Sean",2024,159.5364,541,0.2949,0.3112,53,6,66,24,0,15,125,0.3123,94.4,-0.0163
640455,"Manaea, Sean",2025,59.645,165,0.3615,0.3203,9,4,22,7,1,9,51,0.3147,114.9,0.0412
640462,"Puk, A.J.",2022,70.2164,207,0.3392,0.314,15,8,30,10,0,7,49,0.3104,109.3,0.0252
640462,"Puk, A.J.",2023,49.6161,172,0.2885,0.2521,6,2,25,7,0,6,59,0.3204,90.0,0.0364
640462,"Puk, A.J.",2024,61.0097,223,0.2736,0.2639,20,1,20,15,1,4,69,0.3123,87.6,0.0097
640470,"Alzolay, Adbert",2023,40.0427,173,0.2315,0.2764,9,3,26,3,0,3,49,0.3204,72.3,-0.0449
641154,"López, Pablo",2022,162.7862,510,0.3192,0.2877,29,3,70,27,3,17,126,0.3104,102.8,0.0315
641154,"López, Pablo",2023,177.9771,545,0.3266,0.2802,35,8,90,20,5,17,150,0.3204,101.9,0.0464
641154,"López, Pablo",2024,179.9066,568,0.3167,0.2861,30,6,82,26,0,22,157,0.3123,101.4,0.0306
641154,"López, Pablo",2025,70.7926,261,0.2712,0.3076,15,2,38,11,1,5,61,0.3147,86.2,-0.0364
641302,"Alexander, Tyler",2022,138.8638,399,0.348,0.355,23,0,65,18,2,17,59,0.3104,112.1,-0.007
641302,"Alexander, Tyler",2023,53.2802,156,0.3415,0.3057,5,1,23,10,0,7,42,0.3204,106.6,0.0358
641302,"Alexander, Tyler",2024,109.8321,324,0.339,0.3234,17,5,45,11,1,17,61,0.3123,108.5,0.0156
641302,"Alexander, Tyler",2025,97.9776,293,0.3344,0.3552,17,1,55,12,3,8,51,0.3147,106.3,-0.0208
641329,"Baker, Bryan",2022,56.4272,201,0.2807,0.2785,16,2,33,7,2,2,53,0.3104,90.4,0.0022
641329,"Baker, Bryan",2023,40.2844,146,0.2759,0.2539,15,1,20,7,0,2,43,0.3204,86.1,0.022
641329,"Baker, Bryan",2025,50.8742,189,0.2692,0.3078,11,0,20,5,2,7,58,0.3147,85.5,-0.0386
641360,"Bickford, Phil",2022,60.8816,191,0.3188,0.2838,11,2,17,10,0,10,50,0.3104,102.7,0.035
641360,"Bickford, Phil",2023,74.3243,223,0.3333,0.3388,28,3,27,11,1,7,60,0.3204,104.0,-0.0055
641401,"Brogdon, Connor",2022,49.6956,149,0.3335,0.303,9,1,24,5,1,6,38,0.3104,107.4,0.0305
641401,"Brogdon, Connor",2025,50.4842,140,0.3606,0.3314,13,0,18,6,0,8,31,0.3147,114.6,0.0292
641447,"Castano, Daniel",2022,55.5304,143,0.3883,0.3449,9,2,21,11,2,5,18,0.3104,125.1,0.0434
641482,"Cortes, Nestor",2022,102.3921,392,0.2612,0.2646,22,1,49,13,0,12,101,0.3104,84.1,-0.0034
641482,"Cortes, Nestor",2023,84.4266,249,0.3391,0.3001,18,3,33,15,0,10,59,0.3204,105.8,0.039
641482,"Cortes, Nestor",2024,179.7537,528,0.3404,0.3088,30,3,72,39,0,19,106,0.3123,109.0,0.0316
641482,"Cortes, Nestor",2025,60.3936,142,0.4253,0.4026,18,2,15,3,0,13,27,0.3147,135.1,0.0227
641501,"Danish, Tyler",2022,54.7129,160,0.342,0.3837,11,4,25,4,1,7,30,0.3104,110.2,-0.0417
641540,"Dunning, Dane",2022,168.9845,476,0.355,0.3305,45,9,73,27,2,14,104,0.3104,114.4,0.0245
641540,"Dunning, Dane",2023,150.9588,490,0.3081,0.3242,34,6,75,17,3,15,97,0.3204,96.2,-0.0161
641540,"Dunning, Dane",2024,119.5067,332,0.36,0.352,32,5,46,13,1,16,73,0.3123,115.3,0.008
641582,"Foster, Matt",2022,40.9458,143,0.2863,0.3067,14,0,21,2,0,5,34,0.3104,92.2,-0.0204
641585,"France, J.P.",2023,151.945,473,0.3212,0.3427,40,2,75,18,1,16,79,0.3204,100.2,-0.0215
641627,"Gott, Trevor",2022,40.5563,132,0.3072,0.2866,9,3,14,3,0,7,34,0.3104,99.0,0.0206
641627,"Gott, Trevor",2023,65.9746,205,0.3218,0.2911,13,4,37,10,1,4,53,0.3204,100.4,0.0307
641656,"Hamilton, Ian",2023,49.5063,175,0.2829,0.3002,18,2,26,7,1,2,50,0.3204,88.3,-0.0173
641656,"Hamilton, Ian",2024,38.0303,124,0.3067,0.3084,10,3,19,7,0,2,29,0.3123,98.2,-0.0017
641656,"Hamilton, Ian",2025,43.7457,136,0.3217,0.3234,16,1,17,4,1,5,37,0.3147,102.2,-0.0017
641672,"Hatch, Thomas",2023,34.5966,105,0.3295,0.3115,8,1,18,7,0,2,22,0.3204,102.8,0.018
641672,"Hatch, Thomas",2025,57.1984,149,0.3839,0.3364,15,0,26,7,0,7,22,0.3147,122.0,0.0475
641703,"Honeywell, Brent",2023,63.0255,190,0.3317,0.3547,18,2,29,3,2,8,39,0.3204,103.5,-0.023
641703,"Honeywell, Brent",2024,39.0631,124,0.315,0.3439,10,2,18,7,0,3,14,0.3123,100.9,-0.0289
641712,"Hudson, Dakota",2022,146.4051,487,0.3006,0.3389,50,8,85,16,1,7,63,0.3104,96.8,-0.0383
641712,"Hudson, Dakota",2023,105.6576,297,0.3557,0.3741,27,6,51,18,0,8,42,0.3204,111.0,-0.0184
641712,"Hudson, Dakota",2024,100.1874,288,0.3479,0.3633,38,4,50,14,0,6,35,0.3123,111.4,-0.0154
641726,"Jefferies, Daulton",2022,48.9318,150,0.3262,0.2901,7,2,25,11,0,3,26,0.3104,105.1,0.0361
641729,"Jiménez, Joe",2022,54.8198,206,0.2661,0.2738,12,0,31,6,2,4,68,0.3104,85.7,-0.0077
641729,"Jiménez, Joe",2023,56.4579,183,0.3085,0.2896,8,2,24,10,0,7,60,0.3204,96.3,0.0189
641729,"Jiménez, Joe",2024,43.1038,182,0.2368,0.2594,15,2,27,6,0,1,55,0.3123,75.8,-0.0226
641745,"Keller, Brad",2022,157.8211,437,0.3611,0.3359,48,2,77,19,3,13,72,0.3104,116.3,0.0252
641745,"Keller, Brad",2023,62.8527,184,0.3416,0.3509,35,2,28,8,0,3,29,0.3204,106.6,-0.0093
641745,"Keller, Brad",2024,63.7354,153,0.4166,0.3572,11,2,24,10,0,9,26,0.3123,133.4,0.0594
641745,"Keller, Brad",2025,45.5118,202,0.2253,0.2573,13,6,26,2,0,4,56,0.3147,71.6,-0.032
641755,"Kinley, Tyler",2024,73.6991,211,0.3493,0.3291,21,2,25,13,1,8,52,0.3123,111.8,0.0202
641755,"Kinley, Tyler",2025,58.7744,240,0.2449,0.2809,23,3,26,7,0,5,60,0.3147,77.8,-0.036
641771,"Kuhl, Chad",2022,150.9977,404,0.3738,0.345,38,3,60,23,4,15,79,0.3104,120.4,0.0288
641771,"Kuhl, Chad",2023,60.7352,152,0.3996,0.4235,22,3,20,11,0,6,28,0.3204,124.7,-0.0239
641771,"Kuhl, Chad",2024,58.3962,174,0.3356,0.3032,14,3,33,8,0,4,42,0.3123,107.5,0.0324
641778,"Lauer, Eric",2022,159.9273,515,0.3105,0.3115,47,1,67,16,2,20,121,0.3104,100.0,-0.001
641778,"Lauer, Eric",2023,84.0042,189,0.4445,0.4143,20,0,24,10,0,16,36,0.3204,138.7,0.0302
641778,"Lauer, Eric",2025,104.5236,319,0.3277,0.311,18,1,39,18,1,14,79,0.3147,104.1,0.0167
641793,"Littell, Zack",2022,52.9425,150,0.353,0.2492,9,0,25,9,1,5,34,0.3104,113.7,0.1038
641793,"Littell, Zack",2023,87.8948,299,0.294,0.3026,10,3,45,14,1,9,60,0.3204,91.8,-0.0086
641793,"Littell, Zack",2024,176.8488,515,0.3434,0.331,22,4,96,26,2,17,108,0.3123,110.0,0.0124
641793,"Littell, Zack",2025,187.0036,572,0.3269,0.3283,20,5,87,23,1,27,100,0.3147,103.9,-0.0014
641816,"Mahle, Tyler",2022,134.3115,431,0.3116,0.2883,39,2,58,19,3,12,107,0.3104,100.4,0.0233
641816,"Mahle, Tyler",2023,31.2985,100,0.313,0.2787,5,0,13,4,0,5,28,0.3204,97.7,0.0343
641816,"Mahle, Tyler",2025,70.8245,288,0.2459,0.3239,26,0,44,9,1,2,55,0.3147,78.1,-0.078
641835,"Mayza, Tim",2022,37.141,128,0.2902,0.3153,6,1,16,2,1,6,35,0.3104,93.5,-0.0251
641835,"Mayza, Tim",2023,43.9288,158,0.278,0.2849,6,0,31,9,0,1,42,0.3204,86.8,-0.0069
641835,"Mayza, Tim",2024,50.5377,144,0.351,0.3536,10,0,30,9,0,3,19,0.3123,112.4,-0.0026
641871,"Middleton, Keynan",2023,49.8029,150,0.332,0.328,17,1,22,3,0,7,43,0.3204,103.6,0.004
641927,"Ober, Bailey",2022,61.8978,224,0.2763,0.3336,11,2,32,10,2,4,51,0.3104,89.0,-0.0573
641927,"Ober, Bailey",2023,127.0477,423,0.3003,0.2933,20,7,61,18,1,14,101,0.3204,93.7,0.007
641927,"Ober, Bailey",2024,153.3407,496,0.3092,0.2934,31,3,51,23,4,21,123,0.3123,99.0,0.0158
641927,"Ober, Bailey",2025,159.0207,427,0.3724,0.3404,27,4,63,25,0,22,81,0.3147,118.3,0.032
641941,"Pagán, Emilio",2022,61.7665,199,0.3104,0.2806,16,0,26,10,1,6,69,0.3104,100.0,0.0298
641941,"Pagán, Emilio",2023,51.3939,214,0.2402,0.2796,13,1,24,9,2,3,50,0.3204,75.0,-0.0394
641941,"Pagán, Emilio",2024,30.0172,100,0.3002,0.2937,5,0,17,4,0,3,27,0.3123,96.1,0.0065
641941,"Pagán, Emilio",2025,36.0618,174,0.2073,0.2581,15,1,15,5,0,3,54,0.3147,65.9,-0.0508
642048,"Saucedo, Tayler",2023,52.9047,173,0.3058,0.3206,22,5,30,4,1,2,35,0.3204,95.4,-0.0148
642048,"Saucedo, Tayler",2024,37.9297,116,0.327,0.2731,9,0,21,3,2,3,30,0.3123,104.7,0.0539
642100,"Speier, Gabe",2023,44.0526,153,0.2879,0.2837,2,2,24,7,0,5,50,0.3204,89.9,0.0042
642100,"Speier, Gabe",2025,45.0458,164,0.2747,0.2573,6,2,19,8,2,4,53,0.3147,87.3,0.0174
642121,"Sulser, Cole",2022,43.114,124,0.3477,0.3436,13,0,22,7,0,3,34,0.3104,112.0,0.0041
642152,"Trivino, Lou",2022,63.1313,187,0.3376,0.3191,16,3,34,8,0,5,53,0.3104,108.8,0.0185
642152,"Trivino, Lou",2025,47.5375,155,0.3067,0.3289,12,5,26,3,1,4,25,0.3147,97.5,-0.0222
642207,"Williams, Devin",2022,35.388,165,0.2145,0.2246,21,2,18,5,0,0,70,0.3104,69.1,-0.0101
642207,"Williams, Devin",2023,35.0787,159,0.2206,0.2717,19,0,15,5,0,2,56,0.3204,68.9,-0.0511
642207,"Williams, Devin",2025,42.7595,174,0.2457,0.2907,20,1,17,7,1,2,65,0.3147,78.1,-0.045
642216,"Winans, Allan",2023,40.1591,117,0.3432,0.3006,5,1,19,5,1,5,28,0.3204,107.1,0.0426
642232,"Yarbrough, Ryan",2022,77.991,231,0.3376,0.3122,16,8,37,11,0,7,42,0.3104,108.8,0.0254
642232,"Yarbrough, Ryan",2023,105.1715,324,0.3246,0.3201,10,7,55,13,0,13,58,0.3204,101.3,0.0045
642232,"Yarbrough, Ryan",2024,82.0266,283,0.2898,0.316,26,7,38,8,0,8,48,0.3123,92.8,-0.0262
642232,"Yarbrough, Ryan",2025,80.1022,234,0.3423,0.3237,15,2,32,7,1,13,49,0.3147,108.8,0.0186
642397,"Soto, Gregory",2022,58.2413,198,0.2941,0.3199,30,4,21,10,1,2,48,0.3104,94.7,-0.0258
642397,"Soto, Gregory",2023,38.8158,162,0.2396,0.238,11,1,21,7,0,2,46,0.3204,74.8,0.0016
642397,"Soto, Gregory",2024,63.857,174,0.367,0.3466,19,5,27,10,2,4,44,0.3123,117.5,0.0204
642397,"Soto, Gregory",2025,57.9623,201,0.2884,0.3036,18,8,37,5,0,2,54,0.3147,91.6,-0.0152
642528,"Loáisiga, Jonathan",2022,39.314,141,0.2788,0.2977,17,0,23,2,0,3,28,0.3104,89.8,-0.0189
642545,"Barria, Jaime",2022,79.931,255,0.3135,0.3165,16,3,29,10,3,10,47,0.3104,101.0,-0.003
642545,"Barria, Jaime",2023,109.6996,278,0.3946,0.3672,20,2,41,14,0,18,47,0.3204,123.2,0.0274
642546,"Hernández, Jonathan",2023,37.7659,108,0.3497,0.3255,8,4,17,5,0,4,26,0.3204,109.1,0.0242
642546,"Hernández, Jonathan",2024,52.5235,142,0.3699,0.3539,23,1,21,5,1,5,25,0.3123,118.4,0.016
642547,"Peralta, Freddy",2022,63.4758,232,0.2736,0.2706,20,3,26,10,1,5,66,0.3104,88.1,0.003
642547,"Peralta, Freddy",2023,181.4526,588,0.3086,0.2945,48,6,69,27,0,23,176,0.3204,96.3,0.0141
642547,"Peralta, Freddy",2024,164.7941,516,0.3194,0.3088,49,7,68,21,1,18,143,0.3123,102.3,0.0106
642547,"Peralta, Freddy",2025,152.9089,572,0.2673,0.2904,54,9,62,20,0,15,164,0.3147,84.9,-0.0231
642585,"Bautista, Félix",2022,44.1913,180,0.2455,0.2717,17,1,17,5,0,5,61,0.3104,79.1,-0.0262
642585,"Bautista, Félix",2023,38.5982,172,0.2244,0.237,23,1,19,3,0,2,78,0.3204,70.0,-0.0126
642701,"Santana, Dennis",2022,49.2649,172,0.2864,0.3095,17,3,24,9,0,2,39,0.3104,92.3,-0.0231
642701,"Santana, Dennis",2024,64.0131,237,0.2701,0.2762,19,3,29,13,1,3,58,0.3123,86.5,-0.0061
642701,"Santana, Dennis",2025,51.0389,196,0.2604,0.317,14,2,20,7,3,4,40,0.3147,82.7,-0.0566
642758,"Acevedo, Domingo",2022,64.1266,195,0.3289,0.309,11,3,24,10,1,8,41,0.3104,106.0,0.0199
643256,"Cimber, Adam",2022,60.8405,199,0.3057,0.3106,9,6,33,9,1,4,37,0.3104,98.5,-0.0049
643290,"Dunn, Justin",2022,61.4347,137,0.4484,0.4305,17,3,13,8,0,11,21,0.3104,144.5,0.0179
643338,"Green, Chad",2024,45.8388,138,0.3322,0.3324,10,2,16,4,0,8,27,0.3123,106.4,-0.0002
643338,"Green, Chad",2025,59.36,139,0.4271,0.3912,7,0,21,6,0,12,26,0.3147,135.7,0.0359
643377,"Jax, Griffin",2022,50.8959,193,0.2637,0.2749,11,2,28,4,1,5,52,0.3104,85.0,-0.0112
643377,"Jax, Griffin",2023,55.1345,188,0.2933,0.2683,13,3,29,6,2,4,48,0.3204,91.5,0.025
643377,"Jax, Griffin",2024,42.7414,178,0.2401,0.2428,11,1,23,4,2,3,62,0.3123,76.9,-0.0027
643377,"Jax, Griffin",2025,50.6241,187,0.2707,0.2538,14,1,28,5,1,4,71,0.3147,86.0,0.0169
643410,"Leiter Jr., Mark",2022,78.977,254,0.3109,0.3091,21,6,31,6,2,10,70,0.3104,100.2,0.0018
643410,"Leiter Jr., Mark",2023,62.2485,207,0.3007,0.3104,21,6,18,11,1,6,66,0.3204,93.9,-0.0097
643410,"Leiter Jr., Mark",2024,62.1832,187,0.3325,0.3131,16,2,32,6,1,6,57,0.3123,106.5,0.0194
643410,"Leiter Jr., Mark",2025,67.8347,183,0.3707,0.3153,13,4,36,10,1,5,46,0.3147,117.8,0.0554
643493,"Pruitt, Austin",2022,55.3959,166,0.3337,0.3166,7,1,19,7,0,10,28,0.3104,107.5,0.0171
643493,"Pruitt, Austin",2023,42.7155,142,0.3008,0.3308,8,1,20,5,1,5,22,0.3204,93.9,-0.03
643511,"Rogers, Tyler",2022,82.1281,264,0.3111,0.2934,20,4,46,12,3,3,38,0.3104,100.2,0.0177
643511,"Rogers, Tyler",2023,68.1044,217,0.3138,0.2654,10,2,34,12,1,6,40,0.3204,97.9,0.0484
643511,"Rogers, Tyler",2024,65.0276,219,0.2969,0.2716,3,7,33,12,0,6,38,0.3123,95.1,0.0253
643511,"Rogers, Tyler",2025,44.4005,209,0.2124,0.2591,5,1,35,5,0,2,30,0.3147,67.5,-0.0467
644364,"Arano, Víctor",2022,39.822,132,0.3017,0.2723,9,2,23,3,0,4,31,0.3104,97.2,0.0294
645261,"Alcantara, Sandy",2022,156.9351,639,0.2456,0.2483,32,4,86,27,5,7,154,0.3104,79.1,-0.0027
645261,"Alcantara, Sandy",2023,216.464,699,0.3097,0.3224,44,5,112,29,1,22,140,0.3204,96.7,-0.0127
645261,"Alcantara, Sandy",2025,179.1603,579,0.3094,0.3312,45,8,75,32,0,17,115,0.3147,98.3,-0.0218
647315,"Pop, Zach",2022,28.4796,128,0.2225,0.2718,2,2,20,5,0,1,23,0.3104,71.7,-0.0493
647315,"Pop, Zach",2024,51.0582,149,0.3427,0.3514,14,1,20,6,0,7,22,0.3123,109.7,-0.0087
647336,"Soroka, Michael",2023,49.83,117,0.4259,0.378,10,2,15,8,0,8,26,0.3204,132.9,0.0479
647336,"Soroka, Michael",2024,93.7456,278,0.3372,0.3376,37,3,32,8,3,11,67,0.3123,108.0,-0.0004
647336,"Soroka, Michael",2025,95.5191,320,0.2985,0.2891,24,14,39,12,1,9,85,0.3147,94.9,0.0094
650556,"Abreu, Bryan",2022,47.0283,191,0.2462,0.2633,18,3,29,4,0,2,72,0.3104,79.3,-0.0171
650556,"Abreu, Bryan",2023,48.3648,206,0.2348,0.2804,24,3,22,7,0,2,71,0.3204,73.3,-0.0456
650556,"Abreu, Bryan",2024,73.1563,238,0.3074,0.2852,20,4,33,9,1,7,72,0.3123,98.4,0.0222
650556,"Abreu, Bryan",2025,48.382,219,0.2209,0.281,25,2,28,5,0,1,80,0.3147,70.2,-0.0601
650633,"King, Michael",2022,35.4083,146,0.2425,0.2628,9,0,18,6,1,2,51,0.3104,78.1,-0.0203
650633,"King, Michael",2023,79.7042,305,0.2613,0.2744,18,2,46,12,2,4,95,0.3204,81.6,-0.0131
650633,"King, Michael",2024,137.7528,526,0.2619,0.2885,51,7,68,20,0,8,149,0.3123,83.9,-0.0266
650633,"King, Michael",2025,87.0534,282,0.3087,0.3234,22,3,35,10,0,12,72,0.3147,98.1,-0.0147
650644,"Civale, Aaron",2022,116.4135,340,0.3424,0.3112,18,7,48,19,0,14,86,0.3104,110.3,0.0312
650644,"Civale, Aaron",2023,105.5956,361,0.2925,0.2955,24,2,57,16,1,8,89,0.3204,91.3,-0.003
650644,"Civale, Aaron",2024,168.9702,515,0.3281,0.3162,48,5,73,20,0,20,109,0.3123,105.1,0.0119
650644,"Civale, Aaron",2025,101.3304,300,0.3378,0.3183,25,6,38,16,0,12,66,0.3147,107.3,0.0195
650671,"Quijada, José",2022,35.2509,112,0.3147,0.2733,14,1,8,7,0,4,33,0.3104,101.4,0.0414
650893,"Cabrera, Génesis",2022,53.7673,147,0.3658,0.3517,15,3,21,4,0,8,24,0.3104,117.8,0.0141
650893,"Cabrera, Génesis",2023,57.3907,174,0.3298,0.322,17,1,20,8,0,8,45,0.3204,102.9,0.0078
650893,"Cabrera, Génesis",2024,73.0431,197,0.3708,0.327,19,2,31,11,0,8,32,0.3123,118.7,0.0438
650893,"Cabrera, Génesis",2025,59.7706,144,0.4151,0.3565,15,2,23,8,0,8,24,0.3147,131.9,0.0586
650895,"Castillo, Diego",2022,39.5287,157,0.2518,0.251,11,1,22,3,0,4,42,0.3104,81.1,0.0008
650911,"Sánchez, Cristopher",2022,44.2741,143,0.3096,0.3225,16,3,19,7,0,3,26,0.3104,99.7,-0.0129
650911,"Sánchez, Cristopher",2023,95.9925,294,0.3265,0.3007,10,0,42,16,1,13,74,0.3204,101.9,0.0258
650911,"Sánchez, Cristopher",2024,108.6524,414,0.2624,0.2681,19,0,70,16,0,7,91,0.3123,84.0,-0.0057
650911,"Sánchez, Cristopher",2025,151.7779,565,0.2686,0.2934,32,5,87,26,0,9,136,0.3147,85.4,-0.0248
655889,"Rodríguez, Manuel",2024,30.5051,112,0.2724,0.2864,6,2,17,3,0,3,26,0.3123,87.2,-0.014
656061,"Abreu, Albert",2022,47.6177,140,0.3401,0.3278,21,1,20,4,0,5,31,0.3104,109.6,0.0123
656061,"Abreu, Albert",2023,76.1118,226,0.3368,0.3287,28,5,27,11,0,8,52,0.3204,105.1,0.0081
656222,"Beeks, Jalen",2022,48.5199,164,0.2959,0.2875,13,2,17,8,1,5,44,0.3104,95.3,0.0084
656222,"Beeks, Jalen",2023,54.0339,170,0.3178,0.2962,19,1,23,10,0,4,41,0.3204,99.2,0.0216
656222,"Beeks, Jalen",2024,69.5293,225,0.309,0.2872,19,2,48,9,0,2,39,0.3123,98.9,0.0218
656222,"Beeks, Jalen",2025,36.1834,142,0.2548,0.2927,9,2,14,6,0,4,31,0.3147,81.0,-0.0379
656232,"Bielak, Brandon",2023,96.5231,279,0.346,0.3506,31,5,41,13,1,9,44,0.3204,108.0,-0.0046
656232,"Bielak, Brandon",2024,49.855,126,0.3957,0.393,12,2,23,6,1,5,12,0.3123,126.7,0.0027
656234,"Bird, Jake",2022,55.4166,154,0.3598,0.349,15,2,22,6,2,6,30,0.3104,115.9,0.0108
656234,"Bird, Jake",2023,87.3773,280,0.3121,0.3311,19,5,50,13,1,5,62,0.3204,97.4,-0.019
656234,"Bird, Jake",2024,46.1105,137,0.3366,0.3492,19,2,14,9,0,4,26,0.3123,107.8,-0.0126
656234,"Bird, Jake",2025,66.0923,178,0.3713,0.3118,17,1,32,9,1,6,49,0.3147,118.0,0.0595
656240,"Blewett, Scott",2025,54.282,142,0.3823,0.3569,16,1,23,4,0,8,25,0.3147,121.5,0.0254
656257,"Brigham, Jeff",2023,40.7964,126,0.3238,0.3309,14,4,11,3,0,7,31,0.3204,101.1,-0.0071
656271,"Burke, Brock",2022,66.3435,240,0.2764,0.2761,16,2,30,10,1,6,64,0.3104,89.0,0.0003
656271,"Burke, Brock",2023,66.9699,191,0.3506,0.3323,4,2,32,6,1,11,40,0.3204,109.4,0.0183
656271,"Burke, Brock",2024,47.9644,126,0.3807,0.2848,12,2,17,12,1,3,34,0.3123,121.9,0.0959
656271,"Burke, Brock",2025,65.4609,199,0.3289,0.3191,14,3,28,5,3,8,46,0.3147,104.5,0.0098
656288,"Canning, Griffin",2023,151.0099,465,0.3248,0.3147,29,5,63,18,3,20,115,0.3204,101.4,0.0101
656288,"Canning, Griffin",2024,139.8703,405,0.3454,0.3296,35,4,52,19,3,17,76,0.3123,110.6,0.0158
656288,"Canning, Griffin",2025,69.1,222,0.3113,0.3572,25,0,37,7,1,5,46,0.3147,98.9,-0.0459
656302,"Cease, Dylan",2022,156.2284,599,0.2608,0.2579,59,3,66,22,1,13,191,0.3104,84.0,0.0029
656302,"Cease, Dylan",2023,190.4524,577,0.3301,0.3234,50,8,89,27,5,15,153,0.3204,103.0,0.0067
656302,"Cease, Dylan",2024,172.4282,654,0.2637,0.2753,56,1,74,32,1,13,198,0.3123,84.4,-0.0116
656302,"Cease, Dylan",2025,190.9761,573,0.3333,0.3003,51,2,78,34,1,19,178,0.3147,105.9,0.033
656353,"Davidson, Tucker",2022,61.8299,185,0.3342,0.3308,24,2,25,10,1,4,27,0.3104,107.7,0.0034
656353,"Davidson, Tucker",2023,64.0805,172,0.3726,0.3475,13,2,29,14,0,5,35,0.3204,116.3,0.0251
656354,"Davis, Austin",2022,71.6803,210,0.3413,0.3366,26,5,36,7,2,4,49,0.3104,110.0,0.0047
656412,"Faedo, Alex",2022,81.8301,221,0.3703,0.371,23,1,37,14,0,7,39,0.3104,119.3,-0.0007
656412,"Faedo, Alex",2023,55.8099,171,0.3264,0.3029,14,0,16,11,0,8,41,0.3204,101.9,0.0235
656412,"Faedo, Alex",2024,58.8616,176,0.3344,0.3102,21,3,23,6,0,7,41,0.3123,107.1,0.0242
656427,"Flaherty, Jack",2022,40.9852,102,0.4018,0.374,16,2,15,3,2,4,19,0.3104,129.4,0.0278
656427,"Flaherty, Jack",2023,219.9693,616,0.3571,0.3474,63,12,102,34,2,17,143,0.3204,111.5,0.0097
656427,"Flaherty, Jack",2024,179.8374,597,0.3012,0.296,37,4,81,16,5,23,181,0.3123,96.4,0.0052
656427,"Flaherty, Jack",2025,186.8591,586,0.3189,0.3188,53,4,80,28,1,19,165,0.3147,101.3,0.0001
656457,"Gilbert, Tyler",2022,49.5675,143,0.3466,0.3889,9,1,20,5,0,8,20,0.3104,111.7,-0.0423
656457,"Gilbert, Tyler",2025,48.5029,161,0.3013,0.3336,18,1,17,8,0,5,39,0.3147,95.7,-0.0323
656458,"Gilbreath, Lucas",2022,38.5733,131,0.2945,0.3124,21,3,15,5,0,2,36,0.3104,94.9,-0.0179
656464,"Ginkel, Kevin",2023,37.3899,173,0.2161,0.2445,12,2,10,10,0,3,47,0.3204,67.4,-0.0284
656464,"Ginkel, Kevin",2024,59.2146,195,0.3037,0.2892,10,2,34,12,0,3,50,0.3123,97.2,0.0145
656529,"Hentges, Sam",2022,42.1481,190,0.2218,0.2543,16,1,21,7,0,2,52,0.3104,71.5,-0.0325
656529,"Hentges, Sam",2023,33.8275,127,0.2664,0.2736,10,0,23,3,0,2,32,0.3204,83.1,-0.0072
656546,"Hoffman, Jeff",2022,39.8187,133,0.2994,0.3069,14,3,20,5,2,1,32,0.3104,96.5,-0.0075
656546,"Hoffman, Jeff",2023,35.9979,160,0.225,0.2392,10,2,14,6,1,3,61,0.3204,70.2,-0.0142
656546,"Hoffman, Jeff",2024,36.5659,159,0.23,0.2578,7,1,14,3,2,5,57,0.3123,73.6,-0.0278
656546,"Hoffman, Jeff",2025,63.2937,185,0.3421,0.311,17,1,19,9,0,10,56,0.3147,108.7,0.0311
656550,"Holmes, Grant",2024,77.1222,250,0.3085,0.2973,11,2,46,10,0,7,62,0.3123,98.8,0.0112
656550,"Holmes, Grant",2025,134.723,444,0.3034,0.3266,49,6,60,15,0,13,116,0.3147,96.4,-0.0232
656557,"Houck, Tanner",2022,59.0757,209,0.2827,0.3141,17,5,38,5,0,3,47,0.3104,91.1,-0.0314
656557,"Houck, Tanner",2023,133.4557,410,0.3255,0.3142,35,6,59,23,0,12,92,0.3204,101.6,0.0113
656557,"Houck, Tanner",2024,124.0417,459,0.2702,0.3163,24,11,78,17,0,6,98,0.3123,86.5,-0.0461
656557,"Houck, Tanner",2025,45.9408,106,0.4334,0.3635,9,3,21,3,0,7,20,0.3147,137.7,0.0699
656578,"Jackson, Andre",2023,54.8256,163,0.3364,0.3603,17,1,15,6,1,9,42,0.3204,105.0,-0.0239
656605,"Keller, Mitch",2022,177.8279,545,0.3263,0.3183,50,9,94,26,2,10,114,0.3104,105.1,0.008
656605,"Keller, Mitch",2023,206.1436,611,0.3374,0.3225,39,11,92,33,1,22,158,0.3204,105.3,0.0149
656605,"Keller, Mitch",2024,236.7729,668,0.3545,0.3288,43,14,102,33,10,22,147,0.3123,113.5,0.0257
656605,"Keller, Mitch",2025,213.2079,653,0.3265,0.3257,41,10,97,38,2,19,131,0.3147,103.7,0.0008
656629,"Kopech, Michael",2022,121.6385,399,0.3049,0.3163,43,2,45,15,1,14,80,0.3104,98.2,-0.0114
656629,"Kopech, Michael",2023,161.1394,423,0.3809,0.366,56,9,48,17,1,24,97,0.3204,118.9,0.0149
656629,"Kopech, Michael",2024,64.4143,219,0.2941,0.2977,25,4,28,3,0,8,71,0.3123,94.2,-0.0036
656638,"Lange, Alex",2022,55.3866,199,0.2783,0.2714,20,4,23,6,2,4,68,0.3104,89.7,0.0069
656638,"Lange, Alex",2023,52.8436,189,0.2796,0.3023,33,6,14,10,0,2,50,0.3204,87.3,-0.0227
656641,"Latz, Jacob",2024,47.0612,151,0.3117,0.3526,19,1,24,4,0,4,31,0.3123,99.8,-0.0409
656641,"Latz, Jacob",2025,62.8956,199,0.3161,0.3272,16,0,29,8,2,6,44,0.3147,100.4,-0.0111
656657,"Logue, Zach",2022,92.7131,233,0.3979,0.3623,17,1,31,18,2,11,40,0.3104,128.2,0.0356
656685,"Martin, Brett",2022,49.193,156,0.3153,0.3115,12,0,25,10,0,3,34,0.3104,101.6,0.0038
656730,"Megill, Trevor",2022,43.4323,144,0.3016,0.3266,14,1,27,7,0,1,31,0.3104,97.2,-0.025
656730,"Megill, Trevor",2023,37.4822,124,0.3023,0.2806,12,1,21,6,1,1,45,0.3204,94.4,0.0217
656730,"Megill, Trevor",2024,27.3633,107,0.2557,0.2759,6,1,14,3,0,3,32,0.3123,81.9,-0.0202
656730,"Megill, Trevor",2025,33.0882,123,0.269,0.311,10,0,17,6,0,2,41,0.3147,85.5,-0.042
656731,"Megill, Tylor",2022,45.6021,130,0.3508,0.334,8,1,22,5,0,6,36,0.3104,113.0,0.0168
656731,"Megill, Tylor",2023,139.5359,404,0.3454,0.3709,36,5,72,16,0,14,77,0.3204,107.8,-0.0255
656731,"Megill, Tylor",2024,83.9596,265,0.3168,0.3182,27,3,37,12,1,7,72,0.3123,101.4,-0.0014
656731,"Megill, Tylor",2025,75.2204,256,0.2938,0.3147,32,6,35,7,1,5,78,0.3147,93.4,-0.0209
656756,"Montgomery, Jordan",2022,150.7489,506,0.2979,0.3034,25,7,73,25,2,13,118,0.3104,96.0,-0.0055
656756,"Montgomery, Jordan",2023,166.6178,555,0.3002,0.299,31,4,76,35,2,13,122,0.3204,93.7,0.0012
656756,"Montgomery, Jordan",2024,131.3652,355,0.37,0.3499,25,2,62,26,2,10,48,0.3123,118.5,0.0201
656793,"Nelson, Nick",2022,61.9337,207,0.2992,0.2865,21,1,36,12,0,1,50,0.3104,96.4,0.0127
656794,"Newcomb, Sean",2022,37.966,104,0.3651,0.3654,14,0,11,4,0,6,23,0.3104,117.6,-0.0003
656794,"Newcomb, Sean",2025,91.6267,304,0.3014,0.314,22,3,58,12,0,5,74,0.3147,95.8,-0.0126
656849,"Peterson, David",2022,102.018,328,0.311,0.3111,36,6,44,13,0,9,93,0.3104,100.2,-0.0001
656849,"Peterson, David",2023,102.516,290,0.3535,0.3432,32,4,49,8,3,10,73,0.3204,110.3,0.0103
656849,"Peterson, David",2024,87.4339,325,0.269,0.3181,28,3,47,13,0,5,68,0.3123,86.1,-0.0491
656849,"Peterson, David",2025,158.1307,509,0.3107,0.3278,48,5,77,29,2,8,117,0.3147,98.7,-0.0171
656876,"Rasmussen, Drew",2022,108.5313,392,0.2769,0.3055,21,1,52,17,2,10,75,0.3104,89.2,-0.0286
656876,"Rasmussen, Drew",2023,43.2719,175,0.2473,0.2651,11,1,28,6,0,2,47,0.3204,77.2,-0.0178
656876,"Rasmussen, Drew",2025,123.5045,462,0.2673,0.3017,27,4,67,11,0,14,96,0.3147,84.9,-0.0344
656945,"Scott, Tanner",2022,59.3624,200,0.2968,0.3015,25,3,32,5,1,3,63,0.3104,95.6,-0.0047
656945,"Scott, Tanner",2023,50.4786,208,0.2427,0.2319,14,2,26,9,0,3,76,0.3204,75.7,0.0108
656945,"Scott, Tanner",2024,40.3786,183,0.2206,0.271,19,0,23,2,0,3,54,0.3123,70.6,-0.0504
656945,"Scott, Tanner",2025,35.7224,133,0.2686,0.2916,6,1,16,3,1,5,40,0.3147,85.4,-0.023
656970,"Smeltzer, Devin",2022,48.7653,164,0.2973,0.262,9,0,25,6,1,5,21,0.3104,95.8,0.0353
656986,"Sousa, Bennett",2025,35.0084,125,0.2801,0.2842,11,0,14,7,0,3,34,0.3147,89.0,-0.0041
657006,"Steele, Justin",2022,93.7409,324,0.2893,0.2899,29,2,60,10,1,4,79,0.3104,93.2,-0.0006
657006,"Steele, Justin",2023,163.7261,577,0.2838,0.2858,28,6,95,27,2,10,142,0.3204,88.6,-0.002
657006,"Steele, Justin",2024,135.2494,478,0.2829,0.2644,34,4,70,20,0,11,114,0.3123,90.6,0.0185
657024,"Swanson, Erik",2022,26.2898,132,0.1992,0.2383,7,0,14,4,0,2,41,0.3104,64.2,-0.0391
657024,"Swanson, Erik",2023,55.4357,197,0.2814,0.2807,15,0,25,7,1,6,56,0.3204,87.8,0.0007
657024,"Swanson, Erik",2024,46.0722,120,0.3839,0.3618,9,0,12,8,0,8,24,0.3123,122.9,0.0221
657044,"Thompson, Ryan",2022,28.9715,105,0.2759,0.2696,7,0,15,4,1,2,22,0.3104,88.9,0.0063
657044,"Thompson, Ryan",2024,56.2022,187,0.3005,0.3061,8,1,39,4,3,3,35,0.3123,96.2,-0.0056
657044,"Thompson, Ryan",2025,32.9258,105,0.3136,0.3185,8,2,20,4,0,2,21,0.3147,99.7,-0.0049
657053,"Toussaint, Touki",2023,96.9659,303,0.32,0.3568,46,5,41,7,1,9,73,0.3204,99.9,-0.0368
657093,"Watkins, Spenser",2022,123.4969,376,0.3284,0.3361,25,2,62,21,1,10,51,0.3104,105.8,-0.0077
657097,"Webb, Jacob",2023,53.1543,195,0.2726,0.2935,24,3,18,8,1,4,48,0.3204,85.1,-0.0209
657097,"Webb, Jacob",2024,51.8103,195,0.2657,0.3019,26,1,20,7,0,4,47,0.3123,85.1,-0.0362
657097,"Webb, Jacob",2025,54.0165,173,0.3122,0.3039,15,2,21,5,0,8,40,0.3147,99.2,0.0083
657140,"Wright, Kyle",2022,163.6035,541,0.3024,0.3161,43,8,85,15,1,16,124,0.3104,97.4,-0.0137
657140,"Wright, Kyle",2023,55.2751,140,0.3948,0.3593,17,4,25,6,1,5,32,0.3204,123.2,0.0355
657240,"Merryweather, Julian",2022,40.8918,105,0.3894,0.3411,6,2,18,8,0,4,22,0.3104,125.5,0.0483
657240,"Merryweather, Julian",2023,71.0894,235,0.3025,0.3099,31,1,33,6,0,7,80,0.3204,94.4,-0.0074
657248,"Otto, Glenn",2022,149.0235,452,0.3297,0.3385,46,11,55,13,2,19,90,0.3104,106.2,-0.0088
657265,"Strzelecki, Peter",2022,29.7849,117,0.2546,0.2743,11,1,16,5,0,1,33,0.3104,82.0,-0.0197
657265,"Strzelecki, Peter",2023,44.0553,137,0.3216,0.3262,11,6,19,8,0,3,31,0.3204,100.4,-0.0046
657277,"Webb, Logan",2022,164.4978,599,0.2746,0.2879,40,7,88,31,3,6,137,0.3104,88.5,-0.0133
657277,"Webb, Logan",2023,213.1898,738,0.2889,0.3009,29,4,127,29,4,17,169,0.3204,90.2,-0.012
657277,"Webb, Logan",2024,226.7186,783,0.2896,0.3212,45,2,142,34,4,11,161,0.3123,92.7,-0.0316
657277,"Webb, Logan",2025,203.1034,646,0.3144,0.3104,35,4,114,35,3,13,163,0.3147,99.9,0.004
657376,"Schmidt, Clarke",2022,35.4265,134,0.2644,0.2834,13,1,17,4,0,3,38,0.3104,85.2,-0.019
657376,"Schmidt, Clarke",2023,170.7903,491,0.3478,0.3203,33,8,65,31,1,20,104,0.3204,108.6,0.0275
657376,"Schmidt, Clarke",2024,90.2426,307,0.2939,0.2939,22,7,46,10,2,7,83,0.3123,94.1,0.0
657376,"Schmidt, Clarke",2025,71.4832,247,0.2894,0.2789,24,1,26,10,1,8,56,0.3147,92.0,0.0105
657424,"Gage, Matt",2025,33.5097,105,0.3191,0.2906,8,2,25,5,0,0,20,0.3147,101.4,0.0285
657508,"Baumann, Mike",2022,51.7008,147,0.3517,0.323,8,2,31,9,0,3,23,0.3104,113.3,0.0287
657508,"Baumann, Mike",2023,60.6301,206,0.2943,0.3488,23,0,27,8,1,5,46,0.3204,91.9,-0.0545
657508,"Baumann, Mike",2024,73.836,214,0.345,0.3024,17,4,31,8,4,7,52,0.3123,110.5,0.0426
657514,"Bernardino, Brennan",2023,54.9527,170,0.3233,0.3154,15,4,24,9,1,4,45,0.3204,100.9,0.0079
657514,"Bernardino, Brennan",2024,38.1899,133,0.2871,0.3015,6,6,18,3,1,4,42,0.3123,91.9,-0.0144
657514,"Bernardino, Brennan",2025,38.9769,153,0.2548,0.3314,19,1,20,6,0,1,26,0.3147,81.0,-0.0766
657571,"Ferguson, Caleb",2022,30.4617,115,0.2649,0.2738,15,1,14,5,0,1,31,0.3104,85.3,-0.0089
657571,"Ferguson, Caleb",2023,70.7794,213,0.3323,0.315,18,7,42,7,1,4,53,0.3204,103.7,0.0173
657571,"Ferguson, Caleb",2024,65.6479,205,0.3202,0.3026,21,2,33,9,0,5,58,0.3123,102.5,0.0176
657571,"Ferguson, Caleb",2025,54.7738,198,0.2766,0.2968,14,5,30,10,0,2,41,0.3147,87.9,-0.0202
657585,"Garrett, Reed",2024,47.2709,165,0.2865,0.2497,17,2,23,7,0,3,61,0.3123,91.7,0.0368
657585,"Garrett, Reed",2025,52.0878,177,0.2943,0.3063,18,1,21,10,0,4,51,0.3147,93.5,-0.012
657612,"Hill, Tim",2022,34.9069,137,0.2548,0.2635,7,1,25,5,0,1,19,0.3104,82.1,-0.0087
657612,"Hill, Tim",2023,65.8736,158,0.4169,0.3518,12,4,35,8,1,6,19,0.3204,130.1,0.0651
657612,"Hill, Tim",2024,69.0165,217,0.318,0.2983,13,2,58,5,0,2,24,0.3123,101.8,0.0197
657612,"Hill, Tim",2025,62.9101,216,0.2913,0.2967,12,0,32,7,0,8,33,0.3147,92.6,-0.0054
657649,"Koenig, Jared",2022,45.2626,121,0.3741,0.357,9,4,23,6,0,4,16,0.3104,120.5,0.0171
657649,"Koenig, Jared",2024,51.7046,182,0.2841,0.2864,17,2,31,4,1,3,48,0.3123,91.0,-0.0023
657649,"Koenig, Jared",2025,52.1494,185,0.2819,0.259,14,3,27,9,0,3,52,0.3147,89.6,0.0229
657746,"Ryan, Joe",2022,141.8551,443,0.3202,0.3054,34,9,52,21,2,16,107,0.3104,103.2,0.0148
657746,"Ryan, Joe",2023,194.7037,559,0.3483,0.302,27,6,78,28,1,29,153,0.3204,108.7,0.0463
657746,"Ryan, Joe",2024,113.5609,413,0.275,0.2548,16,3,45,19,5,12,109,0.3123,88.1,0.0202
657746,"Ryan, Joe",2025,156.1903,490,0.3188,0.3127,31,10,55,27,0,20,140,0.3147,101.3,0.0061
657756,"Seabold, Connor",2023,147.645,340,0.4342,0.3595,24,7,54,24,3,19,51,0.3204,135.5,0.0747
658648,"Avila, Pedro",2023,54.7011,181,0.3022,0.327,23,4,25,8,0,3,44,0.3204,94.3,-0.0248
658648,"Avila, Pedro",2024,93.264,302,0.3088,0.3336,33,3,44,12,1,7,72,0.3123,98.9,-0.0248
659275,"Lamet, Dinelson",2022,38.7751,118,0.3286,0.3237,13,2,13,7,1,3,38,0.3104,105.9,0.0049
659275,"Lamet, Dinelson",2023,47.0125,109,0.4313,0.3425,13,1,21,9,1,3,23,0.3204,134.6,0.0888
660261,"Fujinami, Shintaro",2023,96.5685,288,0.3353,0.3478,39,6,38,15,2,6,62,0.3204,104.7,-0.0125
660271,"Ohtani, Shohei",2022,127.5217,510,0.25,0.2454,36,1,63,16,2,11,183,0.3104,80.5,0.0046
660271,"Ohtani, Shohei",2023,104.2929,375,0.2781,0.2933,39,10,32,11,0,14,119,0.3204,86.8,-0.0152
660271,"Ohtani, Shohei",2025,26.3664,123,0.2144,0.2154,6,0,15,4,0,2,47,0.3147,68.1,-0.001
660730,"Rodriguez, Elvin",2022,50.2249,118,0.4256,0.3762,12,1,17,6,0,8,21,0.3104,137.1,0.0494
660761,"Suarez, José",2022,112.2258,365,0.3075,0.2936,23,3,48,18,1,12,83,0.3104,99.1,0.0139
660761,"Suarez, José",2023,40.2882,111,0.363,0.332,15,1,22,4,0,3,19,0.3204,113.3,0.031
660761,"Suarez, José",2024,69.1259,167,0.4139,0.357,17,4,23,15,4,4,36,0.3123,132.5,0.0569
660787,"De los Santos, Yerry",2025,41.3875,133,0.3112,0.3396,16,1,25,6,0,1,24,0.3147,98.9,-0.0284
660813,"Graterol, Brusdar",2022,39.3667,161,0.2445,0.2309,8,2,27,3,1,2,35,0.3104,78.8,0.0136
660813,"Graterol, Brusdar",2023,44.7245,188,0.2379,0.2655,8,2,34,6,0,1,34,0.3204,74.3,-0.0276
660825,"Bazardo, Eduard",2024,25.9531,100,0.2595,0.2475,9,0,14,3,0,2,30,0.3123,83.1,0.012
660825,"Bazardo, Eduard",2025,53.7253,211,0.2546,0.2945,15,1,26,4,0,7,55,0.3147,80.9,-0.0399
660853,"De Los Santos, Enyel",2022,44.8199,155,0.2892,0.3252,12,2,19,10,1,2,36,0.3104,93.2,-0.036
660853,"De Los Santos, Enyel",2023,51.7213,171,0.3025,0.328,17,4,21,9,0,4,40,0.3204,94.4,-0.0255
660853,"De Los Santos, Enyel",2024,72.0756,188,0.3834,0.3433,14,4,19,12,1,11,47,0.3123,122.8,0.0401
660853,"De Los Santos, Enyel",2025,68.828,226,0.3045,0.3066,18,1,31,13,1,5,53,0.3147,96.8,-0.0021
660896,"Alcala, Jorge",2024,37.0598,139,0.2666,0.2967,13,1,14,4,1,4,34,0.3123,85.4,-0.0301
660896,"Alcala, Jorge",2025,68.7292,185,0.3715,0.3239,22,1,25,9,0,9,45,0.3147,118.0,0.0476
661269,"Gutierrez, Vladimir",2022,51.5677,116,0.4445,0.3932,16,4,14,8,1,6,16,0.3104,143.2,0.0513
661309,"Martínez, Adrián",2022,63.7971,169,0.3775,0.3504,13,2,30,4,1,9,34,0.3104,121.6,0.0271
661309,"Martínez, Adrián",2023,58.5691,180,0.3254,0.3328,13,3,24,8,2,6,38,0.3204,101.6,-0.0074
661395,"Duran, Jhoan",2022,42.7337,174,0.2456,0.2291,12,3,25,4,0,3,68,0.3104,79.1,0.0165
661395,"Duran, Jhoan",2023,36.7987,142,0.2591,0.2322,11,3,22,4,0,2,49,0.3204,80.9,0.0269
661395,"Duran, Jhoan",2024,35.7185,124,0.2881,0.2341,5,4,17,5,1,3,39,0.3123,92.3,0.054
661395,"Duran, Jhoan",2025,35.782,179,0.1999,0.2587,7,3,28,3,0,1,48,0.3147,63.5,-0.0588
661403,"Clase, Emmanuel",2022,33.5635,183,0.1834,0.2095,6,1,18,5,0,3,55,0.3104,59.1,-0.0261
661403,"Clase, Emmanuel",2023,37.9027,170,0.223,0.2574,6,1,25,6,0,2,42,0.3204,69.6,-0.0344
661403,"Clase, Emmanuel",2024,29.2117,158,0.1849,0.2466,7,2,21,1,0,2,40,0.3123,59.2,-0.0617
661403,"Clase, Emmanuel",2025,35.3123,128,0.2759,0.2745,6,2,25,4,1,1,30,0.3147,87.7,0.0014
661440,"Llovera, Mauricio",2023,39.464,129,0.3059,0.3435,11,3,19,6,0,3,26,0.3204,95.5,-0.0376
661527,"Martinez, Seth",2022,29.5389,130,0.2272,0.2515,12,1,17,2,0,2,30,0.3104,73.2,-0.0243
661527,"Martinez, Seth",2023,48.0098,125,0.3841,0.3657,13,5,15,8,1,5,30,0.3204,119.9,0.0184
661527,"Martinez, Seth",2024,60.7718,186,0.3267,0.3252,15,4,23,10,1,6,28,0.3123,104.6,0.0015
661563,"Gil, Luis",2024,138.4854,528,0.2623,0.2904,58,8,44,20,2,13,148,0.3123,84.0,-0.0281
661563,"Gil, Luis",2025,61.5094,199,0.3091,0.3545,29,1,24,14,0,2,36,0.3147,98.2,-0.0454
662253,"Muñoz, Andrés",2022,30.3768,146,0.2081,0.2143,9,2,16,4,0,2,51,0.3104,67.0,-0.0062
662253,"Muñoz, Andrés",2023,35.7767,128,0.2795,0.2705,13,4,17,5,0,2,39,0.3204,87.2,0.009
662253,"Muñoz, Andrés",2024,32.9097,151,0.2179,0.2774,16,1,14,1,0,4,54,0.3123,69.8,-0.0595
662253,"Muñoz, Andrés",2025,25.3526,129,0.1965,0.2579,13,2,12,3,0,1,44,0.3147,62.4,-0.0614
663158,"Suarez, Robert",2022,31.7925,126,0.2523,0.2988,15,3,10,2,0,4,39,0.3104,81.3,-0.0465
663158,"Suarez, Robert",2024,45.179,171,0.2642,0.2771,11,0,34,4,0,2,41,0.3123,84.6,-0.0129
663158,"Suarez, Robert",2025,52.0385,197,0.2642,0.3047,13,2,27,3,1,6,58,0.3147,84.0,-0.0405
663362,"Waldron, Matt",2023,52.1286,148,0.3522,0.3296,10,0,18,6,2,8,29,0.3204,109.9,0.0226
663362,"Waldron, Matt",2024,159.1109,459,0.3466,0.3301,29,5,70,25,1,18,95,0.3123,111.0,0.0165
663372,"Feltner, Ryan",2022,106.8712,296,0.3611,0.3521,24,5,51,12,3,10,57,0.3104,116.3,0.009
663372,"Feltner, Ryan",2023,63.2712,200,0.3164,0.3316,28,2,34,8,1,2,37,0.3204,98.8,-0.0152
663372,"Feltner, Ryan",2024,194.2827,584,0.3327,0.3193,47,6,100,23,2,18,121,0.3123,106.5,0.0134
663399,"Waddell, Brandon",2025,43.4652,129,0.3369,0.3693,10,1,14,10,1,4,22,0.3147,107.1,-0.0324
663423,"Thornton, Trent",2022,40.9415,147,0.2785,0.298,12,1,21,6,0,3,32,0.3104,89.7,-0.0195
663423,"Thornton, Trent",2023,30.8672,102,0.3026,0.2681,6,0,16,5,0,3,23,0.3204,94.4,0.0345
663423,"Thornton, Trent",2024,69.6542,233,0.2989,0.2877,17,4,32,12,1,5,59,0.3123,95.7,0.0112
663423,"Thornton, Trent",2025,40.2311,129,0.3119,0.3444,8,4,23,3,0,4,22,0.3147,99.1,-0.0325
663432,"Rainey, Tanner",2024,66.8319,190,0.3517,0.3723,25,3,23,7,1,8,38,0.3123,112.6,-0.0206
663436,"Martin, Davis",2022,56.318,168,0.3352,0.3322,10,2,23,9,0,7,32,0.3104,108.0,0.003
663436,"Martin, Davis",2024,45.6249,159,0.2869,0.3099,13,4,29,1,0,4,34,0.3123,91.9,-0.023
663436,"Martin, Davis",2025,160.1136,459,0.3488,0.3568,34,6,68,22,3,18,80,0.3147,110.8,-0.008
663455,"Pilkington, Konnor",2022,59.8822,186,0.3219,0.3452,21,2,29,7,0,5,33,0.3104,103.7,-0.0233
663455,"Pilkington, Konnor",2025,36.0692,106,0.3403,0.3925,15,2,7,4,0,6,30,0.3147,108.1,-0.0522
663460,"Bubic, Kris",2022,142.1196,375,0.379,0.3664,43,3,68,21,1,11,72,0.3104,122.1,0.0126
663460,"Bubic, Kris",2025,100.6248,324,0.3106,0.3032,29,3,49,17,3,5,73,0.3147,98.7,0.0074
663465,"Allard, Kolby",2024,40.8972,102,0.401,0.3236,6,0,22,4,2,4,19,0.3123,128.4,0.0774
663465,"Allard, Kolby",2025,64.183,204,0.3146,0.2932,9,1,35,11,1,5,33,0.3147,100.0,0.0214
663474,"McKenzie, Triston",2022,160.2675,578,0.2773,0.2997,37,5,65,18,2,21,145,0.3104,89.3,-0.0224
663474,"McKenzie, Triston",2024,76.3238,197,0.3874,0.3567,30,1,21,8,0,12,39,0.3123,124.0,0.0307
663485,"Sands, Cole",2022,48.5275,124,0.3914,0.3345,13,5,20,8,0,4,23,0.3104,126.1,0.0569
663485,"Sands, Cole",2024,57.5578,211,0.2728,0.2741,6,5,30,8,0,6,60,0.3123,87.4,-0.0013
663485,"Sands, Cole",2025,59.5298,205,0.2904,0.3053,11,2,32,9,3,3,46,0.3147,92.3,-0.0149
663531,"Allen, Logan",2024,35.466,110,0.3224,0.337,9,2,19,6,0,2,19,0.3123,103.2,-0.0146
663542,"Hudson, Bryan",2024,34.0282,157,0.2167,0.2648,7,2,11,2,1,6,45,0.3123,69.4,-0.0481
663546,"Hjelle, Sean",2024,65.7189,225,0.2921,0.285,8,5,43,7,0,5,49,0.3123,93.5,0.0071
663554,"Mize, Casey",2024,121.9685,356,0.3426,0.3308,18,1,72,15,3,10,63,0.3123,109.7,0.0118
663554,"Mize, Casey",2025,150.2307,463,0.3245,0.3068,24,2,75,22,3,15,100,0.3147,103.1,0.0177
663556,"McClanahan, Shane",2022,110.0818,394,0.2794,0.2796,27,2,56,10,0,13,108,0.3104,90.0,-0.0002
663556,"McClanahan, Shane",2023,81.3553,252,0.3228,0.3089,24,0,33,11,3,8,64,0.3204,100.7,0.0139
663558,"Moran, Jovani",2022,27.2718,125,0.2182,0.2329,13,0,12,7,0,0,42,0.3104,70.3,-0.0147
663558,"Moran, Jovani",2023,38.9065,141,0.2759,0.2886,22,0,14,3,3,2,38,0.3204,86.1,-0.0127
663559,"Falter, Bailey",2022,104.9432,301,0.3486,0.3257,15,6,44,14,2,13,62,0.3104,112.3,0.0229
663559,"Falter, Bailey",2023,84.3994,216,0.3907,0.3481,11,0,31,12,1,14,41,0.3204,121.9,0.0426
663559,"Falter, Bailey",2024,143.4289,446,0.3216,0.3293,29,0,70,25,1,13,84,0.3123,103.0,-0.0077
663559,"Falter, Bailey",2025,139.4178,438,0.3183,0.3421,38,1,61,18,1,16,67,0.3147,101.1,-0.0238
663562,"Davis, Noah",2023,42.0404,101,0.4162,0.3007,10,1,23,5,0,4,17,0.3204,129.9,0.1155
663567,"Lambert, Peter",2023,115.2877,296,0.3895,0.3567,22,4,40,14,6,15,58,0.3204,121.6,0.0328
663567,"Lambert, Peter",2024,61.9263,193,0.3209,0.3087,15,2,30,9,4,3,38,0.3123,102.8,0.0122
663568,"Kolek, Stephen",2024,62.2072,180,0.3456,0.3385,9,3,41,8,0,4,34,0.3123,110.7,0.0071
663568,"Kolek, Stephen",2025,98.3012,335,0.2934,0.3242,19,4,54,12,2,8,61,0.3147,93.2,-0.0308
663574,"Santillan, Tony",2025,55.9501,191,0.2929,0.3343,14,4,24,5,2,6,51,0.3147,93.1,-0.0414
663623,"Irvin, Jake",2023,122.9829,348,0.3534,0.3466,34,7,54,12,2,14,64,0.3204,110.3,0.0068
663623,"Irvin, Jake",2024,177.044,529,0.3347,0.3301,34,4,76,26,2,21,105,0.3123,107.2,0.0046
663623,"Irvin, Jake",2025,278.1801,750,0.3709,0.3729,61,6,113,37,3,36,117,0.3147,117.9,-0.002
663658,"Ward, Thaddeus",2023,43.365,128,0.3388,0.3607,20,2,16,2,0,6,24,0.3204,105.7,-0.0219
663687,"Harris, Hogan",2023,86.8704,224,0.3878,0.3643,27,3,31,16,0,9,46,0.3204,121.0,0.0235
663687,"Harris, Hogan",2024,79.9911,255,0.3137,0.3539,28,3,40,11,2,4,47,0.3123,100.4,-0.0402
663687,"Harris, Hogan",2025,61.33,207,0.2963,0.3148,23,1,24,11,0,5,53,0.3147,94.2,-0.0185
663704,"McArthur, James",2024,69.6003,197,0.3533,0.3255,9,2,40,9,0,7,43,0.3123,113.1,0.0278
663738,"Lynch IV, Daniel",2022,195.9011,545,0.3595,0.3402,44,4,96,24,1,21,117,0.3104,115.8,0.0193
663738,"Lynch IV, Daniel",2023,45.4662,149,0.3051,0.3229,10,1,19,5,1,6,23,0.3204,95.2,-0.0178
663738,"Lynch IV, Daniel",2024,36.7186,124,0.2961,0.3214,13,3,11,6,0,4,27,0.3123,94.8,-0.0253
663738,"Lynch IV, Daniel",2025,69.0048,200,0.345,0.3456,23,4,31,11,0,5,31,0.3147,109.6,-0.0006
663765,"Woodford, Jake",2022,36.0201,153,0.2354,0.2939,8,1,27,6,0,0,18,0.3104,75.8,-0.0585
663765,"Woodford, Jake",2023,75.3257,173,0.4354,0.4009,18,3,27,11,2,9,26,0.3204,135.9,0.0345
663765,"Woodford, Jake",2024,64.9309,164,0.3959,0.3606,9,3,28,13,1,6,26,0.3123,126.8,0.0353
663765,"Woodford, Jake",2025,39.4104,122,0.323,0.3184,8,2,19,8,1,2,19,0.3147,102.6,0.0046
663767,"Shugart, Chase",2025,45.1721,145,0.3115,0.3403,12,1,16,6,2,5,25,0.3147,99.0,-0.0288
663773,"Hoeing, Bryan",2023,87.9412,228,0.3857,0.3522,14,2,28,20,2,10,44,0.3204,120.4,0.0335
663773,"Hoeing, Bryan",2024,33.2132,135,0.246,0.3331,8,0,22,2,0,3,33,0.3123,78.8,-0.0871
663776,"Sandoval, Patrick",2022,137.5565,468,0.2939,0.3156,49,3,81,17,2,5,114,0.3104,94.7,-0.0217
663776,"Sandoval, Patrick",2023,167.8387,538,0.312,0.3267,68,3,83,25,1,9,108,0.3204,97.4,-0.0147
663776,"Sandoval, Patrick",2024,94.2666,291,0.3239,0.315,23,3,54,14,0,6,68,0.3123,103.7,0.0089
663855,"Hicks, Jordan",2022,66.0026,218,0.3028,0.3145,30,7,24,7,1,5,51,0.3104,97.6,-0.0117
663855,"Hicks, Jordan",2023,64.4605,219,0.2943,0.2924,28,4,30,10,0,3,61,0.3204,91.9,0.0019
663855,"Hicks, Jordan",2024,97.7121,298,0.3279,0.3433,30,5,48,15,1,6,51,0.3123,105.0,-0.0154
663855,"Hicks, Jordan",2025,88.026,235,0.3746,0.335,23,5,43,14,1,6,44,0.3147,119.0,0.0396
663878,"Pearson, Nate",2023,51.1933,148,0.3459,0.3235,15,3,17,7,0,7,30,0.3204,108.0,0.0224
663878,"Pearson, Nate",2024,70.4321,207,0.3403,0.3202,13,2,35,11,0,7,55,0.3123,109.0,0.0201
663893,"Little, Brendon",2024,47.5195,143,0.3323,0.3305,12,1,25,3,0,6,25,0.3123,106.4,0.0018
663893,"Little, Brendon",2025,48.4449,177,0.2737,0.2737,26,1,22,6,2,1,63,0.3147,87.0,0.0
663903,"Singer, Brady",2022,139.8137,451,0.31,0.3191,25,8,72,15,1,15,101,0.3104,99.9,-0.0091
663903,"Singer, Brady",2023,166.8321,480,0.3476,0.3461,32,5,72,29,5,15,92,0.3204,108.5,0.0015
663903,"Singer, Brady",2024,195.4566,611,0.3199,0.3209,45,7,92,26,3,19,141,0.3123,102.4,-0.001
663903,"Singer, Brady",2025,128.4432,439,0.2926,0.2942,31,10,47,21,5,11,115,0.3147,93.0,-0.0016
663941,"Beck, Tristan",2023,96.618,302,0.3199,0.3095,16,2,56,13,0,9,55,0.3204,99.8,0.0104
663941,"Beck, Tristan",2025,57.0574,184,0.3101,0.35,11,2,24,8,2,6,34,0.3147,98.5,-0.0399
663947,"Holton, Tyler",2023,59.5626,243,0.2451,0.2913,14,0,30,7,0,7,53,0.3204,76.5,-0.0462
663947,"Holton, Tyler",2024,63.6848,259,0.2459,0.2801,14,3,32,8,2,5,56,0.3123,78.7,-0.0342
663947,"Holton, Tyler",2025,73.1385,219,0.334,0.321,13,0,35,5,0,12,43,0.3147,106.1,0.013
663969,"Phillips, Tyler",2024,40.2427,122,0.3299,0.3232,3,1,19,7,0,5,23,0.3123,105.6,0.0067
663969,"Phillips, Tyler",2025,66.2128,238,0.2782,0.3054,18,2,35,10,1,4,41,0.3147,88.4,-0.0272
663978,"Paddack, Chris",2024,93.5124,279,0.3352,0.3399,13,1,59,10,0,9,57,0.3123,107.3,-0.0047
663978,"Paddack, Chris",2025,161.2211,473,0.3408,0.3449,24,3,67,20,3,23,85,0.3147,108.3,-0.0041
663986,"Stephan, Trevor",2022,42.0096,165,0.2546,0.2138,9,2,25,7,0,2,60,0.3104,82.0,0.0408
663986,"Stephan, Trevor",2023,56.3984,183,0.3082,0.2988,12,3,22,13,1,4,48,0.3204,96.2,0.0094
663992,"Lovelady, Richard",2024,31.3953,110,0.2854,0.3417,9,2,16,3,0,3,19,0.3123,91.4,-0.0563
664062,"Gonsolin, Tony",2022,98.2745,411,0.2391,0.2756,28,4,38,15,1,10,98,0.3104,77.0,-0.0365
664062,"Gonsolin, Tony",2023,105.5807,315,0.3352,0.3718,31,4,39,12,0,15,60,0.3204,104.6,-0.0366
664076,"Cleavinger, Garrett",2024,65.2021,196,0.3327,0.3438,21,6,34,3,1,6,49,0.3123,106.5,-0.0111
664076,"Cleavinger, Garrett",2025,50.2884,169,0.2976,0.2882,14,5,19,3,1,7,61,0.3147,94.6,0.0094
664123,"Effross, Scott",2022,35.4226,144,0.246,0.2556,8,0,24,6,0,1,40,0.3104,79.3,-0.0096
664126,"Fairbanks, Pete",2023,21.573,106,0.2035,0.2454,16,3,11,1,0,0,41,0.3204,63.5,-0.0419
664126,"Fairbanks, Pete",2024,32.4931,131,0.248,0.3201,12,0,23,1,0,2,31,0.3123,79.4,-0.0721
664126,"Fairbanks, Pete",2025,42.925,152,0.2824,0.2868,11,0,18,9,1,3,38,0.3147,89.7,-0.0044
664139,"Gibaut, Ian",2022,38.2705,128,0.299,0.2676,13,1,19,4,2,2,40,0.3104,96.3,0.0314
664139,"Gibaut, Ian",2023,65.1169,232,0.2807,0.2855,12,4,38,7,0,6,52,0.3204,87.6,-0.0048
664141,"Brubaker, JT",2022,179.1817,500,0.3584,0.3238,41,8,78,33,1,15,117,0.3104,115.5,0.0346
664161,"Swarmer, Matt",2022,60.2991,137,0.4401,0.3747,17,0,12,6,1,12,30,0.3104,141.8,0.0654
664192,"Lucchesi, Joey",2023,55.9567,184,0.3041,0.3469,16,2,25,11,0,4,32,0.3204,94.9,-0.0428
664192,"Lucchesi, Joey",2025,31.1515,118,0.264,0.2732,7,1,19,6,0,1,24,0.3147,83.9,-0.0092
664199,"Clarke, Taylor",2022,40.3678,141,0.2863,0.2698,5,1,23,6,1,3,31,0.3104,92.2,0.0165
664199,"Clarke, Taylor",2023,61.9552,181,0.3423,0.3238,16,2,30,7,0,7,49,0.3204,106.8,0.0185
664199,"Clarke, Taylor",2025,38.2265,145,0.2636,0.3138,7,1,18,5,1,4,24,0.3147,83.8,-0.0502
664208,"Maton, Phil",2022,69.5063,231,0.3009,0.3134,18,6,30,6,1,8,63,0.3104,96.9,-0.0125
664208,"Maton, Phil",2023,52.9876,194,0.2731,0.2689,14,5,18,9,0,6,58,0.3204,85.2,0.0042
664208,"Maton, Phil",2024,59.6404,204,0.2924,0.3224,20,6,24,6,2,5,44,0.3123,93.6,-0.03
664208,"Maton, Phil",2025,49.5416,179,0.2768,0.2589,17,5,17,11,0,3,60,0.3147,88.0,0.0179
664285,"Valdez, Framber",2022,191.6841,698,0.2746,0.284,52,9,113,22,2,11,160,0.3104,88.5,-0.0094
664285,"Valdez, Framber",2023,183.1854,633,0.2894,0.3258,46,8,83,28,3,16,153,0.3204,90.3,-0.0364
664285,"Valdez, Framber",2024,155.4074,548,0.2836,0.2985,43,5,82,20,1,12,124,0.3123,90.8,-0.0149
664285,"Valdez, Framber",2025,198.9289,664,0.2996,0.3159,61,4,100,28,4,13,146,0.3147,95.2,-0.0163
664294,"Moreta, Dauri",2022,40.6109,120,0.3384,0.3157,10,3,10,5,0,7,31,0.3104,109.0,0.0227
664294,"Moreta, Dauri",2023,50.4465,181,0.2787,0.2698,16,3,15,13,1,3,55,0.3204,87.0,0.0089
664299,"Javier, Cristian",2022,130.2947,482,0.2703,0.2465,48,4,44,17,1,15,152,0.3104,87.1,0.0238
664299,"Javier, Cristian",2023,185.3416,575,0.3223,0.3263,47,6,66,23,4,25,143,0.3204,100.6,-0.004
664299,"Javier, Cristian",2025,37.3588,134,0.2788,0.2933,13,1,19,3,1,3,30,0.3147,88.6,-0.0145
664337,"Yajure, Miguel",2022,37.1379,100,0.3714,0.4098,14,1,15,6,0,3,16,0.3104,119.7,-0.0384
664353,"Urquidy, José",2022,181.1362,528,0.3431,0.3381,31,5,66,29,1,25,105,0.3104,110.5,0.005
664353,"Urquidy, José",2023,71.4499,205,0.3485,0.3366,20,1,28,9,1,9,35,0.3204,108.8,0.0119
664747,"Díaz, Alexis",2022,38.5131,175,0.2201,0.2419,18,3,16,2,0,4,59,0.3104,70.9,-0.0218
664747,"Díaz, Alexis",2023,55.6446,193,0.2883,0.2878,23,6,23,9,0,3,63,0.3204,90.0,0.0005
664747,"Díaz, Alexis",2024,49.1573,162,0.3034,0.2931,21,3,19,5,0,5,38,0.3123,97.2,0.0103
664776,"Cousins, Jake",2024,32.7027,114,0.2869,0.3191,15,4,10,1,1,4,37,0.3123,91.9,-0.0322
664849,"Young, Danny",2024,29.2347,119,0.2457,0.3146,11,6,12,3,0,2,37,0.3123,78.7,-0.0689
664854,"Helsley, Ryan",2022,35.9708,168,0.2141,0.2204,12,0,10,4,0,6,74,0.3104,69.0,-0.0063
664854,"Helsley, Ryan",2023,22.5171,106,0.2124,0.2271,11,0,11,2,1,1,38,0.3204,66.3,-0.0147
664854,"Helsley, Ryan",2024,45.548,197,0.2312,0.2658,16,0,31,4,0,2,61,0.3123,74.0,-0.0346
664854,"Helsley, Ryan",2025,60.4841,164,0.3688,0.3326,12,1,31,9,0,6,38,0.3147,117.2,0.0362
664875,"Lawrence, Justin",2022,47.388,157,0.3018,0.2813,18,1,24,5,1,3,42,0.3104,97.2,0.0205
664875,"Lawrence, Justin",2023,55.9242,203,0.2755,0.2785,19,3,29,9,1,2,47,0.3204,86.0,-0.003
664875,"Lawrence, Justin",2024,78.5359,192,0.409,0.3696,25,4,33,9,1,8,31,0.3123,131.0,0.0394
664991,"Wolfram, Grant",2025,36.9471,102,0.3622,0.2842,10,0,20,7,0,2,25,0.3147,115.1,0.078
665152,"Kremer, Dean",2022,110.3248,371,0.2974,0.3093,24,4,58,22,0,6,65,0.3104,95.8,-0.0119
665152,"Kremer, Dean",2023,176.3852,568,0.3105,0.3398,42,5,90,21,1,18,115,0.3204,96.9,-0.0293
665152,"Kremer, Dean",2024,155.8072,494,0.3154,0.3378,48,3,68,18,0,18,109,0.3123,101.0,-0.0224
665152,"Kremer, Dean",2025,176.7388,556,0.3179,0.3111,34,1,88,22,2,20,111,0.3147,101.0,0.0068
665621,"García, Rony",2022,46.8857,151,0.3105,0.3847,9,4,18,7,1,5,30,0.3104,100.0,-0.0742
665622,"Medina, Luis",2023,137.1983,387,0.3545,0.3366,42,6,46,23,3,14,85,0.3204,110.6,0.0179
665622,"Medina, Luis",2024,34.8334,115,0.3029,0.3197,13,0,20,6,0,1,16,0.3123,97.0,-0.0168
665625,"Peguero, Elvis",2023,47.6762,185,0.2577,0.2862,18,2,32,2,1,2,37,0.3204,80.4,-0.0285
665625,"Peguero, Elvis",2024,46.842,145,0.323,0.3194,14,1,31,4,1,2,26,0.3123,103.4,0.0036
665660,"Alvarado, Elvis",2025,36.6792,121,0.3031,0.306,15,2,15,5,0,3,32,0.3147,96.3,-0.0029
665665,"Sanmartin, Reiver",2022,68.2809,180,0.3793,0.3074,22,0,33,8,1,6,35,0.3104,122.2,0.0719
665795,"Cabrera, Edward",2022,64.3133,247,0.2604,0.2958,28,9,20,4,0,8,69,0.3104,83.9,-0.0354
665795,"Cabrera, Edward",2023,85.3317,275,0.3103,0.3105,37,3,35,10,0,8,72,0.3204,96.8,-0.0002
665795,"Cabrera, Edward",2024,96.8715,282,0.3435,0.3505,35,3,39,9,0,12,65,0.3123,110.0,-0.007
665795,"Cabrera, Edward",2025,126.4547,425,0.2975,0.3106,29,8,59,19,0,12,110,0.3147,94.5,-0.0131
665871,"Assad, Javier",2022,46.7905,144,0.3249,0.3344,18,0,21,5,1,4,29,0.3104,104.7,-0.0095
665871,"Assad, Javier",2023,125.3613,399,0.3142,0.3276,35,2,54,16,3,13,86,0.3204,98.1,-0.0134
665871,"Assad, Javier",2024,141.0019,467,0.3019,0.3221,45,5,71,19,1,10,98,0.3123,96.7,-0.0202
665871,"Assad, Javier",2025,42.4032,132,0.3212,0.3538,11,4,22,3,2,3,17,0.3147,102.1,-0.0326
666120,"Anderson, Ian",2022,150.1508,425,0.3533,0.329,47,1,70,23,1,12,78,0.3104,113.8,0.0243
666129,"Garrett, Braxton",2022,88.17,249,0.3541,0.3252,15,6,42,14,2,7,61,0.3104,114.1,0.0289
666129,"Garrett, Braxton",2023,149.1561,474,0.3147,0.3221,21,4,65,25,4,16,117,0.3204,98.2,-0.0074
666142,"Ragans, Cole",2022,54.5304,140,0.3895,0.3442,9,0,25,7,2,6,21,0.3104,125.5,0.0453
666142,"Ragans, Cole",2023,89.7553,332,0.2703,0.2986,38,1,47,9,2,5,93,0.3204,84.4,-0.0283
666142,"Ragans, Cole",2024,159.6021,568,0.281,0.2806,47,5,71,25,2,13,167,0.3123,90.0,0.0004
666142,"Ragans, Cole",2025,40.275,131,0.3074,0.283,8,2,19,10,0,2,48,0.3147,97.7,0.0244
666154,"Kauffmann, Karl",2023,46.0726,118,0.3904,0.4106,13,3,21,7,0,4,11,0.3204,121.8,-0.0202
666157,"Lodolo, Nick",2022,95.7386,278,0.3444,0.3107,30,13,37,8,3,9,81,0.3104,111.0,0.0337
666157,"Lodolo, Nick",2023,53.9691,119,0.4535,0.3323,7,6,23,6,1,7,34,0.3204,141.5,0.1212
666157,"Lodolo, Nick",2024,103.3465,340,0.304,0.3076,32,12,38,17,0,9,92,0.3123,97.3,-0.0036
666157,"Lodolo, Nick",2025,131.456,425,0.3093,0.308,18,10,61,18,0,16,106,0.3147,98.3,0.0013
666159,"Manning, Matt",2022,53.4606,181,0.2954,0.3204,15,0,29,4,0,6,34,0.3104,95.2,-0.025
666159,"Manning, Matt",2023,77.0849,261,0.2953,0.3615,16,5,31,8,2,10,41,0.3204,92.2,-0.0662
666159,"Manning, Matt",2024,31.6835,100,0.3168,0.3198,10,0,18,3,1,2,16,0.3123,101.4,-0.003
666168,"Thompson, Mason",2023,52.1983,172,0.3035,0.3233,12,3,31,8,1,2,36,0.3204,94.7,-0.0198
666171,"Zeferjahn, Ryan",2025,70.0912,193,0.3632,0.3312,25,3,25,6,0,10,56,0.3147,115.4,0.032
666200,"Luzardo, Jesús",2022,73.4096,261,0.2813,0.2812,23,2,26,15,2,5,78,0.3104,90.6,0.0001
666200,"Luzardo, Jesús",2023,177.9382,514,0.3462,0.3191,34,4,71,33,3,19,135,0.3204,108.1,0.0271
666200,"Luzardo, Jesús",2024,58.4714,164,0.3565,0.3736,15,2,28,8,1,5,32,0.3123,114.2,-0.0171
666200,"Luzardo, Jesús",2025,140.2663,470,0.2984,0.2929,37,0,70,19,0,14,136,0.3147,94.8,0.0055
666201,"Manoah, Alek",2022,155.6675,623,0.2499,0.2701,45,11,73,21,0,13,150,0.3104,80.5,-0.0202
666201,"Manoah, Alek",2023,141.4419,387,0.3655,0.3752,55,8,55,17,1,14,74,0.3204,114.1,-0.0097
666201,"Manoah, Alek",2024,30.7216,100,0.3072,0.3139,8,4,10,2,0,5,26,0.3123,98.4,-0.0067
666204,"Jiménez, Dany",2022,24.976,104,0.2402,0.2614,11,0,16,2,0,1,24,0.3104,77.4,-0.0212
666205,"Muller, Kyle",2023,95.2383,230,0.4141,0.4052,24,1,46,12,1,10,32,0.3204,129.2,0.0089
666205,"Muller, Kyle",2024,41.9797,147,0.2856,0.3198,6,1,25,7,0,3,28,0.3123,91.5,-0.0342
666214,"Wentz, Joey",2022,26.3488,111,0.2374,0.2869,10,1,12,4,1,1,23,0.3104,76.5,-0.0495
666214,"Wentz, Joey",2023,151.4943,376,0.4029,0.3548,31,0,62,20,2,21,78,0.3204,125.7,0.0481
666214,"Wentz, Joey",2024,69.4148,216,0.3214,0.2899,19,3,37,6,0,7,56,0.3123,102.9,0.0315
666214,"Wentz, Joey",2025,129.8989,372,0.3492,0.3376,35,1,69,16,4,9,76,0.3147,111.0,0.0116
666277,"Soriano, George",2023,58.4153,183,0.3192,0.3246,21,4,25,8,0,5,46,0.3204,99.6,-0.0054
666277,"Soriano, George",2024,38.1234,109,0.3498,0.3707,10,4,8,6,0,6,24,0.3123,112.0,-0.0209
666277,"Soriano, George",2025,57.0804,130,0.4391,0.4339,11,2,19,7,1,9,27,0.3147,139.5,0.0052
666374,"Brash, Matt",2022,42.348,159,0.2663,0.2997,21,2,22,4,0,2,44,0.3104,85.8,-0.0334
666374,"Brash, Matt",2023,63.8946,221,0.2891,0.2865,21,5,40,5,2,2,77,0.3204,90.2,0.0026
666374,"Brash, Matt",2025,27.4544,120,0.2288,0.2846,9,2,16,2,0,2,35,0.3147,72.7,-0.0558
666619,"Santos, Gregory",2023,62.6021,218,0.2872,0.2843,13,4,45,8,1,1,50,0.3204,89.6,0.0029
666661,"Morillo, Juan",2025,41.2023,101,0.4079,0.3234,15,1,21,6,2,1,22,0.3147,129.6,0.0845
666745,"Brito, Jhony",2023,84.4498,264,0.3199,0.3211,17,3,37,13,0,10,47,0.3204,99.8,-0.0012
666745,"Brito, Jhony",2024,37.2174,135,0.2757,0.3058,6,0,26,2,1,3,18,0.3123,88.3,-0.0301
666808,"Doval, Camilo",2022,56.7654,207,0.2742,0.2602,21,3,28,9,1,2,62,0.3104,88.3,0.014
666808,"Doval, Camilo",2023,44.9093,187,0.2402,0.2679,13,8,23,8,0,1,60,0.3204,75.0,-0.0277
666808,"Doval, Camilo",2024,67.0195,199,0.3368,0.2964,28,2,22,13,2,4,57,0.3123,107.8,0.0404
666808,"Doval, Camilo",2025,55.6973,188,0.2963,0.3183,21,3,28,8,0,3,42,0.3147,94.2,-0.022
666818,"Frías, Luis",2023,35.9835,106,0.3395,0.3434,11,2,9,10,0,3,21,0.3204,106.0,-0.0039
666974,"Cano, Yennier",2023,56.8542,198,0.2871,0.2911,9,2,26,14,0,4,43,0.3204,89.6,-0.004
666974,"Cano, Yennier",2024,61.5018,211,0.2915,0.2791,17,1,34,8,1,4,59,0.3123,93.3,0.0124
666974,"Cano, Yennier",2025,50.4849,155,0.3257,0.2896,14,2,28,4,0,5,39,0.3147,103.5,0.0361
667297,"Nance, Tommy",2022,43.4413,129,0.3368,0.2919,11,2,17,7,1,4,43,0.3104,108.5,0.0449
667427,"Jackson, Zach",2022,32.9469,152,0.2168,0.2714,25,1,15,2,0,1,55,0.3104,69.8,-0.0546
667463,"King, John",2022,47.2788,147,0.3216,0.3113,6,1,34,4,1,3,21,0.3104,103.6,0.0103
667463,"King, John",2023,45.0826,133,0.339,0.3202,8,0,33,6,0,2,16,0.3204,105.8,0.0188
667463,"King, John",2024,61.3637,201,0.3053,0.2956,11,1,42,5,0,5,33,0.3123,97.8,0.0097
667463,"King, John",2025,57.4311,160,0.3589,0.3581,11,0,34,4,0,7,19,0.3147,114.0,0.0008
667755,"Soriano, José",2023,48.4829,156,0.3108,0.3215,20,7,22,2,1,4,49,0.3204,97.0,-0.0107
667755,"Soriano, José",2024,115.3366,392,0.2942,0.3231,35,9,55,16,1,8,83,0.3123,94.2,-0.0289
667755,"Soriano, José",2025,174.939,568,0.308,0.3177,68,3,103,21,1,7,114,0.3147,97.9,-0.0097
668338,"Miller, Tyson",2024,46.9408,182,0.2579,0.3054,9,3,17,6,0,7,39,0.3123,82.6,-0.0475
668390,"Winn, Cole",2025,26.8984,115,0.2339,0.3075,11,3,9,5,1,1,25,0.3147,74.3,-0.0736
668674,"Erceg, Lucas",2023,53.0682,147,0.361,0.3225,22,5,20,12,1,1,32,0.3204,112.7,0.0385
668674,"Erceg, Lucas",2024,51.255,196,0.2615,0.2886,11,5,28,8,0,3,57,0.3123,83.7,-0.0271
668674,"Erceg, Lucas",2025,53.2648,179,0.2976,0.3217,12,4,29,9,0,3,35,0.3147,94.6,-0.0241
668676,"Plesac, Zach",2022,116.3775,328,0.3548,0.3637,20,3,54,20,0,12,59,0.3104,114.3,-0.0089
668678,"Gallen, Zac",2022,138.5268,543,0.2551,0.2933,38,11,53,24,1,12,136,0.3104,82.2,-0.0382
668678,"Gallen, Zac",2023,199.4401,673,0.2963,0.3193,38,4,95,37,1,18,172,0.3204,92.5,-0.023
668678,"Gallen, Zac",2024,151.5324,521,0.2908,0.3085,46,3,66,24,3,12,138,0.3123,93.1,-0.0177
668678,"Gallen, Zac",2025,193.5338,632,0.3062,0.3184,52,4,78,30,3,20,144,0.3147,97.3,-0.0122
668820,"Kranick, Max",2025,30.7483,120,0.2562,0.3095,5,0,18,4,0,3,20,0.3147,81.4,-0.0533
668868,"Thompson, Zack",2022,24.4804,113,0.2166,0.2941,11,0,11,1,0,3,23,0.3104,69.8,-0.0775
668868,"Thompson, Zack",2023,79.6636,238,0.3347,0.3406,21,2,38,13,0,7,60,0.3204,104.5,-0.0059
668881,"Greene, Hunter",2022,117.6325,348,0.338,0.3159,34,9,39,14,0,16,107,0.3104,108.9,0.0221
668881,"Greene, Hunter",2023,120.6286,377,0.32,0.2945,38,5,40,22,3,11,120,0.3204,99.9,0.0255
668881,"Greene, Hunter",2024,117.9604,447,0.2639,0.2733,44,13,44,14,2,10,127,0.3123,84.5,-0.0094
668881,"Greene, Hunter",2025,68.1236,296,0.2301,0.2689,17,0,23,11,1,9,97,0.3147,73.1,-0.0388
668909,"Williams, Gavin",2023,76.9037,267,0.288,0.3102,28,4,29,13,1,6,67,0.3204,89.9,-0.0222
668909,"Williams, Gavin",2024,103.9221,328,0.3168,0.3171,32,3,45,17,3,7,79,0.3123,101.4,-0.0003
668909,"Williams, Gavin",2025,127.905,431,0.2968,0.3365,50,3,52,14,0,14,107,0.3147,94.3,-0.0397
668933,"Ashcraft, Graham",2022,127.434,380,0.3354,0.3102,26,6,75,17,0,9,62,0.3104,108.1,0.0252
668933,"Ashcraft, Graham",2023,168.7517,465,0.3629,0.3441,39,9,79,17,3,19,77,0.3204,113.3,0.0188
668933,"Ashcraft, Graham",2024,94.1704,281,0.3351,0.332,21,5,51,12,0,8,48,0.3123,107.3,0.0031
668933,"Ashcraft, Graham",2025,46.4133,161,0.2883,0.2974,13,0,26,9,0,2,35,0.3147,91.6,-0.0091
668941,"Romero, JoJo",2023,24.9828,107,0.2335,0.2628,7,1,15,3,2,0,28,0.3204,72.9,-0.0293
668941,"Romero, JoJo",2024,50.0859,179,0.2798,0.337,11,4,20,7,0,6,36,0.3123,89.6,-0.0572
668941,"Romero, JoJo",2025,40.6418,155,0.2622,0.2769,14,0,20,8,0,2,38,0.3147,83.3,-0.0147
668948,"McCarty, Kirk",2022,54.9641,139,0.3954,0.375,12,1,20,4,0,10,22,0.3104,127.4,0.0204
668964,"Myers, Tobias",2024,130.5811,414,0.3154,0.3221,28,5,62,13,1,16,91,0.3123,101.0,-0.0067
668964,"Myers, Tobias",2025,51.295,147,0.3489,0.3365,9,1,32,7,1,3,26,0.3147,110.9,0.0124
668970,"Hollowell, Gavin",2023,38.3322,106,0.3616,0.3418,12,4,13,3,1,5,21,0.3204,112.9,0.0198
668984,"Legumina, Casey",2025,41.8072,132,0.3167,0.3086,14,1,18,6,0,4,32,0.3147,100.6,0.0081
669020,"Rolison, Ryan",2025,66.896,156,0.4288,0.3536,18,0,28,3,1,11,22,0.3147,136.3,0.0752
669022,"Gore, MacKenzie",2022,83.8285,237,0.3537,0.3587,27,3,39,9,2,7,57,0.3104,113.9,-0.005
669022,"Gore, MacKenzie",2023,149.3378,425,0.3514,0.3413,40,1,57,19,2,20,112,0.3204,109.7,0.0101
669022,"Gore, MacKenzie",2024,157.2819,437,0.3599,0.3379,47,8,79,23,3,9,105,0.3123,115.2,0.022
669022,"Gore, MacKenzie",2025,163.0548,465,0.3507,0.3577,48,3,72,23,0,17,120,0.3147,111.4,-0.007
669060,"Wilson, Bryse",2022,139.0719,373,0.3728,0.3543,21,6,62,23,1,15,64,0.3104,120.1,0.0185
669060,"Wilson, Bryse",2023,64.8948,234,0.2773,0.283,11,1,25,12,2,7,51,0.3204,86.5,-0.0057
669060,"Wilson, Bryse",2024,103.5524,308,0.3362,0.3287,18,3,47,8,2,15,66,0.3123,107.7,0.0075
669060,"Wilson, Bryse",2025,83.14,197,0.422,0.4331,17,2,36,10,2,10,24,0.3147,134.1,-0.0111
669062,"Miller, Erik",2024,68.5306,229,0.2993,0.2781,33,0,24,8,2,6,65,0.3123,95.8,0.0212
669084,"Hall, DL",2024,58.5564,157,0.373,0.3304,15,3,33,4,0,6,33,0.3123,119.4,0.0426
669084,"Hall, DL",2025,34.0655,151,0.2256,0.2889,17,0,14,6,1,1,27,0.3147,71.7,-0.0633
669093,"Estrada, Jeremiah",2024,48.5622,201,0.2416,0.2485,18,0,24,6,0,4,74,0.3123,77.4,-0.0069
669093,"Estrada, Jeremiah",2025,68.7725,208,0.3306,0.2871,19,2,30,5,0,10,72,0.3147,105.1,0.0435
669145,"Zimmermann, Bruce",2022,111.54,269,0.4146,0.368,12,2,44,20,2,14,42,0.3104,133.6,0.0466
669160,"May, Dustin",2023,41.4769,187,0.2218,0.286,16,2,18,10,0,1,34,0.3204,69.2,-0.0642
669160,"May, Dustin",2025,141.3868,405,0.3491,0.3495,34,10,58,13,4,17,98,0.3147,110.9,-0.0004
669169,"Heasley, Jonathan",2022,139.985,396,0.3535,0.3476,37,6,56,21,2,14,59,0.3104,113.9,0.0059
669194,"Nelson, Ryne",2023,203.9705,542,0.3763,0.3585,42,1,74,35,10,21,88,0.3204,117.4,0.0178
669194,"Nelson, Ryne",2024,187.7681,579,0.3243,0.312,31,5,84,31,8,16,115,0.3123,103.8,0.0123
669194,"Nelson, Ryne",2025,124.4128,423,0.2941,0.3248,30,3,50,18,5,12,81,0.3147,93.5,-0.0307
669199,"Bachar, Lake",2025,73.9311,236,0.3133,0.3499,21,3,30,7,3,8,60,0.3147,99.6,-0.0366
669203,"Burnes, Corbin",2022,153.012,591,0.2589,0.2616,39,10,62,17,6,15,191,0.3104,83.4,-0.0027
669203,"Burnes, Corbin",2023,115.6028,484,0.2388,0.2735,34,7,65,8,0,11,135,0.3204,74.5,-0.0347
669203,"Burnes, Corbin",2024,186.3328,674,0.2765,0.2811,42,2,101,20,1,19,163,0.3123,88.5,-0.0046
669203,"Burnes, Corbin",2025,59.2641,214,0.2769,0.2985,18,1,24,8,0,7,52,0.3147,88.0,-0.0216
669211,"Akin, Keegan",2022,62.2856,222,0.2806,0.277,12,0,30,11,0,6,54,0.3104,90.4,0.0036
669211,"Akin, Keegan",2024,67.4766,254,0.2657,0.2423,17,2,26,10,2,7,82,0.3123,85.1,0.0234
669211,"Akin, Keegan",2025,54.1015,186,0.2909,0.2981,20,1,21,7,0,6,50,0.3147,92.4,-0.0072
669212,"Morgan, Eli",2022,55.8622,199,0.2807,0.2751,12,2,18,9,0,8,57,0.3104,90.4,0.0056
669212,"Morgan, Eli",2023,55.5366,192,0.2893,0.2661,13,0,32,9,1,3,53,0.3204,90.3,0.0232
669212,"Morgan, Eli",2024,28.2236,105,0.2688,0.2562,6,0,12,4,1,3,23,0.3123,86.1,0.0126
669270,"Kuhnel, Joel",2022,75.5435,195,0.3874,0.303,10,3,34,14,0,8,48,0.3104,124.8,0.0844
669276,"Lee, Dylan",2022,39.951,155,0.2577,0.265,9,0,23,4,0,4,40,0.3104,83.0,-0.0073
669276,"Lee, Dylan",2024,46.2906,165,0.2805,0.245,9,0,18,10,0,5,53,0.3123,89.8,0.0355
669276,"Lee, Dylan",2025,56.1959,202,0.2782,0.2656,10,0,24,6,0,9,55,0.3147,88.4,0.0126
669302,"Gilbert, Logan",2022,157.5454,516,0.3053,0.3055,30,5,70,30,1,14,129,0.3104,98.4,-0.0002
669302,"Gilbert, Logan",2023,183.8176,591,0.311,0.3029,29,2,88,26,2,22,140,0.3204,97.1,0.0081
669302,"Gilbert, Logan",2024,187.5586,653,0.2872,0.2797,33,3,67,36,1,24,184,0.3123,92.0,0.0075
669302,"Gilbert, Logan",2025,99.0692,357,0.2775,0.2619,20,3,44,11,1,13,118,0.3147,88.2,0.0156
669330,"Wells, Tyler",2022,82.4712,285,0.2894,0.2939,17,1,34,12,1,10,47,0.3104,93.2,-0.0045
669330,"Wells, Tyler",2023,112.34,377,0.298,0.3045,27,4,33,12,1,20,99,0.3204,93.0,-0.0065
669358,"Baz, Shane",2024,74.0677,271,0.2733,0.3024,24,4,34,5,0,9,56,0.3123,87.5,-0.0291
669358,"Baz, Shane",2025,167.455,486,0.3446,0.3123,40,4,67,25,0,21,123,0.3147,109.5,0.0323
669371,"Henry, Cole",2025,71.2315,210,0.3392,0.3476,29,10,24,8,0,7,44,0.3147,107.8,-0.0084
669372,"Ginn, J.T.",2025,103.2374,293,0.3523,0.3164,22,5,36,14,2,14,75,0.3147,111.9,0.0359
669373,"Skubal, Tarik",2022,103.4118,347,0.298,0.2876,25,1,47,25,1,5,81,0.3104,96.0,0.0104
669373,"Skubal, Tarik",2023,56.9967,246,0.2317,0.2317,11,2,34,7,1,4,80,0.3204,72.3,0.0
669373,"Skubal, Tarik",2024,132.2454,535,0.2472,0.2559,24,7,71,16,3,11,162,0.3123,79.2,-0.0087
669373,"Skubal, Tarik",2025,115.296,479,0.2407,0.2606,19,4,56,16,2,12,160,0.3147,76.5,-0.0199
669387,"Mlodzinski, Carmen",2023,34.5111,120,0.2876,0.3274,16,1,16,3,0,3,26,0.3204,89.8,-0.0398
669387,"Mlodzinski, Carmen",2024,43.241,168,0.2574,0.2677,12,1,24,6,0,3,36,0.3123,82.4,-0.0103
669387,"Mlodzinski, Carmen",2025,117.9373,358,0.3294,0.337,25,3,64,20,2,7,75,0.3147,104.7,-0.0076
669395,"Coleman, Dylan",2022,57.7889,208,0.2778,0.291,27,5,21,10,0,3,49,0.3104,89.5,-0.0132
669422,"Sauer, Matt",2025,41.896,107,0.3916,0.3551,8,2,18,5,1,5,22,0.3147,124.4,0.0365
669424,"Lambert, Jimmy",2022,48.1885,164,0.2938,0.2593,20,0,24,7,1,2,36,0.3104,94.7,0.0345
669424,"Lambert, Jimmy",2023,58.2494,126,0.4623,0.4053,12,1,17,9,0,10,29,0.3204,144.3,0.057
669432,"Rogers, Trevor",2022,132.248,367,0.3603,0.3413,36,4,46,29,0,12,81,0.3104,116.1,0.019
669432,"Rogers, Trevor",2024,151.3752,411,0.3683,0.3627,43,2,60,32,1,12,73,0.3123,117.9,0.0056
669432,"Rogers, Trevor",2025,64.3999,322,0.2,0.2803,14,2,42,7,3,2,77,0.3147,63.6,-0.0803
669438,"Englert, Mason",2023,72.2959,186,0.3887,0.3834,12,1,29,11,2,9,32,0.3204,121.3,0.0053
669438,"Englert, Mason",2025,41.4236,151,0.2743,0.3322,9,0,31,4,0,2,36,0.3147,87.2,-0.0579
669456,"Bieber, Shane",2022,159.7621,580,0.2755,0.2895,29,0,92,23,1,13,145,0.3104,88.8,-0.014
669456,"Bieber, Shane",2023,109.6445,324,0.3384,0.3552,21,1,49,22,1,10,58,0.3204,105.6,-0.0168
669456,"Bieber, Shane",2025,28.8355,111,0.2598,0.2952,4,1,13,2,0,5,30,0.3147,82.6,-0.0354
669459,"Nelson, Kyle",2022,31.0835,116,0.268,0.3139,11,3,11,8,0,1,24,0.3104,86.3,-0.0459
669459,"Nelson, Kyle",2023,68.2262,176,0.3876,0.3155,12,1,29,9,0,10,48,0.3204,121.0,0.0721
669461,"Liberatore, Matthew",2022,40.6781,101,0.4028,0.3628,9,1,18,8,2,2,17,0.3104,129.8,0.04
669461,"Liberatore, Matthew",2023,81.0715,234,0.3465,0.3695,20,4,32,18,2,5,41,0.3204,108.1,-0.023
669461,"Liberatore, Matthew",2024,93.0128,270,0.3445,0.325,18,1,39,18,0,10,58,0.3123,110.3,0.0195
669461,"Liberatore, Matthew",2025,160.4578,477,0.3364,0.3591,28,4,79,24,2,16,88,0.3147,106.9,-0.0227
669467,"Pallante, Andre",2022,106.1972,332,0.3199,0.3112,27,1,60,13,1,8,47,0.3104,103.1,0.0087
669467,"Pallante, Andre",2023,69.2861,221,0.3135,0.3002,19,3,34,10,0,6,34,0.3204,97.8,0.0133
669467,"Pallante, Andre",2024,106.1731,381,0.2787,0.283,33,1,64,17,0,4,70,0.3123,89.2,-0.0043
669467,"Pallante, Andre",2025,187.7747,550,0.3414,0.3282,48,1,88,25,4,18,86,0.3147,108.5,0.0132
669618,"Barlow, Joe",2022,29.7631,106,0.2808,0.3775,13,3,12,2,0,3,19,0.3104,90.5,-0.0967
669622,"Bender, Anthony",2024,47.5675,160,0.2973,0.2987,10,2,29,7,1,2,41,0.3123,95.2,-0.0014
669622,"Bender, Anthony",2025,36.4335,135,0.2699,0.2949,12,1,15,7,1,2,32,0.3147,85.8,-0.025
669674,"Long, Sam",2022,61.7413,175,0.3528,0.32,13,1,19,10,2,8,33,0.3104,113.7,0.0328
669674,"Long, Sam",2023,42.9923,142,0.3028,0.3371,13,1,23,8,0,2,25,0.3204,94.5,-0.0343
669674,"Long, Sam",2024,42.4505,146,0.2908,0.3149,13,1,18,5,0,5,37,0.3123,93.1,-0.0241
669674,"Long, Sam",2025,38.3602,125,0.3069,0.3321,14,2,21,3,0,3,26,0.3147,97.5,-0.0252
669684,"Murphy, Chris",2023,53.187,144,0.3694,0.3082,10,1,22,12,0,5,35,0.3204,115.3,0.0612
669684,"Murphy, Chris",2025,31.4662,103,0.3055,0.3338,11,4,12,2,0,4,21,0.3147,97.1,-0.0283
669711,"Weissert, Greg",2024,46.9915,157,0.2993,0.2662,10,0,29,7,0,3,38,0.3123,95.8,0.0331
669711,"Weissert, Greg",2025,48.471,166,0.292,0.316,13,3,20,11,0,3,31,0.3147,92.8,-0.024
669713,"Wesneski, Hayden",2022,28.5931,107,0.2672,0.2337,6,1,12,5,0,3,27,0.3104,86.1,0.0335
669713,"Wesneski, Hayden",2023,82.4795,240,0.3437,0.3551,25,2,27,8,1,13,54,0.3204,107.3,-0.0114
669713,"Wesneski, Hayden",2024,61.709,215,0.287,0.3073,18,1,24,6,0,9,50,0.3123,91.9,-0.0203
669713,"Wesneski, Hayden",2025,43.9525,129,0.3407,0.3347,6,1,14,8,0,7,29,0.3147,108.3,0.006
669721,"Daniel, Davis",2024,50.7333,133,0.3815,0.3208,6,1,23,11,0,5,28,0.3123,122.2,0.0607
669724,"Hanifee, Brenan",2024,31.1929,109,0.2862,0.2775,6,0,18,3,2,2,23,0.3123,91.6,0.0087
669724,"Hanifee, Brenan",2025,66.217,210,0.3153,0.3183,11,2,39,11,2,3,30,0.3147,100.2,-0.003
669796,"Hernandez, Jose E.",2023,60.5756,186,0.3257,0.2976,14,1,20,12,1,7,55,0.3204,101.7,0.0281
669854,"Blanco, Ronel",2023,54.7329,165,0.3317,0.3238,18,2,19,4,0,9,42,0.3204,103.5,0.0079
669854,"Blanco, Ronel",2024,152.6145,559,0.273,0.313,59,2,49,21,3,17,141,0.3123,87.4,-0.04
669854,"Blanco, Ronel",2025,40.3319,142,0.284,0.2768,14,0,14,6,0,5,34,0.3147,90.2,0.0072
669912,"Snead, Kirby",2022,65.8688,179,0.368,0.3241,17,2,32,13,0,4,31,0.3104,118.6,0.0439
669920,"Alexander, Jason",2022,80.5044,217,0.371,0.358,20,2,41,7,2,8,27,0.3104,119.5,0.013
669920,"Alexander, Jason",2025,105.2247,291,0.3616,0.3521,25,2,47,12,1,13,54,0.3147,114.9,0.0095
669923,"Kirby, George",2022,131.1997,423,0.3102,0.2815,19,4,76,18,1,11,109,0.3104,99.9,0.0287
669923,"Kirby, George",2023,191.0423,624,0.3062,0.3089,18,6,103,23,6,20,143,0.3204,95.6,-0.0027
669923,"Kirby, George",2024,164.387,575,0.2859,0.2683,18,7,80,32,1,15,135,0.3123,91.5,0.0176
669923,"Kirby, George",2025,118.9211,398,0.2988,0.306,22,5,66,14,1,11,105,0.3147,94.9,-0.0072
669947,"Scholtens, Jesse",2023,106.5794,292,0.365,0.3333,23,2,58,9,0,13,46,0.3204,113.9,0.0317
669952,"White, Mitch",2022,121.4974,356,0.3413,0.3233,28,3,60,20,3,8,65,0.3104,110.0,0.018
670036,"Festa, Matt",2022,46.4067,155,0.2994,0.2838,12,0,19,3,1,7,45,0.3104,96.5,0.0156
670036,"Festa, Matt",2025,44.8707,154,0.2914,0.3103,12,3,21,5,1,4,41,0.3147,92.6,-0.0189
670059,"Holderman, Colin",2023,55.4828,183,0.3032,0.3053,15,1,35,9,0,2,40,0.3204,94.6,-0.0021
670059,"Holderman, Colin",2024,45.3029,166,0.2729,0.2958,23,3,19,5,0,3,40,0.3123,87.4,-0.0229
670059,"Holderman, Colin",2025,43.5054,102,0.4265,0.3902,13,2,20,6,0,4,14,0.3147,135.5,0.0363
670102,"Francis, Bowden",2023,29.3167,125,0.2345,0.2918,8,1,14,2,0,4,31,0.3204,73.2,-0.0573
670102,"Francis, Bowden",2024,95.4907,320,0.2984,0.2929,13,6,35,11,0,16,69,0.3123,95.5,0.0055
670102,"Francis, Bowden",2025,82.6568,184,0.4492,0.3968,17,5,38,3,1,13,30,0.3147,142.7,0.0524
670124,"Oller, Adam",2022,116.2378,275,0.4227,0.373,31,2,31,24,0,15,36,0.3104,136.2,0.0497
670124,"Oller, Adam",2024,41.7834,118,0.3541,0.3666,16,2,16,4,0,5,25,0.3123,113.4,-0.0125
670167,"Schreiber, John",2022,46.3542,198,0.2341,0.2333,14,2,20,11,0,2,61,0.3104,75.4,0.0008
670167,"Schreiber, John",2023,53.1474,157,0.3385,0.3263,22,3,22,6,0,5,41,0.3204,105.6,0.0122
670167,"Schreiber, John",2024,55.0594,199,0.2767,0.2843,17,4,33,8,1,1,43,0.3123,88.6,-0.0076
670167,"Schreiber, John",2025,60.0392,175,0.3431,0.3238,10,1,24,7,1,9,37,0.3147,109.0,0.0193
670174,"Winckowski, Josh",2022,110.1976,293,0.3761,0.3412,25,2,51,14,4,10,40,0.3104,121.2,0.0349
670174,"Winckowski, Josh",2023,87.4258,276,0.3168,0.2971,19,2,52,11,0,7,61,0.3204,98.9,0.0197
670174,"Winckowski, Josh",2024,74.4186,238,0.3127,0.3214,15,3,42,12,0,5,42,0.3123,100.1,-0.0087
670280,"Bednar, David",2022,40.3397,155,0.2603,0.2655,10,1,18,10,0,2,57,0.3104,83.9,-0.0052
670280,"Bednar, David",2023,50.4608,184,0.2742,0.2573,12,3,25,9,2,2,60,0.3204,85.6,0.0169
670280,"Bednar, David",2024,57.29,197,0.2908,0.3068,19,2,26,8,0,5,43,0.3123,93.1,-0.016
670280,"Bednar, David",2025,47.6349,183,0.2603,0.2577,9,1,27,6,2,3,65,0.3147,82.7,0.0026
670329,"Garcia, Rico",2025,31.606,106,0.2982,0.291,8,0,15,2,1,4,26,0.3147,94.8,0.0072
670766,"McCaughan, Darren",2024,57.6051,149,0.3866,0.3754,10,6,26,7,1,6,21,0.3123,123.8,0.0112
670912,"Oviedo, Johan",2022,52.7405,179,0.2946,0.2707,17,2,24,7,1,4,41,0.3104,94.9,0.0239
670912,"Oviedo, Johan",2023,214.5127,639,0.3357,0.3334,70,10,82,36,5,17,133,0.3204,104.8,0.0023
670912,"Oviedo, Johan",2025,31.4653,105,0.2997,0.3223,14,3,9,3,0,4,27,0.3147,95.2,-0.0226
670950,"Richards, Trevor",2022,65.9912,208,0.3173,0.3277,25,0,29,7,0,7,65,0.3104,102.2,-0.0104
670950,"Richards, Trevor",2023,78.1864,245,0.3191,0.2867,23,2,30,11,1,9,83,0.3204,99.6,0.0324
670950,"Richards, Trevor",2024,64.7636,220,0.2944,0.2969,28,2,26,6,0,7,53,0.3123,94.3,-0.0025
670955,"Uceta, Edwin",2024,30.598,131,0.2336,0.233,6,1,16,6,0,2,43,0.3123,74.8,0.0006
670955,"Uceta, Edwin",2025,63.338,222,0.2853,0.3209,18,8,28,9,0,5,69,0.3147,90.7,-0.0356
670970,"Morejon, Adrian",2022,35.5383,118,0.3012,0.2964,7,1,20,3,0,4,24,0.3104,97.0,0.0048
670970,"Morejon, Adrian",2024,60.7363,191,0.318,0.2826,12,1,29,15,2,2,54,0.3123,101.8,0.0354
670970,"Morejon, Adrian",2025,46.0641,204,0.2258,0.2584,10,0,32,5,1,2,49,0.3147,71.8,-0.0326
670990,"Ramírez, Yohan",2022,42.7139,129,0.3311,0.3325,14,5,17,7,0,3,25,0.3104,106.7,-0.0014
670990,"Ramírez, Yohan",2023,44.7211,144,0.3106,0.3063,13,10,23,2,1,3,30,0.3204,96.9,0.0043
670990,"Ramírez, Yohan",2024,51.6776,147,0.3515,0.3509,14,7,26,6,1,3,30,0.3123,112.6,0.0006
670990,"Ramírez, Yohan",2025,34.9915,117,0.2991,0.3033,11,3,18,5,0,2,36,0.3147,95.0,-0.0042
671096,"Abbott, Andrew",2023,135.1426,396,0.3413,0.3099,38,1,52,21,1,16,106,0.3204,106.5,0.0314
671096,"Abbott, Andrew",2024,141.9284,447,0.3175,0.2994,40,2,55,22,1,16,82,0.3123,101.7,0.0181
671096,"Abbott, Andrew",2025,162.4155,542,0.2997,0.296,36,3,78,24,0,17,120,0.3147,95.2,0.0037
671106,"Allen, Logan",2023,117.7924,393,0.2997,0.3124,34,1,57,19,0,10,95,0.3204,93.5,-0.0127
671106,"Allen, Logan",2024,117.9451,304,0.388,0.3523,28,2,46,21,2,12,63,0.3123,124.2,0.0357
671106,"Allen, Logan",2025,157.466,468,0.3365,0.3383,43,3,78,21,0,15,80,0.3147,106.9,-0.0018
671131,"Rutledge, Jackson",2025,111.553,277,0.4027,0.3601,23,7,48,11,1,15,57,0.3147,128.0,0.0426
671212,"Boyle, Joe",2024,57.7713,184,0.314,0.3092,31,2,27,5,1,3,51,0.3123,100.5,0.0048
671212,"Boyle, Joe",2025,49.7627,141,0.3529,0.3462,19,3,15,7,0,6,32,0.3147,112.1,0.0067
671305,"Otañez, Michel",2024,32.3484,118,0.2741,0.2379,17,2,16,4,0,1,42,0.3123,87.8,0.0362
671345,"Foley, Jason",2022,63.6416,207,0.3074,0.3054,9,1,53,5,1,2,33,0.3104,99.0,0.002
671345,"Foley, Jason",2023,63.2666,213,0.297,0.3123,10,1,40,11,2,2,44,0.3204,92.7,-0.0153
671345,"Foley, Jason",2024,52.1024,169,0.3083,0.3298,13,2,25,6,1,5,27,0.3123,98.7,-0.0215
671737,"Bradley, Taj",2023,142.1884,398,0.3573,0.322,34,1,47,21,3,20,114,0.3204,111.5,0.0353
671737,"Bradley, Taj",2024,142.1437,453,0.3138,0.3156,38,3,55,17,1,19,130,0.3123,100.5,-0.0018
671737,"Bradley, Taj",2025,137.856,451,0.3057,0.3188,45,3,60,19,1,13,97,0.3147,97.1,-0.0131
671922,"Smith, Cade",2024,46.5374,210,0.2216,0.2408,13,3,22,12,0,1,70,0.3123,71.0,-0.0192
671922,"Smith, Cade",2025,40.2768,181,0.2225,0.2155,10,3,14,14,1,0,71,0.3147,70.7,0.007
672282,"Detmers, Reid",2022,111.7126,391,0.2857,0.3001,29,4,52,20,2,7,86,0.3104,92.0,-0.0144
672282,"Detmers, Reid",2023,155.5049,499,0.3116,0.3217,47,11,69,19,1,15,141,0.3204,97.3,-0.0101
672282,"Detmers, Reid",2024,132.0947,321,0.4115,0.3251,33,2,51,17,2,17,79,0.3123,131.8,0.0864
672282,"Detmers, Reid",2025,63.374,201,0.3153,0.3168,13,2,36,9,0,5,52,0.3147,100.2,-0.0015
672335,"Pérez, Cionel",2022,41.4361,163,0.2542,0.3038,12,1,28,4,0,2,38,0.3104,81.9,-0.0496
672335,"Pérez, Cionel",2023,64.3751,203,0.3171,0.3041,22,3,41,8,0,2,37,0.3204,99.0,0.013
672335,"Pérez, Cionel",2024,56.9258,205,0.2777,0.2889,24,5,24,12,2,0,43,0.3123,88.9,-0.0112
672391,"Ort, Kaleb",2022,36.2838,102,0.3557,0.3483,11,2,17,5,0,3,23,0.3104,114.6,0.0074
672391,"Ort, Kaleb",2025,54.3659,161,0.3377,0.3098,22,0,18,5,0,8,41,0.3147,107.3,0.0279
672456,"Montero, Keider",2024,114.6762,324,0.3539,0.3499,22,2,51,12,1,16,58,0.3123,113.3,0.004
672456,"Montero, Keider",2025,87.7245,261,0.3361,0.3613,21,1,42,8,1,11,47,0.3147,106.8,-0.0252
672578,"Hernández, Carlos",2022,75.1917,199,0.3778,0.3459,26,1,40,8,0,6,28,0.3104,121.7,0.0319
672578,"Hernández, Carlos",2023,81.0844,232,0.3495,0.3261,23,0,32,15,2,7,64,0.3204,109.1,0.0234
672578,"Hernández, Carlos",2024,30.9703,116,0.267,0.3002,13,1,13,7,0,1,25,0.3123,85.5,-0.0332
672578,"Hernández, Carlos",2025,58.2279,173,0.3366,0.373,17,1,34,7,0,4,31,0.3147,107.0,-0.0364
672582,"Zerpa, Angel",2023,36.8617,118,0.3124,0.3276,4,1,16,8,0,4,25,0.3204,97.5,-0.0152
672582,"Zerpa, Angel",2024,61.0941,194,0.3149,0.328,15,2,36,5,1,5,44,0.3123,100.8,-0.0131
672582,"Zerpa, Angel",2025,72.5477,209,0.3471,0.3249,18,2,34,13,0,6,47,0.3147,110.3,0.0222
672710,"Contreras, Roansy",2022,97.0963,294,0.3303,0.3263,27,2,24,22,1,11,66,0.3104,106.4,0.004
672710,"Contreras, Roansy",2023,96.9527,263,0.3686,0.3601,28,1,43,13,0,11,47,0.3204,115.0,0.0085
672710,"Contreras, Roansy",2024,75.4052,249,0.3028,0.3171,20,4,30,12,0,8,51,0.3123,97.0,-0.0143
672782,"Gómez, Yoendrys",2025,68.0371,209,0.3255,0.3577,21,3,32,6,1,7,46,0.3147,103.4,-0.0322
672841,"Vargas, Carlos",2025,61.3947,189,0.3248,0.3108,10,3,35,4,1,7,33,0.3147,103.2,0.014
672851,"Adon, Joan",2022,95.4284,241,0.396,0.3826,27,4,36,16,4,7,40,0.3104,127.6,0.0134
672851,"Adon, Joan",2023,67.5578,176,0.3839,0.3619,14,2,25,15,0,7,38,0.3204,119.8,0.022
673513,"Matsui, Yuki",2024,56.0365,185,0.3029,0.2759,18,0,21,7,2,6,53,0.3123,97.0,0.027
673513,"Matsui, Yuki",2025,61.0375,198,0.3083,0.3152,22,1,22,7,0,8,48,0.3147,98.0,-0.0069
673540,"Senga, Kodai",2023,159.9872,563,0.2842,0.3102,63,5,75,16,0,15,160,0.3204,88.7,-0.026
673540,"Senga, Kodai",2025,127.5388,385,0.3313,0.3222,44,3,42,21,5,11,89,0.3147,105.3,0.0091
673929,"Leasure, Jordan",2024,37.5768,107,0.3512,0.3336,15,1,10,6,1,4,21,0.3123,112.5,0.0176
673929,"Leasure, Jordan",2025,63.4142,202,0.3139,0.2867,23,1,17,10,1,8,59,0.3147,99.7,0.0272
674003,"Bradford, Cody",2023,79.3514,225,0.3527,0.3278,12,1,28,15,2,10,50,0.3204,110.1,0.0249
674003,"Bradford, Cody",2024,70.9869,239,0.297,0.2919,9,1,34,7,4,8,54,0.3123,95.1,0.0051
674072,"Henry, Tommy",2022,59.5918,159,0.3748,0.3467,18,2,25,5,0,8,24,0.3104,120.7,0.0281
674072,"Henry, Tommy",2023,90.8197,288,0.3153,0.3071,23,2,40,11,2,10,50,0.3204,98.4,0.0082
674072,"Henry, Tommy",2024,49.9637,120,0.4164,0.3714,13,2,17,7,0,7,21,0.3123,133.3,0.045
674285,"Salazar, Eduardo",2024,35.4693,101,0.3512,0.3593,11,1,23,5,0,1,18,0.3123,112.5,-0.0081
674285,"Salazar, Eduardo",2025,50.5449,107,0.4724,0.3941,12,1,21,6,0,7,19,0.3147,150.1,0.0783
674370,"Bido, Osvaldo",2023,47.555,150,0.317,0.355,19,5,24,5,1,2,28,0.3204,98.9,-0.038
674370,"Bido, Osvaldo",2024,53.4628,205,0.2608,0.2603,21,6,23,8,0,3,51,0.3123,83.5,0.0005
674370,"Bido, Osvaldo",2025,106.6289,266,0.4009,0.3795,24,6,46,10,0,15,43,0.3147,127.4,0.0214
674444,"Cruz, Steven",2025,41.3092,148,0.2791,0.2927,16,1,16,6,0,4,31,0.3147,88.7,-0.0136
675512,"Melton, Troy",2025,27.2482,103,0.2645,0.2928,8,0,12,2,0,4,27,0.3147,84.0,-0.0283
675540,"Curry, Xzavion",2023,100.6025,297,0.3387,0.3405,20,2,44,17,2,10,49,0.3204,105.7,-0.0018
675540,"Curry, Xzavion",2024,50.9544,158,0.3225,0.3464,6,0,14,14,1,6,27,0.3123,103.3,-0.0239
675627,"Grove, Michael",2023,82.9667,225,0.3687,0.3387,15,3,34,14,3,8,54,0.3204,115.1,0.03
675627,"Grove, Michael",2024,42.2321,146,0.2893,0.2884,10,5,26,3,0,3,41,0.3123,92.6,0.0009
675848,"Mejia, Juan",2025,69.3754,222,0.3125,0.283,21,4,26,12,1,6,58,0.3147,99.3,0.0295
675911,"Strider, Spencer",2022,76.9233,322,0.2389,0.2488,28,2,34,12,1,5,122,0.3104,77.0,-0.0099
675911,"Strider, Spencer",2023,164.2433,597,0.2751,0.2725,44,6,69,24,2,17,217,0.3204,85.9,0.0026
675911,"Strider, Spencer",2025,130.9963,372,0.3521,0.3436,36,3,56,18,0,15,98,0.3147,111.9,0.0085
675916,"Karinchak, James",2022,30.7164,123,0.2497,0.2909,18,1,15,2,1,1,43,0.3104,80.4,-0.0412
675916,"Karinchak, James",2023,32.0154,115,0.2784,0.3073,15,3,7,3,1,4,32,0.3204,86.9,-0.0289
675921,"Howard, Spencer",2022,61.7444,133,0.4642,0.3606,8,1,19,8,1,11,27,0.3104,149.5,0.1036
675921,"Howard, Spencer",2024,45.7047,110,0.4155,0.3286,12,0,22,5,2,4,23,0.3123,133.0,0.0869
676050,"Naughton, Packy",2022,35.9757,106,0.3394,0.2881,4,1,22,7,0,2,23,0.3104,109.3,0.0513
676083,"Junk, Janson",2025,93.956,305,0.3081,0.3294,11,1,53,21,1,5,57,0.3147,97.9,-0.0213
676092,"Snider, Collin",2022,43.304,110,0.3937,0.4,14,2,20,7,0,3,16,0.3104,126.8,-0.0063
676092,"Snider, Collin",2024,32.2571,113,0.2855,0.3212,8,0,13,5,0,4,27,0.3123,91.4,-0.0357
676106,"Hancock, Emerson",2024,50.8641,166,0.3064,0.3525,11,4,25,5,1,5,28,0.3123,98.1,-0.0461
676106,"Hancock, Emerson",2025,98.4148,269,0.3659,0.3865,25,3,40,14,0,12,41,0.3147,116.3,-0.0206
676130,"Buttó, José",2023,41.1267,155,0.2653,0.3001,19,0,22,2,1,3,36,0.3204,82.8,-0.0348
676130,"Buttó, José",2024,70.8441,257,0.2757,0.3069,34,5,25,9,0,6,68,0.3123,88.3,-0.0312
676130,"Buttó, José",2025,59.0258,195,0.3027,0.3205,21,1,25,10,1,4,43,0.3147,96.2,-0.0178
676254,"Walker, Ryan",2023,62.3127,182,0.3424,0.2831,19,2,28,9,0,6,61,0.3204,106.9,0.0593
676254,"Walker, Ryan",2024,46.5999,204,0.2284,0.2638,13,6,20,5,1,4,62,0.3123,73.1,-0.0354
676254,"Walker, Ryan",2025,49.1665,177,0.2778,0.2842,11,5,27,9,0,2,42,0.3147,88.3,-0.0064
676263,"Dreyer, Jack",2025,56.5,224,0.2522,0.2425,15,0,26,11,2,3,59,0.3147,80.1,0.0097
676265,"Abbott, Cory",2022,51.3377,149,0.3445,0.305,16,3,12,9,0,7,40,0.3104,111.0,0.0395
676265,"Abbott, Cory",2023,56.4062,147,0.3837,0.3362,14,2,29,3,1,7,32,0.3204,119.8,0.0475
676272,"Miller, Bobby",2023,124.67,431,0.2893,0.2891,28,4,61,20,2,10,101,0.3204,90.3,0.0002
676272,"Miller, Bobby",2024,68.3176,171,0.3995,0.3769,18,1,24,4,1,12,38,0.3123,127.9,0.0226
676282,"Cantillo, Joey",2025,72.5274,236,0.3073,0.3142,29,0,34,11,0,5,66,0.3147,97.6,-0.0069
676395,"Garcia, Robert",2024,47.1658,171,0.2758,0.2759,13,1,31,6,0,2,46,0.3123,88.3,-0.0001
676395,"Garcia, Robert",2025,51.1627,174,0.294,0.2936,13,0,31,4,0,5,44,0.3147,93.4,0.0004
676428,"Hurter, Brant",2024,37.877,159,0.2382,0.2227,5,0,18,6,1,4,38,0.3123,76.3,0.0155
676428,"Hurter, Brant",2025,57.1285,190,0.3007,0.3157,22,7,28,5,0,4,47,0.3147,95.6,-0.015
676440,"Bibee, Tanner",2023,105.7168,356,0.297,0.3107,29,3,51,15,0,10,83,0.3204,92.7,-0.0137
676440,"Bibee, Tanner",2024,151.675,477,0.318,0.2965,28,4,65,24,2,17,130,0.3123,101.8,0.0215
676440,"Bibee, Tanner",2025,184.5016,608,0.3035,0.2893,40,8,94,21,4,17,131,0.3147,96.4,0.0142
676467,"Gordon, Colton",2025,116.796,290,0.4027,0.3448,12,2,48,20,1,16,58,0.3147,128.0,0.0579
676477,"Whitlock, Garrett",2022,64.5098,211,0.3057,0.3012,14,1,35,7,1,6,43,0.3104,98.5,0.0045
676477,"Whitlock, Garrett",2023,87.6997,230,0.3813,0.3379,10,3,37,12,2,12,56,0.3204,119.0,0.0434
676477,"Whitlock, Garrett",2025,42.8637,192,0.2232,0.2579,13,3,32,5,0,0,59,0.3147,70.9,-0.0347
676508,"Casparius, Ben",2025,80.9449,248,0.3264,0.3145,17,2,36,17,1,6,45,0.3147,103.7,0.0119
676534,"Faucher, Calvin",2024,38.308,143,0.2679,0.2875,15,2,21,4,3,0,44,0.3123,85.8,-0.0196
676534,"Faucher, Calvin",2025,47.4252,163,0.291,0.3174,16,1,29,3,1,3,35,0.3147,92.5,-0.0264
676596,"Fleming, Josh",2022,49.02,121,0.4051,0.3133,5,0,27,8,0,5,23,0.3104,130.5,0.0918
676596,"Fleming, Josh",2023,47.9655,137,0.3501,0.3783,9,0,27,6,0,5,18,0.3204,109.3,-0.0282
676596,"Fleming, Josh",2024,40.9936,102,0.4019,0.3382,11,1,22,6,0,3,12,0.3123,128.7,0.0637
676617,"O'Brien, Riley",2025,29.9146,126,0.2374,0.2802,13,4,16,3,0,1,31,0.3147,75.4,-0.0428
676661,"Lazar, Max",2025,32.8044,111,0.2955,0.375,10,0,14,4,0,4,16,0.3147,93.9,-0.0795
676664,"Sears, JP",2022,68.2443,188,0.363,0.3428,15,2,35,7,1,7,31,0.3104,116.9,0.0202
676664,"Sears, JP",2023,201.3506,545,0.3695,0.3456,39,11,73,28,4,27,121,0.3204,115.3,0.0239
676664,"Sears, JP",2024,172.775,510,0.3388,0.3264,35,9,64,28,3,20,97,0.3123,108.5,0.0124
676664,"Sears, JP",2025,170.8277,459,0.3722,0.3295,31,4,57,27,1,26,98,0.3147,118.3,0.0427
676680,"Cosgrove, Tom",2023,30.8027,141,0.2185,0.248,12,4,16,1,1,2,29,0.3204,68.2,-0.0295
676684,"Vest, Will",2022,68.9689,223,0.3093,0.3161,18,3,43,6,0,5,54,0.3104,99.6,-0.0068
676684,"Vest, Will",2023,34.2618,141,0.243,0.2589,8,0,19,7,1,1,42,0.3204,75.8,-0.0159
676684,"Vest, Will",2024,50.334,214,0.2352,0.3114,11,1,34,6,1,2,45,0.3123,75.3,-0.0762
676684,"Vest, Will",2025,51.8332,190,0.2728,0.2819,15,1,35,3,1,3,49,0.3147,86.7,-0.0091
676702,"Stratton, Hunter",2024,34.9185,101,0.3457,0.2899,5,0,18,7,0,3,23,0.3123,110.7,0.0558
676710,"Crawford, Kutter",2022,54.4317,188,0.2895,0.3003,17,1,26,7,0,5,43,0.3104,93.3,-0.0108
676710,"Crawford, Kutter",2023,121.5128,416,0.2921,0.2698,21,3,55,19,1,14,105,0.3204,91.2,0.0223
676710,"Crawford, Kutter",2024,186.5595,590,0.3162,0.3007,42,7,69,27,2,24,131,0.3123,101.2,0.0155
676714,"Hughes, Brandon",2022,53.4768,175,0.3056,0.3082,15,6,15,6,0,8,50,0.3104,98.5,-0.0026
676755,"Mattson, Isaac",2025,29.4942,132,0.2234,0.2861,14,2,13,5,0,1,33,0.3147,71.0,-0.0627
676760,"Marinaccio, Ron",2022,29.9197,128,0.2337,0.2623,14,6,8,5,1,1,37,0.3104,75.3,-0.0286
676760,"Marinaccio, Ron",2023,47.9288,155,0.3092,0.3412,23,6,17,7,0,3,41,0.3204,96.5,-0.032
676775,"Winn, Keaton",2023,38.3821,115,0.3338,0.3179,7,3,13,6,2,4,24,0.3204,104.2,0.0159
676775,"Winn, Keaton",2024,71.4053,199,0.3588,0.3583,16,3,26,7,5,8,40,0.3123,114.9,0.0005
676879,"Ashby, Aaron",2022,141.3232,423,0.3341,0.2994,43,4,65,15,2,14,118,0.3104,107.6,0.0347
676879,"Ashby, Aaron",2025,47.5281,177,0.2685,0.2795,16,3,26,4,1,3,51,0.3147,85.3,-0.011
676917,"Cavalli, Cade",2025,44.862,120,0.3738,0.3384,11,3,22,3,1,5,22,0.3147,118.8,0.0354
676961,"Boushley, Caleb",2025,47.7612,139,0.3436,0.3511,8,2,28,10,0,2,30,0.3147,109.2,-0.0075
676962,"Brown, Ben",2024,38.3113,118,0.3247,0.3258,8,0,17,7,0,4,34,0.3123,104.0,-0.0011
676962,"Brown, Ben",2025,128.1414,365,0.3511,0.3293,25,4,65,16,3,12,97,0.3147,111.6,0.0218
676974,"Meyer, Max",2024,99.2922,246,0.4036,0.3341,19,3,28,18,2,14,46,0.3123,129.2,0.0695
676974,"Meyer, Max",2025,94.9519,260,0.3652,0.3628,20,2,45,11,0,12,54,0.3147,116.0,0.0024
676979,"Crochet, Garrett",2024,130.1406,445,0.2925,0.2578,26,4,58,22,1,13,147,0.3123,93.7,0.0347
676979,"Crochet, Garrett",2025,174.4409,623,0.28,0.275,37,3,84,26,2,17,203,0.3147,89.0,0.005
677053,"Nardi, Andrew",2023,52.0762,175,0.2976,0.2664,14,0,19,10,0,6,53,0.3204,92.9,0.0312
677053,"Nardi, Andrew",2024,46.2286,147,0.3145,0.2674,13,0,16,10,1,4,45,0.3123,100.7,0.0471
677161,"Kelly, Zack",2024,52.9887,169,0.3135,0.3279,15,0,24,5,0,7,42,0.3123,100.4,-0.0144
677651,"Garcia, Luis",2022,132.7126,448,0.2962,0.2984,35,1,55,19,1,15,109,0.3104,95.4,-0.0022
677944,"Cecconi, Slade",2024,104.2333,257,0.4056,0.3386,13,3,41,17,0,15,47,0.3123,129.9,0.067
677944,"Cecconi, Slade",2025,139.6619,428,0.3263,0.3581,28,3,57,19,2,18,84,0.3147,103.7,-0.0318
677952,"Ashcraft, Braxton",2025,57.2785,200,0.2864,0.2915,17,1,30,11,1,2,49,0.3147,91.0,-0.0051
677958,"Rocker, Kumar",2025,68.2769,177,0.3857,0.3868,15,1,31,8,0,9,31,0.3147,122.6,-0.0011
677960,"Weathers, Ryan",2023,59.372,156,0.3806,0.3385,16,1,26,8,0,7,27,0.3204,118.8,0.0421
677960,"Weathers, Ryan",2024,103.0971,309,0.3336,0.3315,20,8,46,17,0,10,68,0.3123,106.8,0.0021
677960,"Weathers, Ryan",2025,30.2677,104,0.291,0.3031,6,0,20,2,0,3,22,0.3147,92.5,-0.0121
678020,"Halvorsen, Seth",2025,47.9725,124,0.3869,0.3501,13,0,16,9,0,6,27,0.3147,122.9,0.0368
678022,"Perkins, Jack",2025,35.8474,136,0.2636,0.2853,15,2,14,5,0,3,30,0.3147,83.8,-0.0217
678024,"Vasil, Mike",2025,81.8069,291,0.2811,0.3352,29,3,41,9,1,6,56,0.3147,89.3,-0.0541
678226,"Hernández, Daysbel",2025,39.3442,114,0.3451,0.355,21,2,14,5,0,3,21,0.3147,109.7,-0.0099
678368,"Bellozo, Valente",2024,73.3073,183,0.4006,0.3596,12,1,23,9,1,13,31,0.3123,128.3,0.041
678368,"Bellozo, Valente",2025,89.6128,268,0.3344,0.332,17,3,42,12,1,10,41,0.3147,106.3,0.0024
678394,"Bello, Brayan",2022,53.6048,153,0.3504,0.3273,14,1,32,10,1,1,30,0.3104,112.9,0.0231
678394,"Bello, Brayan",2023,191.9868,535,0.3589,0.312,36,6,88,29,2,21,109,0.3204,112.0,0.0469
678394,"Bello, Brayan",2024,142.1605,435,0.3268,0.3143,40,7,67,23,0,11,95,0.3123,104.6,0.0125
678394,"Bello, Brayan",2025,145.8215,482,0.3025,0.3403,44,5,74,19,0,12,87,0.3147,96.1,-0.0378
678495,"Rodríguez, Randy",2024,54.786,164,0.3341,0.2973,12,1,24,10,2,4,34,0.3123,107.0,0.0368
678495,"Rodríguez, Randy",2025,35.8757,136,0.2638,0.2577,7,2,18,6,0,3,46,0.3147,83.8,0.0061
678606,"Ferrer, Jose A.",2025,64.6032,223,0.2897,0.2946,12,4,45,8,1,2,44,0.3147,92.1,-0.0049
678692,"Henriquez, Ronny",2025,61.0817,212,0.2881,0.2944,19,3,24,8,0,7,75,0.3147,91.5,-0.0063
679358,"Orze, Eric",2025,43.9195,139,0.316,0.3125,10,2,22,5,1,4,32,0.3147,100.4,0.0035
679525,"Marsh, Alec",2023,85.0823,205,0.415,0.3723,23,6,23,9,4,12,55,0.3204,129.5,0.0427
679525,"Marsh, Alec",2024,160.9482,480,0.3353,0.3389,35,8,65,26,2,17,106,0.3123,107.4,-0.0036
679885,"Martinez, Justin",2024,58.8593,233,0.2526,0.2583,23,0,34,9,0,2,76,0.3123,80.9,-0.0057
680570,"Rodriguez, Grayson",2023,133.6364,419,0.3189,0.3104,34,2,65,14,3,14,108,0.3204,99.5,0.0085
680570,"Rodriguez, Grayson",2024,117.5658,388,0.303,0.2844,30,4,54,14,2,12,110,0.3123,97.0,0.0186
680573,"Woods Richardson, Simeon",2024,114.7553,353,0.3251,0.3107,27,2,61,13,1,11,73,0.3123,104.1,0.0144
680573,"Woods Richardson, Simeon",2025,115.1856,361,0.3191,0.3115,35,2,49,12,1,14,80,0.3147,101.4,0.0076
680686,"Gray, Josiah",2022,182.6622,483,0.3782,0.3236,51,6,53,15,2,32,122,0.3104,121.8,0.0546
680686,"Gray, Josiah",2023,208.2463,629,0.3311,0.3342,69,8,93,28,1,19,127,0.3204,103.3,-0.0031
680689,"Richardson, Lyon",2025,38.2493,118,0.3241,0.3639,14,2,14,9,0,2,18,0.3147,103.0,-0.0398
680694,"Bradish, Kyle",2022,151.6881,432,0.3511,0.3377,42,7,74,17,0,15,91,0.3104,113.1,0.0134
680694,"Bradish, Kyle",2023,159.2666,591,0.2695,0.3002,38,8,78,25,1,13,154,0.3204,84.1,-0.0307
680694,"Bradish, Kyle",2024,29.957,120,0.2496,0.2347,12,2,12,6,2,0,40,0.3123,79.9,0.0149
680704,"Sandlin, Nick",2022,32.372,130,0.249,0.2854,11,2,17,4,0,2,31,0.3104,80.2,-0.0364
680704,"Sandlin, Nick",2023,48.7972,164,0.2975,0.3091,18,0,13,6,0,8,42,0.3204,92.9,-0.0116
680704,"Sandlin, Nick",2024,66.6246,173,0.3851,0.3412,20,3,21,6,0,11,49,0.3123,123.3,0.0439
680723,"Rom, Drew",2023,49.3362,123,0.4011,0.3602,14,0,18,9,1,5,21,0.3204,125.2,0.0409
680730,"Parker, Mitchell",2024,121.9373,360,0.3387,0.3234,25,2,58,21,1,11,79,0.3123,108.5,0.0153
680730,"Parker, Mitchell",2025,204.5464,577,0.3545,0.3833,45,3,89,33,3,21,81,0.3147,112.6,-0.0288
680732,"Burke, Sean",2025,149.6452,449,0.3333,0.3553,47,6,60,20,1,16,97,0.3147,105.9,-0.022
680736,"Wrobleski, Justin",2025,77.2047,258,0.2992,0.2941,16,2,41,13,0,6,68,0.3147,95.1,0.0051
680739,"Winder, Josh",2022,80.7349,226,0.3572,0.3627,16,3,33,14,0,9,42,0.3104,115.1,-0.0055
680739,"Winder, Josh",2023,37.1942,112,0.3321,0.3237,9,0,15,8,2,2,20,0.3204,103.7,0.0084
680742,"Bowlan, Jonathan",2025,47.8007,137,0.3489,0.3234,15,0,19,8,0,5,31,0.3147,110.9,0.0255
680744,"Madden, Ty",2024,32.0657,100,0.3207,0.3126,8,1,18,5,0,2,17,0.3123,102.7,0.0081
680755,"Fisher, Braydon",2025,28.9123,138,0.2095,0.2644,10,3,16,4,0,1,48,0.3147,66.6,-0.0549
680767,"Vodnik, Victor",2024,82.3598,253,0.3255,0.3329,30,1,44,4,4,6,52,0.3123,104.2,-0.0074
680767,"Vodnik, Victor",2025,46.748,165,0.2833,0.3228,17,0,23,8,1,2,38,0.3147,90.0,-0.0395
680885,"Schwellenbach, Spencer",2024,133.0686,449,0.2964,0.2893,18,6,56,22,4,14,117,0.3123,94.9,0.0071
680885,"Schwellenbach, Spencer",2025,83.7,303,0.2762,0.3037,9,2,39,12,2,10,72,0.3147,87.8,-0.0275
680897,"Nastrini, Nick",2024,63.856,173,0.3691,0.3811,36,1,18,6,1,7,26,0.3123,118.2,-0.012
681006,"Simpson, Josh",2025,47.3556,117,0.4047,0.3487,17,1,19,5,1,5,27,0.3147,128.6,0.056
681035,"Scott, Christian",2024,46.3367,154,0.3009,0.3154,9,1,17,7,1,6,31,0.3123,96.3,-0.0145
681190,"Vásquez, Randy",2023,43.986,149,0.2952,0.3388,15,4,18,6,0,4,30,0.3204,92.1,-0.0436
681190,"Vásquez, Randy",2024,115.4889,335,0.3447,0.355,20,6,61,17,2,9,46,0.3123,110.4,-0.0103
681190,"Vásquez, Randy",2025,137.1523,429,0.3197,0.3619,40,5,67,15,0,14,61,0.3147,101.6,-0.0422
681217,"Silseth, Chase",2022,51.3187,128,0.4009,0.3856,12,1,18,8,0,7,24,0.3104,129.2,0.0153
681217,"Silseth, Chase",2023,53.1905,175,0.3039,0.3151,18,2,21,7,0,6,42,0.3204,94.9,-0.0112
681293,"Arrighetti, Spencer",2024,144.9099,462,0.3137,0.2966,47,5,61,23,0,13,133,0.3123,100.4,0.0171
681293,"Arrighetti, Spencer",2025,51.4446,156,0.3298,0.3611,20,3,19,4,1,6,31,0.3147,104.8,-0.0313
681343,"Smith, Shane",2025,131.8722,434,0.3039,0.331,45,9,54,16,2,12,94,0.3147,96.6,-0.0271
681347,"Burrows, Mike",2025,104.0257,302,0.3445,0.3558,26,5,45,11,2,12,70,0.3147,109.5,-0.0113
681517,"Leahy, Kyle",2024,41.717,146,0.2857,0.3544,9,1,21,8,0,3,23,0.3123,91.5,-0.0687
681517,"Leahy, Kyle",2025,77.3332,269,0.2875,0.3469,20,1,48,13,0,3,58,0.3147,91.4,-0.0594
681676,"Fernandez, Ryan",2024,58.7371,202,0.2908,0.317,19,2,34,7,2,2,50,0.3123,93.1,-0.0262
681806,"Wantz, Andrew",2022,39.8474,139,0.2867,0.2916,12,0,15,2,0,7,34,0.3104,92.4,-0.0049
681806,"Wantz, Andrew",2023,33.942,129,0.2631,0.3066,10,1,12,3,2,4,27,0.3204,82.1,-0.0435
681857,"Olson, Reese",2023,96.0504,322,0.2983,0.3449,28,1,40,11,1,12,80,0.3204,93.1,-0.0466
681857,"Olson, Reese",2024,85.1045,280,0.3039,0.3034,19,2,49,13,1,5,66,0.3123,97.3,0.0005
681857,"Olson, Reese",2025,76.5256,263,0.291,0.3258,22,5,40,11,0,5,59,0.3147,92.5,-0.0348
681867,"Criswell, Cooper",2023,42.1565,102,0.4133,0.3372,3,3,17,9,0,5,16,0.3204,129.0,0.0761
681867,"Criswell, Cooper",2024,95.8401,300,0.3195,0.3004,20,3,49,15,2,7,61,0.3123,102.3,0.0191
681869,"Dubin, Shawn",2024,56.9839,177,0.3219,0.2951,19,2,30,9,0,3,45,0.3123,103.1,0.0268
681869,"Dubin, Shawn",2025,36.6381,111,0.3301,0.286,7,1,17,4,0,5,25,0.3147,104.9,0.0441
681892,"Funderburk, Kody",2024,54.7305,138,0.3966,0.3606,13,5,24,9,1,4,27,0.3123,127.0,0.036
681892,"Funderburk, Kody",2025,41.4056,132,0.3137,0.3243,13,3,24,7,0,1,28,0.3147,99.7,-0.0106
681911,"Vesia, Alex",2022,34.0288,159,0.214,0.2342,11,2,19,4,0,2,61,0.3104,68.9,-0.0202
681911,"Vesia, Alex",2023,47.0431,156,0.3016,0.2833,10,2,26,5,1,4,50,0.3204,94.1,0.0183
681911,"Vesia, Alex",2024,45.0031,183,0.2459,0.2654,20,1,10,7,0,6,67,0.3123,78.7,-0.0195
681911,"Vesia, Alex",2025,38.2152,158,0.2419,0.2682,8,4,13,4,0,6,52,0.3147,76.9,-0.0263
681982,"Anderson, Grant",2023,46.4733,138,0.3368,0.3026,11,1,26,6,0,4,27,0.3204,105.1,0.0342
681982,"Anderson, Grant",2025,59.7878,221,0.2705,0.3085,23,2,29,5,1,5,53,0.3147,86.0,-0.038
682051,"Hill, Garrett",2022,67.4802,214,0.3153,0.349,23,2,29,8,0,7,37,0.3104,101.6,-0.0337
682052,"Lopez, Jacob",2025,99.7179,301,0.3313,0.3065,28,5,38,9,1,14,85,0.3147,105.3,0.0248
682120,"Herrin, Tim",2024,43.211,181,0.2387,0.2883,17,4,18,8,0,2,50,0.3123,76.4,-0.0496
682120,"Herrin, Tim",2025,48.7089,126,0.3866,0.3512,17,4,19,6,0,5,29,0.3147,122.8,0.0354
682171,"Murfee, Penn",2022,54.6325,199,0.2745,0.2513,9,0,26,6,1,7,58,0.3104,88.4,0.0232
682227,"Williamson, Brandon",2023,111.2189,345,0.3224,0.3171,20,1,50,19,0,13,73,0.3204,100.6,0.0053
682243,"Miller, Bryce",2023,137.7692,427,0.3226,0.3398,19,4,49,31,0,17,97,0.3204,100.7,-0.0172
682243,"Miller, Bryce",2024,147.388,573,0.2572,0.2931,29,3,74,18,0,17,136,0.3123,82.4,-0.0359
682243,"Miller, Bryce",2025,69.7763,215,0.3245,0.3534,24,0,25,8,1,9,43,0.3147,103.1,-0.0289
682254,"Montgomery, Mason",2025,49.6609,147,0.3378,0.3105,18,1,23,7,0,4,50,0.3147,107.3,0.0273
682610,"Muñoz, Roddery",2024,124.6338,308,0.4047,0.3814,38,4,33,14,2,20,60,0.3123,129.6,0.0233
682842,"Uribe, Abner",2025,44.9276,203,0.2213,0.2539,19,2,30,2,0,2,64,0.3147,70.3,-0.0326
682847,"Ortiz, Luis L.",2023,100.1457,277,0.3615,0.3981,34,2,54,11,0,8,39,0.3204,112.8,-0.0366
682847,"Ortiz, Luis L.",2024,144.1513,478,0.3016,0.3155,32,5,62,21,4,14,96,0.3123,96.6,-0.0139
682847,"Ortiz, Luis L.",2025,99.9829,329,0.3039,0.3317,33,1,47,7,1,12,91,0.3147,96.6,-0.0278
682990,"Priester, Quinn",2023,86.2333,215,0.4011,0.3752,26,3,28,16,0,10,32,0.3204,125.2,0.0259
682990,"Priester, Quinn",2024,69.4454,196,0.3543,0.3329,13,3,39,6,1,7,27,0.3123,113.4,0.0214
682990,"Priester, Quinn",2025,148.1424,499,0.2969,0.2925,37,6,65,26,2,12,107,0.3147,94.3,0.0044
683003,"Jones, Jared",2024,140.8807,431,0.3269,0.3086,30,5,44,25,4,17,118,0.3123,104.7,0.0183
683004,"Leiter, Jack",2024,49.7106,126,0.3945,0.3875,12,2,22,6,0,6,22,0.3123,126.3,0.007
683004,"Leiter, Jack",2025,151.8017,487,0.3117,0.3507,55,5,57,20,0,17,102,0.3147,99.0,-0.039
683155,"Estes, Joey",2024,144.4466,423,0.3415,0.3221,20,8,58,24,1,18,73,0.3123,109.3,0.0194
683232,"Mears, Nick",2024,54.0323,171,0.316,0.2883,15,0,25,7,0,6,53,0.3123,101.2,0.0277
683232,"Mears, Nick",2025,38.8093,142,0.2733,0.3295,8,1,18,5,1,4,29,0.3147,86.8,-0.0562
683409,"Chivilli, Angel",2024,39.7056,110,0.361,0.3392,9,1,18,2,2,5,23,0.3123,115.6,0.0218
683409,"Chivilli, Angel",2025,89.4819,243,0.3682,0.357,20,6,46,10,0,9,39,0.3147,117.0,0.0112
683627,"Molina, Anthony",2024,79.6326,232,0.3432,0.3709,19,2,43,14,0,5,38,0.3123,109.9,-0.0277
683627,"Molina, Anthony",2025,63.5632,134,0.4744,0.4199,4,2,28,7,0,11,18,0.3147,150.7,0.0545
683769,"Gaddis, Hunter",2023,55.2328,139,0.3974,0.3329,11,3,22,9,1,6,16,0.3204,124.0,0.0645
683769,"Gaddis, Hunter",2024,31.4196,168,0.187,0.2371,9,2,9,6,1,3,45,0.3123,59.9,-0.0501
683769,"Gaddis, Hunter",2025,52.8888,165,0.3205,0.2914,13,1,17,7,2,7,46,0.3147,101.8,0.0291
684007,"Imanaga, Shota",2024,166.6475,546,0.3052,0.2922,20,2,79,21,1,23,131,0.3123,97.7,0.013
684007,"Imanaga, Shota",2025,120.2062,427,0.2815,0.3197,18,0,50,16,1,18,84,0.3147,89.5,-0.0382
684320,"Rodríguez, Yariel",2024,57.4356,208,0.2761,0.2786,23,2,24,10,1,3,49,0.3123,88.4,-0.0025
684320,"Rodríguez, Yariel",2025,52.7135,204,0.2584,0.3247,23,3,26,3,1,4,48,0.3147,82.1,-0.0663
685126,"Eisert, Brandon",2025,82.3089,227,0.3626,0.3103,15,4,30,13,2,10,60,0.3147,115.2,0.0523
685299,"Gordon, Tanner",2024,47.6646,118,0.4039,0.341,3,1,23,6,3,5,21,0.3123,129.3,0.0629
685299,"Gordon, Tanner",2025,83.9646,217,0.3869,0.3859,13,0,38,12,2,10,36,0.3147,122.9,0.001
685410,"Battenfield, Peyton",2023,50.6309,146,0.3468,0.3733,12,0,19,8,0,7,27,0.3204,108.2,-0.0265
685503,"Arihara, Kohei",2022,51.6669,106,0.4874,0.3979,11,3,20,12,0,4,14,0.3104,157.0,0.0895
686218,"Sheehan, Emmet",2023,36.3644,114,0.319,0.2943,15,1,14,6,0,3,30,0.3204,99.6,0.0247
686218,"Sheehan, Emmet",2025,52.0809,226,0.2304,0.2734,16,2,23,6,1,5,70,0.3147,73.2,-0.043
686539,"Cronin, Declan",2024,55.2739,183,0.302,0.2917,16,2,39,9,0,0,42,0.3123,96.7,0.0103
686563,"Cannon, Jonathan",2024,134.7315,408,0.3302,0.3208,35,3,61,17,2,14,70,0.3123,105.7,0.0094
686563,"Cannon, Jonathan",2025,140.475,368,0.3817,0.3748,34,4,56,19,2,17,62,0.3147,121.3,0.0069
686580,"Slaten, Justin",2024,26.2742,120,0.219,0.2682,5,1,18,2,0,2,34,0.3123,70.1,-0.0492
686610,"Waldichuk, Ken",2022,43.053,123,0.35,0.3309,6,4,11,11,0,5,27,0.3104,112.8,0.0191
686610,"Waldichuk, Ken",2023,168.7148,468,0.3605,0.331,54,7,68,25,2,16,97,0.3204,112.5,0.0295
686613,"Brown, Hunter",2023,159.1277,443,0.3592,0.3134,32,6,63,25,1,20,120,0.3204,112.1,0.0458
686613,"Brown, Hunter",2024,166.4035,568,0.293,0.2855,51,4,102,11,1,13,141,0.3123,93.8,0.0075
686613,"Brown, Hunter",2025,119.4169,488,0.2447,0.2774,33,4,62,13,2,10,146,0.3147,77.8,-0.0327
686701,"Bergert, Ryan",2025,73.2838,257,0.2852,0.3293,27,1,32,10,1,6,59,0.3147,90.6,-0.0441
686730,"Spiers, Carson",2024,112.7089,315,0.3578,0.3302,22,4,51,17,1,12,61,0.3123,114.6,0.0276
686747,"La Sorsa, Joe",2023,33.3092,123,0.2708,0.3064,7,5,22,4,0,1,24,0.3204,84.5,-0.0356
686752,"Pepiot, Ryan",2023,34.7204,135,0.2572,0.2699,4,3,11,5,0,6,29,0.3204,80.3,-0.0127
686752,"Pepiot, Ryan",2024,144.8014,481,0.301,0.3043,46,6,61,16,1,16,125,0.3123,96.4,-0.0033
686752,"Pepiot, Ryan",2025,171.1254,525,0.326,0.3252,50,3,61,18,3,24,132,0.3147,103.6,0.0008
686753,"Jameson, Drey",2023,53.9988,160,0.3375,0.37,18,1,26,5,0,6,33,0.3204,105.3,-0.0325
686799,"Kochanowicz, Jack",2024,52.9279,167,0.3169,0.3454,5,7,28,9,0,4,15,0.3123,101.5,-0.0285
686799,"Kochanowicz, Jack",2025,144.6807,374,0.3868,0.3884,43,5,71,10,1,17,62,0.3147,122.9,-0.0016
686826,"Jarvis, Bryce",2024,65.4145,195,0.3355,0.3766,22,5,33,7,0,5,25,0.3123,107.4,-0.0411
686839,"White, Brendan",2023,40.8778,139,0.2941,0.2861,10,4,21,4,0,4,39,0.3204,91.8,0.008
686973,"Varland, Louie",2023,85.3945,253,0.3375,0.314,15,1,33,7,4,13,63,0.3204,105.3,0.0235
686973,"Varland, Louie",2024,64.9467,155,0.419,0.3685,10,2,31,7,0,9,33,0.3123,134.2,0.0505
686973,"Varland, Louis",2025,64.5592,206,0.3134,0.3307,14,1,30,14,1,4,55,0.3147,99.6,-0.0173
686993,"Sterner, Justin",2025,53.1167,189,0.281,0.289,14,5,23,4,0,7,50,0.3147,89.3,-0.008
687064,"Young, Brandon",2025,68.0966,171,0.3982,0.3459,15,0,22,12,0,10,28,0.3147,126.5,0.0523
687134,"Blalock, Bradley",2025,104.4007,250,0.4176,0.4085,21,2,53,9,0,14,25,0.3147,132.7,0.0091
687223,"Palmquist, Carson",2025,76.0441,174,0.437,0.3993,25,3,25,9,1,10,27,0.3147,138.9,0.0377
687330,"Kelly, Kevin",2023,54.0939,206,0.2626,0.2723,10,8,23,16,0,1,40,0.3204,82.0,-0.0097
687330,"Kelly, Kevin",2024,56.1692,210,0.2675,0.2928,6,4,31,6,2,5,42,0.3123,85.7,-0.0253
687330,"Kelly, Kevin",2025,41.7661,120,0.3481,0.3629,6,0,20,5,0,6,25,0.3147,110.6,-0.0148
687377,"Ribalta, Orlando",2025,40.6916,102,0.3989,0.3675,14,1,14,4,0,6,23,0.3147,126.8,0.0314
687473,"Gusto, Ryan",2025,133.6162,371,0.3602,0.3474,28,5,64,18,1,14,74,0.3147,114.5,0.0128
687606,"Schultz, Paxton",2025,38.2419,106,0.3608,0.3162,8,1,13,9,0,4,27,0.3147,114.6,0.0446
687765,"Spence, Mitch",2024,152.1974,439,0.3467,0.3065,30,5,60,28,2,16,88,0.3123,111.0,0.0402
687765,"Spence, Mitch",2025,90.9897,250,0.364,0.3709,19,2,35,11,0,14,49,0.3147,115.7,-0.0069
687792,"Herz, DJ",2024,76.8121,262,0.2932,0.2913,30,1,39,7,1,6,63,0.3123,93.9,0.0019
687830,"Gipson-Long, Sawyer",2025,50.8981,132,0.3856,0.3815,6,2,17,9,0,8,25,0.3147,122.5,0.0041
687863,"Hodge, Porter",2024,21.5652,113,0.1908,0.2617,14,1,7,2,1,1,33,0.3123,61.1,-0.0709
687863,"Hodge, Porter",2025,40.7382,103,0.3955,0.324,12,0,15,2,2,6,31,0.3147,125.7,0.0715
687888,"Walter, Brandon",2025,40.0599,138,0.2903,0.2986,4,1,14,6,0,7,35,0.3147,92.2,-0.0083
687911,"King, Bryan",2025,60.6218,211,0.2873,0.2747,10,3,36,6,0,6,50,0.3147,91.3,0.0126
687931,"Whisenhunt, Carson",2025,39.0115,102,0.3825,0.4012,12,2,11,5,0,6,16,0.3147,121.5,-0.0187
688138,"Evans, Logan",2025,77.8891,243,0.3205,0.348,21,4,26,11,1,10,41,0.3147,101.8,-0.0275
688158,"Morgan, David",2025,36.9813,146,0.2533,0.2795,16,2,20,4,1,1,41,0.3147,80.5,-0.0262
688297,"Roycroft, Chris",2024,40.4661,131,0.3089,0.2853,13,4,18,5,2,2,30,0.3123,98.9,0.0236
688642,"Agnos, Zach",2025,45.453,107,0.4248,0.4339,14,0,13,9,1,5,11,0.3147,135.0,-0.0091
689017,"Knack, Landon",2024,72.0091,208,0.3462,0.3272,12,2,28,5,2,12,54,0.3123,110.9,0.019
689017,"Knack, Landon",2025,59.1791,148,0.3999,0.3899,18,1,19,6,1,9,30,0.3147,127.1,0.01
689147,"Kerkering, Orion",2024,47.1367,177,0.2663,0.2675,12,5,27,7,0,2,50,0.3123,85.3,-0.0012
689147,"Kerkering, Orion",2025,50.5282,170,0.2972,0.3036,14,3,27,6,0,4,43,0.3147,94.4,-0.0064
689225,"Brieske, Beau",2022,106.0288,335,0.3165,0.3596,25,1,48,10,1,14,54,0.3104,102.0,-0.0431
689225,"Brieske, Beau",2024,58.9285,211,0.2793,0.2802,19,2,25,9,2,4,53,0.3123,89.4,-0.0009
689254,"Fluharty, Mason",2025,44.9276,154,0.2917,0.2876,16,2,15,7,0,5,38,0.3147,92.7,0.0041
689266,"Dodd, Dylan",2023,72.3367,163,0.4438,0.4219,11,1,31,13,0,9,15,0.3204,138.5,0.0219
689266,"Dodd, Dylan",2025,32.3702,108,0.2997,0.3146,5,1,14,4,1,4,24,0.3147,95.2,-0.0149
689672,"Thorpe, Drew",2024,50.9414,167,0.305,0.3145,16,1,12,10,0,7,25,0.3123,97.7,-0.0095
689690,"Jacob, Alek",2025,38.0695,120,0.3172,0.333,10,4,19,3,0,4,21,0.3147,100.8,-0.0158
690829,"Joyce, Ben",2024,29.067,109,0.2667,0.2978,12,3,18,2,0,1,23,0.3123,85.4,-0.0311
690916,"Fitts, Richard",2025,44.8419,132,0.3397,0.3609,13,1,20,2,0,7,27,0.3147,107.9,-0.0212
690928,"Dobbins, Hunter",2025,58.6061,179,0.3274,0.3324,12,2,28,9,0,6,29,0.3147,104.0,-0.005
690953,"Abel, Mick",2025,58.856,152,0.3872,0.3808,15,1,28,2,2,8,30,0.3147,123.0,0.0064
690986,"Harrison, Kyle",2024,130.9624,372,0.352,0.3448,32,6,56,18,0,15,88,0.3123,112.7,0.0072
690986,"Harrison, Kyle",2025,39.8727,124,0.3216,0.3196,8,1,16,7,1,4,27,0.3147,102.2,0.002
690990,"Horton, Cade",2025,79.3833,326,0.2435,0.2907,23,3,43,14,1,3,71,0.3147,77.4,-0.0472
691587,"Pérez, Eury",2023,98.874,306,0.3231,0.2874,26,2,27,20,2,12,88,0.3204,100.8,0.0357
691587,"Pérez, Eury",2025,61.4545,247,0.2488,0.2716,20,2,24,11,2,4,74,0.3147,79.1,-0.0228
691799,"Taylor, Grant",2025,28.2181,100,0.2822,0.2898,10,0,22,3,0,0,34,0.3147,89.7,-0.0076
693312,"Nicolas, Kyle",2024,57.8971,199,0.2909,0.3177,26,3,32,5,0,3,48,0.3123,93.1,-0.0268
693312,"Nicolas, Kyle",2025,43.5661,142,0.3068,0.3369,17,2,18,6,1,3,28,0.3147,97.5,-0.0301
693313,"Seymour, Carson",2025,49.1553,132,0.3724,0.3889,12,1,18,5,0,8,21,0.3147,118.3,-0.0165
693433,"Woo, Bryan",2023,88.5104,266,0.3327,0.3141,27,7,34,9,2,10,57,0.3204,103.8,0.0186
693433,"Woo, Bryan",2024,97.6166,378,0.2582,0.2562,10,2,50,12,0,13,83,0.3123,82.7,0.002
693433,"Woo, Bryan",2025,122.9904,422,0.2914,0.2898,19,3,50,14,0,20,119,0.3147,92.6,0.0016
693645,"Schlittler, Cam",2025,53.4752,167,0.3202,0.3528,23,1,29,4,0,4,43,0.3147,101.7,-0.0326
693821,"Elder, Bryce",2022,42.5489,155,0.2745,0.2988,16,3,23,7,0,1,32,0.3104,88.4,-0.0243
693821,"Elder, Bryce",2023,186.6359,581,0.3212,0.3344,46,6,89,26,3,17,104,0.3204,100.2,-0.0132
693821,"Elder, Bryce",2024,53.6903,139,0.3863,0.3323,7,1,28,7,2,5,33,0.3123,123.7,0.054
693821,"Elder, Bryce",2025,183.8721,536,0.343,0.3329,37,4,86,24,2,21,109,0.3147,109.0,0.0101
693855,"Seymour, Ian",2025,43.7805,161,0.2719,0.291,12,2,24,6,0,3,49,0.3147,86.4,-0.0191
694037,"Palencia, Daniel",2025,38.4231,149,0.2579,0.2656,10,2,20,4,1,3,49,0.3147,82.0,-0.0077
694297,"Pfaadt, Brandon",2023,148.8973,388,0.3838,0.3239,24,3,53,22,3,22,85,0.3204,119.8,0.0599
694297,"Pfaadt, Brandon",2024,195.0434,590,0.3306,0.2984,32,3,91,26,6,21,150,0.3123,105.9,0.0322
694297,"Pfaadt, Brandon",2025,183.4288,497,0.3691,0.3791,26,9,75,36,1,20,94,0.3147,117.3,-0.01
694335,"Svanson, Matt",2025,39.3219,183,0.2149,0.2784,16,4,20,3,1,2,50,0.3147,68.3,-0.0635
694350,"Brzykcy, Zach",2025,42.056,102,0.4123,0.3785,11,2,17,4,0,6,22,0.3147,131.0,0.0338
694363,"Shuster, Jared",2023,52.7615,166,0.3178,0.3369,16,1,21,7,2,5,25,0.3204,99.2,-0.0191
694363,"Shuster, Jared",2024,90.9882,263,0.346,0.3483,28,0,44,12,1,8,50,0.3123,110.8,-0.0023
694462,"Waldrep, Hurston",2025,53.6662,203,0.2644,0.3129,17,3,30,7,0,3,50,0.3147,84.0,-0.0485
694477,"Patrick, Chad",2025,106.4164,341,0.3121,0.3219,25,3,49,18,0,10,75,0.3147,99.2,-0.0098
694738,"Roupp, Landen",2024,47.1011,145,0.3248,0.3196,20,1,18,11,0,2,33,0.3123,104.0,0.0052
694738,"Roupp, Landen",2025,103.0718,321,0.3211,0.3177,29,3,56,15,0,7,78,0.3147,102.0,0.0034
694813,"Stone, Gavin",2023,66.1464,151,0.4381,0.3786,13,2,27,10,1,8,22,0.3204,136.7,0.0595
694813,"Stone, Gavin",2024,148.5188,505,0.2941,0.3074,34,2,73,22,1,14,105,0.3123,94.2,-0.0133
694819,"Misiorowski, Jacob",2025,50.1848,179,0.2804,0.2703,19,1,21,5,1,5,60,0.3147,89.1,0.0101
694973,"Skenes, Paul",2024,103.9307,436,0.2384,0.2393,27,5,58,11,1,8,146,0.3123,76.3,-0.0009
694973,"Skenes, Paul",2025,137.0826,507,0.2704,0.2682,31,4,62,25,2,11,140,0.3147,85.9,0.0022
695076,"Lowder, Rhett",2024,23.8833,104,0.2296,0.3144,13,0,18,1,0,0,17,0.3123,73.5,-0.0848
695243,"Miller, Mason",2023,37.4039,139,0.2691,0.2765,16,3,17,4,1,2,38,0.3204,84.0,-0.0074
695243,"Miller, Mason",2024,34.1034,159,0.2145,0.1939,11,1,17,4,0,3,66,0.3123,68.7,0.0206
695243,"Miller, Mason",2025,35.7559,160,0.2235,0.2644,17,1,15,3,2,2,70,0.3147,71.0,-0.0409
695418,"Lord, Brad",2025,140.3511,436,0.3219,0.3314,30,3,72,19,3,12,86,0.3147,102.3,-0.0095
695445,"Lee, Chase",2025,44.4523,122,0.3644,0.3786,8,1,12,6,2,7,29,0.3147,115.8,-0.0142
695505,"Burns, Chase",2025,43.0339,127,0.3388,0.3116,13,0,16,9,0,4,42,0.3147,107.7,0.0272
695549,"Jobe, Jackson",2025,61.9994,196,0.3163,0.3378,26,2,23,9,1,5,37,0.3147,100.5,-0.0215
696131,"Black, Mason",2024,59.0504,150,0.3937,0.3825,13,2,26,10,0,6,27,0.3123,126.1,0.0112
696136,"Wicks, Jordan",2023,42.9539,121,0.355,0.3297,10,0,17,8,0,5,22,0.3204,110.8,0.0253
696136,"Wicks, Jordan",2024,72.8056,186,0.3914,0.3437,16,1,30,10,1,9,36,0.3123,125.3,0.0477
696149,"Chandler, Bubba",2025,27.5847,102,0.2704,0.3343,4,3,14,5,0,2,25,0.3147,85.9,-0.0639
700241,"McGreevy, Michael",2025,104.8565,308,0.3404,0.3569,16,3,54,14,4,9,43,0.3147,108.2,-0.0165
700249,"Povich, Cade",2024,92.8579,267,0.3478,0.3013,22,3,34,17,1,10,52,0.3123,111.4,0.0465
700249,"Povich, Cade",2025,113.1567,322,0.3514,0.3897,28,1,47,12,2,15,78,0.3147,111.7,-0.0383
700363,"Smith-Shawver, AJ",2025,35.4703,125,0.2838,0.372,13,1,16,3,0,4,30,0.3147,90.2,-0.0882
700669,"Graceffo, Gordon",2025,50.8617,158,0.3219,0.328,9,2,24,12,3,1,33,0.3147,102.3,-0.0061
701487,"Ohl, Pierson",2025,42.4716,101,0.4205,0.3683,5,0,19,7,1,5,21,0.3147,133.6,0.0522
701519,"Adams, Travis",2025,39.1579,100,0.3916,0.4088,16,3,10,4,1,5,22,0.3147,124.4,-0.0172
701542,"Warren, Will",2025,193.2654,592,0.3265,0.3433,56,4,85,27,2,19,144,0.3147,103.7,-0.0168
701581,"Festa, David",2024,65.3718,199,0.3285,0.3018,13,1,24,10,2,8,58,0.3123,105.2,0.0267
701581,"Festa, David",2025,49.1125,144,0.3411,0.3367,14,3,21,5,0,6,32,0.3147,108.4,0.0044
701643,"Hartwig, Grant",2023,47.2404,138,0.3423,0.3176,10,5,22,8,1,3,27,0.3204,106.8,0.0247
702070,"Cameron, Noah",2025,114.5894,387,0.2961,0.3038,26,3,47,13,2,15,85,0.3147,94.1,-0.0077
702352,"Bivens, Spencer",2024,55.9583,161,0.3476,0.3183,10,0,28,5,0,8,30,0.3123,111.3,0.0293
702352,"Bivens, Spencer",2025,72.4727,225,0.3221,0.3109,12,3,40,10,5,3,40,0.3147,102.4,0.0112
800049,"Mazur, Adam",2024,52.8758,137,0.386,0.3671,18,2,16,10,1,5,20,0.3123,123.6,0.0189
800049,"Mazur, Adam",2025,45.864,134,0.3423,0.359,12,1,21,8,0,4,19,0.3147,108.8,-0.0167
801403,"Dollander, Chase",2025,112.989,330,0.3424,0.3566,40,3,50,9,1,13,69,0.3147,108.8,-0.0142
805673,"Matthews, Zebby",2024,73.2375,176,0.4161,0.3702,11,2,31,9,0,11,43,0.3123,133.2,0.0459
805673,"Matthews, Zebby",2025,99.6343,274,0.3636,0.3464,23,0,54,14,0,9,72,0.3147,115.5,0.0172
806185,"Birdsong, Hayden",2024,81.3979,253,0.3217,0.3402,34,3,25,9,1,10,73,0.3123,103.0,-0.0185
806185,"Birdsong, Hayden",2025,78.8146,234,0.3368,0.3365,24,3,32,9,1,9,53,0.3147,107.0,0.0003
806188,"Gibson, Cade",2025,48.4213,176,0.2751,0.3151,13,6,25,7,1,2,33,0.3147,87.4,-0.04
806960,"Morales, Luis",2025,46.987,133,0.3533,0.3323,14,1,18,3,1,7,25,0.3147,112.3,0.021
808963,"Sasaki, Roki",2025,46.7289,132,0.354,0.3887,19,3,17,4,1,5,20,0.3147,112.5,-0.0347
808967,"Yamamoto, Yoshinobu",2024,69.7205,237,0.2942,0.3006,16,1,34,15,2,3,68,0.3123,94.2,-0.0064
808967,"Yamamoto, Yoshinobu",2025,119.883,483,0.2482,0.2613,41,2,58,16,0,10,136,0.3147,78.9,-0.0131
829272,"Ogasawara, Shinnosuke",2025,60.4391,155,0.3899,0.3572,16,3,24,7,0,8,24,0.3147,123.9,0.0327
